{"Source_Name": "3FHL J1747.2-2822 ", "RAJ2000": 266.8237609863281, "DEJ2000": -28.36672019958496, "GLON": 0.6774875521659851, "GLAT": -0.018152134492993355, "Conf_95_SemiMajor": 0.033458366990089417, "Conf_95_SemiMinor": 0.033458366990089417, "Conf_95_PosAng": null, "ROI_num": 80, "Signif_Avg": 4.953934669494629, "Pivot_Energy": 18.329933166503906, "Flux_Density": 4.90666058131084e-12, "Unc_Flux_Density": 1.1759179784423535e-12, "Flux": 1.481769706934699e-10, "Unc_Flux": 3.5501306755447715e-11, "Energy_Flux": 5.607792875894635e-12, "Unc_Energy_Flux": 1.9463445612155628e-12, "Signif_Curve": 1.6425597667694092, "SpectrumType": "PowerLaw   ", "Spectral_Index": 2.051001787185669, "Unc_Spectral_Index": 0.5758846402168274, "beta": 0.9906488060951233, "Unc_beta": 0.1878276914358139, "PowerLaw_Index": 2.680250644683838, "Unc_PowerLaw_Index": 0.38384705781936646, "Flux_Band": [9.38361749414085e-11, 4.4296739887261793e-11, 4.738154855445098e-13, 7.686044183920215e-13, 4.585231707407006e-18], "Unc_Flux_Band": [[-2.7831376092635196e-11, 3.131341366757745e-11], [-1.5424011026721196e-11, 1.888908647551535e-11], [null, 1.3586707280077714e-11], [null, 8.225423814289812e-12], [null, 5.46627283368184e-12]], "nuFnu": [2.9272508896005522e-12, 2.2590455981547075e-12, 5.333450017351235e-14, 2.441493730277744e-13, 4.426254211119214e-18], "Sqrt_TS_Band": [4.295719623565674, 3.9531898498535156, 0.0, 0.18892979621887207, 0.0], "Npred": 47.979148864746094, "HEP_Energy": 30.57159996032715, "HEP_Prob": 0.8751930594444275, "Variability_BayesBlocks": 1, "Extended_Source_Name": "                  ", "ASSOC_GAM": "                  ", "TEVCAT_FLAG": "N", "ASSOC_TEV": "                     ", "CLASS": "       ", "ASSOC1": "                          ", "ASSOC2": "                          ", "ASSOC_PROB_BAY": 0.0, "ASSOC_PROB_LR": 0.0, "Redshift": null, "NuPeak_obs": null, "source_id": 1173}