{"Source_Name": "3FGL J0533.6-8323 ", "RAJ2000": 83.41059875488281, "DEJ2000": -83.38469696044922, "GLON": 295.7872009277344, "GLAT": -29.14927864074707, "Conf_68_SemiMajor": 0.03157643601298332, "Conf_68_SemiMinor": 0.0302813109010458, "Conf_68_PosAng": -88.63999938964844, "Conf_95_SemiMajor": 0.05119999870657921, "Conf_95_SemiMinor": 0.04910000041127205, "Conf_95_PosAng": -88.63999938964844, "ROI_num": 341, "Signif_Avg": 11.699274063110352, "Pivot_Energy": 946.0884399414062, "Flux_Density": 1.196444093971849e-12, "Unc_Flux_Density": 1.2485401167799948e-13, "Flux1000": 8.11059719385554e-10, "Unc_Flux1000": 9.917490439992349e-11, "Energy_Flux100": 9.813585707951766e-12, "Unc_Energy_Flux100": 1.0271864738994885e-12, "Signif_Curve": 0.8087242841720581, "SpectrumType": "PowerLaw        ", "Spectral_Index": 2.2959794998168945, "Unc_Spectral_Index": 0.07826776802539825, "beta": null, "Unc_beta": null, "Cutoff": null, "Unc_Cutoff": null, "Exp_Index": null, "Unc_Exp_Index": null, "PowerLaw_Index": 2.2959794998168945, "Flux30_100": null, "Unc_Flux30_100": null, "nuFnu30_100": null, "Sqrt_TS30_100": null, "Flux100_300": 7.750010411200492e-09, "Unc_Flux100_300": [-2.8393158935102747e-09, 2.8720452682762243e-09], "nuFnu100_300": 1.8092706152716964e-12, "Sqrt_TS100_300": 2.75399112701416, "Flux300_1000": 3.472947929239467e-09, "Unc_Flux300_1000": [-5.520224277688612e-10, 5.669207325809111e-10], "nuFnu300_1000": 2.3035451584413336e-12, "Sqrt_TS300_1000": 6.846658706665039, "Flux1000_3000": 6.923794870772326e-10, "Unc_Flux1000_3000": [-1.2509321356546366e-10, 1.3323110670260263e-10], "nuFnu1000_3000": 1.6163872540789215e-12, "Sqrt_TS1000_3000": 6.801733016967773, "Flux3000_10000": 1.0039986203524975e-10, "Unc_Flux3000_10000": [-3.334530915277689e-11, 3.9109212396359894e-11], "nuFnu3000_10000": 6.659345384157911e-13, "Sqrt_TS3000_10000": 4.1407341957092285, "Flux10000_100000": 5.346044093523794e-11, "Unc_Flux10000_100000": [-1.9856907784721045e-11, 2.38626653159546e-11], "nuFnu10000_100000": 8.475954855514944e-13, "Sqrt_TS10000_100000": 5.404397964477539, "Variability_Index": 144.79055786132812, "Signif_Peak": 7.860494613647461, "Flux_Peak": 1.0539584138768987e-07, "Unc_Flux_Peak": 1.9430157038868856e-08, "Time_Peak": 240644992.0, "Peak_Interval": 2630000.0, "Flux_History": [1.0539584138768987e-07, 5.618990428502002e-08, 1.3654203101509665e-08, 1.9985414212442265e-08, 3.2813456396496576e-09, 6.124273532748248e-09, 2.5210713516798933e-08, 1.8361909326358727e-08, 1.0098901270794158e-08, 3.238258727833454e-08, 4.339400305752861e-08, 3.561404327001583e-08, 9.792681332498887e-09, 1.2843698549147575e-08, 3.2657879955877434e-08, 1.907522850785881e-08, 9.170800296942616e-08, 4.256859398310553e-08, 4.508546869175234e-09, 0.0, 1.3939174259292031e-08, 2.9820188984786e-08, 0.0, 1.7067177893181906e-08, 1.5017479482182239e-09, 2.597179138419392e-09, 1.0562134278302437e-08, 1.6994489371313648e-08, 4.880444048893651e-09, 1.3220690320281392e-08, 0.0, 4.68437244549591e-09, 0.0, 7.913987687402368e-09, 0.0, 1.5101853989563097e-08, 1.258276038917927e-09, 0.0, 4.646539597530364e-09, 1.0533453220773481e-08, 2.2202138794114035e-08, 1.0961779928209126e-08, 0.0, 1.2751071309935469e-09, 1.5118594376417605e-08, 0.0, 0.0, 0.0], "Unc_Flux_History": [[-1.9430157038868856e-08, 2.093582196494026e-08], [-1.5203390546503215e-08, 1.6862337304246466e-08], [-1.2692789930213166e-08, 1.5256084395787184e-08], [-1.318172060393863e-08, 1.6174187322803846e-08], [null, 1.609159561155593e-08], [null, 1.0987809773155277e-08], [-1.2641466540230795e-08, 1.4468065856476642e-08], [-1.1962163704026807e-08, 1.578857400375e-08], [null, 1.5390963170602845e-08], [-1.277908889818491e-08, 1.466678245520825e-08], [-1.4941470283247327e-08, 1.6635604893622258e-08], [-1.5149343113307623e-08, 1.7005278962756165e-08], [null, 1.455381415382817e-08], [-8.938958018234189e-09, 1.0979431586122246e-08], [-1.1604496918948826e-08, 1.2783982761277457e-08], [-1.1216021889026706e-08, 1.2761343093359301e-08], [-1.6057368767974367e-08, 1.704534113855516e-08], [-1.108441782804448e-08, 1.2478770905488545e-08], [null, 1.0271377526294145e-08], [null, 1.1103363561915103e-08], [-1.1208882710889156e-08, 1.3006222765454822e-08], [-1.319676457001151e-08, 1.4630535005721867e-08], [null, 1.2166020191273219e-08], [-1.1408519462463573e-08, 1.3129552556279123e-08], [null, 1.12537712482208e-08], [null, 1.2605068100413064e-08], [-9.707506798406484e-09, 1.1508554109695979e-08], [-1.0585610610291951e-08, 1.2392293413654443e-08], [null, 1.0254843196833008e-08], [-1.1205574246275773e-08, 1.295877982698812e-08], [null, 1.0996119570449991e-08], [null, 1.213494549290317e-08], [null, 1.2130871418492006e-08], [null, 1.0364636260362659e-08], [null, 1.0857227117355706e-08], [-9.625344965513705e-09, 1.1597771631954856e-08], [null, 1.1416947387488108e-08], [null, 9.350519469819574e-09], [null, 1.081332090535625e-08], [-7.348721187128149e-09, 9.764288932956333e-09], [-1.2217213907206315e-08, 1.3737872173180676e-08], [-9.98821203523903e-09, 1.2119298453683314e-08], [null, 1.101747937326536e-08], [null, 9.427600922151669e-09], [-8.418918895358729e-09, 1.0623714352675506e-08], [null, 5.5874544990786035e-09], [null, 9.603368766875064e-09], [null, 9.104293319239787e-09]], "Extended_Source_Name": "                  ", "0FGL_Name": "                 ", "1FGL_Name": "1FGL J0533.0-8324 ", "2FGL_Name": "2FGL J0531.8-8324 ", "1FHL_Name": "                  ", "ASSOC_GAM1": "               ", "ASSOC_GAM2": "              ", "ASSOC_GAM3": "               ", "TEVCAT_FLAG": "N", "ASSOC_TEV": "                     ", "CLASS1": "fsrq ", "ASSOC1": "PKS 0541-834              ", "ASSOC2": "                          ", "Flags": 0, "catalog_row_index": 616}