{"Source_Name": "3FGL J1007.9+0621 ", "RAJ2000": 151.98609924316406, "DEJ2000": 6.35830020904541, "GLON": 233.5059814453125, "GLAT": 45.99939727783203, "Conf_68_SemiMajor": 0.03243985399603844, "Conf_68_SemiMinor": 0.03065134584903717, "Conf_68_PosAng": -84.5999984741211, "Conf_95_SemiMajor": 0.05260000005364418, "Conf_95_SemiMinor": 0.04969999939203262, "Conf_95_PosAng": -84.5999984741211, "ROI_num": 273, "Signif_Avg": 16.82961082458496, "Pivot_Energy": 1003.092529296875, "Flux_Density": 1.53970564596706e-12, "Unc_Flux_Density": 1.2235220161246202e-13, "Flux1000": 1.2071530441915002e-09, "Unc_Flux1000": 1.1069659078266625e-10, "Energy_Flux100": 1.4459530794930231e-11, "Unc_Energy_Flux100": 1.1518693984746697e-12, "Signif_Curve": 2.640136957168579, "SpectrumType": "PowerLaw        ", "Spectral_Index": 2.281365156173706, "Unc_Spectral_Index": 0.059917330741882324, "beta": null, "Unc_beta": null, "Cutoff": null, "Unc_Cutoff": null, "Exp_Index": null, "Unc_Exp_Index": null, "PowerLaw_Index": 2.281365156173706, "Flux30_100": null, "Unc_Flux30_100": null, "nuFnu30_100": null, "Sqrt_TS30_100": null, "Flux100_300": 1.1371191099840416e-08, "Unc_Flux100_300": [-4.668808450958295e-09, 4.737428671575117e-09], "nuFnu100_300": 2.6583965063997628e-12, "Sqrt_TS100_300": 2.4235711097717285, "Flux300_1000": 4.796756325475826e-09, "Unc_Flux300_1000": [-5.953134651903724e-10, 6.120259854469623e-10], "nuFnu300_1000": 3.1869548233059986e-12, "Sqrt_TS300_1000": 9.266092300415039, "Flux1000_3000": 9.712193271838032e-10, "Unc_Flux1000_3000": [-1.236187402442468e-10, 1.3101664197989749e-10], "nuFnu1000_3000": 2.2705502842473857e-12, "Sqrt_TS1000_3000": 11.320688247680664, "Flux3000_10000": 1.8452261940637982e-10, "Unc_Flux3000_10000": [-4.194143296554209e-11, 4.7600416663851064e-11], "nuFnu3000_10000": 1.2259643170434154e-12, "Sqrt_TS3000_10000": 7.16532039642334, "Flux10000_100000": 5.6344335447322536e-11, "Unc_Flux10000_100000": [-2.0688253193901218e-11, 2.6495070026832934e-11], "nuFnu10000_100000": 8.982100003010474e-13, "Sqrt_TS10000_100000": 5.161689758300781, "Variability_Index": 74.76622772216797, "Signif_Peak": 7.488051891326904, "Flux_Peak": 8.42720737637137e-08, "Unc_Flux_Peak": 1.5841187916976196e-08, "Time_Peak": 343215008.0, "Peak_Interval": 2630000.0, "Flux_History": [1.30023218858355e-08, 7.550255531896255e-09, 4.33737099569953e-08, 5.055282059629462e-08, 2.5167143036242123e-08, 2.5117143920283524e-08, 1.9246579441301037e-08, 3.150097072079916e-09, 5.041240314085371e-09, 1.9168041376360634e-08, 2.6050631873886232e-08, 1.805532434673296e-08, 4.0197072337377904e-08, 1.4601552855708633e-08, 0.0, 1.6087051690760745e-08, 2.4656188202243356e-09, 2.4925123298658036e-08, 1.5048316370780412e-08, 1.2525990911171903e-08, 1.4166364081802385e-08, 3.5889939908884116e-08, 2.2661581056127034e-08, 2.294453338436142e-08, 1.722447251495396e-08, 4.93057754624715e-08, 8.1744762070457e-09, 3.9427824560789304e-08, 2.1968237007286007e-08, 1.3320232916669283e-08, 3.3639665275586594e-08, 0.0, 3.150990934841502e-08, 4.4521129893837497e-08, 7.544238123102787e-09, 4.5881034083095074e-08, 2.5232093747717954e-08, 1.2745701383209962e-08, 1.788608017250226e-08, 8.42720737637137e-08, 2.9087063424526605e-08, 2.279996991205735e-08, 1.5638248029858914e-08, 2.026549772438102e-08, 1.7815366959439416e-08, 1.1323175286293008e-08, 1.539364546943034e-08, 1.4113826551920283e-08], "Unc_Flux_History": [[-1.0637550396097595e-08, 1.3109786145548696e-08], [null, 9.040254767000988e-09], [-1.3183044877962402e-08, 1.487481782191935e-08], [-1.1437239599842997e-08, 1.2604480126299222e-08], [-1.0753150370135245e-08, 1.2423305051356692e-08], [-9.525837008084181e-09, 1.1390898002616723e-08], [-8.321877409400713e-09, 9.748283957833337e-09], [null, 1.3577374780027185e-08], [null, 9.703913228520378e-09], [-9.97156579529701e-09, 1.1317494497120606e-08], [-1.0034456821017557e-08, 1.1392781829044907e-08], [-9.798974964780882e-09, 1.1061919380495056e-08], [-1.2184003139736888e-08, 1.3506213925040811e-08], [-1.2380428238145669e-08, 1.4517369528732615e-08], [null, 1.275275796075448e-08], [-1.043648634180272e-08, 1.244706471226209e-08], [null, 1.0284256113379797e-08], [-1.136048943806145e-08, 1.3621278327491382e-08], [-8.71512639832872e-09, 1.1564746493775147e-08], [-1.1299864155489558e-08, 1.3401412424229875e-08], [-9.841862436132942e-09, 1.207014488358027e-08], [-1.0743935519030856e-08, 1.2587199726965537e-08], [-1.156814022351682e-08, 1.33149136161137e-08], [-9.715688698008762e-09, 1.1799774490839354e-08], [-9.443724913182905e-09, 1.157054274614211e-08], [-1.4986074603484667e-08, 1.684280626079726e-08], [null, 1.2284588457589507e-08], [-1.3590396363838408e-08, 1.538807481438198e-08], [-1.19786509600317e-08, 1.4046561247482714e-08], [-1.1003622013561198e-08, 1.2465660503835352e-08], [-1.4454135666142065e-08, 1.7447042921503453e-08], [null, 1.137082339397466e-08], [-1.5734917369059076e-08, 1.7868288182398828e-08], [-1.5167008982075458e-08, 1.6955352677427982e-08], [null, 1.222498990927079e-08], [-1.4321981822718044e-08, 1.6009478187584136e-08], [-1.3023576883597343e-08, 1.537267557694122e-08], [-8.582859756245398e-09, 1.1198519445088095e-08], [-1.0029784114351514e-08, 1.1861910564903155e-08], [-1.5841187916976196e-08, 1.691297768502409e-08], [-1.3167356982535239e-08, 1.4787524982295963e-08], [-1.1673165545289521e-08, 1.2861666398578109e-08], [-1.0338593092740211e-08, 1.3185475822297121e-08], [-9.876127471386553e-09, 1.1941189370645588e-08], [-9.046968507675501e-09, 1.1415144385296117e-08], [-1.0099641123417769e-08, 1.2802311211146389e-08], [-1.2089856227248674e-08, 1.4152097271846742e-08], [-1.2265907400887954e-08, 1.4060860031861466e-08]], "Extended_Source_Name": "                  ", "0FGL_Name": "                 ", "1FGL_Name": "1FGL J1007.9+0619 ", "2FGL_Name": "2FGL J1007.7+0621 ", "1FHL_Name": "                  ", "ASSOC_GAM1": "               ", "ASSOC_GAM2": "              ", "ASSOC_GAM3": "               ", "TEVCAT_FLAG": "N", "ASSOC_TEV": "                     ", "CLASS1": "bll  ", "ASSOC1": "MG1 J100800+0621          ", "ASSOC2": "                          ", "Flags": 0, "catalog_row_index": 1142}