{"Source_Name": "3FGL J0622.9+3326 ", "RAJ2000": 95.7345962524414, "DEJ2000": 33.435699462890625, "GLON": 179.94052124023438, "GLAT": 9.156561851501465, "Conf_68_SemiMajor": 0.011594473384320736, "Conf_68_SemiMinor": 0.010731055401265621, "Conf_68_PosAng": -70.20999908447266, "Conf_95_SemiMajor": 0.018799999728798866, "Conf_95_SemiMinor": 0.017400000244379044, "Conf_95_PosAng": -70.20999908447266, "ROI_num": 161, "Signif_Avg": 56.144344329833984, "Pivot_Energy": 507.6307067871094, "Flux_Density": 3.72537521664551e-11, "Unc_Flux_Density": 1.1255787968345032e-12, "Flux1000": 7.030404258756562e-09, "Unc_Flux1000": 2.418144295912583e-10, "Energy_Flux100": 7.052908951310499e-11, "Unc_Energy_Flux100": 2.4311609583133054e-12, "Signif_Curve": 2.9723236560821533, "SpectrumType": "LogParabola     ", "Spectral_Index": 2.0951297283172607, "Unc_Spectral_Index": 0.03148831054568291, "beta": 0.05332406610250473, "Unc_beta": 0.013828403316438198, "Cutoff": null, "Unc_Cutoff": null, "Exp_Index": null, "Unc_Exp_Index": null, "PowerLaw_Index": 2.182523012161255, "Flux30_100": null, "Unc_Flux30_100": null, "nuFnu30_100": null, "Sqrt_TS30_100": null, "Flux100_300": 6.572282273964447e-08, "Unc_Flux100_300": [-3.986896590646438e-09, 3.986896590646438e-09], "nuFnu100_300": 1.5823526516856035e-11, "Sqrt_TS100_300": 17.96727752685547, "Flux300_1000": 2.2786528219853608e-08, "Unc_Flux300_1000": [-9.358787078639352e-10, 9.358787078639352e-10], "nuFnu300_1000": 1.5455690546839485e-11, "Sqrt_TS300_1000": 30.293846130371094, "Flux1000_3000": 5.24202548035646e-09, "Unc_Flux1000_3000": [-2.6650498474722895e-10, 2.6650498474722895e-10], "nuFnu1000_3000": 1.2320831854761849e-11, "Sqrt_TS1000_3000": 30.588058471679688, "Flux3000_10000": 1.4668137815476712e-09, "Unc_Flux3000_10000": [-1.1167687608004684e-10, 1.1167687608004684e-10], "nuFnu3000_10000": 9.67042331628809e-12, "Sqrt_TS3000_10000": 26.820390701293945, "Flux10000_100000": 3.1209054784930856e-10, "Unc_Flux10000_100000": [-4.737020151135418e-11, 5.234271349685571e-11], "nuFnu10000_100000": 4.543343999630078e-12, "Sqrt_TS10000_100000": 15.228972434997559, "Variability_Index": 3202.13818359375, "Signif_Peak": 35.80184555053711, "Flux_Peak": 6.571447102032835e-07, "Unc_Flux_Peak": 3.184931074429187e-08, "Time_Peak": 309024992.0, "Peak_Interval": 2630000.0, "Flux_History": [3.164248596476682e-08, 1.4196631425988926e-08, 4.0243744336976306e-08, 5.799227320579803e-09, 6.461391421908047e-09, 3.140749171848256e-08, 9.498841713195816e-09, 0.0, 2.80107825822995e-09, 2.2183991532642722e-08, 0.0, 2.5061078545718374e-08, 0.0, 8.963141340245784e-09, 4.7100803257649204e-09, 3.481537547145308e-08, 5.4004889449288385e-08, 3.962156824854901e-08, 2.4606501369817124e-07, 3.928676051145885e-08, 8.611984014805785e-08, 2.6625036397831536e-08, 2.6110112116839446e-07, 3.3513737207613303e-07, 5.980784294479236e-07, 5.666632318934717e-07, 6.571447102032835e-07, 5.360502655094024e-07, 1.4576444584690762e-07, 2.8858172740342525e-08, 1.1052639692366029e-08, 0.0, 3.786392710480868e-08, 3.6481743848071346e-08, 1.3764898199042364e-07, 5.92001327959224e-08, 4.752717330802625e-08, 4.256702723637318e-08, 1.2672694538196083e-07, 4.971202116621498e-08, 6.827593068692295e-08, 2.834383217020786e-08, 0.0, 3.6581447204753204e-08, 4.3329503540689984e-08, 2.4783466390232434e-09, 9.484596219522246e-09, 0.0], "Unc_Flux_History": [[-1.3642517338041671e-08, 1.5363978533855516e-08], [-8.322116329395612e-09, 1.0431180363923431e-08], [-1.2308608354771877e-08, 1.3739900772691271e-08], [null, 1.1061775495591064e-08], [-5.540822467509088e-09, 8.862605760384668e-09], [-1.1750184825132237e-08, 1.3256144626438982e-08], [-8.804024176356506e-09, 1.133871663228092e-08], [null, 1.2382920466791347e-08], [null, 9.360821451309675e-09], [-9.85066606062901e-09, 1.1735375338162157e-08], [null, 8.65352056678148e-09], [-1.2583535102805854e-08, 1.4288491279046411e-08], [null, 1.2061459386814022e-08], [-7.675958535457994e-09, 1.0415026174825925e-08], [null, 1.1189665194422105e-08], [-1.4668998460365401e-08, 1.62715281248893e-08], [-1.3946675814224818e-08, 1.5221155891254057e-08], [-1.41395437580627e-08, 1.5868106828520467e-08], [-2.1285183393615625e-08, 2.1285183393615625e-08], [-1.2035797247733626e-08, 1.3438465451542925e-08], [-1.638440139117847e-08, 1.752595402138013e-08], [-1.210233957493756e-08, 1.3387193575908896e-08], [-2.4175019319727653e-08, 2.4175019319727653e-08], [-2.3469411303267407e-08, 2.3469411303267407e-08], [-3.148379690287584e-08, 3.148379690287584e-08], [-2.7567583771315185e-08, 2.7567583771315185e-08], [-3.184931074429187e-08, 3.184931074429187e-08], [-2.9140373669633846e-08, 2.9140373669633846e-08], [-1.9970837428218147e-08, 2.098505014203056e-08], [-1.3442208235403541e-08, 1.505519087174889e-08], [null, 1.2992588338534006e-08], [null, 1.0190324140069151e-08], [-1.3145572630435254e-08, 1.4569874196013188e-08], [-1.3996127812276882e-08, 1.57404187461907e-08], [-1.8803108403631086e-08, 1.9724391009390274e-08], [-1.55099222354238e-08, 1.6609098096864727e-08], [-1.3924895903016932e-08, 1.5187659130333486e-08], [-1.457754272848888e-08, 1.6020894832990962e-08], [-1.8415430957929857e-08, 1.9407789153547128e-08], [-1.4013703975024328e-08, 1.511760139294438e-08], [-1.5903646399806348e-08, 1.7120104445211837e-08], [-1.2539400628952535e-08, 1.4349839538851938e-08], [null, 1.0805840666705535e-08], [-1.2692240147771372e-08, 1.437948338178785e-08], [-1.392839710234739e-08, 1.5064097524941644e-08], [null, 1.208625466375679e-08], [null, 1.2658734505066604e-08], [null, 1.1968941393547539e-08]], "Extended_Source_Name": "                  ", "0FGL_Name": "                 ", "1FGL_Name": "                  ", "2FGL_Name": "2FGL J0622.9+3326 ", "1FHL_Name": "1FHL J0622.9+3328 ", "ASSOC_GAM1": "               ", "ASSOC_GAM2": "              ", "ASSOC_GAM3": "               ", "TEVCAT_FLAG": "N", "ASSOC_TEV": "                     ", "CLASS1": "BCU  ", "ASSOC1": "B2 0619+33                ", "ASSOC2": "                          ", "Flags": 0, "source_id": 706}