{"Source_Name": "3FGL J0749.0+4459 ", "RAJ2000": 117.2654037475586, "DEJ2000": 44.98680114746094, "GLON": 174.22607421875, "GLAT": 28.617637634277344, "Conf_68_SemiMajor": 0.07462400197982788, "Conf_68_SemiMinor": 0.05655389279127121, "Conf_68_PosAng": -58.34000015258789, "Conf_95_SemiMajor": 0.12099999934434891, "Conf_95_SemiMinor": 0.0917000025510788, "Conf_95_PosAng": -58.34000015258789, "ROI_num": 448, "Signif_Avg": 8.462827682495117, "Pivot_Energy": 868.7136840820312, "Flux_Density": 8.572218998005587e-13, "Unc_Flux_Density": 1.1540052767544662e-13, "Flux1000": 4.4690037781514036e-10, "Unc_Flux1000": 7.395315609892705e-11, "Energy_Flux100": 5.749850248704114e-12, "Unc_Energy_Flux100": 7.745669340294969e-13, "Signif_Curve": 0.502639651298523, "SpectrumType": "PowerLaw        ", "Spectral_Index": 2.3717525005340576, "Unc_Spectral_Index": 0.11182709783315659, "beta": null, "Unc_beta": null, "Cutoff": null, "Unc_Cutoff": null, "Exp_Index": null, "Unc_Exp_Index": null, "PowerLaw_Index": 2.3717525005340576, "Flux30_100": null, "Unc_Flux30_100": null, "nuFnu30_100": null, "Sqrt_TS30_100": null, "Flux100_300": 8.675103302380194e-09, "Unc_Flux100_300": [-2.547432265131988e-09, 2.582489111446762e-09], "nuFnu100_300": 2.0105427739336434e-12, "Sqrt_TS100_300": 3.4692904949188232, "Flux300_1000": 1.4318635166432614e-09, "Unc_Flux300_1000": [-4.036623257874794e-10, 4.184631252623916e-10], "nuFnu300_1000": 9.415327675496576e-13, "Sqrt_TS300_1000": 3.751727342605591, "Flux1000_3000": 3.8744085717468124e-10, "Unc_Flux1000_3000": [-8.530001011086696e-11, 9.271063083904352e-11], "nuFnu1000_3000": 8.979333661167377e-13, "Sqrt_TS1000_3000": 5.740579605102539, "Flux3000_10000": 1.0700949154562878e-10, "Unc_Flux3000_10000": [-3.3194433313177285e-11, 3.859565098074391e-11], "nuFnu3000_10000": 7.03648998876677e-13, "Sqrt_TS3000_10000": 4.432518482208252, "Flux10000_100000": 8.556023077532782e-12, "Unc_Flux10000_100000": [-6.4392488736964015e-12, 1.1891912801709204e-11], "nuFnu10000_100000": 1.3192702139064316e-13, "Sqrt_TS10000_100000": 1.7883036136627197, "Variability_Index": 75.4891128540039, "Signif_Peak": 4.876633167266846, "Flux_Peak": 5.215437681727053e-08, "Unc_Flux_Peak": 1.2961168138758694e-08, "Time_Peak": 327435008.0, "Peak_Interval": 2630000.0, "Flux_History": [1.8600285756065205e-08, 1.7629755433290484e-08, 0.0, 9.236900133657855e-09, 2.1981984232866125e-08, 0.0, 0.0, 0.0, 2.048695257883537e-08, 2.0757672913873648e-08, 1.2800882132069091e-08, 5.281312276395056e-09, 1.2304331775681021e-08, 1.6029478189238944e-08, 2.9487859265486804e-08, 2.0203501094329113e-08, 1.1267157873362521e-08, 1.4124748481947336e-08, 2.0382097787319253e-08, 0.0, 0.0, 8.947728780128728e-09, 2.8305462862476816e-08, 2.5363540601119894e-08, 1.5802251951413382e-08, 1.844352937041549e-08, 4.341300208210441e-09, 1.602638199926787e-08, 9.648367438330752e-09, 2.7419435610909204e-08, 6.697763232921261e-09, 9.88964288239913e-09, 8.270017559652842e-09, 5.215437681727053e-08, 0.0, 1.085709477877117e-08, 0.0, 1.3501349371836113e-08, 1.9931089667579727e-08, 2.5849313800563323e-09, 0.0, 9.531150979569247e-09, 0.0, 6.603061653009945e-09, 0.0, 1.1334575500399069e-09, 0.0, 0.0], "Unc_Flux_History": [[-1.2618758482574322e-08, 1.4351321020455998e-08], [-8.665348438796627e-09, 1.0161726571311647e-08], [null, 7.531914647529447e-09], [-7.32822158511226e-09, 9.366888598094647e-09], [-1.1199041693998879e-08, 1.2738232690878704e-08], [null, 1.0624225055266834e-08], [null, 7.34782990008398e-09], [null, 1.2104877100682643e-08], [-1.0635237579492696e-08, 1.19452430169531e-08], [-1.0482967383040886e-08, 1.2185638276207555e-08], [-8.471861434600214e-09, 1.0112123582928234e-08], [null, 1.2265287452351004e-08], [-1.05471418265779e-08, 1.1779119901689228e-08], [-1.1437832014848937e-08, 1.3480017990730175e-08], [-1.0073648581965244e-08, 1.1270714139755e-08], [-9.848292847891571e-09, 1.1376516617644938e-08], [-7.385685396599229e-09, 9.105136200560082e-09], [-7.87929899104256e-09, 9.921913068922095e-09], [-9.820452007147651e-09, 1.1474732275473798e-08], [null, 7.072769925287048e-09], [null, 6.2628791042129706e-09], [-8.852634181266694e-09, 1.0520329496443992e-08], [-1.1231673369138662e-08, 1.257670501075836e-08], [-9.958995406122995e-09, 1.111972114387072e-08], [-8.884252444829599e-09, 1.0767000624412049e-08], [-9.920561261367311e-09, 1.1294435608988351e-08], [null, 9.00834784545168e-09], [-9.703713388375945e-09, 1.146971850829459e-08], [-7.951821423546335e-09, 9.952667134882631e-09], [-1.080887734872249e-08, 1.230661617057649e-08], [-4.792358065941471e-09, 7.698353954310733e-09], [null, 1.2039795826979116e-08], [-5.9151896714126906e-09, 8.579762678095904e-09], [-1.2961168138758694e-08, 1.4003870951739827e-08], [null, 1.0958573604114008e-08], [-8.107742033303111e-09, 9.938604605963519e-09], [null, 5.830695481989778e-09], [-8.277265095557595e-09, 9.855027016669737e-09], [-9.360139330283346e-09, 1.084441780818679e-08], [null, 9.667483702457957e-09], [null, 8.773287873964364e-09], [null, 1.1042402547900565e-08], [null, 8.205767620950155e-09], [null, 1.0588973253788936e-08], [null, 7.215844810559702e-09], [null, 1.0853670850963226e-08], [null, 8.01545763096101e-09], [null, 1.0174002973428742e-08]], "Extended_Source_Name": "                  ", "0FGL_Name": "                 ", "1FGL_Name": "                  ", "2FGL_Name": "2FGL J0747.7+4501 ", "1FHL_Name": "                  ", "ASSOC_GAM1": "               ", "ASSOC_GAM2": "              ", "ASSOC_GAM3": "               ", "TEVCAT_FLAG": "N", "ASSOC_TEV": "                     ", "CLASS1": "     ", "ASSOC1": "                          ", "ASSOC2": "                          ", "Flags": 0, "source_id": 869}