{"Source_Name": "3FGL J0424.7+0035 ", "RAJ2000": 66.1781005859375, "DEJ2000": 0.5950999855995178, "GLON": 193.58233642578125, "GLAT": -31.79482078552246, "Conf_68_SemiMajor": 0.026025891304016113, "Conf_68_SemiMinor": 0.02590254507958889, "Conf_68_PosAng": -69.37000274658203, "Conf_95_SemiMajor": 0.0421999990940094, "Conf_95_SemiMinor": 0.041999999433755875, "Conf_95_PosAng": -69.37000274658203, "ROI_num": 308, "Signif_Avg": 22.022611618041992, "Pivot_Energy": 1193.486572265625, "Flux_Density": 1.5204506490645864e-12, "Unc_Flux_Density": 9.888589242151163e-14, "Flux1000": 1.8653454336714503e-09, "Unc_Flux1000": 1.3648554508804978e-10, "Energy_Flux100": 2.1338996541997446e-11, "Unc_Energy_Flux100": 1.407801392822039e-12, "Signif_Curve": 1.3234182596206665, "SpectrumType": "PowerLaw        ", "Spectral_Index": 2.197874069213867, "Unc_Spectral_Index": 0.05249948427081108, "beta": null, "Unc_beta": null, "Cutoff": null, "Unc_Cutoff": null, "Exp_Index": null, "Unc_Exp_Index": null, "PowerLaw_Index": 2.197874069213867, "Flux30_100": null, "Unc_Flux30_100": null, "nuFnu30_100": null, "Sqrt_TS30_100": null, "Flux100_300": 2.0320303661947037e-08, "Unc_Flux100_300": [-4.152810983981681e-09, 4.21148582674391e-09], "nuFnu100_300": 4.789153882495123e-12, "Sqrt_TS100_300": 4.778101921081543, "Flux300_1000": 7.185916750529486e-09, "Unc_Flux300_1000": [-7.057397999332693e-10, 7.057397999332693e-10], "nuFnu300_1000": 4.8206009496676305e-12, "Sqrt_TS300_1000": 12.054482460021973, "Flux1000_3000": 1.4178592744329421e-09, "Unc_Flux1000_3000": [-1.511423902700315e-10, 1.5880040338256407e-10], "nuFnu1000_3000": 3.3416557281701342e-12, "Sqrt_TS1000_3000": 13.90194320678711, "Flux3000_10000": 4.599310654551658e-10, "Unc_Flux3000_10000": [-6.474716596205354e-11, 7.023896742008873e-11], "nuFnu3000_10000": 3.0854019426179713e-12, "Sqrt_TS3000_10000": 13.066458702087402, "Flux10000_100000": 3.7428830867991536e-11, "Unc_Flux10000_100000": [-1.7871629523491528e-11, 2.4027956707639575e-11], "nuFnu10000_100000": 6.159052759989458e-13, "Sqrt_TS10000_100000": 3.1945621967315674, "Variability_Index": 115.19442749023438, "Signif_Peak": 8.575543403625488, "Flux_Peak": 1.0122722926553251e-07, "Unc_Flux_Peak": 1.8123524014868053e-08, "Time_Peak": 324804992.0, "Peak_Interval": 2630000.0, "Flux_History": [4.0055251560033867e-08, 4.4341767591049575e-08, 3.769952527932219e-08, 1.2970291507485854e-08, 2.2728659843096466e-08, 1.6452961659751963e-08, 1.2789679537661414e-08, 8.760555836317963e-09, 2.6020082088962226e-08, 1.2576597541169576e-08, 3.1612497508604065e-08, 0.0, 2.300804169408366e-08, 3.3416700517818754e-08, 4.942609876934512e-08, 4.1665103367449774e-08, 6.39060644402889e-08, 2.8071163171716762e-08, 5.122319901573746e-09, 5.7976226486289306e-08, 2.271979404611102e-08, 4.6436163358976046e-08, 5.80230334890075e-08, 7.170613969265105e-08, 5.045592033070534e-08, 3.5950332488710046e-08, 2.0548403867337584e-08, 1.954518502600422e-08, 1.3175311508462073e-08, 2.5378620094329563e-08, 6.728558332724788e-08, 4.603304404326991e-08, 1.0122722926553251e-07, 5.431230931662867e-08, 3.010785221135848e-08, 3.113927959930152e-08, 3.997841702130245e-08, 2.9213229169045007e-08, 3.151418326297062e-08, 5.128300273327113e-08, 5.251679979778601e-08, 2.6742689840375533e-08, 9.472567619184247e-09, 0.0, 0.0, 3.1626356644665066e-08, 0.0, 1.3744488214229023e-08], "Unc_Flux_History": [[-1.254332637756761e-08, 1.434977559000572e-08], [-1.2680876793069729e-08, 1.4089041933118551e-08], [-1.3783077790208154e-08, 1.5460980051784645e-08], [-1.0083010870687303e-08, 1.1118496345829953e-08], [-1.0350110990486883e-08, 1.2145614292080609e-08], [-7.508132782163557e-09, 9.198240391583568e-09], [-7.1376087262819965e-09, 9.601095918299052e-09], [null, 1.219646428296528e-08], [-1.13303659787789e-08, 1.2594728815429335e-08], [-1.1610894468105926e-08, 1.3211646887612005e-08], [-1.0766891378466426e-08, 1.2113196667939974e-08], [null, 1.2792343184742094e-08], [-1.1430903334996856e-08, 1.3136319587658818e-08], [-1.4233963341325762e-08, 1.774649582841903e-08], [-1.493757650905536e-08, 1.692215789717011e-08], [-1.3416953770217788e-08, 1.5046243362348832e-08], [-1.6658514567780003e-08, 1.8994832373664394e-08], [-1.113707703837008e-08, 1.3018013333976342e-08], [null, 1.238753188914643e-08], [-1.3661548337040585e-08, 1.5155141142031425e-08], [-1.1501052554763191e-08, 1.4069581943942921e-08], [-1.482269063046715e-08, 1.649330805264526e-08], [-1.4368774614581525e-08, 1.6533306279598037e-08], [-1.7304328636669197e-08, 1.9086343172602938e-08], [-1.519011050277186e-08, 1.6901614330322445e-08], [-1.4132871761773913e-08, 1.5970268663068055e-08], [-1.0783253401314141e-08, 1.3170716961496964e-08], [-1.4304889717209335e-08, 1.637877389271125e-08], [-1.2477697097779128e-08, 1.4810099813189481e-08], [-1.0923427495868054e-08, 1.2911999469622515e-08], [-1.4490989741489102e-08, 1.595203258375477e-08], [-1.4581781115907688e-08, 1.6324420926139283e-08], [-1.8123524014868053e-08, 1.952216521772243e-08], [-1.5031524469577562e-08, 1.6754000853325124e-08], [-1.2568492913089813e-08, 1.495946833074413e-08], [-1.1939505384361837e-08, 1.378836156362695e-08], [-1.3252834385468759e-08, 1.4798096081847234e-08], [-1.4447876672818438e-08, 1.6190799811965917e-08], [-1.2897001688827459e-08, 1.4889386612537692e-08], [-1.6630727017741265e-08, 1.9104239967759895e-08], [-1.5185507962200973e-08, 1.6852753859097902e-08], [-1.1759491158613855e-08, 1.4453124919100446e-08], [null, 1.2949666228223577e-08], [null, 1.0407928741074102e-08], [null, 1.493364187865609e-08], [-1.3202648752042023e-08, 1.5712025458469725e-08], [null, 1.1701729363267077e-08], [-9.119543342706038e-09, 1.1745659556083865e-08]], "Extended_Source_Name": "                  ", "0FGL_Name": "                 ", "1FGL_Name": "1FGL J0424.8+0036 ", "2FGL_Name": "2FGL J0424.7+0034 ", "1FHL_Name": "                  ", "ASSOC_GAM1": "               ", "ASSOC_GAM2": "              ", "ASSOC_GAM3": "               ", "TEVCAT_FLAG": "N", "ASSOC_TEV": "                     ", "CLASS1": "bll  ", "ASSOC1": "PKS 0422+00               ", "ASSOC2": "                          ", "Flags": 0, "catalog_row_index": 489}