{"Source_Name": "3FGL J0719.3+3307 ", "RAJ2000": 109.82879638671875, "DEJ2000": 33.125301361083984, "GLON": 185.03921508789062, "GLAT": 19.854019165039062, "Conf_68_SemiMajor": 0.011964510194957256, "Conf_68_SemiMinor": 0.011532800272107124, "Conf_68_PosAng": 6.050000190734863, "Conf_95_SemiMajor": 0.01940000057220459, "Conf_95_SemiMinor": 0.018699999898672104, "Conf_95_PosAng": 6.050000190734863, "ROI_num": 640, "Signif_Avg": 66.55213928222656, "Pivot_Energy": 532.6074829101562, "Flux_Density": 2.914207417048509e-11, "Unc_Flux_Density": 8.237460193127877e-13, "Flux1000": 6.3331637711883104e-09, "Unc_Flux1000": 2.1034497754701675e-10, "Energy_Flux100": 5.732647342937547e-11, "Unc_Energy_Flux100": 1.960694627489712e-12, "Signif_Curve": 5.067301273345947, "SpectrumType": "LogParabola     ", "Spectral_Index": 1.9952661991119385, "Unc_Spectral_Index": 0.032266322523355484, "beta": 0.09746601432561874, "Unc_beta": 0.01577131822705269, "Cutoff": null, "Unc_Cutoff": null, "Exp_Index": null, "Unc_Exp_Index": null, "PowerLaw_Index": 2.1379361152648926, "Flux30_100": null, "Unc_Flux30_100": null, "nuFnu30_100": null, "Sqrt_TS30_100": null, "Flux100_300": 5.0854005451128614e-08, "Unc_Flux100_300": [-2.9047635408119277e-09, 2.9047635408119277e-09], "nuFnu100_300": 1.2494266905804796e-11, "Sqrt_TS100_300": 19.89257049560547, "Flux300_1000": 1.8217770403339273e-08, "Unc_Flux300_1000": [-6.91315948930793e-10, 6.91315948930793e-10], "nuFnu300_1000": 1.2506581707760756e-11, "Sqrt_TS300_1000": 36.90203094482422, "Flux1000_3000": 4.9186343886731265e-09, "Unc_Flux1000_3000": [-2.2689110312779093e-10, 2.2689110312779093e-10], "nuFnu1000_3000": 1.1561716861674398e-11, "Sqrt_TS1000_3000": 39.54634094238281, "Flux3000_10000": 1.1794201171255736e-09, "Unc_Flux3000_10000": [-9.644423454302498e-11, 9.644423454302498e-11], "nuFnu3000_10000": 7.687261417699265e-12, "Sqrt_TS3000_10000": 27.36646270751953, "Flux10000_100000": 2.3292567874477754e-10, "Unc_Flux10000_100000": [-3.982752322384542e-11, 4.477699461213902e-11], "nuFnu10000_100000": 3.1254814274878084e-12, "Sqrt_TS10000_100000": 13.792497634887695, "Variability_Index": 737.1029663085938, "Signif_Peak": 27.729961395263672, "Flux_Peak": 2.77937232340264e-07, "Unc_Flux_Peak": 1.8650190725111315e-08, "Time_Peak": 290615008.0, "Peak_Interval": 2630000.0, "Flux_History": [7.967940973685472e-08, 3.6494991917379593e-08, 6.917366590641905e-08, 2.9118982780573788e-08, 6.105706518155785e-08, 8.62249578403862e-08, 9.936079692351996e-08, 5.860157870074545e-08, 1.5430833855134551e-07, 5.4241418467881886e-08, 8.064156276077483e-08, 6.997071722025794e-08, 9.774455378419589e-08, 7.675173918642031e-08, 5.00100512113022e-08, 4.443191414793546e-08, 6.400974683629101e-08, 1.1424517509794896e-07, 1.4272546877691639e-07, 2.77937232340264e-07, 6.60879351244148e-08, 8.856945754587287e-08, 4.363105432503289e-08, 1.3736988080381707e-07, 2.0700703373677243e-08, 2.2525428633457523e-08, 4.215358018200277e-08, 3.4970707218917596e-08, 5.7634284900132116e-08, 1.464812093843193e-08, 4.957169252861604e-08, 2.2873054561500794e-08, 2.933433052021428e-08, 4.318861712704347e-08, 2.2083428419250595e-08, 6.709827715667416e-08, 9.491594710198115e-08, 9.636723063977115e-08, 1.7331240087514743e-07, 1.508825562268612e-07, 3.227462741506315e-08, 4.901884409491686e-08, 4.226121230743729e-09, 5.5967223744346484e-08, 1.633719648452825e-08, 1.7072578017973683e-08, 7.871891227750893e-08, 7.588689499016255e-08], "Unc_Flux_History": [[-1.3484929617391117e-08, 1.449336384240496e-08], [-8.425476316631375e-09, 9.288286584308025e-09], [-1.1832652191401394e-08, 1.2713167407696346e-08], [-7.920726297072633e-09, 8.766863679454673e-09], [-1.1477323980102483e-08, 1.2360925616405893e-08], [-1.2028070983660655e-08, 1.2792807702055597e-08], [-1.2553694972439189e-08, 1.3249170649487496e-08], [-1.21079679615832e-08, 1.3146468802460731e-08], [-1.36884557022654e-08, 1.36884557022654e-08], [-1.0749013235056282e-08, 1.1690223900018282e-08], [-1.0923373316984453e-08, 1.1420501877523748e-08], [-1.1148999057297715e-08, 1.2009114591648995e-08], [-1.2925911896388698e-08, 1.368084667774383e-08], [-1.2304703922438875e-08, 1.3186718383906282e-08], [-1.0764571456434169e-08, 1.1693951584845763e-08], [-1.0718263609987844e-08, 1.1857461679198877e-08], [-1.1184605241965073e-08, 1.2074864663702556e-08], [-1.4294119665692051e-08, 1.5150458665402766e-08], [-1.4673839920931186e-08, 1.540604976923987e-08], [-1.8650190725111315e-08, 1.8650190725111315e-08], [-1.1553622947246822e-08, 1.243924696581189e-08], [-1.200311494642392e-08, 1.2736657950540575e-08], [-1.0210234435703569e-08, 1.1314938319628709e-08], [-1.4527106628747788e-08, 1.5244470574771185e-08], [-8.87243345459865e-09, 1.0155611462892011e-08], [-7.89446552573736e-09, 8.865477241215558e-09], [-1.0261954841439547e-08, 1.123804516112159e-08], [-9.076805085328488e-09, 1.01097370475145e-08], [-1.1305609781686599e-08, 1.2401169868780926e-08], [-7.754612063592958e-09, 9.289997215944368e-09], [-1.0169928899017577e-08, 1.1019221979324811e-08], [-9.411619927846004e-09, 1.0783617554466218e-08], [-8.50489723092096e-09, 9.597063588273613e-09], [-1.0094013624950549e-08, 1.1125248278176514e-08], [-8.334892775962999e-09, 9.46843936588948e-09], [-1.1801093435792609e-08, 1.2739372223791179e-08], [-1.3040131641162134e-08, 1.3923523667358495e-08], [-1.334156962684574e-08, 1.4212242938071995e-08], [-1.631948620683943e-08, 1.631948620683943e-08], [-1.5018416732459627e-08, 1.5018416732459627e-08], [-9.009463397546824e-09, 1.0095289049161238e-08], [-1.0641128866950567e-08, 1.1594375237677923e-08], [null, 8.184890099016684e-09], [-1.1299053248592372e-08, 1.226929846609437e-08], [-7.347229047383053e-09, 8.60361648591379e-09], [-8.405687701440456e-09, 9.929868483027349e-09], [-1.2222771239578378e-08, 1.2961589135329632e-08], [-1.2453430286996081e-08, 1.3318825153874059e-08]], "Extended_Source_Name": "                  ", "0FGL_Name": "0FGL J0719.4+3302", "1FGL_Name": "1FGL J0719.3+3306 ", "2FGL_Name": "2FGL J0719.3+3306 ", "1FHL_Name": "1FHL J0719.2+3308 ", "ASSOC_GAM1": "               ", "ASSOC_GAM2": "              ", "ASSOC_GAM3": "               ", "TEVCAT_FLAG": "N", "ASSOC_TEV": "                     ", "CLASS1": "fsrq ", "ASSOC1": "B2 0716+33                ", "ASSOC2": "                          ", "Flags": 0, "source_id": 804}