{"Source_Name": "3FGL J1008.6-5706 ", "RAJ2000": 152.1717987060547, "DEJ2000": -57.11289978027344, "GLON": 282.1977844238281, "GLAT": -0.9437896609306335, "Conf_68_SemiMajor": 0.06265949457883835, "Conf_68_SemiMinor": 0.036818619817495346, "Conf_68_PosAng": -83.94000244140625, "Conf_95_SemiMajor": 0.10159999877214432, "Conf_95_SemiMinor": 0.059700001031160355, "Conf_95_PosAng": -83.94000244140625, "ROI_num": 7, "Signif_Avg": 8.26842212677002, "Pivot_Energy": 1197.5198974609375, "Flux_Density": 2.0990659297531744e-12, "Unc_Flux_Density": 2.5513505154048377e-13, "Flux1000": 2.1852410991840543e-09, "Unc_Flux1000": 2.7742103059225087e-10, "Energy_Flux100": 3.2534346744439446e-11, "Unc_Energy_Flux100": 4.356734591148825e-12, "Signif_Curve": 1.5340439081192017, "SpectrumType": "PowerLaw        ", "Spectral_Index": 2.509049415588379, "Unc_Spectral_Index": 0.07704756408929825, "beta": null, "Unc_beta": null, "Cutoff": null, "Unc_Cutoff": null, "Exp_Index": null, "Unc_Exp_Index": null, "PowerLaw_Index": 2.509049415588379, "Flux30_100": null, "Unc_Flux30_100": null, "nuFnu30_100": null, "Sqrt_TS30_100": null, "Flux100_300": 8.133179107971955e-08, "Unc_Flux100_300": [-1.8313691896310047e-08, 1.7721815126492402e-08], "nuFnu100_300": 1.860505846607019e-11, "Sqrt_TS100_300": 4.29042911529541, "Flux300_1000": 1.6921667622682435e-08, "Unc_Flux300_1000": [-2.609616522875058e-09, 2.6300757127728502e-09], "nuFnu300_1000": 1.0955797033473935e-11, "Sqrt_TS300_1000": 6.623183727264404, "Flux1000_3000": 2.9587676753095593e-09, "Unc_Flux1000_3000": [-4.137375997359527e-10, 4.1973760578351005e-10], "nuFnu1000_3000": 6.768330253897892e-12, "Sqrt_TS1000_3000": 7.911041736602783, "Flux3000_10000": 2.2064033933233418e-10, "Unc_Flux3000_10000": [-8.280394425685955e-11, 9.26480975271815e-11], "nuFnu3000_10000": 1.4285180026732403e-12, "Sqrt_TS3000_10000": 2.918205976486206, "Flux10000_100000": 6.435202370980164e-11, "Unc_Flux10000_100000": [-2.523761928607815e-11, 3.049776750585487e-11], "nuFnu10000_100000": 9.453873231132781e-13, "Sqrt_TS10000_100000": 3.4643924236297607, "Variability_Index": 40.56816482543945, "Signif_Peak": null, "Flux_Peak": null, "Unc_Flux_Peak": null, "Time_Peak": null, "Peak_Interval": null, "Flux_History": [3.421403249603827e-08, 1.8692415437726595e-07, 1.3882383598229353e-07, 8.252351335613639e-08, 1.9379662319352065e-08, 1.0586863652406464e-07, 0.0, 1.0543855211153641e-07, 1.758223078240917e-07, 3.6766557798273425e-08, 7.979026861448801e-08, 4.2892715157449857e-08, 4.4633033269292355e-08, 5.615445441975453e-09, 9.790849020419046e-09, 6.908198457722392e-08, 6.920154049794291e-08, 4.659332830669882e-08, 0.0, 6.521650419699654e-08, 7.258762479978031e-08, 6.580282985169106e-08, 1.050680396019743e-07, 2.3913726110436073e-08, 7.172757676698893e-08, 1.1067028538036539e-07, 4.5322604336206496e-08, 9.128421396553676e-08, 9.461285799261532e-08, 0.0, 5.288437776584942e-08, 7.341544971950498e-08, 5.528175250901768e-08, 8.407951668232272e-08, 1.4061714637136902e-07, 2.9031586024075295e-08, 4.7403144520785645e-08, 4.165444877912705e-08, 7.243557575975501e-08, 6.414049291691981e-09, 7.365656529145781e-08, 4.870536685075422e-08, 1.3585145097749773e-07, 8.459780431735453e-09, 2.1621710644126324e-08, 6.955487208415434e-08, 1.0786396842377144e-07, 7.017113290430643e-08], "Unc_Flux_History": [[null, 6.594478918486857e-08], [-5.0065359857853764e-08, 5.835864769210275e-08], [-5.922812462699767e-08, 6.23352747197714e-08], [-5.4924893078123205e-08, 5.1031360470688014e-08], [null, 5.7370268535805735e-08], [-6.122772333583271e-08, 6.292201248925267e-08], [null, 5.557204474371247e-08], [-6.170459698751074e-08, 6.862417478714633e-08], [-5.368375255443425e-08, 5.885214804379757e-08], [null, 4.3725112419679135e-08], [-5.478912967760152e-08, 6.523840312411266e-08], [null, 4.364889250041415e-08], [-4.3331340293661924e-08, 4.917474782928366e-08], [null, 4.23711838948293e-08], [null, 5.0480693403187615e-08], [-3.828711925280004e-08, 4.358574301477347e-08], [-4.938678443977551e-08, 5.185760443282561e-08], [-4.198733449811698e-08, 4.074005133247738e-08], [null, 3.393452630007232e-08], [-4.973107436967439e-08, 4.94786398519409e-08], [-4.958206289984446e-08, 4.673743347893833e-08], [-4.170051326468638e-08, 4.317961099786771e-08], [-4.96043952580294e-08, 4.661573527187102e-08], [null, 5.008735115552554e-08], [-4.5893468580970875e-08, 4.7065494612752445e-08], [-5.378250378385019e-08, 5.1899100128594e-08], [-3.782735547019911e-08, 4.476348536286423e-08], [-4.586113533378011e-08, 4.504933670546052e-08], [-4.481253768062743e-08, 4.856730839719603e-08], [null, 4.301132250361661e-08], [-5.15725275818113e-08, 5.145697912212199e-08], [-5.24194341267048e-08, 4.9979430372104616e-08], [-4.0504563258991766e-08, 4.3982204545045533e-08], [-5.536136171713224e-08, 5.443643757985228e-08], [-4.413623599930361e-08, 4.465963954203289e-08], [null, 5.4215174571936586e-08], [-4.3703579422071925e-08, 4.284332888460085e-08], [null, 5.311988005018975e-08], [-4.351655746859251e-08, 5.330329955199886e-08], [null, 5.191474627963544e-08], [-4.807005282714272e-08, 4.8922860429456705e-08], [-4.165983469306411e-08, 4.0423770997222164e-08], [-5.2804047356858064e-08, 6.630016713415898e-08], [null, 4.584890689329768e-08], [null, 4.677394471741536e-08], [-3.602712084216364e-08, 4.03562445683292e-08], [-4.897053429431253e-08, 4.909122708340874e-08], [-5.471181196980979e-08, 5.5542109578254895e-08]], "Extended_Source_Name": "                  ", "0FGL_Name": "                 ", "1FGL_Name": "                  ", "2FGL_Name": "                  ", "1FHL_Name": "                  ", "ASSOC_GAM1": "               ", "ASSOC_GAM2": "              ", "ASSOC_GAM3": "               ", "TEVCAT_FLAG": "N", "ASSOC_TEV": "                     ", "CLASS1": "     ", "ASSOC1": "                          ", "ASSOC2": "                          ", "Flags": 4, "catalog_row_index": 1143}