{"Source_Name": "3FGL J1829.2-1504 ", "RAJ2000": 277.3210144042969, "DEJ2000": -15.0826997756958, "GLON": 17.014785766601562, "GLAT": -2.047030448913574, "Conf_68_SemiMajor": 0.06679156422615051, "Conf_68_SemiMinor": 0.04033396393060684, "Conf_68_PosAng": -67.02999877929688, "Conf_95_SemiMajor": 0.10830000042915344, "Conf_95_SemiMinor": 0.06539999693632126, "Conf_95_PosAng": -67.02999877929688, "ROI_num": 58, "Signif_Avg": 5.1314897537231445, "Pivot_Energy": 18446.21875, "Flux_Density": 3.3334102842510214e-15, "Unc_Flux_Density": 9.12425902485582e-16, "Flux1000": 5.569757988155288e-10, "Unc_Flux1000": 2.991605574376166e-10, "Energy_Flux100": 8.385933440713256e-12, "Unc_Energy_Flux100": 2.462982292075755e-12, "Signif_Curve": 2.4959981441497803, "SpectrumType": "PowerLaw        ", "Spectral_Index": 1.6057833433151245, "Unc_Spectral_Index": 0.2952159643173218, "beta": null, "Unc_beta": null, "Cutoff": null, "Unc_Cutoff": null, "Exp_Index": null, "Unc_Exp_Index": null, "PowerLaw_Index": 1.6057833433151245, "Flux30_100": null, "Unc_Flux30_100": null, "nuFnu30_100": null, "Sqrt_TS30_100": null, "Flux100_300": 5.221361476515085e-08, "Unc_Flux100_300": [-2.8585528610847177e-08, 2.4429546385817957e-08], "nuFnu100_300": 1.3048629017575752e-11, "Sqrt_TS100_300": 1.7833983898162842, "Flux300_1000": 5.275130332549338e-10, "Unc_Flux300_1000": [null, 2.337787741168995e-09], "nuFnu300_1000": 3.7959782886454185e-13, "Sqrt_TS300_1000": 0.23129121959209442, "Flux1000_3000": 3.6564648531189903e-10, "Unc_Flux1000_3000": [-3.2609717703913077e-10, 3.455496722093443e-10], "nuFnu1000_3000": 9.137818540033704e-13, "Sqrt_TS1000_3000": 1.125053882598877, "Flux3000_10000": 1.2949495642455844e-10, "Unc_Flux3000_10000": [-6.654941875350318e-11, 7.799844103928422e-11], "nuFnu3000_10000": 9.318443369363272e-13, "Sqrt_TS3000_10000": 2.214594841003418, "Flux10000_100000": 8.208843327306425e-11, "Unc_Flux10000_100000": [-3.4228668510660754e-11, 4.092245986520027e-11], "nuFnu10000_100000": 1.7253591133928325e-12, "Sqrt_TS10000_100000": 3.85400652885437, "Variability_Index": 33.49461364746094, "Signif_Peak": null, "Flux_Peak": null, "Unc_Flux_Peak": null, "Time_Peak": null, "Peak_Interval": null, "Flux_History": [3.83696230343844e-09, 1.4356189126374375e-08, 4.234269823655268e-09, 2.500893048207331e-09, 0.0, 9.350507035321698e-09, 0.0, 1.7777440630695196e-09, 0.0, 4.552348276121165e-09, 0.0, 0.0, 3.3397704601867417e-09, 3.2657456738860446e-09, 6.215468584258588e-09, 1.4553025451391477e-08, 0.0, 0.0, 8.131475048855918e-09, 9.207001827604699e-10, 0.0, 6.017807585578794e-09, 0.0, 3.0183471277922536e-09, 0.0, 8.340038881726741e-09, 8.126549211340262e-09, 0.0, 5.231028499252943e-09, 0.0, 4.433381717294793e-10, 0.0, 4.881382409394064e-09, 0.0, 3.359818645520818e-09, 6.5944534277662115e-09, 6.1796723294094136e-09, 1.2394941073523569e-08, 0.0, 9.426461833328403e-10, 1.1716254633142853e-08, 7.074731467326956e-09, 0.0, 0.0, 0.0, 0.0, 0.0, 0.0], "Unc_Flux_History": [[null, 7.350396291627703e-09], [-9.451779803271165e-09, 1.140562755352903e-08], [null, 9.029791137038501e-09], [null, 7.654180400606947e-09], [null, 5.082461118632864e-09], [-6.270801655716696e-09, 8.015297758845463e-09], [null, 5.593874252696196e-09], [null, 6.009845954224602e-09], [null, 5.665053315340174e-09], [-3.393746617064153e-09, 5.822213822170852e-09], [null, 4.6169867928824715e-09], [null, 6.327652180004861e-09], [-2.343708560559321e-09, 4.383635232585448e-09], [null, 1.2321328846098822e-08], [-4.242242113150496e-09, 6.370526328680626e-09], [-7.57037987852982e-09, 1.0122822580171942e-08], [null, 5.941986458424253e-09], [null, 9.3201109052643e-09], [-5.601049846148953e-09, 7.646022481822001e-09], [null, 8.783462845940448e-09], [null, 8.702198961429986e-09], [null, 8.661078076954709e-09], [null, 9.084363483680136e-09], [null, 6.910754191125079e-09], [null, 8.237132753663445e-09], [-5.885318898890546e-09, 8.372674109580203e-09], [-5.590538254551802e-09, 7.91004506339732e-09], [null, 1.015579531582489e-08], [-3.928303460298821e-09, 6.636866167752942e-09], [null, 9.03311114797134e-09], [null, 5.785746992614804e-09], [null, 1.2352165512652391e-08], [-3.7001188779584027e-09, 5.931276803039509e-09], [null, 5.698667759901355e-09], [-2.930115483579243e-09, 5.384513279693692e-09], [-6.391222218127268e-09, 8.930696182574138e-09], [-4.315049206837784e-09, 7.2033463638376816e-09], [-6.6115815045009185e-09, 8.956591024400495e-09], [null, 1.2725135611901806e-08], [null, 9.253169785949922e-09], [-9.772656461848328e-09, 1.219231915428054e-08], [-4.6229606809333745e-09, 6.8526273544478045e-09], [null, 7.439637794703913e-09], [null, 7.880756491829288e-09], [null, 5.152831494825705e-09], [null, 7.738947260804707e-09], [null, 9.701244252369179e-09], [null, 5.855395279752429e-09]], "Extended_Source_Name": "                  ", "0FGL_Name": "                 ", "1FGL_Name": "                  ", "2FGL_Name": "                  ", "1FHL_Name": "                  ", "ASSOC_GAM1": "               ", "ASSOC_GAM2": "              ", "ASSOC_GAM3": "               ", "TEVCAT_FLAG": "N", "ASSOC_TEV": "                     ", "CLASS1": "     ", "ASSOC1": "                          ", "ASSOC2": "                          ", "Flags": 1, "source_id": 2366}