{"Source_Name": "3FGL J0912.2+4126 ", "RAJ2000": 138.05650329589844, "DEJ2000": 41.44139862060547, "GLON": 180.31515502929688, "GLAT": 43.341426849365234, "Conf_68_SemiMajor": 0.11316946148872375, "Conf_68_SemiMinor": 0.0629061833024025, "Conf_68_PosAng": -87.69999694824219, "Conf_95_SemiMajor": 0.1835000067949295, "Conf_95_SemiMinor": 0.10199999809265137, "Conf_95_PosAng": -87.69999694824219, "ROI_num": 456, "Signif_Avg": 6.433656215667725, "Pivot_Energy": 667.9488525390625, "Flux_Density": 1.2718611970899407e-12, "Unc_Flux_Density": 2.0640958289363381e-13, "Flux1000": 2.7780544531452733e-10, "Unc_Flux1000": 6.26671423087366e-11, "Energy_Flux100": 4.663277576588687e-12, "Unc_Energy_Flux100": 7.962419243910668e-13, "Signif_Curve": 0.7922167181968689, "SpectrumType": "PowerLaw        ", "Spectral_Index": 2.601882219314575, "Unc_Spectral_Index": 0.1530139148235321, "beta": null, "Unc_beta": null, "Cutoff": null, "Unc_Cutoff": null, "Exp_Index": null, "Unc_Exp_Index": null, "PowerLaw_Index": 2.601882219314575, "Flux30_100": null, "Unc_Flux30_100": null, "nuFnu30_100": null, "Sqrt_TS30_100": null, "Flux100_300": 1.2877757527007816e-08, "Unc_Flux100_300": [-3.492434785812293e-09, 3.459247110981778e-09], "nuFnu100_300": 2.9203065746857826e-12, "Sqrt_TS100_300": 3.8294548988342285, "Flux300_1000": 1.1871043037459117e-09, "Unc_Flux300_1000": [-3.837594686473267e-10, 4.0289790947944937e-10], "nuFnu300_1000": 7.606898509530946e-13, "Sqrt_TS300_1000": 3.2484171390533447, "Flux1000_3000": 2.1889658141649448e-10, "Unc_Flux1000_3000": [-7.359187564892622e-11, 8.154822650485727e-11], "nuFnu1000_3000": 4.963947547280412e-13, "Sqrt_TS1000_3000": 3.4696829319000244, "Flux3000_10000": 2.7604878452547332e-11, "Unc_Flux3000_10000": [-1.6153457044199016e-11, 2.236512711140115e-11], "nuFnu3000_10000": 1.7689053889193007e-13, "Sqrt_TS3000_10000": 2.1767444610595703, "Flux10000_100000": 2.8842568958187265e-11, "Unc_Flux10000_100000": [-1.4400656882240792e-11, 1.972427429719481e-11], "nuFnu10000_100000": 4.1073207660523303e-13, "Sqrt_TS10000_100000": 2.9859836101531982, "Variability_Index": 90.92073059082031, "Signif_Peak": 7.104984760284424, "Flux_Peak": 7.610429975102306e-08, "Unc_Flux_Peak": 1.5838487854580308e-08, "Time_Peak": 269575008.0, "Peak_Interval": 2630000.0, "Flux_History": [0.0, 6.01610095074534e-09, 0.0, 9.467143513575138e-09, 0.0, 0.0, 2.6000913422308258e-08, 4.870289505021219e-09, 1.8612755781077794e-08, 2.7853158002244527e-08, 2.5082824706146312e-08, 7.610429975102306e-08, 5.767337185602628e-08, 5.403260061598303e-09, 2.4984242230630116e-08, 4.014974130939208e-09, 1.3392291720037974e-08, 8.826141595363879e-09, 5.0450719157879576e-09, 0.0, 3.650469082572272e-08, 1.318239828407286e-08, 2.2920536579817963e-08, 0.0, 0.0, 0.0, 3.7044851630696485e-09, 9.376880605316273e-09, 0.0, 0.0, 6.513822814468995e-09, 0.0, 0.0, 1.0030138497540975e-08, 4.7177128870146134e-09, 3.1599758365530306e-09, 4.536335396210234e-08, 1.2538937887995871e-08, 1.7944767449762367e-08, 2.0023298574756154e-08, 0.0, 2.482440741857772e-08, 1.0665003102872106e-08, 3.789639269058398e-09, 0.0, 8.012131513801535e-10, 0.0, 3.414757809849789e-09], "Unc_Flux_History": [[null, 1.3578050683804577e-08], [null, 1.1873933836170636e-08], [null, 1.0535329941774307e-08], [null, 1.1628364937621427e-08], [null, 1.1148365786084469e-08], [null, 7.934112034035934e-09], [-1.2130212390104589e-08, 1.4302364625962127e-08], [null, 1.4172678142188033e-08], [-1.008950878400583e-08, 1.2054605313949196e-08], [-1.2148253070165538e-08, 1.6073423481088867e-08], [-1.2034279350814359e-08, 1.3888922900662237e-08], [-1.5838487854580308e-08, 1.716970388088157e-08], [-1.6299416927267885e-08, 1.7532221008309534e-08], [null, 1.3163121259651689e-08], [-1.2778831326443196e-08, 1.4535582515406986e-08], [null, 1.2746697031218446e-08], [-1.0449921816757524e-08, 1.1765647123240797e-08], [null, 1.285419770624685e-08], [null, 1.207662858604408e-08], [null, 9.623979835282626e-09], [-1.3605062854082917e-08, 1.517310543874828e-08], [-1.2698889939599667e-08, 1.3912792695691678e-08], [-1.2677070948541314e-08, 1.5065634073607725e-08], [null, 9.70227720387129e-09], [null, 1.0653846693742253e-08], [null, 1.2330996668197258e-08], [null, 1.0743387512945901e-08], [null, 1.2861363529736991e-08], [null, 9.86680692705022e-09], [null, 1.0744702017007057e-08], [null, 1.0723002930035364e-08], [null, 1.467856858283767e-08], [null, 1.4824482086339685e-08], [null, 1.2244851355092123e-08], [null, 1.3308443236326184e-08], [null, 1.3058456538317387e-08], [-1.6156363358277304e-08, 1.7299676358106808e-08], [null, 1.4248091595447931e-08], [-1.1970551661022455e-08, 1.4967250550057543e-08], [-1.3052188663209563e-08, 1.4148009874759282e-08], [null, 1.073272581919582e-08], [-1.4824145466718619e-08, 1.675332761408299e-08], [null, 1.1633173535585684e-08], [null, 1.2137799210165667e-08], [null, 1.0703899988584453e-08], [null, 1.3294270573283029e-08], [null, 1.0001172334739294e-08], [null, 1.2103423152609594e-08]], "Extended_Source_Name": "                  ", "0FGL_Name": "                 ", "1FGL_Name": "1FGL J0912.3+4127 ", "2FGL_Name": "2FGL J0912.1+4126 ", "1FHL_Name": "                  ", "ASSOC_GAM1": "               ", "ASSOC_GAM2": "              ", "ASSOC_GAM3": "               ", "TEVCAT_FLAG": "N", "ASSOC_TEV": "                     ", "CLASS1": "fsrq ", "ASSOC1": "B3 0908+416B              ", "ASSOC2": "                          ", "Flags": 256, "catalog_row_index": 1045}