{"Source_Name": "3FGL J0537.4-5717 ", "RAJ2000": 84.36239624023438, "DEJ2000": -57.29290008544922, "GLON": 265.5518493652344, "GLAT": -32.42884063720703, "Conf_68_SemiMajor": 0.04088901728391647, "Conf_68_SemiMinor": 0.034968435764312744, "Conf_68_PosAng": -81.06999969482422, "Conf_95_SemiMajor": 0.06629999727010727, "Conf_95_SemiMinor": 0.056699998676776886, "Conf_95_PosAng": -81.06999969482422, "ROI_num": 440, "Signif_Avg": 8.428984642028809, "Pivot_Energy": 2230.33251953125, "Flux_Density": 8.993016563634687e-14, "Unc_Flux_Density": 1.4567631768849093e-14, "Flux1000": 4.398163777619146e-10, "Unc_Flux1000": 7.15614373314466e-11, "Energy_Flux100": 4.885771474893996e-12, "Unc_Energy_Flux100": 7.9674933100779e-13, "Signif_Curve": 1.4369179010391235, "SpectrumType": "PowerLaw        ", "Spectral_Index": 2.054661750793457, "Unc_Spectral_Index": 0.14210793375968933, "beta": null, "Unc_beta": null, "Cutoff": null, "Unc_Cutoff": null, "Exp_Index": null, "Unc_Exp_Index": null, "PowerLaw_Index": 2.054661750793457, "Flux30_100": null, "Unc_Flux30_100": null, "nuFnu30_100": null, "Sqrt_TS30_100": null, "Flux100_300": 1.1678896960631846e-08, "Unc_Flux100_300": [-2.731288528678988e-09, 2.7166491278762805e-09], "nuFnu100_300": 2.7913452799177563e-12, "Sqrt_TS100_300": 4.036434173583984, "Flux300_1000": 5.986749984643325e-11, "Unc_Flux300_1000": [null, 3.6376460177400816e-10], "nuFnu300_1000": 4.083906674748512e-14, "Sqrt_TS300_1000": 0.19521324336528778, "Flux1000_3000": 2.939339049934375e-10, "Unc_Flux1000_3000": [-7.937717844130887e-11, 8.724999889242468e-11], "nuFnu1000_3000": 7.025244101732664e-13, "Sqrt_TS1000_3000": 4.606698036193848, "Flux3000_10000": 1.2452008868457654e-10, "Unc_Flux3000_10000": [-3.4124071623953256e-11, 3.9535166806992095e-11], "nuFnu3000_10000": 8.494231793637619e-13, "Sqrt_TS3000_10000": 5.495790481567383, "Flux10000_100000": 4.300736503037861e-11, "Unc_Flux10000_100000": [-1.659248780039313e-11, 2.1786315806959777e-11], "nuFnu10000_100000": 7.487560918506553e-13, "Sqrt_TS10000_100000": 4.907773494720459, "Variability_Index": 56.49808883666992, "Signif_Peak": null, "Flux_Peak": null, "Unc_Flux_Peak": null, "Time_Peak": null, "Peak_Interval": null, "Flux_History": [2.7324835727426944e-09, 6.374796246433334e-09, 0.0, 6.130254082137299e-09, 9.103834130996802e-09, 6.964221643812607e-09, 0.0, 1.2603121879450896e-09, 2.1847970543831252e-08, 0.0, 7.775149413191684e-09, 0.0, 4.669805431234408e-09, 0.0, 0.0, 5.040510231424378e-09, 9.58380574900275e-09, 3.5250600216585326e-09, 0.0, 0.0, 0.0, 0.0, 0.0, 1.0914185111232655e-09, 7.734271889603406e-09, 0.0, 3.897922873363768e-09, 1.226052948055667e-08, 6.192012680372727e-09, 9.49865341937084e-09, 4.593377234130003e-09, 0.0, 0.0, 0.0, 5.9881486436097475e-09, 2.08549910674094e-09, 3.614870625057165e-09, 3.3134883725693953e-09, 1.2130921822617324e-09, 1.1488785922608713e-08, 3.0363915826114862e-09, 1.6536127134259004e-08, 2.3141391025660596e-08, 0.0, 0.0, 7.213476482803571e-09, 0.0, 2.809181331997479e-09], "Unc_Flux_History": [[null, 9.55782919476178e-09], [-4.241978324159845e-09, 6.1066307566193245e-09], [null, 6.263746410439808e-09], [-3.998594344523099e-09, 6.102633509641464e-09], [-7.693111037099243e-09, 9.834240088935076e-09], [-5.107730238762542e-09, 7.45229478127385e-09], [null, 8.797470307797539e-09], [null, 1.3251929331659085e-08], [-7.577680705139755e-09, 8.902717674175165e-09], [null, 4.880702952902993e-09], [-5.204658926061256e-09, 7.298652793252813e-09], [null, 8.312035504332016e-09], [-4.326063063331276e-09, 6.1376677074065356e-09], [null, 7.040014793346927e-09], [null, 7.7702448919581e-09], [-3.2362705848498763e-09, 4.568941225358003e-09], [-5.258994129064831e-09, 6.903638549715652e-09], [null, 6.532745899789916e-09], [null, 9.07126107563272e-09], [null, 6.26009732940247e-09], [null, 3.5995559866108806e-09], [null, 5.59013013656795e-09], [null, 3.874237819445625e-09], [null, 6.873094537951374e-09], [-5.7598805724978774e-09, 7.0442665034420315e-09], [null, 6.8692580512674795e-09], [null, 7.336329321816493e-09], [-6.519965900508851e-09, 7.769907384158614e-09], [-4.4543586597001195e-09, 5.9707452315649334e-09], [-4.676100395784033e-09, 5.915739897943695e-09], [-3.3726232917530297e-09, 5.762522903296485e-09], [null, 5.822560655843745e-09], [null, 6.457277823557206e-09], [null, 6.146855913158333e-09], [-3.733165776509395e-09, 5.167694272500967e-09], [null, 8.45045988739912e-09], [null, 6.6158079015110616e-09], [null, 1.0656764359850968e-08], [null, 6.344929026624868e-09], [-6.8202306025000325e-09, 8.674321705370858e-09], [null, 6.3054494958691976e-09], [-6.817018061155977e-09, 8.17903611505244e-09], [-7.491759212996385e-09, 8.422583519518412e-09], [null, 7.429255877156038e-09], [null, 5.584479101372608e-09], [-3.965952899420699e-09, 5.1927191435652276e-09], [null, 9.778232445967205e-09], [null, 9.079985652249434e-09]], "Extended_Source_Name": "                  ", "0FGL_Name": "                 ", "1FGL_Name": "1FGL J0537.7-5717 ", "2FGL_Name": "2FGL J0537.7-5716 ", "1FHL_Name": "                  ", "ASSOC_GAM1": "               ", "ASSOC_GAM2": "              ", "ASSOC_GAM3": "               ", "TEVCAT_FLAG": "N", "ASSOC_TEV": "                     ", "CLASS1": "bll  ", "ASSOC1": "SUMSS J053748-571828      ", "ASSOC2": "                          ", "Flags": 512, "source_id": 629}