{"Source_Name": "3FGL J0256.3+0335 ", "RAJ2000": 44.08319854736328, "DEJ2000": 3.5957000255584717, "GLON": 172.23361206054688, "GLAT": -46.96818542480469, "Conf_68_SemiMajor": 0.051681749522686005, "Conf_68_SemiMinor": 0.040827348828315735, "Conf_68_PosAng": -68.41999816894531, "Conf_95_SemiMajor": 0.08380000293254852, "Conf_95_SemiMinor": 0.06620000302791595, "Conf_95_PosAng": -68.41999816894531, "ROI_num": 617, "Signif_Avg": 6.191995620727539, "Pivot_Energy": 4632.7021484375, "Flux_Density": 1.733672477495854e-14, "Unc_Flux_Density": 4.149934163536406e-15, "Flux1000": 3.4840863527563215e-10, "Unc_Flux1000": 8.79445752333119e-11, "Energy_Flux100": 4.0428632663847e-12, "Unc_Energy_Flux100": 9.67920622124696e-13, "Signif_Curve": 0.2323930263519287, "SpectrumType": "PowerLaw        ", "Spectral_Index": 1.8960622549057007, "Unc_Spectral_Index": 0.16280294954776764, "beta": null, "Unc_beta": null, "Cutoff": null, "Unc_Cutoff": null, "Exp_Index": null, "Unc_Exp_Index": null, "PowerLaw_Index": 1.8960622549057007, "Flux30_100": null, "Unc_Flux30_100": null, "nuFnu30_100": null, "Sqrt_TS30_100": null, "Flux100_300": 2.583557812130266e-09, "Unc_Flux100_300": [null, 2.6798196994803902e-09], "nuFnu100_300": 6.272381160472851e-13, "Sqrt_TS100_300": 0.8590208292007446, "Flux300_1000": 1.0994730681446185e-09, "Unc_Flux300_1000": [-4.5930953485040504e-10, 4.8065340596537e-10], "nuFnu300_1000": 7.642044007154236e-13, "Sqrt_TS300_1000": 2.4716122150421143, "Flux1000_3000": 2.156912565220992e-10, "Unc_Flux1000_3000": [-9.609631146378916e-11, 1.054776266329327e-10], "nuFnu1000_3000": 5.236568015147547e-13, "Sqrt_TS1000_3000": 2.4297313690185547, "Flux3000_10000": 7.376258631675014e-11, "Unc_Flux3000_10000": [-3.075588395073936e-11, 3.768646852919666e-11], "nuFnu3000_10000": 5.126973606946195e-13, "Sqrt_TS3000_10000": 3.096876621246338, "Flux10000_100000": 2.982365396309028e-11, "Unc_Flux10000_100000": [-1.3312962711398146e-11, 1.869206178728433e-11], "nuFnu10000_100000": 5.540591314738552e-13, "Sqrt_TS10000_100000": 4.278337001800537, "Variability_Index": 39.86724090576172, "Signif_Peak": null, "Flux_Peak": null, "Unc_Flux_Peak": null, "Time_Peak": null, "Peak_Interval": null, "Flux_History": [8.785399074895395e-09, 0.0, 1.1200586014226133e-09, 0.0, 7.788038658418373e-09, 6.2714979875977406e-09, 6.339927693943537e-09, 9.265996858687231e-09, 3.921310831600522e-09, 5.346043163712011e-09, 7.3699526481618705e-09, 3.514200708210069e-09, 0.0, 0.0, 8.690555830526137e-09, 1.6967972582548896e-09, 1.5231169214757756e-08, 0.0, 2.459913828189997e-09, 0.0, 0.0, 0.0, 0.0, 0.0, 0.0, 3.9709728838488445e-09, 0.0, 0.0, 1.2364473889192595e-08, 6.308655375875105e-09, 3.659581748749474e-09, 9.450983995407114e-09, 1.3084968664145435e-08, 3.981277529874205e-09, 2.543463661908163e-09, 1.098689916823048e-09, 0.0, 0.0, 0.0, 0.0, 4.062665759363426e-09, 0.0, 0.0, 9.718080562493014e-09, 1.051504994187269e-09, 0.0, 0.0, 1.6816884551573708e-09], "Unc_Flux_History": [[-5.271519221139442e-09, 6.631145854640863e-09], [null, 5.3422057888496965e-09], [null, 6.436095656425778e-09], [null, 3.872677734051422e-09], [-4.770614570048792e-09, 5.5002198351417064e-09], [-3.814788041012207e-09, 5.669375191530435e-09], [-5.570929051401663e-09, 6.560108456454827e-09], [-6.402942176464421e-09, 8.2099580467343e-09], [-3.0016602536875325e-09, 5.091017385439045e-09], [-3.842831830525029e-09, 5.5507372032082e-09], [-4.509308926259337e-09, 6.021408704981468e-09], [null, 8.02295119228802e-09], [null, 4.1188066290942515e-09], [null, 7.78863640249483e-09], [-6.536209351537536e-09, 8.348971292093665e-09], [null, 7.307645155663067e-09], [-6.93645940685883e-09, 8.685851149436985e-09], [null, 7.812297475595642e-09], [null, 6.020758114289038e-09], [null, 6.499849103391853e-09], [null, 7.760113440724581e-09], [null, 5.615847342710367e-09], [null, 5.326995289323122e-09], [null, 8.53036929981954e-09], [null, 5.1680593138314634e-09], [null, 6.970850119358829e-09], [null, 7.3732313587981935e-09], [null, 6.438523936225238e-09], [-5.870328667612057e-09, 7.526796963475135e-09], [-5.816049419848923e-09, 7.278978753078036e-09], [null, 7.495077447572385e-09], [-7.522167777551658e-09, 9.772580966682654e-09], [-6.235232774542965e-09, 8.072801094272108e-09], [null, 8.344438917617936e-09], [null, 6.126884333212956e-09], [null, 5.970161254253981e-09], [null, 5.552769355432474e-09], [null, 9.844615789234012e-09], [null, 5.123964808007031e-09], [null, 6.189940116030357e-09], [-2.7826594362068136e-09, 4.811950837790846e-09], [null, 9.424981683991973e-09], [null, 5.971060534903927e-09], [-5.5982711799629215e-09, 7.95829269151227e-09], [null, 9.360962671678408e-09], [null, 8.323385536357364e-09], [null, 5.172493544591816e-09], [null, 6.32045793480529e-09]], "Extended_Source_Name": "                  ", "0FGL_Name": "                 ", "1FGL_Name": "                  ", "2FGL_Name": "                  ", "1FHL_Name": "                  ", "ASSOC_GAM1": "               ", "ASSOC_GAM2": "              ", "ASSOC_GAM3": "               ", "TEVCAT_FLAG": "N", "ASSOC_TEV": "                     ", "CLASS1": "bcu  ", "ASSOC1": "PKS B0253+033             ", "ASSOC2": "                          ", "Flags": 0, "catalog_row_index": 347}