{"Source_Name": "3FHL J1754.1+3212 ", "RAJ2000": 268.54638671875, "DEJ2000": 32.20344543457031, "GLON": 57.73579788208008, "GLAT": 25.41561508178711, "Conf_95_SemiMajor": 0.019022846594452858, "Conf_95_SemiMinor": 0.019022846594452858, "Conf_95_PosAng": null, "ROI_num": 306, "Signif_Avg": 22.782224655151367, "Pivot_Energy": 21.2215633392334, "Flux_Density": 5.659539243502154e-12, "Unc_Flux_Density": 6.590231290369564e-13, "Flux": 2.452358871529725e-10, "Unc_Flux": 2.855468812790196e-11, "Energy_Flux": 1.2243407676582052e-11, "Unc_Energy_Flux": 2.3453882065649356e-12, "Signif_Curve": 2.3460965156555176, "SpectrumType": "PowerLaw   ", "Spectral_Index": 1.9496268033981323, "Unc_Spectral_Index": 0.26326048374176025, "beta": 0.43401801586151123, "Unc_beta": 0.22934018075466156, "PowerLaw_Index": 2.342243194580078, "Unc_PowerLaw_Index": 0.15698830783367157, "Flux_Band": [1.3786553842987104e-10, 8.299739368000658e-11, 2.4273780901973296e-11, 2.539573123666659e-16, 4.8884435497323264e-23], "Unc_Flux_Band": [[-2.0700720651523064e-11, 2.283326479279868e-11], [-1.512387784452507e-11, 1.7220135040130202e-11], [-7.966021071947882e-12, 1.0197694251534717e-11], [null, 4.390067736420589e-12], [null, 4.929259257713259e-12]], "nuFnu": [4.357833972151726e-12, 4.329440885658675e-12, 2.8208175812532987e-12, 8.377736860007288e-17, 4.9555541557500125e-23], "Sqrt_TS_Band": [16.475725173950195, 14.471558570861816, 7.8221259117126465, 0.0, 0.0], "Npred": 82.62210083007812, "HEP_Energy": 105.59100341796875, "HEP_Prob": 0.9969514012336731, "Variability_BayesBlocks": 5, "Extended_Source_Name": "                  ", "ASSOC_GAM": "3FGL J1754.1+3212 ", "TEVCAT_FLAG": "N", "ASSOC_TEV": "                     ", "CLASS": "bll    ", "ASSOC1": "RX J1754.1+3212           ", "ASSOC2": "                          ", "ASSOC_PROB_BAY": 0.9999530911445618, "ASSOC_PROB_LR": 0.9833576083183289, "Redshift": null, "NuPeak_obs": 223872318177280.0, "source_id": 1185}