{"Source_Name": "3FHL J0137.9+5815 ", "RAJ2000": 24.48206329345703, "DEJ2000": 58.253353118896484, "GLON": 129.0323028564453, "GLAT": -4.066677570343018, "Conf_95_SemiMajor": 0.02310609072446823, "Conf_95_SemiMinor": 0.02310609072446823, "Conf_95_PosAng": null, "ROI_num": 421, "Signif_Avg": 16.438453674316406, "Pivot_Energy": 22.905479431152344, "Flux_Density": 3.210625558816571e-12, "Unc_Flux_Density": 4.4033131091011923e-13, "Flux": 1.6522629098236763e-10, "Unc_Flux": 2.267818224876983e-11, "Energy_Flux": 9.195613021040216e-12, "Unc_Energy_Flux": 2.1059078959828614e-12, "Signif_Curve": 0.20528432726860046, "SpectrumType": "PowerLaw   ", "Spectral_Index": 2.2763350009918213, "Unc_Spectral_Index": 0.2604844868183136, "beta": -0.027773162350058556, "Unc_beta": 0.12529659271240234, "PowerLaw_Index": 2.237978935241699, "Unc_PowerLaw_Index": 0.1727973222732544, "Flux_Band": [9.73547978344591e-11, 4.78998993247437e-11, 1.1655284376521635e-11, 8.380411815889222e-12, 8.400083743961352e-21], "Unc_Flux_Band": [[-1.665166268760565e-11, 1.8451826871990207e-11], [-1.1208106491522596e-11, 1.3086206597512362e-11], [-5.171935362618951e-12, 7.026674814919476e-12], [-3.8962808673881355e-12, 5.910790953911338e-12], [null, 4.241920183167824e-12]], "nuFnu": [3.0899779263071636e-12, 2.5163994152310742e-12, 1.3681383500066535e-12, 2.7979300733921297e-12, 8.649683878212094e-21], "Sqrt_TS_Band": [12.77474308013916, 9.380223274230957, 3.8556087017059326, 4.748922348022461, 0.0], "Npred": 64.55899810791016, "HEP_Energy": 380.9219970703125, "HEP_Prob": 0.9965891242027283, "Variability_BayesBlocks": 1, "Extended_Source_Name": "                  ", "ASSOC_GAM": "3FGL J0137.8+5813 ", "TEVCAT_FLAG": "N", "ASSOC_TEV": "                     ", "CLASS": "bll    ", "ASSOC1": "1RXS J013748.0+581422     ", "ASSOC2": "                          ", "ASSOC_PROB_BAY": 0.9998893141746521, "ASSOC_PROB_LR": 0.9870839715003967, "Redshift": null, "NuPeak_obs": 3.801893454007501e+16, "source_id": 98}