{"Source_Name": "3FGL J1100.5+4020 ", "RAJ2000": 165.14500427246094, "DEJ2000": 40.3380012512207, "GLON": 175.80221557617188, "GLAT": 63.60041427612305, "Conf_68_SemiMajor": 0.04113570973277092, "Conf_68_SemiMinor": 0.03243985399603844, "Conf_68_PosAng": -68.87999725341797, "Conf_95_SemiMajor": 0.06669999659061432, "Conf_95_SemiMinor": 0.05260000005364418, "Conf_95_PosAng": -68.87999725341797, "ROI_num": 309, "Signif_Avg": 9.143607139587402, "Pivot_Energy": 4658.55029296875, "Flux_Density": 2.0616438040793085e-14, "Unc_Flux_Density": 3.756402656242058e-15, "Flux1000": 4.069216630320227e-10, "Unc_Flux1000": 7.860753020727529e-11, "Energy_Flux100": 4.899748141939941e-12, "Unc_Energy_Flux100": 9.1080799586446e-13, "Signif_Curve": 0.4361550807952881, "SpectrumType": "PowerLaw        ", "Spectral_Index": 1.835388422012329, "Unc_Spectral_Index": 0.1453317403793335, "beta": null, "Unc_beta": null, "Cutoff": null, "Unc_Cutoff": null, "Exp_Index": null, "Unc_Exp_Index": null, "PowerLaw_Index": 1.835388422012329, "Flux30_100": null, "Unc_Flux30_100": null, "nuFnu30_100": null, "Sqrt_TS30_100": null, "Flux100_300": 1.5534889347135206e-11, "Unc_Flux100_300": [null, 2.8482405323160265e-09], "nuFnu100_300": 3.7943658259050484e-15, "Sqrt_TS100_300": 0.0, "Flux300_1000": 1.3801203513352789e-09, "Unc_Flux300_1000": [-4.440302292518794e-10, 4.5691725403251837e-10], "nuFnu300_1000": 9.662214604799768e-13, "Sqrt_TS300_1000": 3.3445656299591064, "Flux1000_3000": 2.024369005759752e-10, "Unc_Flux1000_3000": [-7.006181745872198e-11, 8.037252807735484e-11], "nuFnu1000_3000": 4.944481239374521e-13, "Sqrt_TS1000_3000": 3.526845693588257, "Flux3000_10000": 6.154214637899003e-11, "Unc_Flux3000_10000": [-2.5101989931108903e-11, 3.0879746676371056e-11], "nuFnu3000_10000": 4.308562241792796e-13, "Sqrt_TS3000_10000": 3.4375696182250977, "Flux10000_100000": 8.976590304410337e-11, "Unc_Flux10000_100000": [-2.3452545461211116e-11, 2.878106780679346e-11], "nuFnu10000_100000": 1.7105587779564502e-12, "Sqrt_TS10000_100000": 8.580540657043457, "Variability_Index": 52.97233963012695, "Signif_Peak": null, "Flux_Peak": null, "Unc_Flux_Peak": null, "Time_Peak": null, "Peak_Interval": null, "Flux_History": [0.0, 0.0, 4.41766001557653e-09, 1.4277050652822254e-08, 0.0, 2.828533851584325e-09, 0.0, 4.846914425371551e-09, 0.0, 0.0, 5.704995587052508e-09, 0.0, 4.21587076360197e-09, 5.9487739179076016e-09, 0.0, 3.855047836509584e-09, 4.171671452724013e-09, 3.1155926727421956e-09, 3.360330680379775e-09, 1.1877256511638734e-08, 1.0047852327943474e-08, 7.572681148815263e-09, 4.6028056921443294e-09, 2.2098087804067745e-09, 0.0, 3.80799702881518e-09, 0.0, 0.0, 4.869647796112986e-09, 7.749109798282916e-09, 6.799788732081424e-09, 0.0, 2.8888678116345545e-09, 0.0, 1.5613800252722854e-09, 7.81837616870007e-09, 0.0, 0.0, 0.0, 0.0, 0.0, 1.4213598076295852e-09, 0.0, 0.0, 4.159957711635798e-09, 7.057038842184227e-10, 4.3971837282441584e-10, 6.343816583154194e-09], "Unc_Flux_History": [[null, 4.755883686868856e-09], [null, 4.531635067195339e-09], [-3.848730667499467e-09, 5.4105000479864884e-09], [-5.151208348763703e-09, 6.166973598453751e-09], [null, 4.923454977046049e-09], [-2.2354464945806285e-09, 3.789716540580912e-09], [null, 3.5394904784880055e-09], [-3.2436544561420533e-09, 4.914384899024071e-09], [null, 2.920943265039e-09], [null, 3.6460576779973053e-09], [-2.803935528206125e-09, 3.832161699079961e-09], [null, 3.857885122471316e-09], [-2.9740081508577987e-09, 4.292235455949367e-09], [-3.609047283248401e-09, 4.853276003302653e-09], [null, 4.755832616609723e-09], [-2.649370056673206e-09, 4.7165280570027335e-09], [-3.0876186052353205e-09, 4.650835272457243e-09], [-2.159328493789303e-09, 3.722998132005273e-09], [-2.2918136277638723e-09, 3.73069308778895e-09], [-4.5550665461746576e-09, 5.648601142382859e-09], [-4.965266420242642e-09, 6.244187833459591e-09], [-3.818309224357108e-09, 4.997322999855669e-09], [-3.6315199736236536e-09, 5.299877425812838e-09], [null, 5.069606512364544e-09], [null, 7.204664864701726e-09], [null, 7.570092996900257e-09], [null, 5.585300222321621e-09], [null, 4.583893709053655e-09], [-2.7895963317092765e-09, 4.067163050791578e-09], [-5.666358049438713e-09, 7.094876686153384e-09], [-3.870117115667426e-09, 5.281139525692424e-09], [null, 5.956942494833584e-09], [-2.5815163340325853e-09, 4.319904878258285e-09], [null, 3.8771266197557e-09], [null, 6.197000690377763e-09], [-4.359528738007157e-09, 5.5924451736188985e-09], [null, 5.4761311041318095e-09], [null, 5.1630566488825025e-09], [null, 4.874714853997375e-09], [null, 3.4277405358551505e-09], [null, 4.09698186487617e-09], [null, 4.194886216168925e-09], [null, 5.701704886007519e-09], [null, 4.087762128790473e-09], [-3.5761396066646967e-09, 4.9187054429467025e-09], [null, 5.103879541223932e-09], [null, 5.511763490062549e-09], [-5.402910563390151e-09, 7.100001031545844e-09]], "Extended_Source_Name": "                  ", "0FGL_Name": "                 ", "1FGL_Name": "                  ", "2FGL_Name": "2FGL J1100.9+4014 ", "1FHL_Name": "1FHL J1100.6+4018 ", "ASSOC_GAM1": "               ", "ASSOC_GAM2": "              ", "ASSOC_GAM3": "               ", "TEVCAT_FLAG": "N", "ASSOC_TEV": "                     ", "CLASS1": "bll  ", "ASSOC1": "RX J1100.3+4019           ", "ASSOC2": "                          ", "Flags": 0, "catalog_row_index": 1287}