{"Source_Name": "3FGL J1129.0+3705 ", "RAJ2000": 172.27130126953125, "DEJ2000": 37.09479904174805, "GLON": 177.94544982910156, "GLAT": 69.97967529296875, "Conf_68_SemiMajor": 0.03694196417927742, "Conf_68_SemiMinor": 0.03256320208311081, "Conf_68_PosAng": -43.150001525878906, "Conf_95_SemiMajor": 0.05990000069141388, "Conf_95_SemiMinor": 0.052799999713897705, "Conf_95_PosAng": -43.150001525878906, "ROI_num": 705, "Signif_Avg": 8.727615356445312, "Pivot_Energy": 2700.675537109375, "Flux_Density": 6.288771044714314e-14, "Unc_Flux_Density": 1.0846231478602898e-14, "Flux1000": 4.568539435645391e-10, "Unc_Flux1000": 7.901980458857594e-11, "Energy_Flux100": 5.0780529954608244e-12, "Unc_Energy_Flux100": 8.83165394115204e-13, "Signif_Curve": 1.413124918937683, "SpectrumType": "PowerLaw        ", "Spectral_Index": 2.082202911376953, "Unc_Spectral_Index": 0.13386952877044678, "beta": null, "Unc_beta": null, "Cutoff": null, "Unc_Cutoff": null, "Exp_Index": null, "Unc_Exp_Index": null, "PowerLaw_Index": 2.082202911376953, "Flux30_100": null, "Unc_Flux30_100": null, "nuFnu30_100": null, "Sqrt_TS30_100": null, "Flux100_300": 6.830214616115882e-09, "Unc_Flux100_300": [null, 5.837044181333795e-09], "nuFnu100_300": 1.6280636777957214e-12, "Sqrt_TS100_300": 0.8819794058799744, "Flux300_1000": 1.209771616217381e-09, "Unc_Flux300_1000": [-5.276374337448431e-10, 5.587037499310554e-10], "nuFnu300_1000": 8.225909645283302e-13, "Sqrt_TS300_1000": 2.4018948078155518, "Flux1000_3000": 2.95383856263598e-10, "Unc_Flux1000_3000": [-8.238343340849497e-11, 9.250425425655351e-11], "nuFnu1000_3000": 7.040829507962143e-13, "Sqrt_TS1000_3000": 4.444173336029053, "Flux3000_10000": 1.1487804457699369e-10, "Unc_Flux3000_10000": [-3.008494842138276e-11, 3.546018340072621e-11], "nuFnu3000_10000": 7.811196351195648e-13, "Sqrt_TS3000_10000": 6.787297248840332, "Flux10000_100000": 2.1779557324297372e-11, "Unc_Flux10000_100000": [-1.1471682111185988e-11, 1.6718692402717394e-11], "nuFnu10000_100000": 3.7502393226453157e-13, "Sqrt_TS10000_100000": 3.468247652053833, "Variability_Index": 92.17179107666016, "Signif_Peak": 7.172857284545898, "Flux_Peak": 5.450069195944707e-08, "Unc_Flux_Peak": 1.3174359381196155e-08, "Time_Peak": 348475008.0, "Peak_Interval": 2630000.0, "Flux_History": [3.477047316735593e-09, 0.0, 1.089713919100177e-08, 1.0827733376572724e-08, 0.0, 0.0, 0.0, 0.0, 1.9008461471514693e-09, 0.0, 0.0, 0.0, 3.827556493973816e-09, 1.1041635161745944e-08, 6.226414051013762e-09, 8.294879783043996e-10, 9.765384945126243e-09, 0.0, 1.2443315267063326e-09, 5.4357225387491326e-09, 0.0, 0.0, 0.0, 9.904499442825454e-09, 1.0727536192689513e-08, 0.0, 1.517055991939742e-08, 0.0, 0.0, 0.0, 1.6266298308309501e-09, 1.1965802793056923e-09, 8.921055005828293e-09, 0.0, 7.407551017024616e-09, 0.0, 4.844198375764108e-09, 0.0, 3.27054294757545e-08, 1.5630508443109647e-08, 0.0, 5.450069195944707e-08, 2.5577447715363633e-08, 2.6118508245076555e-08, 2.2505011187945456e-08, 8.287759367675562e-10, 5.187209328738618e-09, 0.0], "Unc_Flux_History": [[null, 9.781481402626468e-09], [null, 6.687471021393776e-09], [-5.602927455328199e-09, 7.978003147002255e-09], [-6.522073991988009e-09, 8.156450626017886e-09], [null, 5.595352625675787e-09], [null, 8.274724905277253e-09], [null, 9.933899036695948e-09], [null, 6.540394892340373e-09], [null, 5.291605376100961e-09], [null, 6.153635379035904e-09], [null, 9.284588209368394e-09], [null, 5.406728842416442e-09], [-3.13489101344544e-09, 5.204614517140271e-09], [-7.936821866394439e-09, 1.018727591173274e-08], [-4.562175970335147e-09, 7.814180413845406e-09], [null, 9.502979736453199e-09], [-7.919515709886582e-09, 1.129455551307501e-08], [null, 1.0036124820089753e-08], [null, 1.029639218330658e-08], [-3.796347236573183e-09, 6.515337602763793e-09], [null, 6.6740675208620814e-09], [null, 6.542053121449953e-09], [null, 6.874782076948804e-09], [-5.747812448220202e-09, 7.93992693814971e-09], [-7.371974586334318e-09, 8.762498282521847e-09], [null, 7.594921136444555e-09], [-8.252624361659855e-09, 1.1320782533630336e-08], [null, 7.2255219585315444e-09], [null, 6.6916903129765615e-09], [null, 8.895274739018078e-09], [null, 5.678991499280528e-09], [null, 1.2662573212196548e-08], [-8.04963384837265e-09, 1.0949903206380895e-08], [null, 7.008484459447573e-09], [-5.761692456474066e-09, 8.361404013612628e-09], [null, 5.857569540523855e-09], [null, 9.765812158946119e-09], [null, 9.900820607811056e-09], [-1.0964102514776641e-08, 1.303812879882571e-08], [-9.227917097121008e-09, 1.1351193762720868e-08], [null, 7.749814123769738e-09], [-1.3174359381196155e-08, 1.4449000218519359e-08], [-8.672352613814382e-09, 1.0335921452053753e-08], [-1.2908976110281856e-08, 1.4666668768370528e-08], [-1.1332720539769525e-08, 1.350236544794825e-08], [null, 6.659659490537706e-09], [-3.912098645031392e-09, 6.942049601832423e-09], [null, 6.763709592405576e-09]], "Extended_Source_Name": "                  ", "0FGL_Name": "                 ", "1FGL_Name": "                  ", "2FGL_Name": "                  ", "1FHL_Name": "                  ", "ASSOC_GAM1": "               ", "ASSOC_GAM2": "              ", "ASSOC_GAM3": "               ", "TEVCAT_FLAG": "N", "ASSOC_TEV": "                     ", "CLASS1": "bll  ", "ASSOC1": "MG2 J112910+3702          ", "ASSOC2": "                          ", "Flags": 0, "source_id": 1359}