{"Source_Name": "3FGL J1323.0+2942 ", "RAJ2000": 200.7510986328125, "DEJ2000": 29.712499618530273, "GLON": 55.20323944091797, "GLAT": 82.5959701538086, "Conf_68_SemiMajor": 0.0260875653475523, "Conf_68_SemiMinor": 0.022017164155840874, "Conf_68_PosAng": -87.86000061035156, "Conf_95_SemiMajor": 0.04230000078678131, "Conf_95_SemiMinor": 0.0357000008225441, "Conf_95_PosAng": -87.86000061035156, "ROI_num": 579, "Signif_Avg": 17.674375534057617, "Pivot_Energy": 1516.0430908203125, "Flux_Density": 5.415184359952585e-13, "Unc_Flux_Density": 4.657026446332896e-14, "Flux1000": 1.1488747730936666e-09, "Unc_Flux1000": 1.0413928747121659e-10, "Energy_Flux100": 1.2904337320929216e-11, "Unc_Energy_Flux100": 1.1189449974219334e-12, "Signif_Curve": 0.6112963557243347, "SpectrumType": "PowerLaw        ", "Spectral_Index": 2.1451642513275146, "Unc_Spectral_Index": 0.06624764204025269, "beta": null, "Unc_beta": null, "Cutoff": null, "Unc_Cutoff": null, "Exp_Index": null, "Unc_Exp_Index": null, "PowerLaw_Index": 2.1451642513275146, "Flux30_100": null, "Unc_Flux30_100": null, "nuFnu30_100": null, "Sqrt_TS30_100": null, "Flux100_300": 9.98169635835211e-09, "Unc_Flux100_300": [-5.1344866136560086e-09, 4.636342865182996e-09], "nuFnu100_300": 2.3646364814139398e-12, "Sqrt_TS100_300": 1.9507206678390503, "Flux300_1000": 2.925099051864777e-09, "Unc_Flux300_1000": [-5.167529182337205e-10, 5.352144838433048e-10], "nuFnu300_1000": 1.9743451665221734e-12, "Sqrt_TS300_1000": 6.279992580413818, "Flux1000_3000": 9.493517083569714e-10, "Unc_Flux1000_3000": [-1.1865625149098946e-10, 1.253818715518662e-10], "nuFnu1000_3000": 2.248988105121863e-12, "Sqrt_TS1000_3000": 11.6785249710083, "Flux3000_10000": 1.935411830800149e-10, "Unc_Flux3000_10000": [-4.030579689451308e-11, 4.5889365224427436e-11], "nuFnu3000_10000": 1.306338934595197e-12, "Sqrt_TS3000_10000": 8.804347038269043, "Flux10000_100000": 8.421430913729822e-11, "Unc_Flux10000_100000": [-2.3402968798991175e-11, 2.5424235633453307e-11], "nuFnu10000_100000": 1.4144499373841546e-12, "Sqrt_TS10000_100000": 7.877458095550537, "Variability_Index": 43.4871940612793, "Signif_Peak": null, "Flux_Peak": null, "Unc_Flux_Peak": null, "Time_Peak": null, "Peak_Interval": null, "Flux_History": [2.1621550772010778e-08, 1.8272904966920578e-08, 2.2047883518894196e-08, 1.5925573748631905e-08, 1.8396029588529927e-08, 5.1222337482670355e-09, 0.0, 2.2583240166795804e-08, 2.0069863992944192e-08, 1.394077475680433e-08, 1.442779229421376e-09, 2.0105309417317585e-08, 2.8695913201204348e-08, 1.645460301347157e-08, 3.069636633767914e-08, 1.0629904068082396e-08, 2.172772717301541e-08, 1.2474354882385796e-08, 6.6823635513912905e-09, 2.930707942994104e-08, 2.0912192866262558e-08, 1.2367133983559597e-08, 7.76731123863783e-09, 1.92566362855473e-09, 1.493627621584892e-08, 0.0, 1.5803360398081168e-08, 1.90833162605486e-08, 1.7119983652946758e-08, 1.8687302372200065e-08, 1.4332706577135923e-08, 7.582745986667305e-09, 0.0, 1.4439470952254396e-08, 1.25555574825853e-08, 1.820154693632503e-08, 9.393611222208165e-09, 5.6535238712740465e-09, 1.5334720160353754e-08, 2.7557874204831023e-08, 5.9516320760621966e-09, 5.006545844565835e-09, 6.9849055428505835e-09, 2.7278364456151394e-08, 2.1689809059921572e-08, 1.4246300805709211e-09, 1.9680523877241285e-08, 1.319632136898008e-08], "Unc_Flux_History": [[-1.1170286917661088e-08, 1.0959210428040933e-08], [-7.040228400256865e-09, 8.770301818117332e-09], [-7.466198326255835e-09, 8.653006311476474e-09], [-6.426891019373215e-09, 8.033382847827397e-09], [-7.1345045427051446e-09, 8.019575226114739e-09], [null, 9.732325167988165e-09], [null, 1.1527517607134996e-08], [-7.717225081194101e-09, 9.38550925866366e-09], [-8.525022465732945e-09, 9.969913783436368e-09], [-6.0062390616622e-09, 7.406496305151222e-09], [null, 9.258430466729806e-09], [-7.041499827664666e-09, 8.190123246265557e-09], [-8.945781004854325e-09, 9.995872574108944e-09], [-9.675072298875875e-09, 1.1069674954455877e-08], [-9.742028517223389e-09, 1.0687400298081684e-08], [-7.270430035788422e-09, 8.9866718511189e-09], [-7.975755167421994e-09, 9.721603078105545e-09], [-6.66503874313662e-09, 8.446855659371977e-09], [-4.740443593220789e-09, 7.911729049681071e-09], [-9.476721629653184e-09, 1.0580291309736367e-08], [-1.0678494533067351e-08, 1.2142720606789226e-08], [-5.8332032537578016e-09, 7.1316614835836845e-09], [null, 9.346451612657347e-09], [null, 5.7584763624163315e-09], [-7.788505840267135e-09, 9.75081970722158e-09], [null, 2.083965355836881e-08], [-7.232074050733672e-09, 8.733377576675139e-09], [-1.0073442524571874e-08, 1.1699394342201686e-08], [-5.943551428799765e-09, 7.299261195470308e-09], [-8.190016664855193e-09, 9.90785675725192e-09], [-7.681517644186897e-09, 1.0204765032995056e-08], [-5.398863134331577e-09, 7.678714553094323e-09], [null, 9.758470476128878e-09], [-8.581841903776422e-09, 1.0161871344394058e-08], [-1.063398169520724e-08, 1.2843647922977652e-08], [-7.3566659430923664e-09, 8.539776885641004e-09], [-6.1287823704958555e-09, 8.126844974754022e-09], [-4.0580800941825146e-09, 6.814542707900273e-09], [-9.211690965571506e-09, 1.0618041557108882e-08], [-8.642990323437516e-09, 9.820833923868122e-09], [null, 8.884039282008871e-09], [null, 1.1138641120567172e-08], [-4.708379020001985e-09, 7.205668950405197e-09], [-9.256085675701797e-09, 1.0567778652159632e-08], [-8.479831947738603e-09, 1.0236811398556256e-08], [null, 1.0801689320771857e-08], [-1.0419386242688233e-08, 1.271905070154844e-08], [-7.709453520021725e-09, 8.973038312376502e-09]], "Extended_Source_Name": "                  ", "0FGL_Name": "                 ", "1FGL_Name": "1FGL J1323.1+2942 ", "2FGL_Name": "2FGL J1323.0+2941 ", "1FHL_Name": "1FHL J1322.9+2942 ", "ASSOC_GAM1": "               ", "ASSOC_GAM2": "              ", "ASSOC_GAM3": "               ", "TEVCAT_FLAG": "N", "ASSOC_TEV": "                     ", "CLASS1": "bcu  ", "ASSOC1": "4C +29.48                 ", "ASSOC2": "                          ", "Flags": 0, "source_id": 1620}