{"Source_Name": "3FGL J2017.3+0602 ", "RAJ2000": 304.3492126464844, "DEJ2000": 6.048299789428711, "GLON": 48.620731353759766, "GLAT": -16.03213882446289, "Conf_68_SemiMajor": 0.013753018341958523, "Conf_68_SemiMinor": 0.013567999936640263, "Conf_68_PosAng": 58.45000076293945, "Conf_95_SemiMajor": 0.022299999371170998, "Conf_95_SemiMinor": 0.02199999988079071, "Conf_95_PosAng": 58.45000076293945, "ROI_num": 634, "Signif_Avg": 43.4348030090332, "Pivot_Energy": 1675.6824951171875, "Flux_Density": 2.349175541593862e-12, "Unc_Flux_Density": 1.0979527020633234e-13, "Flux1000": 5.941495739847369e-09, "Unc_Flux1000": 2.4902774287127727e-10, "Energy_Flux100": 3.49718830283674e-11, "Unc_Energy_Flux100": 1.6924447954203004e-12, "Signif_Curve": 11.464471817016602, "SpectrumType": "PLExpCutoff     ", "Spectral_Index": 1.086297869682312, "Unc_Spectral_Index": 0.10691587626934052, "beta": null, "Unc_beta": null, "Cutoff": 3717.7041015625, "Unc_Cutoff": 486.3123779296875, "Exp_Index": 1.0, "Unc_Exp_Index": null, "PowerLaw_Index": 1.915766954421997, "Flux30_100": null, "Unc_Flux30_100": null, "nuFnu30_100": null, "Sqrt_TS30_100": null, "Flux100_300": 9.282475232907927e-09, "Unc_Flux100_300": [-3.6808267545040962e-09, 3.7292817722800464e-09], "nuFnu100_300": 2.431975627825711e-12, "Sqrt_TS100_300": 2.0012500286102295, "Flux300_1000": 6.503156679826816e-09, "Unc_Flux300_1000": [-7.07282954426347e-10, 7.21681991944223e-10], "nuFnu300_1000": 4.893288899077142e-12, "Sqrt_TS300_1000": 10.866622924804688, "Flux1000_3000": 4.303152945084321e-09, "Unc_Flux1000_3000": [-2.4514965057953475e-10, 2.4514965057953475e-10], "nuFnu1000_3000": 1.0811769882157485e-11, "Sqrt_TS1000_3000": 28.888872146606445, "Flux3000_10000": 1.6214888320931209e-09, "Unc_Flux3000_10000": [-1.1921294507111213e-10, 1.1921294507111213e-10], "nuFnu3000_10000": 1.0439211994839326e-11, "Sqrt_TS3000_10000": 30.21535873413086, "Flux10000_100000": 8.655202943241846e-11, "Unc_Flux10000_100000": [-2.562731624133896e-11, 3.131029116532069e-11], "nuFnu10000_100000": 8.019269384824945e-13, "Sqrt_TS10000_100000": 6.558199405670166, "Variability_Index": 39.07754898071289, "Signif_Peak": null, "Flux_Peak": null, "Unc_Flux_Peak": null, "Time_Peak": null, "Peak_Interval": null, "Flux_History": [2.0754457707994334e-08, 1.977084274074059e-08, 2.594371295572273e-08, 2.0308814185909796e-08, 2.962503309333897e-08, 2.241990593176979e-08, 2.6265050578899718e-08, 2.8476099700469604e-08, 2.7500114185841085e-08, 1.679766548079442e-08, 1.0945617745505842e-08, 2.0135026090883912e-08, 2.0265812139541595e-08, 2.119204722816903e-08, 2.2211940731153845e-08, 1.8041385274614186e-08, 2.1044145981363727e-08, 3.214030286358138e-08, 1.715922337552911e-08, 2.6902092997715954e-08, 1.9289997155169658e-08, 1.8344699981298618e-08, 2.5906448541945792e-08, 1.475969391151466e-08, 1.6509076772308617e-08, 2.1746540568301498e-08, 1.7845763977675233e-08, 2.445142754936569e-08, 1.7047524281110782e-08, 2.4794811537276473e-08, 3.065175846472812e-08, 1.9836075892953886e-08, 9.298643632860149e-09, 1.9794930139482858e-08, 2.5384061075328646e-08, 1.1306267033717177e-08, 2.245437968895203e-08, 2.0794651334199443e-08, 1.4243410895176112e-08, 2.416400768368021e-08, 1.89090361146782e-08, 1.4340882259489263e-08, 2.0195102479192428e-08, 1.8166410598041693e-08, 1.6700449023687725e-08, 2.2937836519076882e-08, 2.590008563174706e-08, 8.563636910707828e-09], "Unc_Flux_History": [[-4.6688186650101215e-09, 5.235128330838279e-09], [-4.81152362397097e-09, 5.4203184163270635e-09], [-5.048508278093777e-09, 5.572958095001468e-09], [-4.869006531293962e-09, 5.514331213873902e-09], [-5.625155008459615e-09, 6.141253283686865e-09], [-5.068796937734987e-09, 5.637081468279348e-09], [-5.574583905598729e-09, 6.2754876850590335e-09], [-5.939869485160898e-09, 6.297151688983149e-09], [-6.03014127520396e-09, 6.3260432447975745e-09], [-4.344608228734614e-09, 4.9486406084042756e-09], [-4.2085441798178636e-09, 5.1118198562960515e-09], [-4.945170495318507e-09, 5.589706919550963e-09], [-4.886325122299695e-09, 5.2112811843585405e-09], [-5.448458129109213e-09, 6.210987724131201e-09], [-5.559163351875895e-09, 6.269834873506852e-09], [-5.429625193897891e-09, 6.323355172810352e-09], [-5.758177934467312e-09, 6.568308119625499e-09], [-7.254184364313687e-09, 8.140212948148928e-09], [-5.137747116634728e-09, 6.073839653453206e-09], [-6.4423839596372545e-09, 7.339540086803709e-09], [-5.284218840273525e-09, 6.107149452816429e-09], [-5.10824094135387e-09, 5.78572967313562e-09], [-6.472270719370954e-09, 7.314414851578022e-09], [-4.821633758922417e-09, 5.649460010914709e-09], [-5.068392816554024e-09, 5.943766812066542e-09], [-5.999737595629995e-09, 6.797844953609911e-09], [-5.377604583856055e-09, 6.237268035391708e-09], [-6.277947939281603e-09, 6.984851808056192e-09], [-5.247398071617226e-09, 6.142751640680899e-09], [-6.21549123280829e-09, 7.129468126976235e-09], [-6.3758256452217665e-09, 7.146905289800998e-09], [-5.6570605977412924e-09, 6.484816239549218e-09], [-3.836893025521704e-09, 4.737355840944701e-09], [-5.30087840289184e-09, 5.969083005652465e-09], [-6.108431982454476e-09, 6.9098171628922955e-09], [-4.515365858992482e-09, 5.583048690027681e-09], [-6.415856290686861e-09, 7.2963715069818136e-09], [-5.6286091343338285e-09, 6.528899643143404e-09], [-4.726647517827587e-09, 5.662380786475296e-09], [-6.147633069275571e-09, 6.925506390587088e-09], [-5.48640688435853e-09, 6.2986846849355516e-09], [-5.115546652945113e-09, 6.268019880906195e-09], [-5.472596154021403e-09, 6.43318598392284e-09], [-5.509927181179819e-09, 6.414784259334283e-09], [-4.3074961375566545e-09, 4.963693456261353e-09], [-6.003089136896733e-09, 6.7881065213271086e-09], [-5.675899750201552e-09, 6.424031973040201e-09], [-4.375767304054534e-09, 5.030023508822978e-09]], "Extended_Source_Name": "                  ", "0FGL_Name": "0FGL J2017.2+0602", "1FGL_Name": "1FGL J2017.3+0603 ", "2FGL_Name": "2FGL J2017.3+0603 ", "1FHL_Name": "                  ", "ASSOC_GAM1": "               ", "ASSOC_GAM2": "              ", "ASSOC_GAM3": "               ", "TEVCAT_FLAG": "N", "ASSOC_TEV": "                     ", "CLASS1": "PSR  ", "ASSOC1": "PSR J2017+0603            ", "ASSOC2": "                          ", "Flags": 0, "source_id": 2606}