{"Source_Name": "3FHL J0414.7+5711 ", "RAJ2000": 63.6997184753418, "DEJ2000": 57.1880989074707, "GLON": 147.85975646972656, "GLAT": 4.513136386871338, "Conf_95_SemiMajor": 0.04482527822256088, "Conf_95_SemiMinor": 0.04482527822256088, "Conf_95_PosAng": null, "ROI_num": 167, "Signif_Avg": 5.158746242523193, "Pivot_Energy": 20.89023208618164, "Flux_Density": 8.480689024301102e-13, "Unc_Flux_Density": 2.741068006253955e-13, "Flux": 3.544885912587503e-11, "Unc_Flux": 1.1461268566159699e-11, "Energy_Flux": 1.6782423974820437e-12, "Unc_Energy_Flux": 8.28377839413863e-13, "Signif_Curve": 1.8056827783584595, "SpectrumType": "PowerLaw   ", "Spectral_Index": 1.6271157264709473, "Unc_Spectral_Index": 0.6074503064155579, "beta": 0.9996209144592285, "Unc_beta": 0.038051068782806396, "PowerLaw_Index": 2.3977293968200684, "Unc_PowerLaw_Index": 0.4148135185241699, "Flux_Band": [1.580573866233337e-11, 1.649782567503255e-11, 3.4289266304804444e-12, 1.304580536010677e-19, 1.6803226763719443e-19], "Unc_Flux_Band": [[-6.696517472482011e-12, 8.969873455111355e-12], [-6.555685248127441e-12, 8.719438365778487e-12], [-2.500795143883794e-12, 4.5130509572499644e-12], [null, 3.816370830467264e-12], [null, 4.189290841311033e-12]], "nuFnu": [4.985214172893715e-13, 8.57363550814394e-13, 3.96358401828778e-13, 4.276532814187103e-20, 1.6894329075964795e-19], "Sqrt_TS_Band": [3.7764737606048584, 4.652751922607422, 1.7128881216049194, 0.0, 0.0], "Npred": 13.926660537719727, "HEP_Energy": 50.72930145263672, "HEP_Prob": 0.8504350781440735, "Variability_BayesBlocks": 1, "Extended_Source_Name": "                  ", "ASSOC_GAM": "                  ", "TEVCAT_FLAG": "N", "ASSOC_TEV": "                     ", "CLASS": "       ", "ASSOC1": "                          ", "ASSOC2": "                          ", "ASSOC_PROB_BAY": 0.0, "ASSOC_PROB_LR": 0.0, "Redshift": null, "NuPeak_obs": null, "source_id": 267}