{"Source_Name": "3FGL J2236.0-1706 ", "RAJ2000": 339.018798828125, "DEJ2000": -17.10540008544922, "GLON": 43.59503173828125, "GLAT": -57.207401275634766, "Conf_68_SemiMajor": 0.06691490858793259, "Conf_68_SemiMinor": 0.06087098643183708, "Conf_68_PosAng": -30.18000030517578, "Conf_95_SemiMajor": 0.10849999636411667, "Conf_95_SemiMinor": 0.09870000183582306, "Conf_95_PosAng": -30.18000030517578, "ROI_num": 531, "Signif_Avg": 5.40979528427124, "Pivot_Energy": 2059.861328125, "Flux_Density": 8.177408538723521e-14, "Unc_Flux_Density": 1.7867716177065104e-14, "Flux1000": 3.355212774280858e-10, "Unc_Flux1000": 7.366084131543715e-11, "Energy_Flux100": 3.754811132156144e-12, "Unc_Energy_Flux100": 8.218744153125346e-13, "Signif_Curve": 0.27851787209510803, "SpectrumType": "PowerLaw        ", "Spectral_Index": 2.1299803256988525, "Unc_Spectral_Index": 0.15968865156173706, "beta": null, "Unc_beta": null, "Cutoff": null, "Unc_Cutoff": null, "Exp_Index": null, "Unc_Exp_Index": null, "PowerLaw_Index": 2.1299803256988525, "Flux30_100": null, "Unc_Flux30_100": null, "nuFnu30_100": null, "Sqrt_TS30_100": null, "Flux100_300": 2.2951152089945026e-09, "Unc_Flux100_300": [null, 2.6805389019557424e-09], "nuFnu100_300": 5.445139781776187e-13, "Sqrt_TS100_300": 0.7008558511734009, "Flux300_1000": 6.662931872902789e-10, "Unc_Flux300_1000": [-3.949439941752786e-10, 4.174047218974408e-10], "nuFnu300_1000": 4.5052359737805803e-13, "Sqrt_TS300_1000": 1.723386526107788, "Flux1000_3000": 3.305913320872378e-10, "Unc_Flux1000_3000": [-9.287466629093188e-11, 1.0139412920384672e-10], "nuFnu1000_3000": 7.843248620020837e-13, "Sqrt_TS1000_3000": 4.174593925476074, "Flux3000_10000": 6.985232531286911e-11, "Unc_Flux3000_10000": [-2.9861918493523376e-11, 3.6319915824867266e-11], "nuFnu3000_10000": 4.723164134107227e-13, "Sqrt_TS3000_10000": 2.9890079498291016, "Flux10000_100000": 2.2289082038384755e-11, "Unc_Flux10000_100000": [-1.1030783925169985e-11, 1.628797964559059e-11], "nuFnu10000_100000": 3.766019072114213e-13, "Sqrt_TS10000_100000": 3.5627553462982178, "Variability_Index": 48.8043327331543, "Signif_Peak": null, "Flux_Peak": null, "Unc_Flux_Peak": null, "Time_Peak": null, "Peak_Interval": null, "Flux_History": [1.4368412237786288e-08, 0.0, 9.182588911471612e-09, 0.0, 1.2756083300757837e-08, 3.2831710683467463e-09, 1.0272861672433464e-08, 0.0, 0.0, 9.193726668854652e-09, 0.0, 8.2953803826058e-09, 4.939458619901416e-09, 0.0, 3.6526672797521087e-09, 3.044406327035176e-08, 2.6839328537420215e-09, 0.0, 0.0, 0.0, 2.911503482749822e-09, 1.2972608542938247e-09, 1.5622184434960218e-08, 5.025040827888461e-09, 8.114418470483997e-09, 1.1594396553959996e-08, 5.836923167024111e-10, 1.1607379057920753e-08, 1.2340989563597304e-08, 3.2795806959029505e-08, 0.0, 1.0632414060296469e-08, 0.0, 1.241273572816226e-08, 0.0, 7.025874104726881e-09, 0.0, 0.0, 1.3683877142511847e-08, 0.0, 8.710196119920965e-09, 3.510670643080971e-09, 4.468013514724589e-09, 2.789361097654819e-08, 1.2470607879677686e-09, 2.915336194675433e-09, 0.0, 7.454745265533802e-09], "Unc_Flux_History": [[-7.69859820337615e-09, 9.533564160335573e-09], [null, 5.3548676604009415e-09], [-6.994471668519964e-09, 8.575494092610825e-09], [null, 5.0986188604440486e-09], [-6.486065906585736e-09, 8.191552325342855e-09], [-2.54604914928791e-09, 4.1508481096741434e-09], [-7.385150269101359e-09, 9.704630876683495e-09], [null, 5.182742235376736e-09], [null, 6.069099001138056e-09], [-8.41029912379554e-09, 1.0055191346225456e-08], [null, 7.999269691083555e-09], [null, 1.0736789235465949e-08], [-4.688858190604606e-09, 6.87823042966329e-09], [null, 1.1160223856165885e-08], [-2.587823066946271e-09, 4.7181449858157976e-09], [-1.2087931544613184e-08, 1.379197467343829e-08], [null, 6.370548977230328e-09], [null, 8.719654331912352e-09], [null, 1.221266821005429e-08], [null, 7.54022977389468e-09], [null, 1.3232734019652526e-08], [null, 6.4784915210225336e-09], [-9.269204070960768e-09, 1.2551248929071335e-08], [null, 9.388227972806362e-09], [-6.419023534931512e-09, 8.904089909833601e-09], [-8.303832288447666e-09, 9.799211220240522e-09], [null, 7.979195970619912e-09], [-7.55782103567526e-09, 9.412899792948792e-09], [-6.781237793518358e-09, 8.171818777213957e-09], [-1.1928801946226031e-08, 1.3484052985290873e-08], [null, 8.726039446571576e-09], [-8.769459824975456e-09, 1.008391148360488e-08], [null, 9.12478093084701e-09], [-7.321479866817526e-09, 8.864753375803502e-09], [null, 9.142673285111869e-09], [-5.572616590399093e-09, 7.665360790554132e-09], [null, 9.049928806348362e-09], [null, 8.884482483040301e-09], [-8.744750701339399e-09, 1.0720393461838285e-08], [null, 9.712007198459105e-09], [-5.53824008875381e-09, 7.432662485484798e-09], [null, 8.474431822946826e-09], [null, 9.533700939812206e-09], [-1.2118671399719005e-08, 1.4635381795358171e-08], [null, 6.680306974260475e-09], [null, 9.06104347109249e-09], [null, 9.01495678107267e-09], [-5.522742707597672e-09, 7.740662333333148e-09]], "Extended_Source_Name": "                  ", "0FGL_Name": "                 ", "1FGL_Name": "                  ", "2FGL_Name": "                  ", "1FHL_Name": "                  ", "ASSOC_GAM1": "               ", "ASSOC_GAM2": "              ", "ASSOC_GAM3": "               ", "TEVCAT_FLAG": "N", "ASSOC_TEV": "                     ", "CLASS1": "fsrq ", "ASSOC1": "PKS 2233-173              ", "ASSOC2": "                          ", "Flags": 0, "catalog_row_index": 2881}