{"Source_Name": "3FGL J1123.3-2529 ", "RAJ2000": 170.84120178222656, "DEJ2000": -25.49410057067871, "GLON": 279.06011962890625, "GLAT": 33.262474060058594, "Conf_68_SemiMajor": 0.09035055339336395, "Conf_68_SemiMinor": 0.06987520307302475, "Conf_68_PosAng": 61.29999923706055, "Conf_95_SemiMajor": 0.14650000631809235, "Conf_95_SemiMinor": 0.11330000311136246, "Conf_95_PosAng": 61.29999923706055, "ROI_num": 723, "Signif_Avg": 5.941524982452393, "Pivot_Energy": 1208.3370361328125, "Flux_Density": 3.235578580236542e-13, "Unc_Flux_Density": 5.95201988281939e-14, "Flux1000": 3.865157083282611e-10, "Unc_Flux1000": 7.728030021469934e-11, "Energy_Flux100": 4.649288332797541e-12, "Unc_Energy_Flux100": 8.582147037299037e-13, "Signif_Curve": 0.9473837614059448, "SpectrumType": "PowerLaw        ", "Spectral_Index": 2.287562370300293, "Unc_Spectral_Index": 0.136471226811409, "beta": null, "Unc_beta": null, "Cutoff": null, "Unc_Cutoff": null, "Exp_Index": null, "Unc_Exp_Index": null, "PowerLaw_Index": 2.287562370300293, "Flux30_100": null, "Unc_Flux30_100": null, "nuFnu30_100": null, "Sqrt_TS30_100": null, "Flux100_300": 1.3812684329650438e-10, "Unc_Flux100_300": [null, 3.2741569455652098e-09], "nuFnu100_300": 3.227245673389362e-14, "Sqrt_TS100_300": 0.0, "Flux300_1000": 1.6914445399862643e-09, "Unc_Flux300_1000": [-4.617433102538371e-10, 4.820818189088527e-10], "nuFnu300_1000": 1.1229912399296493e-12, "Sqrt_TS300_1000": 3.9112231731414795, "Flux1000_3000": 2.4685217758779743e-10, "Unc_Flux1000_3000": [-9.146593898945454e-11, 1.0080892370867289e-10], "nuFnu1000_3000": 5.767543560797339e-13, "Sqrt_TS1000_3000": 3.110990524291992, "Flux3000_10000": 1.0894402047156859e-10, "Unc_Flux3000_10000": [-3.475827958787647e-11, 4.0995089267692464e-11], "nuFnu3000_10000": 7.233058553143823e-13, "Sqrt_TS3000_10000": 4.594424724578857, "Flux10000_100000": 1.2377551240894125e-11, "Unc_Flux10000_100000": [-9.433512131173938e-12, 1.5034912551059598e-11], "nuFnu10000_100000": 1.968589679289534e-13, "Sqrt_TS10000_100000": 1.4910683631896973, "Variability_Index": 44.820404052734375, "Signif_Peak": null, "Flux_Peak": null, "Unc_Flux_Peak": null, "Time_Peak": null, "Peak_Interval": null, "Flux_History": [6.941202723709239e-09, 3.429409289879004e-08, 1.461163012805855e-08, 7.3560051383481095e-09, 2.2880808359104776e-09, 2.9129736844879517e-08, 8.403255868927317e-09, 0.0, 0.0, 7.204924212800279e-09, 6.011809272621349e-09, 0.0, 0.0, 5.1231103803672795e-09, 1.056126563980797e-08, 8.578965982053433e-09, 1.1884949913110177e-08, 0.0, 0.0, 9.16971165665359e-10, 1.6318070450438427e-08, 1.006202010600532e-09, 3.900467948625419e-09, 0.0, 0.0, 1.6747222275625973e-08, 1.3756144667809167e-08, 0.0, 0.0, 1.0048128551432e-08, 0.0, 8.923710659303197e-09, 0.0, 0.0, 7.698168325021015e-09, 1.1764123897251011e-08, 3.361290801251471e-09, 2.972399437695117e-09, 1.5299636002552575e-09, 0.0, 3.4621063793593976e-09, 2.428508505403215e-09, 0.0, 0.0, 3.745842391822407e-08, 2.1111500103643266e-08, 5.445010664573147e-09, 9.142276269358263e-09], "Unc_Flux_History": [[-6.174681210779909e-09, 9.403938960872438e-09], [-1.063167065495918e-08, 1.2349850919690653e-08], [-9.39679356548595e-09, 1.1310959280308452e-08], [null, 1.1606513083961545e-08], [null, 9.897116903800907e-09], [-1.0695800689575208e-08, 1.1537379940307346e-08], [null, 1.0660787808092209e-08], [null, 1.2196750276416424e-08], [null, 8.793487715763604e-09], [null, 1.062533439011304e-08], [-5.636788813490057e-09, 7.541877344863224e-09], [null, 7.967646986628552e-09], [null, 1.2860510878454079e-08], [null, 9.483889229500164e-09], [null, 1.73682366266803e-08], [-7.70700925301071e-09, 1.049246645123958e-08], [-7.57159401842955e-09, 1.0448194309731207e-08], [null, 1.110802028136959e-08], [null, 1.046859310349646e-08], [null, 1.4893519306724556e-08], [-7.938679935648452e-09, 9.868220018915963e-09], [null, 1.0557433149926965e-08], [null, 9.718873705821807e-09], [null, 1.3388862463159512e-08], [null, 8.092769121503807e-09], [-1.1648753961424063e-08, 1.349635159186846e-08], [-1.2195856768926205e-08, 1.4628968258989516e-08], [null, 9.182191007539586e-09], [null, 8.698806119866731e-09], [-7.528774048637388e-09, 9.517877153086829e-09], [null, 1.1590432613672874e-08], [-8.094622749865721e-09, 1.069780797280373e-08], [null, 1.1623451534603646e-08], [null, 1.3440149437826676e-08], [-6.0511200494772766e-09, 8.521507943726192e-09], [-1.0580345488619969e-08, 1.3799191123098353e-08], [null, 1.1107199604509788e-08], [null, 1.554996487129756e-08], [null, 1.011299577413638e-08], [null, 8.729290179587679e-09], [null, 1.4677180359967679e-08], [null, 1.0993385757274154e-08], [null, 1.3671659360170452e-08], [null, 9.912306531134618e-09], [-1.4892212796269177e-08, 1.6421793702647847e-08], [-1.0409364925578757e-08, 1.2481300437627851e-08], [null, 1.1012665446230585e-08], [-7.509592059307124e-09, 1.2207402200203887e-08]], "Extended_Source_Name": "                  ", "0FGL_Name": "                 ", "1FGL_Name": "1FGL J1123.6-2528 ", "2FGL_Name": "2FGL J1123.3-2527 ", "1FHL_Name": "                  ", "ASSOC_GAM1": "               ", "ASSOC_GAM2": "              ", "ASSOC_GAM3": "               ", "TEVCAT_FLAG": "N", "ASSOC_TEV": "                     ", "CLASS1": "     ", "ASSOC1": "                          ", "ASSOC2": "                          ", "Flags": 0, "catalog_row_index": 1337}