{"Source_Name": "3FGL J0244.4+4745 ", "RAJ2000": 41.12310028076172, "DEJ2000": 47.75310134887695, "GLON": 141.85194396972656, "GLAT": -10.922361373901367, "Conf_68_SemiMajor": 0.25008291006088257, "Conf_68_SemiMinor": 0.20629528164863586, "Conf_68_PosAng": 52.959999084472656, "Conf_95_SemiMajor": 0.40549999475479126, "Conf_95_SemiMinor": 0.3345000147819519, "Conf_95_PosAng": 52.959999084472656, "ROI_num": 236, "Signif_Avg": 5.739007472991943, "Pivot_Energy": 463.37176513671875, "Flux_Density": 4.159548573634542e-12, "Unc_Flux_Density": 6.850083109251337e-13, "Flux1000": 3.4012953564754866e-10, "Unc_Flux1000": 7.83271225657245e-11, "Energy_Flux100": 5.89011912160986e-12, "Unc_Energy_Flux100": 9.700090123493377e-13, "Signif_Curve": 3.3855504989624023, "SpectrumType": "PowerLaw        ", "Spectral_Index": 2.624293327331543, "Unc_Spectral_Index": 0.11656487733125687, "beta": null, "Unc_beta": null, "Cutoff": null, "Unc_Cutoff": null, "Exp_Index": null, "Unc_Exp_Index": null, "PowerLaw_Index": 2.624293327331543, "Flux30_100": null, "Unc_Flux30_100": null, "nuFnu30_100": null, "Sqrt_TS30_100": null, "Flux100_300": 1.4216644750320029e-08, "Unc_Flux100_300": [-3.2080496037423245e-09, 3.2399509741765087e-09], "nuFnu100_300": 3.2172038470779096e-12, "Sqrt_TS100_300": 4.521302223205566, "Flux300_1000": 1.9423465058565625e-09, "Unc_Flux300_1000": [-5.620689469409967e-10, 5.776061295925672e-10], "nuFnu300_1000": 1.2415735757206892e-12, "Sqrt_TS300_1000": 3.5802817344665527, "Flux1000_3000": 2.4409205212627683e-10, "Unc_Flux1000_3000": [-1.0110499243376481e-10, 1.1020787060722625e-10], "nuFnu1000_3000": 5.523763412819405e-13, "Sqrt_TS1000_3000": 2.6351678371429443, "Flux3000_10000": 9.628545356854534e-12, "Unc_Flux3000_10000": [null, 2.7651747211421274e-11], "nuFnu3000_10000": 6.154693860680252e-14, "Sqrt_TS3000_10000": 0.5836795568466187, "Flux10000_100000": 1.071025833837135e-15, "Unc_Flux10000_100000": [null, 1.0593536464709175e-11], "nuFnu10000_100000": 1.514066595569509e-17, "Sqrt_TS10000_100000": 0.0, "Variability_Index": 34.664894104003906, "Signif_Peak": null, "Flux_Peak": null, "Unc_Flux_Peak": null, "Time_Peak": null, "Peak_Interval": null, "Flux_History": [2.558542711028622e-08, 3.625624245273684e-08, 0.0, 3.724398212057167e-08, 0.0, 3.845753049347422e-09, 3.510035995191174e-08, 9.929979505329811e-09, 2.4391823671976454e-08, 2.2097710328239373e-08, 0.0, 1.3218283356764005e-08, 2.27733991664536e-08, 0.0, 0.0, 1.2872655164031244e-09, 1.3225473161071477e-08, 2.9097581233372694e-08, 1.1127612609129756e-08, 1.4324435859691675e-08, 8.811276153153358e-09, 1.4735083375683189e-08, 2.4839254209041428e-08, 0.0, 1.128822013640729e-08, 0.0, 0.0, 0.0, 1.8386060451902608e-09, 2.3246531810627857e-08, 3.4373282886690504e-08, 1.3362759787582945e-08, 1.7048204625780272e-08, 0.0, 2.6175818845786125e-08, 1.6954935233570723e-08, 3.1694147306637888e-09, 1.1730308946411583e-09, 1.6282376336107518e-08, 0.0, 1.9153462815779676e-08, 0.0, 5.72071767734883e-09, 1.0388818694195834e-08, 1.464006249562999e-08, 1.3929642328491809e-08, 2.3045778618779877e-09, 2.8951562924817154e-08], "Unc_Flux_History": [[-1.9275395501949788e-08, 2.1095605262644312e-08], [-1.979323371870123e-08, 2.124257747482261e-08], [null, 1.4215432386777138e-08], [-1.7885614767010338e-08, 1.8814731106431282e-08], [null, 1.6672011327045766e-08], [null, 1.7926295114989443e-08], [-1.902905744088912e-08, 2.0357379781899e-08], [null, 2.0054665483826284e-08], [-1.5980063494680508e-08, 1.7571931465454327e-08], [-1.8688609770833864e-08, 2.0407089351692775e-08], [null, 1.5512874540490884e-08], [null, 1.7573443145124656e-08], [-1.6334093189129817e-08, 1.7881509606354484e-08], [null, 1.586824716071078e-08], [null, 1.4816312621235284e-08], [null, 1.5846472578573412e-08], [null, 1.6159624749434442e-08], [-1.6454164253332237e-08, 1.7784305583745663e-08], [null, 1.4369772927125268e-08], [null, 1.7365282545256377e-08], [null, 1.5311339751633568e-08], [-1.038521446616869e-08, 1.3599382064910515e-08], [-1.7269449870127573e-08, 1.8623232733716577e-08], [null, 1.4698341210817034e-08], [null, 1.5853359514039767e-08], [null, 1.3260257780700613e-08], [null, 1.5311975687382073e-08], [null, 1.7855857237236705e-08], [null, 1.6691434012727768e-08], [-1.5043573498019214e-08, 1.661678794562249e-08], [-1.6682047743188377e-08, 1.786185954699704e-08], [null, 1.7299658594538414e-08], [-1.5759178850771605e-08, 1.8058482709193413e-08], [null, 9.266122980022828e-09], [-1.5160777522282842e-08, 1.672649929673753e-08], [-1.5386135032713355e-08, 1.6825731918856945e-08], [null, 1.5101498718195216e-08], [null, 2.02401455595691e-08], [-1.4210521648294616e-08, 1.61946989152284e-08], [null, 1.2140818128614228e-08], [-1.6000209157596146e-08, 1.755539891235003e-08], [null, 1.5172712863886773e-08], [null, 1.4350461263745729e-08], [null, 1.5286316212836937e-08], [null, 1.5203310610445442e-08], [null, 1.6972995453556905e-08], [null, 1.3156202349762225e-08], [-1.6034716665558335e-08, 1.7557159281977874e-08]], "Extended_Source_Name": "                  ", "0FGL_Name": "                 ", "1FGL_Name": "                  ", "2FGL_Name": "                  ", "1FHL_Name": "                  ", "ASSOC_GAM1": "               ", "ASSOC_GAM2": "              ", "ASSOC_GAM3": "               ", "TEVCAT_FLAG": "N", "ASSOC_TEV": "                     ", "CLASS1": "     ", "ASSOC1": "                          ", "ASSOC2": "                          ", "Flags": 9, "catalog_row_index": 326}