{"Source_Name": "3FGL J0012.4+7040 ", "RAJ2000": 3.109999895095825, "DEJ2000": 70.6720962524414, "GLON": 119.68739318847656, "GLAT": 8.046483039855957, "Conf_68_SemiMajor": 0.07320553064346313, "Conf_68_SemiMinor": 0.05686225742101669, "Conf_68_PosAng": -57.630001068115234, "Conf_95_SemiMajor": 0.11869999766349792, "Conf_95_SemiMinor": 0.09220000356435776, "Conf_95_PosAng": -57.630001068115234, "ROI_num": 185, "Signif_Avg": 4.549725532531738, "Pivot_Energy": 1066.8414306640625, "Flux_Density": 5.506881842892719e-13, "Unc_Flux_Density": 1.142207259764022e-13, "Flux1000": 4.355541760592274e-10, "Unc_Flux1000": 9.791583516216562e-11, "Energy_Flux100": 6.293439727689254e-12, "Unc_Energy_Flux100": 1.398092687628083e-12, "Signif_Curve": 0.20886296033859253, "SpectrumType": "PowerLaw        ", "Spectral_Index": 2.4837498664855957, "Unc_Spectral_Index": 0.14385932683944702, "beta": null, "Unc_beta": null, "Cutoff": null, "Unc_Cutoff": null, "Exp_Index": null, "Unc_Exp_Index": null, "PowerLaw_Index": 2.4837498664855957, "Flux30_100": null, "Unc_Flux30_100": null, "nuFnu30_100": null, "Sqrt_TS30_100": null, "Flux100_300": 1.1223129980919566e-08, "Unc_Flux100_300": [-5.151329585117992e-09, 5.257356328058904e-09], "nuFnu100_300": 2.573491333229816e-12, "Sqrt_TS100_300": 2.149834156036377, "Flux300_1000": 2.8467532775522386e-09, "Unc_Flux300_1000": [-8.167913567724838e-10, 8.30449931044086e-10], "nuFnu300_1000": 1.8483415752806875e-12, "Sqrt_TS300_1000": 3.555875539779663, "Flux1000_3000": 1.98643559934375e-10, "Unc_Flux1000_3000": [-1.4248682789208544e-10, 1.4896055222646254e-10], "nuFnu1000_3000": 4.554945830237411e-13, "Sqrt_TS1000_3000": 1.4118034839630127, "Flux3000_10000": 5.463571955965918e-11, "Unc_Flux3000_10000": [-3.114958985195315e-11, 3.693160360862535e-11], "nuFnu3000_10000": 3.5473913303357696e-13, "Sqrt_TS3000_10000": 1.918059229850769, "Flux10000_100000": 2.1150617715570696e-11, "Unc_Flux10000_100000": [-1.101499187000643e-11, 1.525622336795429e-11], "nuFnu10000_100000": 3.1343908046300994e-13, "Sqrt_TS10000_100000": 2.8010342121124268, "Variability_Index": 51.575889587402344, "Signif_Peak": null, "Flux_Peak": null, "Unc_Flux_Peak": null, "Time_Peak": null, "Peak_Interval": null, "Flux_History": [5.7708864353855915e-09, 0.0, 0.0, 0.0, 1.2202523436144475e-08, 3.689119765226678e-08, 7.472756635706901e-09, 8.25693380335224e-09, 0.0, 3.1903912400821355e-08, 2.6530821983783426e-08, 1.0400496019968841e-09, 6.875212843482359e-09, 0.0, 8.602747847419323e-09, 1.5970833544542984e-08, 1.2790417613928184e-08, 0.0, 1.9746845936197133e-08, 3.65998147344726e-08, 0.0, 0.0, 4.985635371212993e-08, 0.0, 1.2201668120326303e-08, 0.0, 2.3245180003073074e-08, 0.0, 0.0, 0.0, 4.065451619794658e-08, 2.4887521377081612e-08, 5.134427993880308e-09, 2.6477621872800228e-08, 0.0, 0.0, 0.0, 0.0, 1.536758098552582e-08, 1.933971738310447e-08, 9.884596252618394e-09, 0.0, 5.4248201486473135e-09, 3.501020273688482e-08, 5.863438445885549e-08, 3.7871679126055824e-08, 0.0, 0.0], "Unc_Flux_History": [[null, 2.251554853671678e-08], [null, 2.1357639212737922e-08], [null, 1.5743117032229748e-08], [null, 1.7899813187227664e-08], [null, 2.3349198130517834e-08], [-2.1963652230283515e-08, 2.353838013391396e-08], [null, 1.917451442068341e-08], [null, 1.9939751183528642e-08], [null, 1.4257378389004316e-08], [-2.3176344399189475e-08, 2.5371710066224296e-08], [-2.0708249337531015e-08, 2.334171789186712e-08], [null, 2.51412046736732e-08], [null, 1.708846042447476e-08], [null, 1.118307491054793e-08], [null, 2.1734042121579478e-08], [-1.0523911520010643e-08, 1.4015393290378597e-08], [null, 1.91812947747394e-08], [null, 1.3845459001515792e-08], [-1.3839696499928777e-08, 1.6525941504141883e-08], [-1.787707937239702e-08, 2.1975683495156773e-08], [null, 1.3571501256137708e-08], [null, 1.1672253386052489e-08], [-1.863080534292294e-08, 2.0771375730532782e-08], [null, 1.692529671970533e-08], [null, 1.7986561573479776e-08], [null, 1.8765588194469274e-08], [-1.945653771429079e-08, 2.2305572500158632e-08], [null, 9.610394258174892e-09], [null, 1.4189820873866665e-08], [null, 1.5154572707842817e-08], [-2.052276570907452e-08, 2.1464998667397595e-08], [-1.5164832944947193e-08, 1.8050332784014245e-08], [null, 2.1800982352715437e-08], [-1.6248414169695025e-08, 1.7797827212007178e-08], [null, 1.9440824061689455e-08], [null, 1.8707364546344252e-08], [null, 1.3357467132379952e-08], [null, 1.6624394305608803e-08], [null, 1.7046543732135433e-08], [-1.911189251302403e-08, 1.9084547275838304e-08], [null, 1.5944657150157582e-08], [null, 1.7729858470261206e-08], [null, 1.9239978499285826e-08], [-1.8844968252551553e-08, 2.079143257560645e-08], [-2.305599267060643e-08, 2.3084295364128593e-08], [-2.0720298365972667e-08, 2.1075241107837428e-08], [null, 1.5575364997744146e-08], [null, 2.2490617368475796e-08]], "Extended_Source_Name": "                  ", "0FGL_Name": "                 ", "1FGL_Name": "                  ", "2FGL_Name": "                  ", "1FHL_Name": "                  ", "ASSOC_GAM1": "               ", "ASSOC_GAM2": "              ", "ASSOC_GAM3": "               ", "TEVCAT_FLAG": "N", "ASSOC_TEV": "                     ", "CLASS1": "bcu  ", "ASSOC1": "TXS 0008+704              ", "ASSOC2": "                          ", "Flags": 8, "source_id": 31}