{"Source_Name": "3FGL J1231.5+6414 ", "RAJ2000": 187.8791961669922, "DEJ2000": 64.23410034179688, "GLON": 126.50694274902344, "GLAT": 52.75572204589844, "Conf_68_SemiMajor": 0.041999127715826035, "Conf_68_SemiMinor": 0.03200814500451088, "Conf_68_PosAng": 6.03000020980835, "Conf_95_SemiMajor": 0.06809999793767929, "Conf_95_SemiMinor": 0.051899999380111694, "Conf_95_PosAng": 6.03000020980835, "ROI_num": 395, "Signif_Avg": 6.304147720336914, "Pivot_Energy": 3614.53271484375, "Flux_Density": 1.888613438273505e-14, "Unc_Flux_Density": 4.3143513054114645e-15, "Flux1000": 2.397395892916876e-10, "Unc_Flux1000": 5.644041831120994e-11, "Energy_Flux100": 2.728636110463367e-12, "Unc_Energy_Flux100": 6.26337957193579e-13, "Signif_Curve": 1.4337502717971802, "SpectrumType": "PowerLaw        ", "Spectral_Index": 1.9383467435836792, "Unc_Spectral_Index": 0.20290826261043549, "beta": null, "Unc_beta": null, "Cutoff": null, "Unc_Cutoff": null, "Exp_Index": null, "Unc_Exp_Index": null, "PowerLaw_Index": 1.9383467435836792, "Flux30_100": null, "Unc_Flux30_100": null, "nuFnu30_100": null, "Sqrt_TS30_100": null, "Flux100_300": 4.1860492849821185e-10, "Unc_Flux100_300": [null, 2.2310651104362478e-09], "nuFnu100_300": 1.0120435712341821e-13, "Sqrt_TS100_300": 0.22734200954437256, "Flux300_1000": 3.855277763697984e-10, "Unc_Flux300_1000": [-2.7931018609095304e-10, 2.8969593390826276e-10], "nuFnu300_1000": 2.666257785301912e-13, "Sqrt_TS300_1000": 1.4021813869476318, "Flux1000_3000": 1.7963559806322138e-10, "Unc_Flux1000_3000": [-6.024068743837319e-11, 6.638916499879244e-11], "nuFnu1000_3000": 4.342974547696943e-13, "Sqrt_TS1000_3000": 3.490025520324707, "Flux3000_10000": 2.8518763739437958e-11, "Unc_Flux3000_10000": [-1.9093312000895146e-11, 2.4112965096856342e-11], "nuFnu3000_10000": 1.9723189281870696e-13, "Sqrt_TS3000_10000": 1.6295801401138306, "Flux10000_100000": 4.0489826769185555e-11, "Unc_Flux10000_100000": [-1.4602815484598963e-11, 1.8681384564289694e-11], "nuFnu10000_100000": 7.391403027828813e-13, "Sqrt_TS10000_100000": 5.910289287567139, "Variability_Index": 33.94145965576172, "Signif_Peak": null, "Flux_Peak": null, "Unc_Flux_Peak": null, "Time_Peak": null, "Peak_Interval": null, "Flux_History": [7.870230689377422e-09, 0.0, 1.893762258120546e-09, 1.5839313194376814e-09, 4.3049253051208325e-09, 0.0, 0.0, 4.312789680938067e-09, 0.0, 1.5271316433640436e-09, 0.0, 2.0469204109474504e-09, 0.0, 1.241608593716137e-09, 0.0, 2.3989064068530297e-09, 0.0, 2.8277005736931926e-10, 5.849659867607215e-09, 0.0, 6.910257699388467e-09, 0.0, 2.6415216680675258e-09, 9.92785142983621e-09, 0.0, 4.973487843784596e-09, 2.672214005627893e-09, 4.406982778704105e-09, 0.0, 0.0, 5.4388946679750916e-09, 9.367431275109084e-10, 4.324505753494634e-10, 1.4757008948151906e-09, 6.134417418479643e-10, 2.4553896693646493e-09, 3.3478542160736424e-09, 0.0, 0.0, 3.6564968830532507e-09, 5.271908687376481e-09, 3.435392637030077e-09, 3.854884855769569e-09, 0.0, 4.814033616185043e-09, 3.382873536850184e-09, 7.87953613468062e-09, 2.6395017282965227e-09], "Unc_Flux_History": [[-5.1112660770513685e-09, 6.285091114222041e-09], [null, 3.3063758397844367e-09], [-1.57094048880424e-09, 2.5609483422783796e-09], [null, 5.823028281781717e-09], [-3.6701124361826487e-09, 5.130053715163285e-09], [null, 4.343156945196824e-09], [null, 5.6831956918301785e-09], [null, 6.530435747720276e-09], [null, 6.317679712708468e-09], [null, 5.801667590787929e-09], [null, 3.283308069867985e-09], [null, 4.9353450215505745e-09], [null, 5.137009040367957e-09], [null, 6.248904949046619e-09], [null, 3.3024809553694467e-09], [-1.933658344555056e-09, 3.25315685500982e-09], [null, 3.3680627176124744e-09], [null, 3.8360941090331835e-09], [-3.7060392532595188e-09, 5.240408995632606e-09], [null, 3.6176852624691946e-09], [-4.244479878678931e-09, 5.3171578251465235e-09], [null, 4.167683975708769e-09], [null, 4.622076943405773e-09], [-3.8564387239148346e-09, 4.751735005470437e-09], [null, 3.970799244967793e-09], [-3.989976793405958e-09, 5.167897665359078e-09], [-2.0362245223282116e-09, 3.3289546674808435e-09], [-2.8863447187887914e-09, 4.365462658029173e-09], [null, 3.178877605591879e-09], [null, 3.764184963728212e-09], [-3.3761209383698088e-09, 4.52997372946129e-09], [null, 4.150375154665653e-09], [null, 5.691359383774852e-09], [null, 3.657580016636075e-09], [null, 4.639427952923825e-09], [-2.057942483091324e-09, 3.222075273257019e-09], [-3.132719861298483e-09, 4.183677848601519e-09], [null, 4.260602537442537e-09], [null, 3.781921886769624e-09], [-2.9082463104401768e-09, 4.214868454255338e-09], [-3.386066538269006e-09, 4.2931107557819814e-09], [null, 5.603452812863452e-09], [-2.710605961908641e-09, 3.76238507016069e-09], [null, 4.093411387628976e-09], [-4.063057001957304e-09, 5.154057181044891e-09], [-3.333647136116724e-09, 4.281225152169554e-09], [-5.056508101120016e-09, 6.008571418192332e-09], [null, 4.234177453099619e-09]], "Extended_Source_Name": "                  ", "0FGL_Name": "                 ", "1FGL_Name": "                  ", "2FGL_Name": "                  ", "1FHL_Name": "                  ", "ASSOC_GAM1": "               ", "ASSOC_GAM2": "              ", "ASSOC_GAM3": "               ", "TEVCAT_FLAG": "N", "ASSOC_TEV": "                     ", "CLASS1": "bll  ", "ASSOC1": "MS 1229.2+6430            ", "ASSOC2": "                          ", "Flags": 0, "catalog_row_index": 1496}