{"Source_Name": "3FGL J2036.8+4234c", "RAJ2000": 309.22198486328125, "DEJ2000": 42.56809997558594, "GLON": 81.63384246826172, "GLAT": 0.9971114993095398, "Conf_68_SemiMajor": 0.04767301678657532, "Conf_68_SemiMinor": 0.04526778310537338, "Conf_68_PosAng": 84.38999938964844, "Conf_95_SemiMajor": 0.07729999721050262, "Conf_95_SemiMinor": 0.07339999824762344, "Conf_95_PosAng": 84.38999938964844, "ROI_num": 37, "Signif_Avg": 5.376626014709473, "Pivot_Energy": 3208.346923828125, "Flux_Density": 1.5181840431078425e-13, "Unc_Flux_Density": 2.9066281174473796e-14, "Flux1000": 1.670112603768814e-09, "Unc_Flux1000": 3.25413834767474e-10, "Energy_Flux100": 1.964709298030165e-11, "Unc_Energy_Flux100": 4.180337499770648e-12, "Signif_Curve": 3.852057695388794, "SpectrumType": "PowerLaw        ", "Spectral_Index": 2.2527246475219727, "Unc_Spectral_Index": 0.0955335795879364, "beta": null, "Unc_beta": null, "Cutoff": null, "Unc_Cutoff": null, "Exp_Index": null, "Unc_Exp_Index": null, "PowerLaw_Index": 2.2527246475219727, "Flux30_100": null, "Unc_Flux30_100": null, "nuFnu30_100": null, "Sqrt_TS30_100": null, "Flux100_300": 2.0722650262428033e-08, "Unc_Flux100_300": [null, 2.5152173677156497e-08], "nuFnu100_300": 4.858049726386149e-12, "Sqrt_TS100_300": 0.49557310342788696, "Flux300_1000": 1.4754484745083118e-08, "Unc_Flux300_1000": [-4.125674024635373e-09, 4.132486797203683e-09], "nuFnu300_1000": 9.835258475698883e-12, "Sqrt_TS300_1000": 3.610079526901245, "Flux1000_3000": 1.7424442999569578e-09, "Unc_Flux1000_3000": [-4.4291365020043827e-10, 4.5832110329158127e-10], "nuFnu1000_3000": 4.0848448755459454e-12, "Sqrt_TS1000_3000": 4.140045166015625, "Flux3000_10000": 3.009760218830593e-10, "Unc_Flux3000_10000": [-9.905506276330911e-11, 1.0723670562651222e-10], "nuFnu3000_10000": 2.0062896656514173e-12, "Sqrt_TS3000_10000": 3.364917278289795, "Flux10000_100000": 4.899332675667445e-11, "Unc_Flux10000_100000": [-2.4929946995655428e-11, 3.153046573833862e-11], "nuFnu10000_100000": 7.894920069258238e-13, "Sqrt_TS10000_100000": 2.434258222579956, "Variability_Index": 42.082740783691406, "Signif_Peak": null, "Flux_Peak": null, "Unc_Flux_Peak": null, "Time_Peak": null, "Peak_Interval": null, "Flux_History": [5.617300047333629e-08, 0.0, 0.0, 0.0, 4.100098038861688e-09, 0.0, 6.228651017181619e-08, 0.0, 4.83002331463922e-08, 7.936179713396996e-08, 0.0, 7.358366360676882e-08, 0.0, 0.0, 3.3779368635578066e-08, 0.0, 2.150647659959759e-08, 4.677454512602708e-08, 3.638982448705974e-08, 2.3345531730001312e-08, 0.0, 6.036934507847036e-08, 0.0, 0.0, 1.6870989938411185e-08, 1.3778053187252226e-07, 4.9115261191445825e-08, 4.771190020846916e-08, 0.0, 6.80839207234385e-08, 0.0, 5.333259167628057e-08, 0.0, 2.703496981837361e-08, 8.9205638431622e-09, 5.8348803122498794e-08, 1.1209720263138934e-08, 5.371757438865643e-08, 4.836618927583913e-08, 3.3848529312763276e-08, 0.0, 1.0630401447997428e-07, 5.684363557634242e-08, 2.8822356057389698e-08, 4.946145537587654e-08, 3.077451182775803e-08, 1.0211803669335495e-07, 4.052093061091e-08], "Unc_Flux_History": [[-3.896717615248235e-08, 4.43178151954271e-08], [null, 3.925554281636323e-08], [null, 4.682959797719377e-08], [null, 4.07690059489596e-08], [null, 5.6159766614882756e-08], [null, 4.0111977739343274e-08], [-4.0765240072460074e-08, 4.8921354078856893e-08], [null, 3.225431655096145e-08], [-3.262957548599843e-08, 4.035000600310923e-08], [-3.379718549467725e-08, 3.976454010512498e-08], [null, 4.5235058365733494e-08], [-4.3491304779763595e-08, 5.102794631284269e-08], [null, 4.69084753262905e-08], [null, 2.8042034472264277e-08], [null, 4.265394437652503e-08], [null, 3.9243801097654796e-08], [null, 4.417491084041103e-08], [-4.296628119959678e-08, 4.9673804625172124e-08], [-2.7043192574183195e-08, 3.617055810423153e-08], [null, 4.240328621563094e-08], [null, 3.617358501628587e-08], [-3.8910759059263e-08, 4.689742283403575e-08], [null, 3.7698288934961965e-08], [null, 5.1887418806018104e-08], [null, 3.607915388670335e-08], [-5.418101522991492e-08, 5.7091053662361446e-08], [-3.015259153471561e-08, 3.667676651275542e-08], [-4.6379000195884146e-08, 5.0515321703414884e-08], [null, 2.9668774104152362e-08], [-3.785142510537298e-08, 4.3628737955714314e-08], [null, 4.193354996573362e-08], [-3.0938945627667636e-08, 3.7992485601989756e-08], [null, 4.115532092896501e-08], [null, 4.225377026045862e-08], [null, 3.7082585890857445e-08], [-4.1371077230678566e-08, 4.7982570805515934e-08], [null, 4.101018546975865e-08], [-4.2362970020803914e-08, 5.227434130006259e-08], [-3.7292938515065543e-08, 4.4371919472041554e-08], [null, 4.049685387030877e-08], [null, 2.485219319225962e-08], [-4.601954728400415e-08, 4.9959339776251e-08], [-3.7581450840207253e-08, 4.2000497302296935e-08], [null, 4.1835640729459556e-08], [-4.0296821879337585e-08, 4.814820186993529e-08], [null, 3.9113842831284273e-08], [-4.126431107920325e-08, 4.587917246112738e-08], [-2.887550998309507e-08, 3.9718788258369386e-08]], "Extended_Source_Name": "                  ", "0FGL_Name": "                 ", "1FGL_Name": "                  ", "2FGL_Name": "                  ", "1FHL_Name": "                  ", "ASSOC_GAM1": "               ", "ASSOC_GAM2": "              ", "ASSOC_GAM3": "               ", "TEVCAT_FLAG": "N", "ASSOC_TEV": "                     ", "CLASS1": "     ", "ASSOC1": "                          ", "ASSOC2": "Cygnus Cocoon field       ", "Flags": 57, "catalog_row_index": 2663}