{"Source_Name": "3FGL J0023.4+0923 ", "RAJ2000": 5.86460018157959, "DEJ2000": 9.389200210571289, "GLON": 111.45478820800781, "GLAT": -52.857879638671875, "Conf_68_SemiMajor": 0.05254516378045082, "Conf_68_SemiMinor": 0.048474762588739395, "Conf_68_PosAng": -86.70999908447266, "Conf_95_SemiMajor": 0.0851999968290329, "Conf_95_SemiMinor": 0.07859999686479568, "Conf_95_PosAng": -86.70999908447266, "ROI_num": 576, "Signif_Avg": 13.328359603881836, "Pivot_Energy": 904.7622680664062, "Flux_Density": 2.2664838755792616e-12, "Unc_Flux_Density": 2.534329896549531e-13, "Flux1000": 1.1150770307111202e-09, "Unc_Flux1000": 1.2490924961028327e-10, "Energy_Flux100": 7.283368352872799e-12, "Unc_Energy_Flux100": 8.091526038610242e-13, "Signif_Curve": 5.7326273918151855, "SpectrumType": "PLExpCutoff     ", "Spectral_Index": 0.9714784622192383, "Unc_Spectral_Index": 0.30271482467651367, "beta": null, "Unc_beta": null, "Cutoff": 983.5254516601562, "Unc_Cutoff": 239.47503662109375, "Exp_Index": 1.0, "Unc_Exp_Index": null, "PowerLaw_Index": 2.2827706336975098, "Flux30_100": null, "Unc_Flux30_100": null, "nuFnu30_100": null, "Sqrt_TS30_100": null, "Flux100_300": 3.158386885360187e-09, "Unc_Flux100_300": [-2.421332467861248e-09, 2.4844943879998027e-09], "nuFnu100_300": 8.262789324281483e-13, "Sqrt_TS100_300": 1.316249132156372, "Flux300_1000": 3.743247489751411e-09, "Unc_Flux300_1000": [-4.965713951143869e-10, 5.139315084612406e-10], "nuFnu300_1000": 2.718785916885902e-12, "Sqrt_TS300_1000": 8.734414100646973, "Flux1000_3000": 9.629139707811873e-10, "Unc_Flux1000_3000": [-1.3201441328991592e-10, 1.3946375998497018e-10], "nuFnu1000_3000": 2.1573799604407418e-12, "Sqrt_TS1000_3000": 9.994864463806152, "Flux3000_10000": 5.029028929404156e-11, "Unc_Flux3000_10000": [-2.4006756652039662e-11, 3.044350188607936e-11], "nuFnu3000_10000": 2.6254118237062363e-13, "Sqrt_TS3000_10000": 2.7636795043945312, "Flux10000_100000": 7.681540299675493e-12, "Unc_Flux10000_100000": [null, 1.887952294499229e-11], "nuFnu10000_100000": 7.117145550206497e-14, "Sqrt_TS10000_100000": 0.960258960723877, "Variability_Index": 51.3748664855957, "Signif_Peak": null, "Flux_Peak": null, "Unc_Flux_Peak": null, "Time_Peak": null, "Peak_Interval": null, "Flux_History": [1.1962117518748983e-08, 2.368988338830036e-09, 1.4253114244411336e-08, 4.031279754457273e-09, 0.0, 4.8492978521608165e-09, 1.114937120405557e-08, 2.3466254717163793e-08, 0.0, 8.296810349861516e-09, 1.5098567729410206e-08, 3.064346332237733e-09, 1.2421959461050847e-08, 1.993037068714898e-09, 1.1835574298402207e-08, 8.95931662192595e-10, 7.368905485805044e-09, 1.1805911803719482e-08, 9.261760247625261e-09, 1.9289348784923277e-08, 8.030032638828288e-09, 1.1360712370844794e-08, 1.2508767355257078e-08, 7.557612313746631e-09, 2.5874419051774566e-08, 1.1618072726093942e-08, 8.28453661227968e-09, 1.1535281174701595e-08, 1.3831399137131939e-08, 6.149271314370708e-09, 7.491698816863845e-09, 0.0, 8.892519609560168e-09, 7.290304804286052e-09, 1.3005186261239032e-08, 1.481821865212396e-08, 1.3858159064739084e-08, 5.961346416505364e-10, 3.468328069189397e-09, 1.0746314060838813e-08, 9.187376193153796e-09, 1.7381371009150826e-08, 1.5457866098245177e-08, 0.0, 1.0243801362719296e-08, 9.581312632178651e-09, 3.5431833023125137e-09, 1.2068968047174167e-08], "Unc_Flux_History": [[-5.282198678457917e-09, 6.159508902925381e-09], [null, 5.250512913335115e-09], [-5.136623570933807e-09, 6.005921981966367e-09], [-3.0307036880117266e-09, 4.0491858754876375e-09], [null, 5.79505909925615e-09], [-3.5058265179799264e-09, 4.565475109075123e-09], [-5.249762402570468e-09, 6.233805471822507e-09], [-7.500802645665772e-09, 8.276671792373236e-09], [null, 3.7204255232126116e-09], [-4.930217567533646e-09, 5.934446267730209e-09], [-4.899737504615587e-09, 5.799741131795599e-09], [null, 5.139657588415503e-09], [-5.291700411191869e-09, 6.266325680570617e-09], [null, 7.49020401258349e-09], [-6.9239125544129365e-09, 8.25559887118743e-09], [null, 6.579001787798688e-09], [-5.111782552802424e-09, 6.192204526911382e-09], [-5.3007580547159705e-09, 6.507129945987344e-09], [-4.941424602833422e-09, 6.308490174689041e-09], [-7.868685258927144e-09, 9.494610431204364e-09], [-4.6876973414100576e-09, 6.380472594713638e-09], [-5.355460519496091e-09, 6.436393196196377e-09], [-5.598190799815939e-09, 6.9339325392547835e-09], [-5.398983926596657e-09, 6.667790319880851e-09], [-7.103592825075111e-09, 8.116116667622464e-09], [-7.336590002182675e-09, 8.940681972546827e-09], [-6.237875993519992e-09, 7.461286699594893e-09], [-5.219886300977805e-09, 6.26625817901072e-09], [-5.630599098083167e-09, 6.495990856336675e-09], [-4.336737191579232e-09, 5.973698868899646e-09], [-4.7554582494058195e-09, 6.066253277481337e-09], [null, 6.917928008220997e-09], [-5.565401473006659e-09, 7.252787703748709e-09], [-4.6223802563361005e-09, 5.8883231623951815e-09], [-6.165942423308479e-09, 7.413667457711881e-09], [-6.017774722977265e-09, 7.015075187410957e-09], [-6.320539647219903e-09, 7.795801337806552e-09], [null, 6.277566022561132e-09], [null, 6.887415970879829e-09], [-5.788191703715029e-09, 7.159592030347994e-09], [-5.4398721083259716e-09, 6.69693722699094e-09], [-6.789927287087494e-09, 7.903738996617449e-09], [-6.36613028959232e-09, 7.25313986649212e-09], [null, 6.957043385824591e-09], [-5.120885493425931e-09, 6.288041642932285e-09], [-5.073834685731526e-09, 6.088809012538832e-09], [null, 7.055454886994994e-09], [-6.847644673513287e-09, 7.885202712998307e-09]], "Extended_Source_Name": "                  ", "0FGL_Name": "                 ", "1FGL_Name": "1FGL J0023.5+0930 ", "2FGL_Name": "2FGL J0023.5+0924 ", "1FHL_Name": "                  ", "ASSOC_GAM1": "               ", "ASSOC_GAM2": "              ", "ASSOC_GAM3": "               ", "TEVCAT_FLAG": "N", "ASSOC_TEV": "                     ", "CLASS1": "PSR  ", "ASSOC1": "PSR J0023+0923            ", "ASSOC2": "                          ", "Flags": 0, "catalog_row_index": 55}