{"Source_Name": "3FGL J1751.5+0939 ", "RAJ2000": 267.8821105957031, "DEJ2000": 9.65779972076416, "GLON": 34.92500686645508, "GLAT": 17.65230369567871, "Conf_68_SemiMajor": 0.01862516440451145, "Conf_68_SemiMinor": 0.01807010918855667, "Conf_68_PosAng": 0.4399999976158142, "Conf_95_SemiMajor": 0.03020000085234642, "Conf_95_SemiMinor": 0.02930000051856041, "Conf_95_PosAng": 0.4399999976158142, "ROI_num": 266, "Signif_Avg": 35.35319519042969, "Pivot_Energy": 681.06689453125, "Flux_Density": 1.3928729697409992e-11, "Unc_Flux_Density": 6.487285751990979e-13, "Flux1000": 4.250594098920146e-09, "Unc_Flux1000": 2.0832467695353074e-10, "Energy_Flux100": 3.870197218258653e-11, "Unc_Energy_Flux100": 1.8618310018703177e-12, "Signif_Curve": 5.370527744293213, "SpectrumType": "LogParabola     ", "Spectral_Index": 2.118363857269287, "Unc_Spectral_Index": 0.047159433364868164, "beta": 0.14886291325092316, "Unc_beta": 0.028116051107645035, "Cutoff": null, "Unc_Cutoff": null, "Exp_Index": null, "Unc_Exp_Index": null, "PowerLaw_Index": 2.2534449100494385, "Flux30_100": null, "Unc_Flux30_100": null, "nuFnu30_100": null, "Sqrt_TS30_100": null, "Flux100_300": 3.3189586190474074e-08, "Unc_Flux100_300": [-4.526617747302453e-09, 4.584068236113126e-09], "nuFnu100_300": 8.207825044626027e-12, "Sqrt_TS100_300": 7.579545021057129, "Flux300_1000": 1.5958800503312887e-08, "Unc_Flux300_1000": [-8.995215683427205e-10, 8.995215683427205e-10], "nuFnu300_1000": 1.088791383441201e-11, "Sqrt_TS300_1000": 21.676828384399414, "Flux1000_3000": 3.109813073720602e-09, "Unc_Flux1000_3000": [-2.2653298681341028e-10, 2.2653298681341028e-10], "nuFnu1000_3000": 7.190433578413424e-12, "Sqrt_TS1000_3000": 20.470827102661133, "Flux3000_10000": 7.452305439414886e-10, "Unc_Flux3000_10000": [-8.439211829358584e-11, 8.97856719528356e-11], "nuFnu3000_10000": 4.7043675378832805e-12, "Sqrt_TS3000_10000": 16.27850914001465, "Flux10000_100000": 9.254847582740311e-11, "Unc_Flux10000_100000": [-2.679908378544482e-11, 3.2304239144798075e-11], "nuFnu10000_100000": 1.09705538924032e-12, "Sqrt_TS10000_100000": 6.5385541915893555, "Variability_Index": 354.75848388671875, "Signif_Peak": 19.735931396484375, "Flux_Peak": 2.434614714275085e-07, "Unc_Flux_Peak": 2.02672190141584e-08, "Time_Peak": 240644992.0, "Peak_Interval": 2630000.0, "Flux_History": [2.434614714275085e-07, 1.5857371238325868e-07, 5.913988943007098e-08, 5.5839713297700655e-08, 3.498046297067958e-08, 3.2251744386257997e-08, 7.133935753245169e-08, 1.5035099920623907e-07, 9.788856658587974e-08, 3.7662307050823074e-08, 2.298481405205166e-08, 3.151063054929182e-08, 5.343225595311196e-08, 5.793284785227115e-08, 2.903100870810249e-08, 1.6701786620387793e-08, 4.475836945516676e-08, 3.219646060870218e-08, 1.103501201527024e-08, 0.0, 2.3281574001998706e-08, 2.8282446606908707e-08, 4.3517637493550865e-08, 1.8080244856832905e-08, 8.227250702930178e-08, 3.0146097174110764e-08, 7.656817047063669e-08, 4.8725990353659654e-08, 4.154042088089227e-08, 4.379348439442765e-08, 1.3396062570336653e-07, 7.124621959064825e-08, 4.165475075978975e-08, 6.292006560215668e-08, 3.0801817985093294e-08, 3.440960938405624e-08, 6.306162703140217e-08, 5.045402318160086e-08, 4.801921704711276e-08, 2.2233994201315e-08, 1.917761771608184e-08, 5.4394305948335386e-08, 3.0878648971111033e-08, 6.444118838544455e-08, 6.067920566010798e-08, 6.368146898694249e-08, 3.887119959244956e-08, 6.017081943809899e-08], "Unc_Flux_History": [[-2.02672190141584e-08, 2.02672190141584e-08], [-1.8293681236514203e-08, 1.90910167674474e-08], [-1.172879215971534e-08, 1.273640837240464e-08], [-1.4218028532297922e-08, 1.5488028637378193e-08], [-1.1155259826978181e-08, 1.2161186724313211e-08], [-1.0987231569004052e-08, 1.2348160716157963e-08], [-1.3620981675899202e-08, 1.4673301684808848e-08], [-1.8427659398412288e-08, 1.935612914394369e-08], [-1.6230258026439515e-08, 1.713615205289898e-08], [-1.1841945202206716e-08, 1.2989887387959698e-08], [-1.2028370299788094e-08, 1.324054110796169e-08], [-1.1515338904644068e-08, 1.2578428965070998e-08], [-1.3460599745940272e-08, 1.4674546910953268e-08], [-1.4686681204523211e-08, 1.6119365398026275e-08], [-1.2935565507632418e-08, 1.4368706224843208e-08], [-1.0262255045745405e-08, 1.2468050591962765e-08], [-1.3622109662492221e-08, 1.515110170657863e-08], [-1.5468767600168576e-08, 1.7198070523249953e-08], [-1.0047239484833881e-08, 1.2379183012001249e-08], [null, 1.3808373111601213e-08], [-1.0603018019139654e-08, 1.2542439087326329e-08], [-1.1154924983713954e-08, 1.2779000968521359e-08], [-1.3573377977138534e-08, 1.515227943116315e-08], [-9.410587864522313e-09, 1.17351879325156e-08], [-1.6152332804608704e-08, 1.7532091334260258e-08], [-1.2617762834565838e-08, 1.431420315611831e-08], [-1.5855636803507878e-08, 1.684076522678879e-08], [-1.4326238861883667e-08, 1.5656674179354013e-08], [-1.3199760395821158e-08, 1.4853648089285798e-08], [-1.3969230217014683e-08, 1.5561113286821637e-08], [-1.9570366660559557e-08, 2.070859039804418e-08], [-1.5806234543447317e-08, 1.7092942172780567e-08], [-1.4443244822359702e-08, 1.5925722962606415e-08], [-1.4768453127089742e-08, 1.6171323835578733e-08], [-1.2693267770202965e-08, 1.4470016296286303e-08], [-1.1866288396333857e-08, 1.3583582259002469e-08], [-1.4841785578312283e-08, 1.630186297063574e-08], [-1.4827858940691385e-08, 1.661172888134388e-08], [-1.4369451406537337e-08, 1.5933458996642003e-08], [-1.2891746337118093e-08, 1.4516134072550813e-08], [-1.1167371027909212e-08, 1.307307773146249e-08], [-1.30693180722119e-08, 1.4580527007979072e-08], [-1.107090774610242e-08, 1.2749839406467345e-08], [-1.506191615874286e-08, 1.6254563917073028e-08], [-1.4898295042087284e-08, 1.6041978412317803e-08], [-1.6628717958155903e-08, 1.8170551285834335e-08], [-1.227927981517496e-08, 1.40010474325436e-08], [-1.625930146076371e-08, 1.778153091436252e-08]], "Extended_Source_Name": "                  ", "0FGL_Name": "0FGL J1751.5+0935", "1FGL_Name": "1FGL J1751.5+0937 ", "2FGL_Name": "2FGL J1751.5+0938 ", "1FHL_Name": "1FHL J1751.5+0938 ", "ASSOC_GAM1": "               ", "ASSOC_GAM2": "              ", "ASSOC_GAM3": "               ", "TEVCAT_FLAG": "N", "ASSOC_TEV": "                     ", "CLASS1": "bll  ", "ASSOC1": "OT 081                    ", "ASSOC2": "                          ", "Flags": 0, "catalog_row_index": 2251}