{"Source_Name": "3FHL J0041.5+3759 ", "RAJ2000": 10.376530647277832, "DEJ2000": 37.995731353759766, "GLON": 120.77599334716797, "GLAT": -24.834440231323242, "Conf_95_SemiMajor": 0.040225304663181305, "Conf_95_SemiMinor": 0.040225304663181305, "Conf_95_PosAng": null, "ROI_num": 278, "Signif_Avg": 4.740385055541992, "Pivot_Energy": 31.55647087097168, "Flux_Density": 2.9173243139800353e-13, "Unc_Flux_Density": 1.1168235119259767e-13, "Flux": 2.8222018472190413e-11, "Unc_Flux": 1.0836287596405203e-11, "Energy_Flux": 2.5526403907294437e-12, "Unc_Energy_Flux": 1.6838082577547153e-12, "Signif_Curve": 0.03504999354481697, "SpectrumType": "PowerLaw   ", "Spectral_Index": 1.84855318069458, "Unc_Spectral_Index": 0.544232189655304, "beta": 0.009735627099871635, "Unc_beta": 0.26937389373779297, "PowerLaw_Index": 1.8628110885620117, "Unc_PowerLaw_Index": 0.38528478145599365, "Flux_Band": [1.5438468212169987e-11, 6.895851077659554e-12, 3.9231278815832216e-12, 2.5109749349216948e-12, 3.6301994098148826e-20], "Unc_Flux_Band": [[-7.011381926436133e-12, 9.698302924632252e-12], [-4.0199939731200285e-12, 6.2490494549816145e-12], [-2.739408309568314e-12, 5.000376848696142e-12], [-2.033649507474089e-12, 4.5227688781623865e-12], [null, 5.418195839906881e-12]], "nuFnu": [4.973538941799305e-13, 3.717482051357468e-13, 4.778042111269754e-13, 8.761007869693971e-13, 3.960951455153332e-20], "Sqrt_TS_Band": [3.3337602615356445, 2.7852559089660645, 3.3874504566192627, 1.4250545501708984, 0.0], "Npred": 8.898059844970703, "HEP_Energy": 78.5281982421875, "HEP_Prob": 0.9990100860595703, "Variability_BayesBlocks": 1, "Extended_Source_Name": "                  ", "ASSOC_GAM": "                  ", "TEVCAT_FLAG": "N", "ASSOC_TEV": "                     ", "CLASS": "bcu    ", "ASSOC1": "B3 0038+377               ", "ASSOC2": "                          ", "ASSOC_PROB_BAY": 0.0, "ASSOC_PROB_LR": 0.9523083567619324, "Redshift": 0.3799999952316284, "NuPeak_obs": null, "source_id": 37}