{"Source_Name": "3FGL J1749.2-2911 ", "RAJ2000": 267.3149108886719, "DEJ2000": -29.192899703979492, "GLON": 0.1925891786813736, "GLAT": -0.8135793805122375, "Conf_68_SemiMajor": 0.049399856477975845, "Conf_68_SemiMinor": 0.034968435764312744, "Conf_68_PosAng": 57.75, "Conf_95_SemiMajor": 0.08009999990463257, "Conf_95_SemiMinor": 0.056699998676776886, "Conf_95_PosAng": 57.75, "ROI_num": 23, "Signif_Avg": 11.724213600158691, "Pivot_Energy": 2047.124267578125, "Flux_Density": 2.166234205902562e-12, "Unc_Flux_Density": 2.0528992731010803e-13, "Flux1000": 7.60728458004678e-09, "Unc_Flux1000": 7.082288644433277e-10, "Energy_Flux100": 4.595283875641343e-11, "Unc_Energy_Flux100": 7.036394904236243e-12, "Signif_Curve": 6.861989974975586, "SpectrumType": "LogParabola     ", "Spectral_Index": 2.5724856853485107, "Unc_Spectral_Index": 0.12768219411373138, "beta": 0.443732351064682, "Unc_beta": 0.08903177827596664, "Cutoff": null, "Unc_Cutoff": null, "Exp_Index": null, "Unc_Exp_Index": null, "PowerLaw_Index": 2.412923574447632, "Flux30_100": null, "Unc_Flux30_100": null, "nuFnu30_100": null, "Sqrt_TS30_100": null, "Flux100_300": 1.6377343925455534e-11, "Unc_Flux100_300": [null, 2.7888766851447144e-08], "nuFnu100_300": 4.614424585437562e-15, "Sqrt_TS100_300": 0.0, "Flux300_1000": 1.4786126101284935e-08, "Unc_Flux300_1000": [-5.422019278000789e-09, 5.487902576817305e-09], "nuFnu300_1000": 1.090306577661293e-11, "Sqrt_TS300_1000": 2.7497446537017822, "Flux1000_3000": 5.597611263397084e-09, "Unc_Flux1000_3000": [-8.320570898945334e-10, 8.3179679810641e-10], "nuFnu1000_3000": 1.2908264734878827e-11, "Sqrt_TS1000_3000": 7.282122611999512, "Flux3000_10000": 8.80604866804191e-10, "Unc_Flux3000_10000": [-1.6583508177792083e-10, 1.748154537795088e-10], "nuFnu3000_10000": 5.175550092662018e-12, "Sqrt_TS3000_10000": 6.2250566482543945, "Flux10000_100000": 7.83113227043053e-11, "Unc_Flux10000_100000": [-3.611829932359534e-11, 4.290657065753045e-11], "nuFnu10000_100000": 7.255746025704168e-13, "Sqrt_TS10000_100000": 2.57794189453125, "Variability_Index": 41.77482223510742, "Signif_Peak": null, "Flux_Peak": null, "Unc_Flux_Peak": null, "Time_Peak": null, "Peak_Interval": null, "Flux_History": [3.359856393103655e-08, 2.1747617040546174e-08, 3.2349490197702835e-08, 5.011604642390921e-08, 6.083664061407035e-08, 6.515855233146794e-08, 4.444106949108573e-08, 5.2368832825777645e-08, 3.4840983431649875e-08, 7.547630076487621e-08, 4.019587152015447e-08, 4.944751097468725e-08, 9.536039868862645e-08, 8.399467787967296e-08, 4.0501571874074216e-08, 5.120966761751333e-08, 5.307341055527104e-08, 6.523593754081958e-08, 7.107475852308198e-08, 2.7070075958590678e-08, 7.721066452859304e-08, 6.073027947195442e-08, 4.635897354887675e-08, 4.435776546074521e-08, 6.756295789500655e-08, 2.7839933025575192e-08, 7.222959652608552e-08, 8.14377969504676e-08, 0.0, 4.932894270837096e-08, 4.6049613899867836e-08, 8.295791786849804e-08, 5.259258628598218e-08, 2.6425340138303e-08, 9.26410503865327e-09, 3.5187309066486705e-08, 6.075922698300928e-08, 6.600475188633936e-08, 4.604595815749235e-09, 5.6740017129186526e-08, 7.333006379894869e-08, 6.344312453165912e-08, 3.29311156122003e-08, 0.0, 3.5876290382930165e-08, 4.531021602360852e-08, 3.1576927739251914e-08, 5.680641024241595e-08], "Unc_Flux_History": [[-2.4157207789698987e-08, 2.6501837169234932e-08], [null, 2.5161222438896402e-08], [-2.3502616741666316e-08, 2.486830297243614e-08], [-2.5552653326599284e-08, 2.8013996455911183e-08], [-2.4667976106229617e-08, 2.5974495443392698e-08], [-2.241744390119038e-08, 2.3908482305046164e-08], [-2.3208039934274893e-08, 2.519330521977281e-08], [-2.7318025175304683e-08, 2.9540247581394397e-08], [-2.0871853578796618e-08, 2.336360083177169e-08], [-2.079759653383917e-08, 2.2166000590573276e-08], [-2.314058278329867e-08, 2.700248380449466e-08], [-2.2218507922389108e-08, 2.360360440434306e-08], [-3.022385186568499e-08, 2.9027892978206182e-08], [-2.5777335821430825e-08, 2.8234053317532926e-08], [-2.239722007857381e-08, 2.400756571319107e-08], [-2.4035887946638468e-08, 2.7359876142440953e-08], [-2.45989006941727e-08, 2.5239440759605714e-08], [-2.876906535220769e-08, 3.145076732380403e-08], [-2.320695102753234e-08, 2.4777419227461905e-08], [-2.4653706631738714e-08, 2.622384620565299e-08], [-2.3649400660019637e-08, 2.5361609701235466e-08], [-2.283995570451225e-08, 2.4571219725544324e-08], [-2.8617725078561307e-08, 3.153980543402213e-08], [-2.0939648237572328e-08, 2.2574390357021912e-08], [-3.012738147845084e-08, 3.289574834752784e-08], [-2.071685578641791e-08, 2.3217834765887346e-08], [-2.4886421812198023e-08, 2.68973341377432e-08], [-2.6452818602251682e-08, 2.7954515147143866e-08], [null, 1.6994198048791986e-08], [-2.6069221448210556e-08, 2.765133366722239e-08], [-1.8374825216938007e-08, 1.997742771209232e-08], [-2.9727264205803294e-08, 3.210165999689707e-08], [-2.3915081470704536e-08, 2.705606227948465e-08], [-2.498748941093254e-08, 2.8651768957388413e-08], [null, 2.777311713941799e-08], [-2.2647769881700697e-08, 2.5135953762855934e-08], [-2.405610821654136e-08, 2.5980517293078265e-08], [-2.0617765272845645e-08, 2.208741278764137e-08], [null, 2.9041601123935834e-08], [-2.0273251521985003e-08, 2.18966373921603e-08], [-2.6054506108152964e-08, 2.8748051050797585e-08], [-2.208954796856233e-08, 2.3551489647388735e-08], [-1.9860340927380093e-08, 2.239493568367834e-08], [null, 3.013221316905401e-08], [-2.174345148375778e-08, 2.2727451920445674e-08], [-2.474147997588716e-08, 2.7370385069502845e-08], [-2.1019440410441348e-08, 2.290695277906707e-08], [-2.714266145176225e-08, 3.0000578021827096e-08]], "Extended_Source_Name": "                  ", "0FGL_Name": "                 ", "1FGL_Name": "                  ", "2FGL_Name": "                  ", "1FHL_Name": "                  ", "ASSOC_GAM1": "               ", "ASSOC_GAM2": "              ", "ASSOC_GAM3": "               ", "TEVCAT_FLAG": "N", "ASSOC_TEV": "                     ", "CLASS1": "     ", "ASSOC1": "                          ", "ASSOC2": "                          ", "Flags": 68, "catalog_row_index": 2246}