{"Source_Name": "3FHL J1826.1-1256 ", "RAJ2000": 276.5418701171875, "DEJ2000": -12.942547798156738, "GLON": 18.558448791503906, "GLAT": -0.3828648328781128, "Conf_95_SemiMajor": 0.022325655445456505, "Conf_95_SemiMinor": 0.022325655445456505, "Conf_95_PosAng": null, "ROI_num": 3, "Signif_Avg": 10.77930736541748, "Pivot_Energy": 13.178301811218262, "Flux_Density": 2.700525740528814e-11, "Unc_Flux_Density": 3.952433866305505e-12, "Flux": 2.6844587663887864e-10, "Unc_Flux": 3.935293757528768e-11, "Energy_Flux": 6.139366359042553e-12, "Unc_Energy_Flux": 1.0185866906875507e-12, "Signif_Curve": 0.7578302621841431, "SpectrumType": "PowerLaw   ", "Spectral_Index": 3.931718111038208, "Unc_Spectral_Index": 0.8012503385543823, "beta": 0.7177680134773254, "Unc_beta": 0.9496551156044006, "PowerLaw_Index": 4.330575942993164, "Unc_PowerLaw_Index": 0.512998104095459, "Flux_Band": [2.4007584809027094e-10, 3.2201966787548386e-11, 1.2131291897359795e-16, 1.1522871415717284e-12, 2.70691411993762e-12], "Unc_Flux_Band": [[-3.529504466470712e-11, 3.819048896569477e-11], [-1.3248311302171967e-11, 1.6370311356483924e-11], [null, 7.32926306451498e-12], [null, 6.929213713230409e-12], [-2.7040275400735947e-12, 5.397609876417464e-12]], "nuFnu": [7.054059593392115e-12, 1.489322987852093e-12, 1.1971040542928672e-17, 3.144792098171839e-13, 2.1680376677962743e-12], "Sqrt_TS_Band": [11.033902168273926, 3.341113567352295, 0.0, 0.3011073172092438, 1.000793695449829], "Npred": 83.43949890136719, "HEP_Energy": 26.39739990234375, "HEP_Prob": 0.8406829237937927, "Variability_BayesBlocks": 1, "Extended_Source_Name": "                  ", "ASSOC_GAM": "3FGL J1826.1-1256 ", "TEVCAT_FLAG": "E", "ASSOC_TEV": "HESS J1826-130       ", "CLASS": "PSR    ", "ASSOC1": "PSR J1826-1256            ", "ASSOC2": "                          ", "ASSOC_PROB_BAY": 0.9999770522117615, "ASSOC_PROB_LR": 0.0, "Redshift": null, "NuPeak_obs": null, "source_id": 1222}