{"Source_Name": "3FHL J1353.8-3936 ", "RAJ2000": 208.4521484375, "DEJ2000": -39.61662673950195, "GLON": 315.8078308105469, "GLAT": 21.69060707092285, "Conf_95_SemiMajor": 0.03225542604923248, "Conf_95_SemiMinor": 0.03225542604923248, "Conf_95_PosAng": null, "ROI_num": 257, "Signif_Avg": 4.811310768127441, "Pivot_Energy": 22.492271423339844, "Flux_Density": 5.660609784727266e-13, "Unc_Flux_Density": 2.2631042547772984e-13, "Flux": 2.823437317278632e-11, "Unc_Flux": 1.1377130140766134e-11, "Energy_Flux": 1.3423043059013207e-12, "Unc_Energy_Flux": 7.846049656333454e-13, "Signif_Curve": 0.05364722013473511, "SpectrumType": "PowerLaw   ", "Spectral_Index": 2.3945043087005615, "Unc_Spectral_Index": 0.7406221032142639, "beta": 0.010002261027693748, "Unc_beta": 0.42576614022254944, "PowerLaw_Index": 2.39322566986084, "Unc_PowerLaw_Index": 0.5123602151870728, "Flux_Band": [1.9395703793056995e-11, 1.1341882005937164e-17, 7.32091904459553e-12, 1.0117388243803864e-20, 2.462147967812318e-18], "Unc_Flux_Band": [[-8.345703468581878e-12, 1.0958648918868441e-11], [null, 6.899756373884847e-12], [-3.9870788962059756e-12, 6.2208480554326595e-12], [null, 4.795110055549889e-12], [null, 5.5078472165071e-12]], "nuFnu": [6.118588708609041e-13, 5.8959717663008765e-19, 8.466079942127946e-13, 3.318267742895932e-21, 2.477144338727598e-18], "Sqrt_TS_Band": [3.6838736534118652, 0.0, 4.9511308670043945, 0.0, 0.0], "Npred": 8.77361011505127, "HEP_Energy": 82.5199966430664, "HEP_Prob": 0.997299075126648, "Variability_BayesBlocks": 1, "Extended_Source_Name": "                  ", "ASSOC_GAM": "                  ", "TEVCAT_FLAG": "N", "ASSOC_TEV": "                     ", "CLASS": "bcu    ", "ASSOC1": "NVSS J135345-393711       ", "ASSOC2": "                          ", "ASSOC_PROB_BAY": 0.9999641180038452, "ASSOC_PROB_LR": 0.9521002769470215, "Redshift": null, "NuPeak_obs": 8912505426411520.0, "catalog_row_index": 892}