{"Source_Name": "3FHL J1132.2-4737 ", "RAJ2000": 173.0680389404297, "DEJ2000": -47.617279052734375, "GLON": 289.3758239746094, "GLAT": 13.159924507141113, "Conf_95_SemiMajor": 0.055105652660131454, "Conf_95_SemiMinor": 0.055105652660131454, "Conf_95_PosAng": null, "ROI_num": 219, "Signif_Avg": 5.366347789764404, "Pivot_Energy": 60.1369743347168, "Flux_Density": 1.0618357592934863e-13, "Unc_Flux_Density": 4.0818097599842895e-14, "Flux": 2.8074048294413068e-11, "Unc_Flux": 1.1037492968213325e-11, "Energy_Flux": 4.5985407322313154e-12, "Unc_Energy_Flux": 2.5055641155596886e-12, "Signif_Curve": 0.637359082698822, "SpectrumType": "PowerLaw   ", "Spectral_Index": 1.6082016229629517, "Unc_Spectral_Index": 0.33448970317840576, "beta": -0.1277008056640625, "Unc_beta": 0.19411897659301758, "PowerLaw_Index": 1.4863547086715698, "Unc_PowerLaw_Index": 0.2878548204898834, "Flux_Band": [1.2877312063896973e-11, 4.567694313062365e-12, 4.6187480923221e-12, 3.2162712163691376e-12, 3.680241875136936e-12], "Unc_Flux_Band": [[-6.2770912599707795e-12, 8.821080151044658e-12], [-3.2744206651669217e-12, 6.114805276707935e-12], [-3.24485100247629e-12, 5.97949858030522e-12], [-2.2546799496869774e-12, 4.3833465503129165e-12], [-2.582163215886224e-12, 5.020594183446914e-12]], "nuFnu": [4.211279762411646e-13, 2.5277813154277184e-13, 5.840716907519472e-13, 1.1739262990514976e-12, 4.262114966513408e-12], "Sqrt_TS_Band": [3.3028082847595215, 2.2158589363098145, 2.4947261810302734, 3.0117170810699463, 2.950220823287964], "Npred": 8.947273254394531, "HEP_Energy": 764.5980224609375, "HEP_Prob": 0.9874059557914734, "Variability_BayesBlocks": 1, "Extended_Source_Name": "                  ", "ASSOC_GAM": "3FGL J1132.0-4736 ", "TEVCAT_FLAG": "N", "ASSOC_TEV": "                     ", "CLASS": "bcu    ", "ASSOC1": "1RXS J113209.3-473844     ", "ASSOC2": "                          ", "ASSOC_PROB_BAY": 0.0, "ASSOC_PROB_LR": 0.8384413123130798, "Redshift": null, "NuPeak_obs": null, "catalog_row_index": 726}