{"Source_Name": "3FGL J0217.8+0143 ", "RAJ2000": 34.468101501464844, "DEJ2000": 1.732800006866455, "GLON": 162.17457580566406, "GLAT": -54.416866302490234, "Conf_68_SemiMajor": 0.015603200532495975, "Conf_68_SemiMinor": 0.01473978254944086, "Conf_68_PosAng": 28.520000457763672, "Conf_95_SemiMajor": 0.025299999862909317, "Conf_95_SemiMinor": 0.023900000378489494, "Conf_95_PosAng": 28.520000457763672, "ROI_num": 427, "Signif_Avg": 46.292179107666016, "Pivot_Energy": 805.1753540039062, "Flux_Density": 7.78800461620488e-12, "Unc_Flux_Density": 2.5843338428456486e-13, "Flux1000": 4.043532175757036e-09, "Unc_Flux1000": 1.749136668838247e-10, "Energy_Flux100": 4.61605684232147e-11, "Unc_Energy_Flux100": 1.7145573155685767e-12, "Signif_Curve": 2.8360164165496826, "SpectrumType": "PowerLaw        ", "Spectral_Index": 2.1929218769073486, "Unc_Spectral_Index": 0.026803813874721527, "beta": null, "Unc_beta": null, "Cutoff": null, "Unc_Cutoff": null, "Exp_Index": null, "Unc_Exp_Index": null, "PowerLaw_Index": 2.1929218769073486, "Flux30_100": null, "Unc_Flux30_100": null, "nuFnu30_100": null, "Sqrt_TS30_100": null, "Flux100_300": 3.7761139992653625e-08, "Unc_Flux100_300": [-4.240677586864194e-09, 4.303916334436053e-09], "nuFnu100_300": 8.903954830385974e-12, "Sqrt_TS100_300": 9.439162254333496, "Flux300_1000": 1.3328519621325086e-08, "Unc_Flux300_1000": [-7.0599681656347e-10, 7.0599681656347e-10], "nuFnu300_1000": 8.946447749291764e-12, "Sqrt_TS300_1000": 25.112546920776367, "Flux1000_3000": 3.192418773778627e-09, "Unc_Flux1000_3000": [-1.9702293962975403e-10, 1.9702293962975403e-10], "nuFnu1000_3000": 7.527620020375547e-12, "Sqrt_TS1000_3000": 28.869749069213867, "Flux3000_10000": 8.457821665253107e-10, "Unc_Flux3000_10000": [-8.353194524968188e-11, 8.917305088784744e-11], "nuFnu3000_10000": 5.677108522866847e-12, "Sqrt_TS3000_10000": 21.355531692504883, "Flux10000_100000": 1.5830839417141362e-10, "Unc_Flux10000_100000": [-3.44556293219167e-11, 3.9884737873530085e-11], "nuFnu10000_100000": 2.6100029255904378e-12, "Sqrt_TS10000_100000": 10.857107162475586, "Variability_Index": 429.9373779296875, "Signif_Peak": 17.354894638061523, "Flux_Peak": 1.499623323297783e-07, "Unc_Flux_Peak": 1.4973762674230784e-08, "Time_Peak": 248535008.0, "Peak_Interval": 2630000.0, "Flux_History": [1.2655749515033676e-07, 9.016734736633225e-08, 1.439776582401464e-07, 1.499623323297783e-07, 9.283463242582002e-08, 4.974175737970654e-08, 2.5167997463881875e-08, 4.721514557104456e-08, 4.6349860838290624e-08, 5.920448842289261e-08, 5.205977871014511e-08, 4.559135291515304e-08, 1.2451074837827036e-07, 1.467175394509468e-07, 1.2846543029354507e-07, 1.201863852884344e-07, 4.552309817995592e-08, 1.493921217843308e-07, 6.788110340494313e-08, 4.579485590738841e-08, 2.277976740572285e-08, 6.370830618607215e-08, 3.2685690598555084e-08, 2.3777740665309466e-08, 1.7095549864620807e-08, 2.3045073405114636e-08, 1.7212043346148675e-08, 1.0452021470541695e-08, 3.499183520716542e-08, 1.2034648833036954e-08, 4.594092573029229e-08, 4.504664730120567e-08, 8.301705989310904e-09, 2.4874629023230455e-09, 2.262951426246218e-08, 3.724667863025388e-08, 5.547942105721404e-09, 3.2980036479557384e-08, 3.6655137591878884e-08, 4.3600714150215936e-08, 9.226433661524425e-08, 1.2007792804524797e-07, 6.170184718712335e-08, 8.945533380710913e-08, 6.199572766263373e-08, 5.0636188575481356e-08, 7.957559944316017e-08, 4.070960812896374e-08], "Unc_Flux_History": [[-1.5094697047857153e-08, 1.5516581797214712e-08], [-1.3418521405128558e-08, 1.3899565054487084e-08], [-1.5452119583869717e-08, 1.6248591805378965e-08], [-1.4973762674230784e-08, 1.4973762674230784e-08], [-1.3375032636986361e-08, 1.4184275087814058e-08], [-1.0103275549511181e-08, 1.095548718410555e-08], [-8.960729935836298e-09, 1.0375901915438135e-08], [-1.2229945944852716e-08, 1.3449819036281951e-08], [-1.1559922796777755e-08, 1.2649256753149984e-08], [-1.2484219880093406e-08, 1.356335221913696e-08], [-1.0528524718722565e-08, 1.1401986910186679e-08], [-1.122362114358566e-08, 1.2415529937470637e-08], [-1.4822225224975227e-08, 1.5647957596343076e-08], [-1.9564241782177305e-08, 2.0743527784361504e-08], [-1.6894409426981838e-08, 1.7892842762989858e-08], [-1.8327209971857883e-08, 1.9248217242306964e-08], [-1.3842044843670465e-08, 1.5257054286621496e-08], [-1.6571229721762393e-08, 1.7375842986666612e-08], [-1.658723114417171e-08, 1.8027973780476714e-08], [-1.1982171699287392e-08, 1.3126875586522146e-08], [-1.266467108962388e-08, 1.4479187626648127e-08], [-1.3604560145097366e-08, 1.4730304975785202e-08], [-1.1760645790559465e-08, 1.3385120567477315e-08], [-1.0165394748185008e-08, 1.215479450422663e-08], [-9.196292616309165e-09, 1.1389253096183438e-08], [-1.0645003101217299e-08, 1.2507453739374341e-08], [-9.709459902751405e-09, 1.1574250891044358e-08], [-7.925825329380132e-09, 1.03014246022326e-08], [-1.1791123633031475e-08, 1.2932654946951061e-08], [-9.097079534114982e-09, 1.0723887555741385e-08], [-1.3562337031203242e-08, 1.484197476031568e-08], [-1.3077674942962858e-08, 1.4552773208720282e-08], [null, 1.2510585456482204e-08], [null, 1.1915826547692632e-08], [-1.0740209610560214e-08, 1.2556588657730572e-08], [-1.0854447118902044e-08, 1.2003227745083223e-08], [null, 1.0104783676467832e-08], [-1.208578392919435e-08, 1.4169891038307014e-08], [-1.1433487046019764e-08, 1.3070638793521994e-08], [-1.306937580380918e-08, 1.4711647899900981e-08], [-1.5225346317038202e-08, 1.6277358128036212e-08], [-1.8490702302642603e-08, 1.969046259375773e-08], [-1.3954561062234916e-08, 1.5355620774926138e-08], [-1.6595000928987247e-08, 1.7677766805945794e-08], [-1.4718723129192313e-08, 1.6365497401693574e-08], [-1.1675754585382947e-08, 1.3170843082832562e-08], [-1.5682104503866867e-08, 1.6842466976640935e-08], [-1.1764372587208527e-08, 1.2674631122422397e-08]], "Extended_Source_Name": "                  ", "0FGL_Name": "0FGL J0217.8+0146", "1FGL_Name": "1FGL J0217.9+0144 ", "2FGL_Name": "2FGL J0217.9+0143 ", "1FHL_Name": "1FHL J0217.7+0142 ", "ASSOC_GAM1": "               ", "ASSOC_GAM2": "              ", "ASSOC_GAM3": "               ", "TEVCAT_FLAG": "N", "ASSOC_TEV": "                     ", "CLASS1": "fsrq ", "ASSOC1": "PKS 0215+015              ", "ASSOC2": "                          ", "Flags": 0, "source_id": 268}