{"Source_Name": "3FGL J0042.5+4117 ", "RAJ2000": 10.629300117492676, "DEJ2000": 41.29570007324219, "GLON": 121.13119506835938, "GLAT": -21.5448055267334, "Conf_68_SemiMajor": 0.101821668446064, "Conf_68_SemiMinor": 0.08190138638019562, "Conf_68_PosAng": -42.150001525878906, "Conf_95_SemiMajor": 0.16509999334812164, "Conf_95_SemiMinor": 0.13279999792575836, "Conf_95_PosAng": -42.150001525878906, "ROI_num": 304, "Signif_Avg": 5.831502437591553, "Pivot_Energy": 572.7804565429688, "Flux_Density": 2.4090029016737846e-12, "Unc_Flux_Density": 3.520614789281895e-13, "Flux1000": 3.696720984880386e-10, "Unc_Flux1000": 7.33361149585221e-11, "Energy_Flux100": 5.885159113511174e-12, "Unc_Energy_Flux100": 8.631617014025206e-13, "Signif_Curve": 1.841132402420044, "SpectrumType": "PowerLaw        ", "Spectral_Index": 2.5623276233673096, "Unc_Spectral_Index": 0.11247661709785461, "beta": null, "Unc_beta": null, "Cutoff": null, "Unc_Cutoff": null, "Exp_Index": null, "Unc_Exp_Index": null, "PowerLaw_Index": 2.5623276233673096, "Flux30_100": null, "Unc_Flux30_100": null, "nuFnu30_100": null, "Sqrt_TS30_100": null, "Flux100_300": 5.8336890873533775e-09, "Unc_Flux100_300": [-5.183176998713179e-09, 4.881733683959055e-09], "nuFnu100_300": 1.3278161122703969e-12, "Sqrt_TS100_300": 1.10347318649292, "Flux300_1000": 1.674730243372835e-09, "Unc_Flux300_1000": [-5.520281454174381e-10, 5.74042202661218e-10], "nuFnu300_1000": 1.0778691307555821e-12, "Sqrt_TS300_1000": 3.125223159790039, "Flux1000_3000": 4.328561675759346e-10, "Unc_Flux1000_3000": [-1.0201275241206176e-10, 1.0992181470603768e-10], "nuFnu1000_3000": 9.852314276914687e-13, "Sqrt_TS1000_3000": 5.164416790008545, "Flux3000_10000": 1.9691441185964997e-11, "Unc_Flux3000_10000": [-1.549018725788276e-11, 2.2751699829681726e-11], "nuFnu3000_10000": 1.2673561744329376e-13, "Sqrt_TS3000_10000": 1.3586039543151855, "Flux10000_100000": 5.06797381838453e-12, "Unc_Flux10000_100000": [null, 1.7133695504045754e-11], "nuFnu10000_100000": 7.312265349430566e-14, "Sqrt_TS10000_100000": 0.6975007057189941, "Variability_Index": 39.54818344116211, "Signif_Peak": null, "Flux_Peak": null, "Unc_Flux_Peak": null, "Time_Peak": null, "Peak_Interval": null, "Flux_History": [2.705961676952029e-08, 0.0, 1.2419073769365241e-08, 1.4332069753208998e-08, 0.0, 2.414031285979945e-08, 0.0, 1.6880139952490936e-08, 4.359572702838932e-09, 1.552725237274899e-08, 6.815921604896857e-09, 3.998983544306611e-08, 1.795201143295344e-08, 0.0, 2.2006148014952487e-08, 7.64184893142783e-09, 1.950116867988072e-08, 1.8091828479782635e-08, 5.651038748055726e-09, 1.3542934773624893e-08, 2.344861194103487e-08, 0.0, 2.008101240846827e-08, 1.5405467124196548e-08, 0.0, 5.1583444182767835e-09, 2.473917071199594e-08, 3.6159433225435578e-09, 1.3682360799904814e-09, 2.2592617554550998e-08, 6.205516100976638e-09, 5.9870499669045785e-09, 1.0822683194078309e-08, 2.687337463669337e-08, 1.7471856850193035e-08, 1.8449429761702163e-09, 8.762057746025675e-09, 2.9686475500056986e-08, 0.0, 1.5738825354105757e-08, 1.6427840421329165e-08, 1.4956768268348242e-08, 3.3773297047900996e-08, 0.0, 0.0, 0.0, 1.5172794576301385e-08, 4.064675707127208e-09], "Unc_Flux_History": [[-1.310106956253776e-08, 1.492771595223985e-08], [null, 1.2526927939404686e-08], [null, 1.5557883870087608e-08], [-1.1913544817332422e-08, 1.2975852392571596e-08], [null, 1.3080227567741076e-08], [-1.2484409062096802e-08, 1.3649134267268437e-08], [null, 1.2734940213476875e-08], [-1.1986137415931353e-08, 1.3707606605350975e-08], [null, 1.3071996818325715e-08], [-1.3021022482462286e-08, 1.3982089264175102e-08], [null, 1.2530029458446279e-08], [-1.470273858217297e-08, 1.597300602895757e-08], [-1.1797165910820695e-08, 1.3031210777114666e-08], [null, 1.0412767537104628e-08], [-1.4325195252240519e-08, 1.5884433324231395e-08], [null, 1.3360277328899883e-08], [-1.3328612880059154e-08, 1.4527936187391788e-08], [-1.2906996360584344e-08, 1.438368890660513e-08], [null, 1.3798685749577544e-08], [-1.3343654181596776e-08, 1.534098181821264e-08], [-1.1595401083752677e-08, 1.3626697992208392e-08], [null, 1.169703889303264e-08], [-1.1630709728649435e-08, 1.3384348740430596e-08], [-9.301558634433604e-09, 1.1961222234901925e-08], [null, 1.2641931945722718e-08], [null, 1.0853131726662468e-08], [-1.4144347026956439e-08, 1.541780747515986e-08], [null, 1.2152822748134895e-08], [null, 1.4744899523577715e-08], [-1.3953528998911224e-08, 1.5939590980451612e-08], [null, 1.3276577170984183e-08], [null, 1.236090430012382e-08], [-8.939195161872249e-09, 1.2390976245058027e-08], [-1.1381434461554818e-08, 1.3262471121322505e-08], [-1.3335276882742164e-08, 1.4906651912838242e-08], [null, 1.345367461880187e-08], [null, 1.3580367053123155e-08], [-1.6602834662649002e-08, 1.7292604681529156e-08], [null, 1.0883312917542298e-08], [-1.312150654797506e-08, 1.4325923558544673e-08], [-1.0664335192700491e-08, 1.318225351099045e-08], [-9.745499518487577e-09, 1.1468602956199447e-08], [-1.690569106926887e-08, 1.8118100797437364e-08], [null, 1.186693321386656e-08], [null, 9.54912149353504e-09], [null, 1.0991706211882502e-08], [-1.2086883494077938e-08, 1.3343152360789645e-08], [null, 1.7261388762790375e-08]], "Extended_Source_Name": "                  ", "0FGL_Name": "                 ", "1FGL_Name": "                  ", "2FGL_Name": "2FGL J0042.5+4114 ", "1FHL_Name": "                  ", "ASSOC_GAM1": "               ", "ASSOC_GAM2": "              ", "ASSOC_GAM3": "               ", "TEVCAT_FLAG": "N", "ASSOC_TEV": "                     ", "CLASS1": "gal  ", "ASSOC1": "M31                       ", "ASSOC2": "                          ", "Flags": 0, "catalog_row_index": 90}