{"Source_Name": "3FGL J2053.1+6027 ", "RAJ2000": 313.28839111328125, "DEJ2000": 60.45819854736328, "GLON": 97.35270690917969, "GLAT": 10.04702091217041, "Conf_68_SemiMajor": 0.10145163536071777, "Conf_68_SemiMinor": 0.07598080486059189, "Conf_68_PosAng": -88.12000274658203, "Conf_95_SemiMajor": 0.16449999809265137, "Conf_95_SemiMinor": 0.12319999933242798, "Conf_95_PosAng": -88.12000274658203, "ROI_num": 222, "Signif_Avg": 7.808309555053711, "Pivot_Energy": 461.4265441894531, "Flux_Density": 7.362280923794984e-12, "Unc_Flux_Density": 9.627507124854162e-13, "Flux1000": 5.60972268637272e-10, "Unc_Flux1000": 1.0857515581053079e-10, "Energy_Flux100": 1.0338493082462374e-11, "Unc_Energy_Flux100": 1.3560227159897797e-12, "Signif_Curve": 0.9806857109069824, "SpectrumType": "PowerLaw        ", "Spectral_Index": 2.6675262451171875, "Unc_Spectral_Index": 0.10417381674051285, "beta": null, "Unc_beta": null, "Cutoff": null, "Unc_Cutoff": null, "Exp_Index": null, "Unc_Exp_Index": null, "PowerLaw_Index": 2.6675262451171875, "Flux30_100": null, "Unc_Flux30_100": null, "nuFnu30_100": null, "Sqrt_TS30_100": null, "Flux100_300": 1.499731716592123e-08, "Unc_Flux100_300": [-4.444313361773311e-09, 4.4467465265540795e-09], "nuFnu100_300": 3.3802847673736203e-12, "Sqrt_TS100_300": 3.4075915813446045, "Flux300_1000": 3.2334035449110843e-09, "Unc_Flux300_1000": [-8.058728684368077e-10, 8.2067524997953e-10], "nuFnu300_1000": 2.057056131335444e-12, "Sqrt_TS300_1000": 4.105047702789307, "Flux1000_3000": 4.776246065318901e-10, "Unc_Flux1000_3000": [-1.5492296334684852e-10, 1.6334864016975814e-10], "nuFnu1000_3000": 1.0765306831736488e-12, "Sqrt_TS1000_3000": 3.2691094875335693, "Flux3000_10000": 6.461285673164952e-11, "Unc_Flux3000_10000": [-3.650250934850163e-11, 4.250762242197226e-11], "nuFnu3000_10000": 4.1105996644724696e-13, "Sqrt_TS3000_10000": 1.9299299716949463, "Flux10000_100000": 1.4762765662701405e-11, "Unc_Flux10000_100000": [-9.203573667071474e-12, 1.3581377342197776e-11], "nuFnu10000_100000": 2.0581316327854954e-13, "Sqrt_TS10000_100000": 2.059972047805786, "Variability_Index": 49.10074234008789, "Signif_Peak": null, "Flux_Peak": null, "Unc_Flux_Peak": null, "Time_Peak": null, "Peak_Interval": null, "Flux_History": [4.1841058617819726e-08, 6.46170761342546e-08, 6.251986661709452e-08, 1.5315226420398176e-08, 3.530096392978521e-08, 0.0, 0.0, 1.6957033110998054e-08, 2.910870300354418e-08, 1.8493340192549113e-08, 5.136666203497953e-09, 4.453309188079402e-08, 7.6485498823331e-08, 3.1651325116399676e-08, 2.2550233680362908e-08, 1.2721089959200071e-08, 4.067601722113068e-08, 5.014412884918329e-09, 0.0, 2.6307624967358834e-09, 1.9586423150030896e-08, 4.546312126763041e-08, 0.0, 1.5804975106448182e-08, 2.995039594111404e-08, 1.3420197397806533e-08, 8.423052477724013e-09, 3.515106428153558e-08, 0.0, 1.536257698830923e-08, 2.5709244511062934e-08, 2.664217113590439e-08, 5.125893665081094e-08, 3.374431756242302e-08, 3.502680101519218e-08, 4.8471299862740125e-08, 0.0, 1.3583719038479103e-08, 7.491614439913974e-09, 1.0515113224585093e-08, 0.0, 1.2323947196080098e-08, 9.482020502105115e-09, 0.0, 3.792641756206194e-09, 0.0, 2.7709923244856327e-08, 2.734187276587363e-08], "Unc_Flux_History": [[-2.55508911806146e-08, 2.7029321003624318e-08], [-3.0034076559104506e-08, 3.0250230764750086e-08], [-2.4101627360550992e-08, 2.5689811167239895e-08], [null, 2.212606453610988e-08], [-2.581297664505655e-08, 2.6161334432117656e-08], [null, 2.1693296048397315e-08], [null, 1.6713235240217728e-08], [null, 2.2635685326122257e-08], [-2.3654523673144467e-08, 2.6182311430034133e-08], [null, 2.2379760267199345e-08], [null, 2.5299110362198007e-08], [-2.4316944902125215e-08, 2.5571065265239667e-08], [-2.4654950081526295e-08, 2.389676012626296e-08], [-2.1434427566191516e-08, 2.240032692668592e-08], [null, 2.0614038476196583e-08], [-1.121642512202925e-08, 1.551596895410512e-08], [-2.3962122952525533e-08, 2.3261968351562246e-08], [null, 2.0099800934758605e-08], [null, 1.669865667963677e-08], [null, 2.221572081850809e-08], [null, 1.9073022272664275e-08], [-2.125428189003742e-08, 2.308490110181083e-08], [null, 1.969224250331081e-08], [null, 2.1549874773540978e-08], [-2.1328633081907356e-08, 2.228434681228464e-08], [null, 2.209652905094117e-08], [null, 2.0024099711690724e-08], [-2.029941370551569e-08, 2.1086616897036947e-08], [null, 2.2839435231958305e-08], [null, 2.04214725130214e-08], [-2.1958264539989614e-08, 2.5498213318542184e-08], [-2.1797768923192962e-08, 2.3100902524220146e-08], [-2.3956719275020077e-08, 2.368366480709483e-08], [-2.246688346474457e-08, 2.4054372715909267e-08], [-2.263351106535083e-08, 2.3108960078843666e-08], [-2.0692079161221955e-08, 2.2397973253873715e-08], [null, 2.2478447547769065e-08], [null, 2.1927199611582182e-08], [null, 1.9076662027828206e-08], [null, 2.1071437927844272e-08], [null, 1.982199115957428e-08], [null, 2.0051851734592674e-08], [null, 2.070707516566017e-08], [null, 1.2547017647079883e-08], [null, 2.0444712589551273e-08], [null, 1.8963312697906076e-08], [-2.1424925833457564e-08, 2.3469688414934353e-08], [-2.2593040327478775e-08, 2.2336212879281447e-08]], "Extended_Source_Name": "                  ", "0FGL_Name": "                 ", "1FGL_Name": "                  ", "2FGL_Name": "                  ", "1FHL_Name": "                  ", "ASSOC_GAM1": "               ", "ASSOC_GAM2": "              ", "ASSOC_GAM3": "               ", "TEVCAT_FLAG": "N", "ASSOC_TEV": "                     ", "CLASS1": "     ", "ASSOC1": "                          ", "ASSOC2": "                          ", "Flags": 9, "catalog_row_index": 2703}