{"Source_Name": "3FGL J0010.5-1425 ", "RAJ2000": 2.6289000511169434, "DEJ2000": -14.419500350952148, "GLON": 84.00599670410156, "GLAT": -74.1117172241211, "Conf_68_SemiMajor": 0.13290472328662872, "Conf_68_SemiMinor": 0.09232407808303833, "Conf_68_PosAng": 88.52999877929688, "Conf_95_SemiMajor": 0.21549999713897705, "Conf_95_SemiMinor": 0.14970000088214874, "Conf_95_PosAng": 88.52999877929688, "ROI_num": 647, "Signif_Avg": 4.296534061431885, "Pivot_Energy": 1005.8575439453125, "Flux_Density": 3.224287427761735e-13, "Unc_Flux_Density": 7.365665016930908e-14, "Flux1000": 2.492568651479843e-10, "Unc_Flux1000": 6.333217283938097e-11, "Energy_Flux100": 3.0432008909370145e-12, "Unc_Energy_Flux100": 6.951732483932715e-13, "Signif_Curve": 2.8509960174560547, "SpectrumType": "PowerLaw        ", "Spectral_Index": 2.30835223197937, "Unc_Spectral_Index": 0.14907792210578918, "beta": null, "Unc_beta": null, "Cutoff": null, "Unc_Cutoff": null, "Exp_Index": null, "Unc_Exp_Index": null, "PowerLaw_Index": 2.30835223197937, "Flux30_100": null, "Unc_Flux30_100": null, "nuFnu30_100": null, "Sqrt_TS30_100": null, "Flux100_300": 7.541602975794093e-13, "Unc_Flux100_300": [null, 2.0869257433275834e-09], "nuFnu100_300": 1.7585184843497525e-16, "Sqrt_TS100_300": 0.0, "Flux300_1000": 1.4669120362853505e-09, "Unc_Flux300_1000": [-4.0243136600892626e-10, 4.2223877172453683e-10], "nuFnu300_1000": 9.715957422287702e-13, "Sqrt_TS300_1000": 3.913655996322632, "Flux1000_3000": 2.7515206779682444e-10, "Unc_Flux1000_3000": [-7.849741689991419e-11, 8.565860520892699e-11], "nuFnu1000_3000": 6.415876944304566e-13, "Sqrt_TS1000_3000": 4.3806281089782715, "Flux3000_10000": 3.6305868034158806e-11, "Unc_Flux3000_10000": [-2.1469855407407756e-11, 2.7873158642277573e-11], "nuFnu3000_10000": 2.4046856086229473e-13, "Sqrt_TS3000_10000": 2.0319862365722656, "Flux10000_100000": 1.055445933321813e-15, "Unc_Flux10000_100000": [null, 1.3053350067515623e-11], "nuFnu10000_100000": 1.665689132722724e-17, "Sqrt_TS10000_100000": 0.0, "Variability_Index": 56.522037506103516, "Signif_Peak": null, "Flux_Peak": null, "Unc_Flux_Peak": null, "Time_Peak": null, "Peak_Interval": null, "Flux_History": [0.0, 0.0, 0.0, 0.0, 9.763100550230774e-09, 8.458679978673445e-09, 0.0, 8.753261226956965e-09, 2.2788078979374404e-08, 5.119188628555094e-09, 1.176154729165546e-09, 5.848567408150984e-09, 0.0, 0.0, 1.9556312125246222e-08, 1.0727448263025963e-08, 9.136870815495968e-09, 0.0, 0.0, 2.1649387837996414e-10, 4.528189823105322e-09, 0.0, 0.0, 2.261511866663568e-08, 1.3494204864628045e-08, 4.348257753861162e-09, 2.120727593535321e-08, 1.746902889010471e-08, 0.0, 6.099789562341584e-09, 3.837093309755346e-09, 3.936567516404921e-09, 1.7121214668236462e-08, 1.1412775169361566e-09, 0.0, 0.0, 1.4696321493090636e-08, 0.0, 2.7136788816051194e-08, 1.963773854640749e-08, 0.0, 2.6681876708067875e-09, 2.1094415103561914e-08, 1.4581631013754759e-08, 1.1403501476436873e-09, 0.0, 1.5370874351106067e-08, 7.476680607965136e-09], "Unc_Flux_History": [[null, 8.670232531926558e-09], [null, 7.769123122614019e-09], [null, 6.5642189461811995e-09], [null, 7.585619243855035e-09], [-7.158886816682752e-09, 9.12332964730922e-09], [-5.319974683004602e-09, 6.945751973574943e-09], [null, 9.933200928458064e-09], [-7.988520955848344e-09, 9.99129490253381e-09], [-9.589702365531139e-09, 1.101202773412524e-08], [null, 9.933031286379901e-09], [null, 8.864367018190933e-09], [null, 9.63871560344387e-09], [null, 7.473812679847924e-09], [null, 1.2586581554785425e-08], [-9.55321066697934e-09, 1.0524902727127028e-08], [-9.312421944684957e-09, 1.1812636202535032e-08], [-7.57758034097833e-09, 9.600882755478324e-09], [null, 6.8391807772627544e-09], [null, 1.0599524813414973e-08], [null, 7.771141063983578e-09], [null, 1.2451462971796445e-08], [null, 5.790834922692056e-09], [null, 9.49542311445839e-09], [-9.008237711327638e-09, 1.0212427348221809e-08], [-8.996346778644693e-09, 1.174436992101846e-08], [null, 1.2990344799845843e-08], [-8.64250448984194e-09, 1.0234175285006586e-08], [-1.0614429335475961e-08, 1.2671664606500599e-08], [null, 9.649896881569475e-09], [null, 1.3248642183327775e-08], [null, 8.497946346608387e-09], [null, 1.0875200295856757e-08], [-1.1273200151151741e-08, 1.3563138168137812e-08], [null, 7.674827884329716e-09], [null, 9.347068008480619e-09], [null, 7.436790738779564e-09], [-9.602441508604898e-09, 1.3229797701796997e-08], [null, 5.859928542406578e-09], [-1.1962530521714143e-08, 1.2905651658456918e-08], [-1.158369400400261e-08, 1.3859372316460394e-08], [null, 8.896811287684159e-09], [null, 1.1397640165000666e-08], [-8.949396779200924e-09, 1.0856896714983577e-08], [-9.518213772707895e-09, 1.2754465039677143e-08], [null, 1.0514429327201924e-08], [null, 8.438312271152881e-09], [-1.0260738925182977e-08, 1.2368619906055756e-08], [-5.6542250881364e-09, 7.630198695096624e-09]], "Extended_Source_Name": "                  ", "0FGL_Name": "                 ", "1FGL_Name": "                  ", "2FGL_Name": "                  ", "1FHL_Name": "                  ", "ASSOC_GAM1": "               ", "ASSOC_GAM2": "              ", "ASSOC_GAM3": "               ", "TEVCAT_FLAG": "N", "ASSOC_TEV": "                     ", "CLASS1": "     ", "ASSOC1": "                          ", "ASSOC2": "                          ", "Flags": 0, "catalog_row_index": 30}