{"Source_Name": "3FGL J1838.9-0646 ", "RAJ2000": 279.7279968261719, "DEJ2000": -6.775599956512451, "GLON": 25.47785758972168, "GLAT": -0.3164852559566498, "Conf_68_SemiMajor": 0.04810472950339317, "Conf_68_SemiMinor": 0.03638691082596779, "Conf_68_PosAng": -65.68000030517578, "Conf_95_SemiMajor": 0.07800000160932541, "Conf_95_SemiMinor": 0.05900000035762787, "Conf_95_PosAng": -65.68000030517578, "ROI_num": 29, "Signif_Avg": 7.123344421386719, "Pivot_Energy": 7696.9375, "Flux_Density": 4.844159063677536e-14, "Unc_Flux_Density": 7.81544002014271e-15, "Flux1000": 2.6159969745975786e-09, "Unc_Flux1000": 5.066749242388369e-10, "Energy_Flux100": 2.9982981375464846e-11, "Unc_Energy_Flux100": 5.1688471211508435e-12, "Signif_Curve": 1.352529764175415, "SpectrumType": "PowerLaw        ", "Spectral_Index": 1.9216511249542236, "Unc_Spectral_Index": 0.10482007265090942, "beta": null, "Unc_beta": null, "Cutoff": null, "Unc_Cutoff": null, "Exp_Index": null, "Unc_Exp_Index": null, "PowerLaw_Index": 1.9216511249542236, "Flux30_100": null, "Unc_Flux30_100": null, "nuFnu30_100": null, "Sqrt_TS30_100": null, "Flux100_300": 3.746676146415551e-12, "Unc_Flux100_300": [null, 3.784104407600353e-08], "nuFnu100_300": 9.073167056268625e-16, "Sqrt_TS100_300": 0.0, "Flux300_1000": 1.9133561401929455e-10, "Unc_Flux300_1000": [null, 4.619248095139028e-09], "nuFnu300_1000": 1.325872463035782e-13, "Sqrt_TS300_1000": 0.0, "Flux1000_3000": 2.41375874843186e-09, "Unc_Flux1000_3000": [-6.914642747268829e-10, 7.027473047926946e-10], "nuFnu1000_3000": 5.8452973364375715e-12, "Sqrt_TS1000_3000": 3.607755661010742, "Flux3000_10000": 8.380823257603254e-10, "Unc_Flux3000_10000": [-1.7208438840565776e-10, 1.8190213224578144e-10], "nuFnu3000_10000": 5.807545850472495e-12, "Sqrt_TS3000_10000": 5.644705772399902, "Flux10000_100000": 1.637019686473451e-10, "Unc_Flux10000_100000": [-5.54152071452485e-11, 6.284848336202131e-11], "nuFnu10000_100000": 3.0090793138454197e-12, "Sqrt_TS10000_100000": 3.7846758365631104, "Variability_Index": 50.158809661865234, "Signif_Peak": null, "Flux_Peak": null, "Unc_Flux_Peak": null, "Time_Peak": null, "Peak_Interval": null, "Flux_History": [4.7351967680242524e-08, 2.9230708520344706e-08, 2.8039691457593108e-08, 3.989021735151255e-08, 0.0, 3.776267742949813e-09, 1.9377415227950223e-08, 5.7456521318499654e-08, 4.1834990582856335e-08, 3.705259032926733e-08, 4.051376123470618e-08, 4.705673628535578e-09, 5.406738612379058e-09, 0.0, 3.013090577042021e-08, 2.7168772120944595e-08, 0.0, 6.190429502339612e-08, 2.0400070965820305e-08, 0.0, 0.0, 3.760336930724861e-09, 0.0, 1.1811033928665893e-08, 2.9218917063644767e-08, 1.2312868058472759e-08, 4.768180161818236e-08, 3.6659965729768373e-08, 0.0, 3.6777837664203616e-08, 6.8757493920657e-08, 0.0, 2.242488683634747e-08, 5.3582147607755815e-09, 2.8909440175084455e-08, 2.8643313498832867e-08, 2.1581850973007022e-08, 6.933241536444257e-08, 5.868059105296197e-08, 6.516405193224273e-08, 1.870616017640714e-08, 0.0, 0.0, 7.941448387782657e-08, 3.4711671315079684e-09, 9.422362978739329e-08, 4.43284733364635e-08, 0.0], "Unc_Flux_History": [[-2.6328077495918478e-08, 3.044744545377398e-08], [-2.171353585822544e-08, 2.626676121053606e-08], [-1.7781749406253766e-08, 2.139215204977063e-08], [-2.139437427217672e-08, 2.5717572071926043e-08], [null, 2.310308211406209e-08], [null, 3.128812764430222e-08], [-1.354542966680583e-08, 1.990225761971942e-08], [-2.674972243710272e-08, 3.1922304799536505e-08], [-2.8346510916321677e-08, 3.3172170788020594e-08], [-2.3455562825347442e-08, 2.726581627143787e-08], [-2.4618131533316046e-08, 3.065414944103395e-08], [null, 2.0993351057541076e-08], [null, 2.0890276175578038e-08], [null, 2.716594948992679e-08], [-2.9244777266512756e-08, 3.3578441360759825e-08], [-2.6394937790996664e-08, 3.368520751223514e-08], [null, 2.9605656592934793e-08], [-3.2404368965899266e-08, 3.7907213368271186e-08], [null, 3.406908533065689e-08], [null, 1.525863879692224e-08], [null, 2.8603542645555535e-08], [null, 3.086815425490386e-08], [null, 3.026582362508634e-08], [null, 2.3713745633813232e-08], [-1.9227980985192517e-08, 2.6301279376639286e-08], [null, 3.241824231281498e-08], [-2.7194413831921338e-08, 3.2779936987026304e-08], [-2.2460202586671585e-08, 2.8407894703263992e-08], [null, 2.2763048335150415e-08], [-2.66092055056788e-08, 3.3251453146476706e-08], [-2.7157078363870824e-08, 3.148088012494554e-08], [null, 2.6960259802422115e-08], [-2.039431379330381e-08, 2.902544515848149e-08], [null, 2.928175746319539e-08], [-1.8075558827490568e-08, 2.4380389263001234e-08], [-1.9208462376241187e-08, 2.5202858466855105e-08], [null, 3.514790591907513e-08], [-3.509726198558383e-08, 3.94156423055847e-08], [-2.9608372642542236e-08, 3.60762975049056e-08], [-2.630612350174033e-08, 3.087981781391136e-08], [-1.5249925766624983e-08, 2.201946713853431e-08], [null, 2.4145991872615014e-08], [null, 3.598269771032392e-08], [-3.301173379099964e-08, 3.70419037665215e-08], [null, 2.5506347256509798e-08], [-3.419416216843274e-08, 3.810907855950063e-08], [-3.056526054479036e-08, 3.4514972213628425e-08], [null, 3.439672724425691e-08]], "Extended_Source_Name": "                  ", "0FGL_Name": "                 ", "1FGL_Name": "                  ", "2FGL_Name": "                  ", "1FHL_Name": "                  ", "ASSOC_GAM1": "               ", "ASSOC_GAM2": "              ", "ASSOC_GAM3": "               ", "TEVCAT_FLAG": "N", "ASSOC_TEV": "                     ", "CLASS1": "     ", "ASSOC1": "                          ", "ASSOC2": "                          ", "Flags": 0, "source_id": 2399}