{"Source_Name": "3FGL J1039.5+7324 ", "RAJ2000": 159.88490295410156, "DEJ2000": 73.40899658203125, "GLON": 134.73512268066406, "GLAT": 40.55593490600586, "Conf_68_SemiMajor": 0.06716160476207733, "Conf_68_SemiMinor": 0.04946152865886688, "Conf_68_PosAng": -77.69000244140625, "Conf_95_SemiMajor": 0.10890000313520432, "Conf_95_SemiMinor": 0.08020000159740448, "Conf_95_PosAng": -77.69000244140625, "ROI_num": 274, "Signif_Avg": 5.601893901824951, "Pivot_Energy": 2794.79345703125, "Flux_Density": 3.940601574973883e-14, "Unc_Flux_Density": 8.521310691572345e-15, "Flux1000": 3.079356492019514e-10, "Unc_Flux1000": 6.696972837394455e-11, "Energy_Flux100": 3.426156493929744e-12, "Unc_Energy_Flux100": 7.538052213679203e-13, "Signif_Curve": 0.22451476752758026, "SpectrumType": "PowerLaw        ", "Spectral_Index": 2.0938541889190674, "Unc_Spectral_Index": 0.16417169570922852, "beta": null, "Unc_beta": null, "Cutoff": null, "Unc_Cutoff": null, "Exp_Index": null, "Unc_Exp_Index": null, "PowerLaw_Index": 2.0938541889190674, "Flux30_100": null, "Unc_Flux30_100": null, "nuFnu30_100": null, "Sqrt_TS30_100": null, "Flux100_300": 3.1231845998291874e-09, "Unc_Flux100_300": [null, 4.423720056934144e-09], "nuFnu100_300": 7.435982710655986e-13, "Sqrt_TS100_300": 0.6283814311027527, "Flux300_1000": 5.63826096922071e-10, "Unc_Flux300_1000": [-4.2270623112905525e-10, 4.3379699832257756e-10], "nuFnu300_1000": 3.8285347114808133e-13, "Sqrt_TS300_1000": 1.345577359199524, "Flux1000_3000": 2.505108620542984e-10, "Unc_Flux1000_3000": [-7.753567232704484e-11, 8.430391107427937e-11], "nuFnu1000_3000": 5.964407028165308e-13, "Sqrt_TS1000_3000": 3.677586317062378, "Flux3000_10000": 7.244591732069594e-11, "Unc_Flux3000_10000": [-2.635931056760299e-11, 3.114804594805953e-11], "nuFnu3000_10000": 4.919277875672923e-13, "Sqrt_TS3000_10000": 3.432891368865967, "Flux10000_100000": 1.7060835383331252e-11, "Unc_Flux10000_100000": [-8.740911640325866e-12, 1.2445469134425569e-11], "nuFnu10000_100000": 2.9241225326520626e-13, "Sqrt_TS10000_100000": 3.37326717376709, "Variability_Index": 62.39108657836914, "Signif_Peak": null, "Flux_Peak": null, "Unc_Flux_Peak": null, "Time_Peak": null, "Peak_Interval": null, "Flux_History": [0.0, 3.5905278750192338e-09, 0.0, 0.0, 4.357366467644397e-09, 1.1996485582699279e-08, 4.322871660633609e-08, 1.2431350171482336e-08, 2.3079511635160088e-08, 6.344201275432226e-10, 1.1152488710308717e-08, 5.557879934059429e-09, 0.0, 0.0, 0.0, 4.927607211158147e-09, 6.6480980720484695e-09, 3.670339365768882e-09, 0.0, 0.0, 9.18475784317252e-09, 0.0, 2.8831714793398078e-09, 9.51002387949984e-10, 0.0, 1.1129595023362526e-08, 3.6886131926650023e-09, 0.0, 0.0, 0.0, 0.0, 2.578505409189802e-09, 0.0, 0.0, 0.0, 1.1255694154499452e-08, 1.3871405357690492e-08, 0.0, 0.0, 2.6553039766952224e-09, 5.443055339782177e-09, 2.7863584772802596e-09, 7.886658437428196e-09, 0.0, 0.0, 5.3034860947320794e-09, 5.92351367956212e-09, 1.0407323003391866e-08], "Unc_Flux_History": [[null, 6.804883323496824e-09], [null, 8.27041013451435e-09], [null, 1.0112869652800782e-08], [null, 6.547902664522098e-09], [null, 8.450849797725368e-09], [-7.570982063498377e-09, 8.902076409356141e-09], [-1.107070346506589e-08, 1.21143655107403e-08], [-6.890930936975792e-09, 8.044406030194295e-09], [-8.066485257529621e-09, 9.385238364245652e-09], [null, 6.967444399208489e-09], [-7.234413956780372e-09, 8.53745074635981e-09], [-5.510321532398166e-09, 7.539867397099442e-09], [null, 6.646204475657669e-09], [null, 7.758555575776427e-09], [null, 4.816710141852809e-09], [-3.4704021878440017e-09, 5.6846261031751055e-09], [-5.917558443258031e-09, 7.611618890734917e-09], [null, 7.817176239655055e-09], [null, 7.243511124244151e-09], [null, 4.8807464736455586e-09], [-5.643465250670943e-09, 7.713397032205194e-09], [null, 7.938821156017184e-09], [null, 7.525546408260197e-09], [null, 5.965793192785895e-09], [null, 6.0665956702621315e-09], [-6.9915846445667285e-09, 8.88647289087885e-09], [null, 6.536350127817059e-09], [null, 5.92215165795551e-09], [null, 6.434237143082555e-09], [null, 7.165125825991936e-09], [null, 6.8786589757507954e-09], [null, 7.693925496710108e-09], [null, 6.837225008382575e-09], [null, 5.118118373559355e-09], [null, 7.035664939536446e-09], [-6.123130447122094e-09, 7.59979279507661e-09], [-8.047730482019233e-09, 9.412961965438171e-09], [null, 5.606416664249991e-09], [null, 6.426112530988348e-09], [null, 7.889096487190272e-09], [-3.787687496981107e-09, 5.374507061617351e-09], [null, 7.094729692624924e-09], [-4.4810506416581575e-09, 5.743389763779305e-09], [null, 6.3977667608128286e-09], [null, 5.673163272490456e-09], [null, 7.179635996834577e-09], [null, 7.666039358866783e-09], [-5.325746066375814e-09, 6.7256888947042626e-09]], "Extended_Source_Name": "                  ", "0FGL_Name": "                 ", "1FGL_Name": "                  ", "2FGL_Name": "                  ", "1FHL_Name": "                  ", "ASSOC_GAM1": "               ", "ASSOC_GAM2": "              ", "ASSOC_GAM3": "               ", "TEVCAT_FLAG": "N", "ASSOC_TEV": "                     ", "CLASS1": "     ", "ASSOC1": "                          ", "ASSOC2": "                          ", "Flags": 0, "catalog_row_index": 1229}