{"Source_Name": "3FGL J1322.6-1619 ", "RAJ2000": 200.66600036621094, "DEJ2000": -16.318899154663086, "GLON": 313.7283020019531, "GLAT": 45.89718246459961, "Conf_68_SemiMajor": 0.0712936744093895, "Conf_68_SemiMinor": 0.0659281462430954, "Conf_68_PosAng": -1.590000033378601, "Conf_95_SemiMajor": 0.11559999734163284, "Conf_95_SemiMinor": 0.10689999908208847, "Conf_95_PosAng": -1.590000033378601, "ROI_num": 586, "Signif_Avg": 5.319821357727051, "Pivot_Energy": 1108.8560791015625, "Flux_Density": 3.880260912927924e-13, "Unc_Flux_Density": 7.659910032653539e-14, "Flux1000": 3.6434408268171126e-10, "Unc_Flux1000": 7.937614454611719e-11, "Energy_Flux100": 4.624314386275641e-12, "Unc_Energy_Flux100": 9.279324270777822e-13, "Signif_Curve": 0.24115565419197083, "SpectrumType": "PowerLaw        ", "Spectral_Index": 2.356426477432251, "Unc_Spectral_Index": 0.14773711562156677, "beta": null, "Unc_beta": null, "Cutoff": null, "Unc_Cutoff": null, "Exp_Index": null, "Unc_Exp_Index": null, "PowerLaw_Index": 2.356426477432251, "Flux30_100": null, "Unc_Flux30_100": null, "nuFnu30_100": null, "Sqrt_TS30_100": null, "Flux100_300": 6.682344455555267e-09, "Unc_Flux100_300": [-3.1726430371747938e-09, 3.1971139069497667e-09], "nuFnu100_300": 1.5509767949117848e-12, "Sqrt_TS100_300": 2.1265370845794678, "Flux300_1000": 1.5668035757698817e-09, "Unc_Flux300_1000": [-5.197113295274391e-10, 5.386832646614437e-10], "nuFnu300_1000": 1.0320651668352387e-12, "Sqrt_TS300_1000": 3.1441152095794678, "Flux1000_3000": 3.059300035523904e-10, "Unc_Flux1000_3000": [-9.806148254520863e-11, 1.0996562688214695e-10], "nuFnu1000_3000": 7.100656868042066e-13, "Sqrt_TS1000_3000": 3.59311580657959, "Flux3000_10000": 6.916877487439521e-11, "Unc_Flux3000_10000": [-3.0962288288804984e-11, 3.815607205193139e-11], "nuFnu3000_10000": 4.556199167948805e-13, "Sqrt_TS3000_10000": 2.8216352462768555, "Flux10000_100000": 1.5882411705248067e-11, "Unc_Flux10000_100000": [-9.450724924864318e-12, 1.5385368326570337e-11], "nuFnu10000_100000": 2.4626164280526497e-13, "Sqrt_TS10000_100000": 2.6449618339538574, "Variability_Index": 39.58514404296875, "Signif_Peak": null, "Flux_Peak": null, "Unc_Flux_Peak": null, "Time_Peak": null, "Peak_Interval": null, "Flux_History": [2.3953976580060043e-08, 2.434450507848851e-08, 4.87733720078154e-09, 9.536942791044112e-09, 2.190600234541762e-08, 3.450204288935055e-10, 1.785320513647548e-08, 0.0, 0.0, 0.0, 0.0, 0.0, 4.782199969355361e-09, 0.0, 3.596545061768097e-09, 3.051035202261687e-09, 1.2926602011020805e-08, 8.589019273586018e-09, 0.0, 2.2402804944476884e-08, 1.0843171693863951e-08, 5.682300852072331e-09, 0.0, 0.0, 3.169570916838893e-08, 1.9978566356826377e-08, 1.302613483744608e-08, 1.887607581352313e-08, 7.536679724751139e-09, 1.2046143638144713e-08, 0.0, 4.598402547628666e-09, 1.2190580989113187e-08, 3.399382819679886e-08, 1.270163618727338e-08, 0.0, 1.5477178649803136e-08, 1.1381331432858133e-08, 0.0, 0.0, 2.566423695782305e-08, 1.0301623554198613e-08, 5.265711422453023e-09, 2.022584588701193e-08, 0.0, 3.4504987755923366e-10, 8.403874929285848e-09, 1.1479042605344603e-08], "Unc_Flux_History": [[-1.198679822067561e-08, 1.3961965805719956e-08], [-1.1392760512762834e-08, 1.2942866334242353e-08], [null, 1.2143169136891174e-08], [-9.536942791044112e-09, 1.2101649460305453e-08], [-1.0677709383344336e-08, 1.2129492077406212e-08], [null, 1.3154011213600825e-08], [-9.486483598664108e-09, 1.1181382930658401e-08], [null, 1.2994422426970687e-08], [null, 1.2425538820082238e-08], [null, 1.1160572910284827e-08], [null, 9.568538850146524e-09], [null, 1.2345194200236165e-08], [null, 1.4491224220591903e-08], [null, 1.1306549474454641e-08], [null, 1.7946643282584773e-08], [null, 1.2828019535504609e-08], [-1.1327411009176558e-08, 1.3436003420963516e-08], [-6.600882063168001e-09, 1.0360619917548775e-08], [null, 9.451221139045174e-09], [-1.5049055335225603e-08, 1.8427511960794618e-08], [-9.035661996392719e-09, 1.1651176023974585e-08], [null, 1.3968384671159129e-08], [null, 1.0292201757522434e-08], [null, 1.3661661135699887e-08], [-1.496625046115696e-08, 1.6953395132190963e-08], [-1.1102764041481805e-08, 1.3921393815508054e-08], [null, 1.9678756402186082e-08], [-9.618791096954737e-09, 1.1618326745121976e-08], [null, 1.3562143408307747e-08], [-8.351580760290744e-09, 1.080446132561974e-08], [null, 8.817211849532214e-09], [null, 1.6544866809908854e-08], [-1.1297279556288231e-08, 1.502012914045281e-08], [-1.9798404693460725e-08, 2.2043025182938436e-08], [-9.227775876752276e-09, 1.1441014358126722e-08], [null, 1.1121955800774685e-08], [-9.467983730360174e-09, 1.2068170462953276e-08], [-8.614764013259446e-09, 1.2349803846234408e-08], [null, 1.2016960759808626e-08], [null, 9.978993631420963e-09], [-1.3368977924699266e-08, 1.646488101414434e-08], [null, 1.1140324218672504e-08], [null, 1.3461648684653937e-08], [-1.5143658771421542e-08, 1.6969410765454995e-08], [null, 9.878561080256532e-09], [null, 1.631545210045715e-08], [null, 1.3404108045733665e-08], [null, 2.2240669750317466e-08]], "Extended_Source_Name": "                  ", "0FGL_Name": "                 ", "1FGL_Name": "                  ", "2FGL_Name": "                  ", "1FHL_Name": "                  ", "ASSOC_GAM1": "               ", "ASSOC_GAM2": "              ", "ASSOC_GAM3": "               ", "TEVCAT_FLAG": "N", "ASSOC_TEV": "                     ", "CLASS1": "bcu  ", "ASSOC1": "PMN J1322-1617            ", "ASSOC2": "                          ", "Flags": 0, "catalog_row_index": 1617}