{"Source_Name": "3FGL J0153.4+7114 ", "RAJ2000": 28.359500885009766, "DEJ2000": 71.24169921875, "GLON": 127.92351531982422, "GLAT": 8.973310470581055, "Conf_68_SemiMajor": 0.023373965173959732, "Conf_68_SemiMinor": 0.021832145750522614, "Conf_68_PosAng": 70.94000244140625, "Conf_95_SemiMajor": 0.03790000081062317, "Conf_95_SemiMinor": 0.03539999946951866, "Conf_95_PosAng": 70.94000244140625, "ROI_num": 828, "Signif_Avg": 7.056344509124756, "Pivot_Energy": 14309.396484375, "Flux_Density": 2.3189593691477772e-15, "Unc_Flux_Density": 5.968158676849134e-16, "Flux1000": 2.4517182728445164e-10, "Unc_Flux1000": 8.827861358584599e-11, "Energy_Flux100": 3.87236119905876e-12, "Unc_Energy_Flux100": 9.965300069511573e-13, "Signif_Curve": 0.12546829879283905, "SpectrumType": "PowerLaw        ", "Spectral_Index": 1.567015528678894, "Unc_Spectral_Index": 0.1995096355676651, "beta": null, "Unc_beta": null, "Cutoff": null, "Unc_Cutoff": null, "Exp_Index": null, "Unc_Exp_Index": null, "PowerLaw_Index": 1.567015528678894, "Flux30_100": null, "Unc_Flux30_100": null, "nuFnu30_100": null, "Sqrt_TS30_100": null, "Flux100_300": 2.874408211450685e-10, "Unc_Flux100_300": [null, 3.7082372728036717e-09], "nuFnu100_300": 7.21130918651322e-14, "Sqrt_TS100_300": 0.0, "Flux300_1000": 6.559932042016214e-10, "Unc_Flux300_1000": [-6.076157355039413e-10, 5.916685474893768e-10], "nuFnu300_1000": 4.742537742727371e-13, "Sqrt_TS300_1000": 1.0829194784164429, "Flux1000_3000": 1.3115648844763683e-10, "Unc_Flux1000_3000": [-9.854243809837016e-11, 1.109126263054705e-10], "nuFnu1000_3000": 3.290451136388206e-13, "Sqrt_TS1000_3000": 1.3603761196136475, "Flux3000_10000": 8.257538403055875e-11, "Unc_Flux3000_10000": [-3.104373702544905e-11, 3.5908543499774126e-11], "nuFnu3000_10000": 5.969830749533167e-13, "Sqrt_TS3000_10000": 3.483476400375366, "Flux10000_100000": 4.8511587108501786e-11, "Unc_Flux10000_100000": [-1.6176998976491497e-11, 2.0285882348924922e-11], "nuFnu10000_100000": 1.0368372826974337e-12, "Sqrt_TS10000_100000": 6.084727764129639, "Variability_Index": 36.62716293334961, "Signif_Peak": null, "Flux_Peak": null, "Unc_Flux_Peak": null, "Time_Peak": null, "Peak_Interval": null, "Flux_History": [0.0, 3.6482665777270995e-09, 9.765224184832277e-10, 0.0, 1.1728946702760368e-09, 4.439407952361307e-09, 0.0, 0.0, 9.866105710187867e-10, 0.0, 9.765744879430827e-10, 0.0, 0.0, 5.674221092988319e-10, 2.369580531791371e-09, 0.0, 0.0, 3.701332573768923e-09, 0.0, 2.9398796730362164e-09, 0.0, 0.0, 0.0, 2.2581905789742507e-10, 0.0, 0.0, 0.0, 0.0, 1.1260020693626416e-09, 2.1101611569207535e-09, 0.0, 0.0, 2.6805382358219276e-09, 0.0, 0.0, 5.801679137107385e-10, 0.0, 3.5097144635010125e-10, 2.5696060834690115e-09, 4.153620558611237e-09, 8.137781559724999e-10, 3.857701269538438e-09, 0.0, 3.1256648380662e-09, 0.0, 3.2695217644373997e-09, 3.906381884632992e-09, 0.0], "Unc_Flux_History": [[null, 3.0231552816673e-09], [-2.648333108368206e-09, 4.005193510181471e-09], [null, 3.2271738614753076e-09], [null, 2.676366461784596e-09], [null, 3.705170836809657e-09], [-2.4958559663446067e-09, 4.047084889435837e-09], [null, 3.2542253336487192e-09], [null, 4.500011030472706e-09], [null, 5.244676248850055e-09], [null, 3.840308071545451e-09], [null, 2.6071564906970934e-09], [null, 2.7069939623203254e-09], [null, 4.699938216390365e-09], [null, 2.8033801946492076e-09], [-1.6101101563137377e-09, 2.7731734686398113e-09], [null, 2.885871763780301e-09], [null, 2.8708833088586516e-09], [-2.3971218343632472e-09, 3.368854972762847e-09], [null, 2.8357918235855095e-09], [-1.9091057623654706e-09, 3.1305884551358076e-09], [null, 2.5494861777275446e-09], [null, 2.387079200971698e-09], [null, 2.101871787729692e-09], [null, 2.4741670934247395e-09], [null, 2.596146186917281e-09], [null, 2.3572428453633165e-09], [null, 3.294663875053061e-09], [null, 3.485361554922406e-09], [null, 3.469971421310447e-09], [-1.681010886045442e-09, 2.5959252525353804e-09], [null, 2.412678279384295e-09], [null, 3.1008409173693963e-09], [-1.791783610372022e-09, 3.0715980869899795e-09], [null, 2.0945765122348803e-09], [null, 2.115943642522211e-09], [null, 2.902786899738885e-09], [null, 3.805887605068392e-09], [null, 3.469204035155826e-09], [-1.950809513928675e-09, 2.8714590705192222e-09], [-2.383954145201983e-09, 3.031978668133206e-09], [null, 2.5451882823546157e-09], [-2.362146478418481e-09, 3.254110314543368e-09], [null, 3.739955456438793e-09], [-1.8890986552833056e-09, 2.6890958348957383e-09], [null, 2.4852413460507705e-09], [-1.7402456142789902e-09, 2.8919460159926302e-09], [-2.339985982757753e-09, 3.219435829038275e-09], [null, 2.5334270237209466e-09]], "Extended_Source_Name": "                  ", "0FGL_Name": "                 ", "1FGL_Name": "                  ", "2FGL_Name": "                  ", "1FHL_Name": "                  ", "ASSOC_GAM1": "               ", "ASSOC_GAM2": "              ", "ASSOC_GAM3": "               ", "TEVCAT_FLAG": "N", "ASSOC_TEV": "                     ", "CLASS1": "bcu  ", "ASSOC1": "TXS 0149+710              ", "ASSOC2": "                          ", "Flags": 0, "source_id": 216}