{"Source_Name": "3FHL J2229.4+5349 ", "RAJ2000": 337.3628234863281, "DEJ2000": 53.81973648071289, "GLON": 102.84842681884766, "GLAT": -3.421903371810913, "Conf_95_SemiMajor": 0.03180762007832527, "Conf_95_SemiMinor": 0.03180762007832527, "Conf_95_PosAng": null, "ROI_num": 538, "Signif_Avg": 4.5407395362854, "Pivot_Energy": 27.57882308959961, "Flux_Density": 2.805094752398457e-13, "Unc_Flux_Density": 1.1323107300962101e-13, "Flux": 2.1166743705003377e-11, "Unc_Flux": 8.57383174873716e-12, "Energy_Flux": 1.521206012718157e-12, "Unc_Energy_Flux": 1.006198054563645e-12, "Signif_Curve": 0.9907856583595276, "SpectrumType": "PowerLaw   ", "Spectral_Index": 1.534965991973877, "Unc_Spectral_Index": 0.7514336705207825, "beta": 0.46946752071380615, "Unc_beta": 0.5695600509643555, "PowerLaw_Index": 2.026989698410034, "Unc_PowerLaw_Index": 0.42242753505706787, "Flux_Band": [8.013492647229725e-12, 8.650442341606723e-12, 4.230222942769313e-12, 7.301495970045361e-18, 5.3288966271808565e-21], "Unc_Flux_Band": [[-4.7422855573020506e-12, 6.933976830214572e-12], [-4.189881514654603e-12, 6.16600607378226e-12], [-2.7510172959099854e-12, 4.661789183846299e-12], [null, 4.0490145958305135e-12], [null, 4.534110933929192e-12]], "nuFnu": [2.5647618252279403e-13, 4.610711226878117e-13, 5.069059863700709e-13, 2.4985060712516268e-18, 5.667397270751525e-21], "Sqrt_TS_Band": [2.25905179977417, 3.9455366134643555, 3.3028481006622314, 0.0, 0.0], "Npred": 7.833065032958984, "HEP_Energy": 104.78700256347656, "HEP_Prob": 0.9964739084243774, "Variability_BayesBlocks": 1, "Extended_Source_Name": "                  ", "ASSOC_GAM": "                  ", "TEVCAT_FLAG": "N", "ASSOC_TEV": "                     ", "CLASS": "unknown", "ASSOC1": "1RXS J222920.8+534939     ", "ASSOC2": "                          ", "ASSOC_PROB_BAY": 0.0, "ASSOC_PROB_LR": 0.9018402099609375, "Redshift": null, "NuPeak_obs": null, "source_id": 1462}