{"Source_Name": "3FGL J1314.7-4237 ", "RAJ2000": 198.69439697265625, "DEJ2000": -42.62710189819336, "GLON": 307.49920654296875, "GLAT": 20.03752899169922, "Conf_68_SemiMajor": 0.07937280088663101, "Conf_68_SemiMinor": 0.060069240629673004, "Conf_68_PosAng": -26.6200008392334, "Conf_95_SemiMajor": 0.12870000302791595, "Conf_95_SemiMinor": 0.09740000218153, "Conf_95_PosAng": -26.6200008392334, "ROI_num": 313, "Signif_Avg": 4.467416763305664, "Pivot_Energy": 3343.0439453125, "Flux_Density": 3.0942032248036655e-14, "Unc_Flux_Density": 8.094608527030572e-15, "Flux1000": 3.5051145319542343e-10, "Unc_Flux1000": 9.466291639448343e-11, "Energy_Flux100": 3.895998974823289e-12, "Unc_Energy_Flux100": 1.067398773535455e-12, "Signif_Curve": 1.2665045261383057, "SpectrumType": "PowerLaw        ", "Spectral_Index": 2.0820910930633545, "Unc_Spectral_Index": 0.21402248740196228, "beta": null, "Unc_beta": null, "Cutoff": null, "Unc_Cutoff": null, "Exp_Index": null, "Unc_Exp_Index": null, "PowerLaw_Index": 2.0820910930633545, "Flux30_100": null, "Unc_Flux30_100": null, "nuFnu30_100": null, "Sqrt_TS30_100": null, "Flux100_300": 6.1369598292060346e-09, "Unc_Flux100_300": [-5.342006836883684e-09, 5.493622445840174e-09], "nuFnu100_300": 1.462834085634579e-12, "Sqrt_TS100_300": 1.1477564573287964, "Flux300_1000": 9.266046263611827e-10, "Unc_Flux300_1000": [-5.824226656514497e-10, 5.960045235120504e-10], "nuFnu300_1000": 6.300582343181371e-13, "Sqrt_TS300_1000": 1.618215560913086, "Flux1000_3000": 3.4137884186158374e-10, "Unc_Flux1000_3000": [-1.1342436018191293e-10, 1.2274722904770385e-10], "nuFnu1000_3000": 8.137263649357629e-13, "Sqrt_TS1000_3000": 3.347687244415283, "Flux3000_10000": 3.460928071907787e-11, "Unc_Flux3000_10000": [-2.318111154420155e-11, 3.085654648460334e-11], "nuFnu3000_10000": 2.3533082492248336e-13, "Sqrt_TS3000_10000": 1.7098230123519897, "Flux10000_100000": 1.495477700008685e-11, "Unc_Flux10000_100000": [-1.1075259633008816e-11, 1.7254512055253635e-11], "nuFnu10000_100000": 2.575189952773449e-13, "Sqrt_TS10000_100000": 1.5652709007263184, "Variability_Index": 45.023902893066406, "Signif_Peak": null, "Flux_Peak": null, "Unc_Flux_Peak": null, "Time_Peak": null, "Peak_Interval": null, "Flux_History": [0.0, 3.923717739606758e-10, 3.580628904487071e-09, 1.2730685838846512e-08, 2.2377506070370146e-08, 2.2881367911509187e-08, 1.5209085546530332e-08, 0.0, 0.0, 8.556519048852351e-09, 8.329302803034011e-10, 0.0, 7.908774968257148e-09, 0.0, 0.0, 1.0198162314623005e-08, 7.2200392331467356e-09, 1.3122852138280905e-08, 0.0, 0.0, 1.8399052281736772e-09, 1.3713007618321171e-08, 3.847376639498634e-09, 8.065019763137116e-09, 0.0, 0.0, 1.3194547676675938e-08, 5.196162611298405e-09, 2.9535035750427596e-08, 0.0, 0.0, 0.0, 0.0, 0.0, 6.194533330727836e-09, 0.0, 4.009915954839016e-09, 0.0, 0.0, 9.574144144153252e-09, 0.0, 8.989021083039006e-09, 0.0, 0.0, 0.0, 4.296779376744553e-09, 1.009362549098114e-08, 4.6614232473984885e-09], "Unc_Flux_History": [[null, 6.5109415636754875e-09], [null, 1.138613736628713e-08], [null, 8.387662120412642e-09], [-7.699499704472146e-09, 1.0205412515063017e-08], [-1.038939156927654e-08, 1.2072669974827477e-08], [-1.3091017159183593e-08, 1.4840598971943564e-08], [-9.950199775232704e-09, 1.1646027253675584e-08], [null, 1.4438620077328324e-08], [null, 8.436260579003374e-09], [-6.918252193344188e-09, 9.562849179189925e-09], [null, 1.1059879234665004e-08], [null, 7.2938455275561864e-09], [null, 1.4593925179440248e-08], [null, 1.1061555227342978e-08], [null, 1.027571627787438e-08], [-8.144036556245737e-09, 1.0374059833395677e-08], [null, 1.160024964974582e-08], [-1.0898182800644918e-08, 1.2825815076666913e-08], [null, 5.643329803461938e-09], [null, 7.564533888171354e-09], [null, 1.1766623231324047e-08], [-7.74809283399236e-09, 1.0257987348438746e-08], [null, 8.4255225019092e-09], [-5.321382001710617e-09, 7.911078014899431e-09], [null, 1.264989091254165e-08], [null, 9.147579582702292e-09], [-9.083173324597738e-09, 1.2381157432628243e-08], [-4.434003830766642e-09, 6.825743970040321e-09], [-1.077638334123776e-08, 1.2206613497767194e-08], [null, 3.841839735230224e-09], [null, 8.83763107140112e-09], [null, 1.4687350002873245e-08], [null, 8.991730915397511e-09], [null, 1.1380320685816514e-08], [-4.468322600814645e-09, 6.902630911298502e-09], [null, 5.7531925889975355e-09], [null, 9.521085253538786e-09], [null, 1.1605004068826474e-08], [null, 1.0862716948167872e-08], [-6.78946454613083e-09, 8.181249455674333e-09], [null, 8.155988773239642e-09], [-8.906685167175965e-09, 1.0483605095146231e-08], [null, 1.2663803339307833e-08], [null, 1.0159588725855428e-08], [null, 8.385501182317512e-09], [null, 1.2158891671276706e-08], [-7.608369045897234e-09, 9.311292181735098e-09], [null, 1.2095561885416828e-08]], "Extended_Source_Name": "                  ", "0FGL_Name": "                 ", "1FGL_Name": "                  ", "2FGL_Name": "                  ", "1FHL_Name": "1FHL J1314.9-4241 ", "ASSOC_GAM1": "               ", "ASSOC_GAM2": "              ", "ASSOC_GAM3": "               ", "TEVCAT_FLAG": "P", "ASSOC_TEV": "1ES 1312-423         ", "CLASS1": "bcu  ", "ASSOC1": "MS 13121-4221             ", "ASSOC2": "                          ", "Flags": 0, "source_id": 1602}