{"Source_Name": "3FGL J0730.3+6720 ", "RAJ2000": 112.58460235595703, "DEJ2000": 67.34410095214844, "GLON": 148.55397033691406, "GLAT": 28.601163864135742, "Conf_68_SemiMajor": 0.09701120108366013, "Conf_68_SemiMinor": 0.09164567291736603, "Conf_68_PosAng": -3.700000047683716, "Conf_95_SemiMajor": 0.15729999542236328, "Conf_95_SemiMinor": 0.1485999971628189, "Conf_95_PosAng": -3.700000047683716, "ROI_num": 553, "Signif_Avg": 5.184250831604004, "Pivot_Energy": 637.162353515625, "Flux_Density": 1.1107614394240128e-12, "Unc_Flux_Density": 2.059399065125131e-13, "Flux1000": 2.115478625608347e-10, "Unc_Flux1000": 5.232310765213022e-11, "Energy_Flux100": 3.617176436848668e-12, "Unc_Energy_Flux100": 6.946128785004224e-13, "Signif_Curve": 0.5655819773674011, "SpectrumType": "PowerLaw        ", "Spectral_Index": 2.615220308303833, "Unc_Spectral_Index": 0.15357153117656708, "beta": null, "Unc_beta": null, "Cutoff": null, "Unc_Cutoff": null, "Exp_Index": null, "Unc_Exp_Index": null, "PowerLaw_Index": 2.615220308303833, "Flux30_100": null, "Unc_Flux30_100": null, "nuFnu30_100": null, "Sqrt_TS30_100": null, "Flux100_300": 9.692052493903702e-09, "Unc_Flux100_300": [-2.9402533741063053e-09, 2.9837325943304904e-09], "nuFnu100_300": 2.1951490104810123e-12, "Sqrt_TS100_300": 3.302842855453491, "Flux300_1000": 1.0443783615698976e-09, "Unc_Flux300_1000": [-3.554958272200537e-10, 3.67799513067979e-10], "nuFnu300_1000": 6.682478463811148e-13, "Sqrt_TS300_1000": 3.0720059871673584, "Flux1000_3000": 2.1797406934975783e-10, "Unc_Flux1000_3000": [-7.08871364385466e-11, 7.709360927421471e-11], "nuFnu1000_3000": 4.936885861055174e-13, "Sqrt_TS1000_3000": 3.4742178916931152, "Flux3000_10000": 2.879540876576936e-11, "Unc_Flux3000_10000": [-1.5211111883961514e-11, 1.9962302644227492e-11], "nuFnu3000_10000": 1.8424807035968827e-13, "Sqrt_TS3000_10000": 2.4137368202209473, "Flux10000_100000": 1.0112885175946702e-15, "Unc_Flux10000_100000": [null, 1.1455883117128529e-11], "nuFnu10000_100000": 1.433848770433709e-17, "Sqrt_TS10000_100000": 0.0, "Variability_Index": 52.21705627441406, "Signif_Peak": null, "Flux_Peak": null, "Unc_Flux_Peak": null, "Time_Peak": null, "Peak_Interval": null, "Flux_History": [3.256379610405702e-09, 6.286906995001118e-09, 0.0, 5.102725797456742e-09, 0.0, 0.0, 5.651953571828017e-09, 3.0070243184354695e-08, 1.9916223337190786e-08, 1.6008950609602834e-08, 2.782211083740549e-08, 2.967736634218454e-08, 3.242468071817939e-09, 0.0, 0.0, 1.1838281466225453e-08, 0.0, 3.729001107899421e-09, 1.2756297351756984e-08, 3.062430664613203e-08, 1.8710231586283044e-08, 0.0, 0.0, 3.0671281070482337e-09, 2.4211685101249714e-08, 1.8265248868942763e-08, 8.556694020001032e-09, 2.078142102845959e-08, 0.0, 3.128314673972454e-08, 9.077261609036213e-09, 6.245268746596366e-09, 0.0, 0.0, 8.817968577545798e-10, 6.46173825558094e-09, 0.0, 7.256862666338293e-09, 9.482100438162888e-09, 1.2495185330863023e-08, 1.0256926863405624e-08, 0.0, 0.0, 5.684180681697626e-09, 1.1566227975379206e-08, 1.4407626203194468e-08, 0.0, 1.2234920632181456e-08], "Unc_Flux_History": [[null, 1.4752861154931907e-08], [null, 1.282108463840359e-08], [null, 8.103791415692285e-09], [null, 1.0470065703316322e-08], [null, 1.241226499359982e-08], [null, 1.1954671919056636e-08], [null, 1.2436158769446592e-08], [-1.298146834471936e-08, 1.7095526771981895e-08], [-1.2247152625377566e-08, 1.3889738248451522e-08], [-1.250710379707698e-08, 1.5185561252906155e-08], [-1.2903903723326948e-08, 1.3983208368983924e-08], [-1.3532051035269888e-08, 1.540093030882872e-08], [null, 1.3118103048270768e-08], [null, 8.928671135777222e-09], [null, 9.845950721398822e-09], [-1.0796858518347108e-08, 1.1822044676534915e-08], [null, 8.315469202102577e-09], [null, 9.765468433897695e-09], [-8.819352359523691e-09, 1.0305642561547756e-08], [-1.1022875057165038e-08, 1.2079320654834191e-08], [-1.081468159469523e-08, 1.181258202365143e-08], [null, 1.2080900724242838e-08], [null, 1.2451320863249293e-08], [null, 1.1040525826899739e-08], [-1.3374878093941334e-08, 1.4021949823472823e-08], [-1.1725995285871704e-08, 1.3022463996037459e-08], [null, 1.0039564735109252e-08], [-9.211941431885862e-09, 1.0948434159274711e-08], [null, 6.803047014614094e-09], [-1.2374894886590937e-08, 1.2871743670928026e-08], [-6.5988454700516286e-09, 8.836702924952533e-09], [null, 1.2878555999407126e-08], [null, 7.844120908373498e-09], [null, 8.45893133316622e-09], [null, 1.1141425559912932e-08], [null, 1.1895908258452437e-08], [null, 9.500123354655443e-09], [null, 1.072686206526896e-08], [-9.339143680620055e-09, 1.0880675027635789e-08], [-1.1449112768957548e-08, 1.288985984615465e-08], [null, 1.2843998753453434e-08], [null, 1.0829471541740077e-08], [null, 6.452977707738228e-09], [null, 1.0863780985914673e-08], [-9.515557231054572e-09, 1.0997155186487362e-08], [-1.0814407147563543e-08, 1.1505901120756334e-08], [null, 8.25669577153576e-09], [-7.723518713476096e-09, 9.552096891241035e-09]], "Extended_Source_Name": "                  ", "0FGL_Name": "                 ", "1FGL_Name": "                  ", "2FGL_Name": "                  ", "1FHL_Name": "                  ", "ASSOC_GAM1": "               ", "ASSOC_GAM2": "              ", "ASSOC_GAM3": "               ", "TEVCAT_FLAG": "N", "ASSOC_TEV": "                     ", "CLASS1": "fsrq ", "ASSOC1": "GB6 J0731+6718            ", "ASSOC2": "                          ", "Flags": 1, "catalog_row_index": 824}