{"Source_Name": "3FHL J0119.0-1458 ", "RAJ2000": 19.75078582763672, "DEJ2000": -14.968358993530273, "GLON": 152.12570190429688, "GLAT": -76.2524185180664, "Conf_95_SemiMajor": 0.031549982726573944, "Conf_95_SemiMinor": 0.031549982726573944, "Conf_95_PosAng": null, "ROI_num": 347, "Signif_Avg": 7.16811990737915, "Pivot_Energy": 22.263267517089844, "Flux_Density": 8.833145261240294e-13, "Unc_Flux_Density": 2.8686420101321775e-13, "Flux": 4.268140355034866e-11, "Unc_Flux": 1.3865279584190926e-11, "Energy_Flux": 2.288824511864629e-12, "Unc_Energy_Flux": 1.20829464055755e-12, "Signif_Curve": 1.6232770681381226, "SpectrumType": "PowerLaw   ", "Spectral_Index": 1.5072087049484253, "Unc_Spectral_Index": 0.6058496832847595, "beta": 0.9919266700744629, "Unc_beta": 0.2608098089694977, "PowerLaw_Index": 2.272376537322998, "Unc_PowerLaw_Index": 0.40290042757987976, "Flux_Band": [1.6420044143816703e-11, 2.3636185023101497e-11, 3.769603986597536e-12, 1.5034623055527017e-16, 1.0980090770669789e-20], "Unc_Flux_Band": [[-7.2388887419061465e-12, 1.0017488574765032e-11], [-9.024852046235488e-12, 1.1729112472935732e-11], [-2.661533753806067e-12, 4.933253892197564e-12], [null, 5.6004901237416416e-12], [null, 6.342201503556355e-12]], "nuFnu": [5.20455152499405e-13, 1.2388101612234581e-12, 4.410184240369319e-13, 4.9996569697938306e-17, 1.1247854951066886e-20], "Sqrt_TS_Band": [4.416232585906982, 5.960834503173828, 3.299936294555664, 0.0, 0.0], "Npred": 11.265336990356445, "HEP_Energy": 56.895198822021484, "HEP_Prob": 0.9985311031341553, "Variability_BayesBlocks": 1, "Extended_Source_Name": "                  ", "ASSOC_GAM": "3FGL J0118.9-1457 ", "TEVCAT_FLAG": "N", "ASSOC_TEV": "                     ", "CLASS": "bll    ", "ASSOC1": "1RXS J011905.4-145906     ", "ASSOC2": "                          ", "ASSOC_PROB_BAY": 0.9996179342269897, "ASSOC_PROB_LR": 0.9187015295028687, "Redshift": null, "NuPeak_obs": 6338697955901440.0, "source_id": 83}