{"Source_Name": "3FHL J2109.7+0440 ", "RAJ2000": 317.4261169433594, "DEJ2000": 4.669757843017578, "GLON": 54.85435485839844, "GLAT": -27.784568786621094, "Conf_95_SemiMajor": 0.0749431923031807, "Conf_95_SemiMinor": 0.0749431923031807, "Conf_95_PosAng": null, "ROI_num": 228, "Signif_Avg": 4.582865238189697, "Pivot_Energy": 12.772104263305664, "Flux_Density": 3.821435355655378e-12, "Unc_Flux_Density": 1.4396196908184056e-12, "Flux": 3.2690249812672434e-11, "Unc_Flux": 1.2334822399595602e-11, "Energy_Flux": 7.160682637119553e-13, "Unc_Energy_Flux": 2.956093486314315e-13, "Signif_Curve": 0.6602452993392944, "SpectrumType": "PowerLaw   ", "Spectral_Index": 4.318607330322266, "Unc_Spectral_Index": 1.6604832410812378, "beta": 0.9867939949035645, "Unc_beta": 0.41214895248413086, "PowerLaw_Index": 4.7106428146362305, "Unc_PowerLaw_Index": 1.3698333501815796, "Flux_Band": [3.319661212586311e-11, 1.9677913329358201e-19, 7.84695323822597e-20, 1.2203364557721847e-18, 5.427421512174808e-18], "Unc_Flux_Band": [[-1.1053661458371167e-11, 1.3743289492551547e-11], [null, 5.7131356936968025e-12], [null, 5.1733322486979816e-12], [null, 5.198729901428889e-12], [null, 6.20755877256407e-12]], "nuFnu": [9.63404920076294e-13, 8.931023029501724e-21, 7.561047145226253e-21, 3.2436411720861456e-19, 4.216849716738659e-18], "Sqrt_TS_Band": [5.5903120040893555, 0.0, 0.0, 0.0, 0.0], "Npred": 9.155854225158691, "HEP_Energy": 14.818400382995605, "HEP_Prob": 0.9659270644187927, "Variability_BayesBlocks": 1, "Extended_Source_Name": "                  ", "ASSOC_GAM": "3FGL J2110.0+0442 ", "TEVCAT_FLAG": "N", "ASSOC_TEV": "                     ", "CLASS": "       ", "ASSOC1": "                          ", "ASSOC2": "                          ", "ASSOC_PROB_BAY": 0.0, "ASSOC_PROB_LR": 0.0, "Redshift": null, "NuPeak_obs": null, "source_id": 1401}