{"Source_Name": "3FGL J0345.1-2353 ", "RAJ2000": 56.2942008972168, "DEJ2000": -23.886199951171875, "GLON": 218.1691131591797, "GLAT": -50.8553581237793, "Conf_68_SemiMajor": 0.03996393084526062, "Conf_68_SemiMinor": 0.03910050913691521, "Conf_68_PosAng": -11.710000038146973, "Conf_95_SemiMajor": 0.06480000168085098, "Conf_95_SemiMinor": 0.06340000033378601, "Conf_95_PosAng": -11.710000038146973, "ROI_num": 779, "Signif_Avg": 14.239612579345703, "Pivot_Energy": 805.6005249023438, "Flux_Density": 1.908592858410052e-12, "Unc_Flux_Density": 1.7160464672524856e-13, "Flux1000": 8.046130428596143e-10, "Unc_Flux1000": 9.061648653663212e-11, "Energy_Flux100": 1.0713766679382175e-11, "Unc_Energy_Flux100": 9.649902404929023e-13, "Signif_Curve": 2.046297311782837, "SpectrumType": "PowerLaw        ", "Spectral_Index": 2.4078776836395264, "Unc_Spectral_Index": 0.07383640855550766, "beta": null, "Unc_beta": null, "Cutoff": null, "Unc_Cutoff": null, "Exp_Index": null, "Unc_Exp_Index": null, "PowerLaw_Index": 2.4078776836395264, "Flux30_100": null, "Unc_Flux30_100": null, "nuFnu30_100": null, "Sqrt_TS30_100": null, "Flux100_300": 1.5129900887700387e-08, "Unc_Flux100_300": [-3.9958165665154866e-09, 4.102450823495474e-09], "nuFnu100_300": 3.4944219826776868e-12, "Sqrt_TS100_300": 3.865074872970581, "Flux300_1000": 3.859762731650562e-09, "Unc_Flux300_1000": [-4.974172740368488e-10, 5.207829167908073e-10], "nuFnu300_1000": 2.5276180887906508e-12, "Sqrt_TS300_1000": 9.032438278198242, "Flux1000_3000": 6.382885886502265e-10, "Unc_Flux1000_3000": [-1.0453957838274519e-10, 1.1224086937655642e-10], "nuFnu1000_3000": 1.4741996685885272e-12, "Sqrt_TS1000_3000": 8.563376426696777, "Flux3000_10000": 1.154291384697359e-10, "Unc_Flux3000_10000": [-3.173677293188959e-11, 3.7379210837684695e-11], "nuFnu3000_10000": 7.559033152020056e-13, "Sqrt_TS3000_10000": 5.7990241050720215, "Flux10000_100000": 2.238905762175225e-11, "Unc_Flux10000_100000": [-1.3459697766060597e-11, 1.9749514523770273e-11], "nuFnu10000_100000": 3.407641736060535e-13, "Sqrt_TS10000_100000": 2.962040662765503, "Variability_Index": 61.61769485473633, "Signif_Peak": null, "Flux_Peak": null, "Unc_Flux_Peak": null, "Time_Peak": null, "Peak_Interval": null, "Flux_History": [5.368789413040531e-09, 5.863023844199233e-09, 2.016370004298551e-08, 3.2986672948709383e-08, 2.5273489967503338e-08, 2.3236909285628826e-08, 1.9562587993959824e-08, 3.426545802653891e-08, 3.506468004843555e-08, 3.834623640841528e-08, 2.7517740974758453e-08, 1.3759620998143873e-08, 1.629516077628068e-08, 0.0, 0.0, 0.0, 0.0, 1.320070541765972e-08, 3.0726468480679614e-08, 2.8807912499928534e-08, 3.6603687192382495e-08, 1.1135672828288534e-08, 5.7672409070619324e-08, 1.3938646681310729e-08, 1.3962037082038137e-09, 8.990747701886903e-09, 1.1906566399488838e-08, 2.946811861193055e-08, 2.2143997746582045e-09, 9.970668735093113e-09, 0.0, 1.4880965792940515e-08, 7.4689063822575e-09, 3.6609549169952516e-08, 3.5388392660706813e-08, 2.495508155675452e-08, 2.1293587337822828e-08, 3.020021566157993e-08, 3.5211890292430326e-08, 3.428612949107901e-09, 2.2474008432027404e-08, 2.1476672884546133e-08, 2.6078874171275856e-08, 3.012480576103371e-08, 2.5891120358778608e-08, 2.400344989439418e-08, 1.1742395500391467e-08, 1.2386163206201672e-08], "Unc_Flux_History": [[null, 1.2133803295455436e-08], [null, 1.2173199337439655e-08], [-1.1254117637804484e-08, 1.3415580646380931e-08], [-1.2217627798349895e-08, 1.3476825877489773e-08], [-1.1094718921356161e-08, 1.3519446895315923e-08], [-9.88155957060144e-09, 1.1328512350416986e-08], [-1.1492917728617158e-08, 1.3066842718956195e-08], [-1.1935386012851268e-08, 1.3547396093827047e-08], [-1.1389488463464659e-08, 1.2632337842433117e-08], [-1.270862615143642e-08, 1.4485549648668439e-08], [-1.1180275372169035e-08, 1.2010496597270048e-08], [-7.652884548292604e-09, 1.0483805823469083e-08], [-9.673108536389918e-09, 1.1390959286927682e-08], [null, 1.3472204685172073e-08], [null, 1.3522917896580111e-08], [null, 9.933341260648376e-09], [null, 1.399183702233131e-08], [-9.136604361970058e-09, 1.073130739825956e-08], [-1.4925934266329932e-08, 1.6731641849787593e-08], [-1.061280574532475e-08, 1.1856589487990732e-08], [-1.6168359096013774e-08, 1.8158770487275433e-08], [-7.98139598856551e-09, 1.026535123571648e-08], [-1.3370247131661017e-08, 1.4445321383504961e-08], [-1.0179505238738784e-08, 1.2437927132680215e-08], [null, 7.692983139406806e-09], [-8.604291501512762e-09, 1.2100869639652956e-08], [-9.26090759634235e-09, 1.1586528181339872e-08], [-1.2560049889032143e-08, 1.5108371442806856e-08], [null, 1.2296096585373562e-08], [-7.945576641077423e-09, 1.0260682969942536e-08], [null, 1.4985674923195802e-08], [-9.634466557884025e-09, 1.2172280072775266e-08], [null, 1.509562430612732e-08], [-1.2031452278904453e-08, 1.3236649110126564e-08], [-1.3203069748612961e-08, 1.4634855105555289e-08], [-1.1240580910509834e-08, 1.3509961149793526e-08], [-9.472512552122225e-09, 1.1014312129020709e-08], [-1.6194189100815493e-08, 1.767117652207162e-08], [-1.3065658777122735e-08, 1.4280880478168001e-08], [null, 1.503810054259702e-08], [-1.0856122223401599e-08, 1.2347450173422203e-08], [-1.3237185569892063e-08, 1.5365110073162214e-08], [-1.2467239685065579e-08, 1.4187447661129227e-08], [-1.2879682209643306e-08, 1.4552998806038886e-08], [-1.467353349937639e-08, 1.7747808556123346e-08], [-1.1528324073140084e-08, 1.2665971382830321e-08], [-8.906559045840368e-09, 1.3383884223117093e-08], [-7.458088369105553e-09, 8.39534219920779e-09]], "Extended_Source_Name": "                  ", "0FGL_Name": "                 ", "1FGL_Name": "1FGL J0345.2-2355 ", "2FGL_Name": "2FGL J0345.2-2356 ", "1FHL_Name": "                  ", "ASSOC_GAM1": "               ", "ASSOC_GAM2": "              ", "ASSOC_GAM3": "               ", "TEVCAT_FLAG": "N", "ASSOC_TEV": "                     ", "CLASS1": "bll  ", "ASSOC1": "NVSS J034518-235218       ", "ASSOC2": "                          ", "Flags": 0, "source_id": 434}