{"Source_Name": "3FHL J1012.6+4228 ", "RAJ2000": 153.1730499267578, "DEJ2000": 42.48298263549805, "GLON": 176.92161560058594, "GLAT": 54.39503860473633, "Conf_95_SemiMajor": 0.042796384543180466, "Conf_95_SemiMinor": 0.042796384543180466, "Conf_95_PosAng": null, "ROI_num": 393, "Signif_Avg": 7.46927547454834, "Pivot_Energy": 27.612199783325195, "Flux_Density": 6.106660316307355e-13, "Unc_Flux_Density": 1.70490046234352e-13, "Flux": 4.5991568192738086e-11, "Unc_Flux": 1.283849415667504e-11, "Energy_Flux": 3.771719915557359e-12, "Unc_Energy_Flux": 1.949280363858219e-12, "Signif_Curve": 0.47685903310775757, "SpectrumType": "PowerLaw   ", "Spectral_Index": 1.79459547996521, "Unc_Spectral_Index": 0.48231828212738037, "beta": 0.14055466651916504, "Unc_beta": 0.40211451053619385, "PowerLaw_Index": 1.9306150674819946, "Unc_PowerLaw_Index": 0.30859848856925964, "Flux_Band": [1.59075096844985e-11, 2.0144941270672234e-11, 8.154833579243626e-12, 9.516827048263915e-22, 2.6635885337633614e-12], "Unc_Flux_Band": [[-6.770160820845916e-12, 9.017991214888e-12], [-7.161089863455539e-12, 9.251511015606617e-12], [-4.338274097598349e-12, 6.1840532694645844e-12], [null, 4.580531700465462e-12], [-2.4962052824067937e-12, 4.724773090131196e-12]], "nuFnu": [5.110825499789196e-13, 1.0809031621150655e-12, 9.865347471230135e-13, 3.293870913048313e-22, 2.87557477829381e-12], "Sqrt_TS_Band": [4.098804473876953, 6.225798606872559, 3.5646328926086426, 0.0, 1.1050608158111572], "Npred": 15.046563148498535, "HEP_Energy": 94.51570129394531, "HEP_Prob": 0.9046425819396973, "Variability_BayesBlocks": 1, "Extended_Source_Name": "                  ", "ASSOC_GAM": "3FGL J1012.7+4229 ", "TEVCAT_FLAG": "N", "ASSOC_TEV": "                     ", "CLASS": "bll    ", "ASSOC1": "B3 1009+427               ", "ASSOC2": "                          ", "ASSOC_PROB_BAY": 0.9994624257087708, "ASSOC_PROB_LR": 0.9728103876113892, "Redshift": 0.36500000953674316, "NuPeak_obs": 4.709776955434598e+16, "source_id": 622}