{"Source_Name": "3FGL J0023.5+4454 ", "RAJ2000": 5.8780999183654785, "DEJ2000": 44.90549850463867, "GLON": 117.74822235107422, "GLAT": -17.684940338134766, "Conf_68_SemiMajor": 0.085231713950634, "Conf_68_SemiMinor": 0.067099928855896, "Conf_68_PosAng": -86.6500015258789, "Conf_95_SemiMajor": 0.13819999992847443, "Conf_95_SemiMinor": 0.1088000014424324, "Conf_95_PosAng": -86.6500015258789, "ROI_num": 303, "Signif_Avg": 8.956872940063477, "Pivot_Energy": 620.3806762695312, "Flux_Density": 2.4738485999292736e-12, "Unc_Flux_Density": 2.9547631702486754e-13, "Flux1000": 4.6260506536555113e-10, "Unc_Flux1000": 7.649714889312875e-11, "Energy_Flux100": 7.424421320789687e-12, "Unc_Energy_Flux100": 9.003944508381712e-13, "Signif_Curve": 0.2577809989452362, "SpectrumType": "PowerLaw        ", "Spectral_Index": 2.568493127822876, "Unc_Spectral_Index": 0.1029738113284111, "beta": null, "Unc_beta": null, "Cutoff": null, "Unc_Cutoff": null, "Exp_Index": null, "Unc_Exp_Index": null, "PowerLaw_Index": 2.568493127822876, "Flux30_100": null, "Unc_Flux30_100": null, "nuFnu30_100": null, "Sqrt_TS30_100": null, "Flux100_300": 1.538715288518233e-08, "Unc_Flux100_300": [-3.2016040929505607e-09, 3.2885638656665606e-09], "nuFnu100_300": 3.5002740723238945e-12, "Sqrt_TS100_300": 4.893520832061768, "Flux300_1000": 2.212869665285666e-09, "Unc_Flux300_1000": [-4.73774575127095e-10, 4.877390158419814e-10], "nuFnu300_1000": 1.423245419088226e-12, "Sqrt_TS300_1000": 5.027026653289795, "Flux1000_3000": 4.2415468359813246e-10, "Unc_Flux1000_3000": [-9.660348215811965e-11, 1.0231836211627154e-10], "nuFnu1000_3000": 9.648682677484977e-13, "Sqrt_TS1000_3000": 5.448983669281006, "Flux3000_10000": 5.420763837804543e-11, "Unc_Flux3000_10000": [-2.605807063182919e-11, 3.167393777814276e-11], "nuFnu3000_10000": 3.4864578129893686e-13, "Sqrt_TS3000_10000": 2.4481890201568604, "Flux10000_100000": 1.0338482674121519e-11, "Unc_Flux10000_100000": [-7.709393887167515e-12, 1.2619128832158655e-11], "nuFnu10000_100000": 1.4886075499435242e-13, "Sqrt_TS10000_100000": 1.633483648300171, "Variability_Index": 69.71289825439453, "Signif_Peak": null, "Flux_Peak": null, "Unc_Flux_Peak": null, "Time_Peak": null, "Peak_Interval": null, "Flux_History": [1.7140608932209034e-08, 3.249729019216829e-08, 2.410841659639118e-08, 3.8306946947841425e-08, 1.792980164339042e-08, 1.677332051031044e-08, 0.0, 1.7366572180321782e-08, 0.0, 3.9720244870977695e-09, 3.9048998701218807e-08, 3.493264344456293e-08, 7.417852998514718e-08, 1.0962906138445305e-08, 1.7895848358762123e-08, 1.5863324875908802e-08, 6.420845188870317e-09, 1.0171187447838292e-08, 1.0290818863722961e-08, 3.960037275874129e-08, 8.79459438607455e-09, 2.984943137107621e-08, 4.553587373834489e-08, 3.5988660940233785e-09, 2.560695477882291e-08, 3.234145395936139e-09, 0.0, 1.840194840951881e-08, 0.0, 9.576374138120514e-10, 0.0, 1.4503005907329225e-08, 0.0, 1.2214046662961664e-08, 0.0, 0.0, 2.2571867930309963e-08, 2.8372616256433503e-08, 2.4603052040106377e-08, 2.509598040489891e-08, 2.565896473072371e-08, 2.39456383610559e-08, 0.0, 0.0, 8.184653843557044e-09, 2.1253146798017042e-08, 0.0, 0.0], "Unc_Flux_History": [[-1.303416041764649e-08, 1.5379182372043942e-08], [-1.1838910296546601e-08, 1.3673653320722678e-08], [-1.5528902608252793e-08, 1.6337889263695615e-08], [-1.4442278484239068e-08, 1.5098873262786583e-08], [-1.147869355122566e-08, 1.3854722702433264e-08], [-1.2048298358990905e-08, 1.3746928928526359e-08], [null, 1.579423347664033e-08], [-1.2461642384664628e-08, 1.460576815048853e-08], [null, 1.1863887650065408e-08], [null, 1.3039128887726292e-08], [-1.6095677679572873e-08, 1.7728918777493163e-08], [-1.546905359361972e-08, 1.7047835143557677e-08], [-1.666826854318515e-08, 1.7820591224904092e-08], [-1.0701691088854659e-08, 1.2873319299444574e-08], [-1.287437001451508e-08, 1.4804982129135169e-08], [-1.3962079492557677e-08, 1.5695015065375628e-08], [null, 1.384211767430088e-08], [-9.250287646977995e-09, 1.1876945649191839e-08], [null, 1.2697465301414468e-08], [-1.6673469716010914e-08, 1.8717630112519146e-08], [null, 1.3415561106455698e-08], [-1.4841569750956296e-08, 1.6652561996011173e-08], [-1.4774109935444812e-08, 1.649909009415751e-08], [null, 1.1305418823326363e-08], [-1.4753545940493495e-08, 1.6484323239751575e-08], [null, 1.4673583237367893e-08], [null, 1.2150522366027872e-08], [-1.0620287760332303e-08, 1.3096796536160582e-08], [null, 1.3164854983926944e-08], [null, 1.2920648551073555e-08], [null, 1.3813441945842442e-08], [-1.2148290373659165e-08, 1.52019516974633e-08], [null, 1.2647401348431231e-08], [null, 1.3847929025700978e-08], [null, 1.1726890569718762e-08], [null, 1.1823722445569729e-08], [-1.2174900199113381e-08, 1.3755077077348687e-08], [-1.6129853008806094e-08, 1.730073861949677e-08], [-1.3930122833016867e-08, 1.5869741076812716e-08], [-1.1998084303854739e-08, 1.3581436419940474e-08], [-1.3699874124029066e-08, 1.6048636197751875e-08], [-1.1498593188719042e-08, 1.3556135769476896e-08], [null, 1.51441348350545e-08], [null, 9.154561553259555e-09], [null, 1.4964699701636164e-08], [-1.5184324908545932e-08, 1.6594530194424806e-08], [null, 1.4851051055586595e-08], [null, 1.1310619996152127e-08]], "Extended_Source_Name": "                  ", "0FGL_Name": "                 ", "1FGL_Name": "1FGL J0023.0+4453 ", "2FGL_Name": "2FGL J0023.2+4454 ", "1FHL_Name": "                  ", "ASSOC_GAM1": "               ", "ASSOC_GAM2": "              ", "ASSOC_GAM3": "               ", "TEVCAT_FLAG": "N", "ASSOC_TEV": "                     ", "CLASS1": "fsrq ", "ASSOC1": "B3 0020+446               ", "ASSOC2": "                          ", "Flags": 0, "catalog_row_index": 56}