{"Source_Name": "3FHL J0002.1-6728 ", "RAJ2000": 0.528261661529541, "DEJ2000": -67.48248291015625, "GLON": 310.0867919921875, "GLAT": -48.954864501953125, "Conf_95_SemiMajor": 0.03571280464529991, "Conf_95_SemiMinor": 0.03571280464529991, "Conf_95_PosAng": null, "ROI_num": 386, "Signif_Avg": 8.469597816467285, "Pivot_Energy": 20.824968338012695, "Flux_Density": 1.2061952998909664e-12, "Unc_Flux_Density": 3.210605067395511e-13, "Flux": 5.009285347634673e-11, "Unc_Flux": 1.3349325117539834e-11, "Energy_Flux": 2.3057877222149026e-12, "Unc_Energy_Flux": 9.5579956709696e-13, "Signif_Curve": 1.5294123888015747, "SpectrumType": "PowerLaw   ", "Spectral_Index": 1.810941457748413, "Unc_Spectral_Index": 0.6260088086128235, "beta": 0.793346107006073, "Unc_beta": 0.595646858215332, "PowerLaw_Index": 2.428532361984253, "Unc_PowerLaw_Index": 0.370956152677536, "Flux_Band": [2.4550663585420907e-11, 2.047557262629951e-11, 4.420503459806602e-12, 1.5710619660728575e-18, 1.9009975647596715e-21], "Unc_Flux_Band": [[-8.634194921530725e-12, 1.0773101161154486e-11], [-7.15528547870492e-12, 9.160303592048447e-12], [-2.912842276409089e-12, 4.971790774216389e-12], [null, 4.334172343939402e-12], [null, 4.802190329417089e-12]], "nuFnu": [7.734069461251547e-13, 1.0618735708442517e-12, 5.094789065455962e-13, 5.132137679032925e-19, 1.9026535415719115e-21], "Sqrt_TS_Band": [5.900217056274414, 6.1780805587768555, 3.500211477279663, 0.0, 0.0], "Npred": 17.11056137084961, "HEP_Energy": 52.15169906616211, "HEP_Prob": 0.9988399147987366, "Variability_BayesBlocks": 1, "Extended_Source_Name": "                  ", "ASSOC_GAM": "3FGL J0002.0-6722 ", "TEVCAT_FLAG": "N", "ASSOC_TEV": "                     ", "CLASS": "bcu    ", "ASSOC1": "SUMSS J000215-672653      ", "ASSOC2": "                          ", "ASSOC_PROB_BAY": 0.0, "ASSOC_PROB_LR": 0.9394818544387817, "Redshift": null, "NuPeak_obs": 4466832022962176.0, "source_id": 2}