{"Source_Name": "3FHL J1337.7-1257 ", "RAJ2000": 204.43833923339844, "DEJ2000": -12.954846382141113, "GLON": 320.0567321777344, "GLAT": 48.370880126953125, "Conf_95_SemiMajor": 0.061237744987010956, "Conf_95_SemiMinor": 0.061237744987010956, "Conf_95_PosAng": null, "ROI_num": 475, "Signif_Avg": 5.480154991149902, "Pivot_Energy": 16.826435089111328, "Flux_Density": 1.83771834555424e-12, "Unc_Flux_Density": 5.98085925403169e-13, "Flux": 4.378791773618218e-11, "Unc_Flux": 1.4255262768825272e-11, "Energy_Flux": 1.4946566120194182e-12, "Unc_Energy_Flux": 7.911833081047925e-13, "Signif_Curve": 1.0134799480438232, "SpectrumType": "PowerLaw   ", "Spectral_Index": 3.2964930534362793, "Unc_Spectral_Index": 0.7610307931900024, "beta": -0.30925679206848145, "Unc_beta": 0.2449551373720169, "PowerLaw_Index": 2.8514866828918457, "Unc_PowerLaw_Index": 0.7443887591362, "Flux_Band": [3.8483594783089714e-11, 4.45209707384338e-15, 3.139643276264814e-12, 3.0247907043673417e-12, 6.49223787982452e-18], "Unc_Flux_Band": [[-1.1949742410866104e-11, 1.4597718867026543e-11], [null, 7.169575263338279e-12], [-2.4286531986883464e-12, 4.719836934480304e-12], [-2.4076524194477367e-12, 4.723131174361184e-12], [null, 5.754382647465972e-12]], "nuFnu": [1.1926237991968791e-12, 2.2452214982597053e-16, 3.4793074996618267e-13, 9.432955718619018e-13, 6.121126606725054e-18], "Sqrt_TS_Band": [6.251707077026367, 0.0, 1.6842012405395508, 1.5329680442810059, 0.0], "Npred": 12.38848876953125, "HEP_Energy": 139.79600524902344, "HEP_Prob": 0.8462411165237427, "Variability_BayesBlocks": 1, "Extended_Source_Name": "                  ", "ASSOC_GAM": "3FGL J1337.6-1257 ", "TEVCAT_FLAG": "N", "ASSOC_TEV": "                     ", "CLASS": "fsrq   ", "ASSOC1": "PKS 1335-127              ", "ASSOC2": "                          ", "ASSOC_PROB_BAY": 0.9981480836868286, "ASSOC_PROB_LR": 0.998883068561554, "Redshift": 0.5389999747276306, "NuPeak_obs": 7286185000960.0, "source_id": 877}