{"Source_Name": "3FGL J2133.6+2821 ", "RAJ2000": 323.4036865234375, "DEJ2000": 28.35759925842285, "GLON": 78.56121826171875, "GLAT": -17.00905418395996, "Conf_68_SemiMajor": 0.13080786168575287, "Conf_68_SemiMinor": 0.11976843327283859, "Conf_68_PosAng": -45.099998474121094, "Conf_95_SemiMajor": 0.21209999918937683, "Conf_95_SemiMinor": 0.19419999420642853, "Conf_95_PosAng": -45.099998474121094, "ROI_num": 253, "Signif_Avg": 4.132015228271484, "Pivot_Energy": 674.7901611328125, "Flux_Density": 1.1406184156903532e-12, "Unc_Flux_Density": 2.5810308209271715e-13, "Flux1000": 2.503240670304052e-10, "Unc_Flux1000": 7.122316625363112e-11, "Energy_Flux100": 4.329678109094015e-12, "Unc_Energy_Flux100": 1.0235461566851511e-12, "Signif_Curve": 0.3359868824481964, "SpectrumType": "PowerLaw        ", "Spectral_Index": 2.6234312057495117, "Unc_Spectral_Index": 0.17154920101165771, "beta": null, "Unc_beta": null, "Cutoff": null, "Unc_Cutoff": null, "Exp_Index": null, "Unc_Exp_Index": null, "PowerLaw_Index": 2.6234312057495117, "Flux30_100": null, "Unc_Flux30_100": null, "nuFnu30_100": null, "Sqrt_TS30_100": null, "Flux100_300": 6.587928869095094e-09, "Unc_Flux100_300": [-3.398138881394175e-09, 3.454297958782604e-09], "nuFnu100_300": 1.4909573142068977e-12, "Sqrt_TS100_300": 1.8855102062225342, "Flux300_1000": 1.6395896862420045e-09, "Unc_Flux300_1000": [-5.93203652865526e-10, 6.085624781881904e-10], "nuFnu300_1000": 1.0481468123990645e-12, "Sqrt_TS300_1000": 2.8362064361572266, "Flux1000_3000": 1.7123370776861435e-10, "Unc_Flux1000_3000": [-9.983913001887501e-11, 1.0945908762716172e-10], "nuFnu1000_3000": 3.8753020432415186e-13, "Sqrt_TS1000_3000": 1.792201042175293, "Flux3000_10000": 2.591464196011195e-11, "Unc_Flux3000_10000": [-2.0906616715610227e-11, 2.8025774409523585e-11], "nuFnu3000_10000": 1.6566553630217168e-13, "Sqrt_TS3000_10000": 1.3158950805664062, "Flux10000_100000": 1.5059509195225473e-11, "Unc_Flux10000_100000": [-8.937044680690232e-12, 1.4496535916119768e-11], "nuFnu10000_100000": 2.1294993763146253e-13, "Sqrt_TS10000_100000": 2.6173672676086426, "Variability_Index": 46.080074310302734, "Signif_Peak": null, "Flux_Peak": null, "Unc_Flux_Peak": null, "Time_Peak": null, "Peak_Interval": null, "Flux_History": [1.1159333013210926e-08, 0.0, 0.0, 8.977851351232857e-09, 2.5630878752735953e-08, 2.3088912115554194e-08, 0.0, 0.0, 3.559238237471618e-08, 0.0, 1.4817869598005018e-08, 0.0, 0.0, 0.0, 2.0718582405265806e-09, 3.125914105339689e-08, 1.3630371498152272e-08, 1.83019270849627e-08, 4.5893411737552015e-08, 0.0, 4.469230319159578e-09, 0.0, 1.9970816111936074e-08, 0.0, 0.0, 3.786505686775854e-08, 0.0, 2.5795690916652347e-08, 2.5942924253286037e-08, 0.0, 2.656472553042022e-08, 0.0, 2.046980140946175e-09, 3.0455096222681277e-09, 1.0333731204070773e-08, 1.3468890003309753e-08, 1.1119950293903003e-08, 2.38590889267698e-08, 7.411713909277751e-09, 3.045669672019358e-08, 0.0, 9.48090939090207e-09, 1.8487794406496505e-08, 1.9191970679344195e-08, 3.9779095573067025e-08, 0.0, 1.8014709723956912e-08, 4.81477648861528e-08], "Unc_Flux_History": [[null, 1.6235329525216002e-08], [null, 1.438037244838597e-08], [null, 1.3075592164568661e-08], [null, 1.7298471988169695e-08], [-1.459495369005026e-08, 1.7184715872531342e-08], [-1.4115256519176e-08, 1.632223778358366e-08], [null, 1.557473261470932e-08], [null, 1.3868148407425451e-08], [-1.8065131612843288e-08, 1.9680413743117242e-08], [null, 1.7581054834181487e-08], [null, 1.6580294470713852e-08], [null, 1.4286349880876514e-08], [null, 1.2832864548784073e-08], [null, 1.36392319660672e-08], [null, 1.682625416776773e-08], [-1.6635562261058112e-08, 1.798408888475933e-08], [null, 1.8713896210442726e-08], [-1.4749574894779016e-08, 1.7245580963276552e-08], [-1.9434519771266423e-08, 2.106412821945014e-08], [null, 1.8203461848997904e-08], [null, 1.0937430516833047e-08], [null, 1.477218969370142e-08], [-1.1976819536130279e-08, 1.507572378045552e-08], [null, 1.8543095947620714e-08], [null, 1.3858101333141803e-08], [-2.0057616012536528e-08, 2.1887585077706717e-08], [null, 1.4740956899572666e-08], [-1.4345773458046551e-08, 1.6510261602320497e-08], [-1.88781168475316e-08, 2.292729917030556e-08], [null, 1.3597035497525667e-08], [-2.2195804305624733e-08, 2.3943512061919137e-08], [null, 9.969240544194236e-09], [null, 2.046944835853992e-08], [null, 1.831276641439672e-08], [null, 1.6568844074527078e-08], [null, 2.053413439284668e-08], [null, 1.7560212839384803e-08], [-2.1705115926806684e-08, 2.3551844918756615e-08], [null, 1.8660271550174912e-08], [-2.0515468435178263e-08, 2.1993125542962844e-08], [null, 1.5244552287185797e-08], [null, 1.7360905602004095e-08], [-1.7479980130019612e-08, 1.944143335208537e-08], [-1.2157999940143327e-08, 1.6373276068293308e-08], [-1.8188936579122128e-08, 2.0002943301733467e-08], [null, 1.5418605059380752e-08], [null, 1.762775525548932e-08], [-2.0370650943846158e-08, 2.239567820083721e-08]], "Extended_Source_Name": "                  ", "0FGL_Name": "                 ", "1FGL_Name": "                  ", "2FGL_Name": "                  ", "1FHL_Name": "                  ", "ASSOC_GAM1": "               ", "ASSOC_GAM2": "              ", "ASSOC_GAM3": "               ", "TEVCAT_FLAG": "N", "ASSOC_TEV": "                     ", "CLASS1": "     ", "ASSOC1": "                          ", "ASSOC2": "                          ", "Flags": 0, "catalog_row_index": 2777}