{"Source_Name": "3FGL J1028.5-0235 ", "RAJ2000": 157.14410400390625, "DEJ2000": -2.5845000743865967, "GLON": 248.04078674316406, "GLAT": 44.532264709472656, "Conf_68_SemiMajor": 0.07653585821390152, "Conf_68_SemiMinor": 0.06876509636640549, "Conf_68_PosAng": -55.36000061035156, "Conf_95_SemiMajor": 0.12409999966621399, "Conf_95_SemiMinor": 0.11150000244379044, "Conf_95_PosAng": -55.36000061035156, "ROI_num": 747, "Signif_Avg": 4.744162559509277, "Pivot_Energy": 1035.3822021484375, "Flux_Density": 3.4394365068697585e-13, "Unc_Flux_Density": 7.760181115323145e-14, "Flux1000": 2.661930953440361e-10, "Unc_Flux1000": 6.680919706347765e-11, "Energy_Flux100": 3.527381295040377e-12, "Unc_Energy_Flux100": 8.159276206065602e-13, "Signif_Curve": 0.6432183980941772, "SpectrumType": "PowerLaw        ", "Spectral_Index": 2.4029810428619385, "Unc_Spectral_Index": 0.1641862988471985, "beta": null, "Unc_beta": null, "Cutoff": null, "Unc_Cutoff": null, "Exp_Index": null, "Unc_Exp_Index": null, "PowerLaw_Index": 2.4029810428619385, "Flux30_100": null, "Unc_Flux30_100": null, "nuFnu30_100": null, "Sqrt_TS30_100": null, "Flux100_300": 3.974712559084992e-09, "Unc_Flux100_300": [-3.244239099586821e-09, 3.1477727091555607e-09], "nuFnu100_300": 9.18433840264854e-13, "Sqrt_TS100_300": 1.2316094636917114, "Flux300_1000": 1.2318122077914495e-09, "Unc_Flux300_1000": [-4.673289533130287e-10, 4.797146568868982e-10], "nuFnu300_1000": 8.071170684922913e-13, "Sqrt_TS300_1000": 2.7712295055389404, "Flux1000_3000": 1.7634591009674239e-10, "Unc_Flux1000_3000": [-7.901906212692822e-11, 8.582282107205685e-11], "nuFnu1000_3000": 4.074811777061982e-13, "Sqrt_TS1000_3000": 2.5037615299224854, "Flux3000_10000": 4.965092920139469e-11, "Unc_Flux3000_10000": [-2.3830151393844368e-11, 3.09907308149171e-11], "nuFnu3000_10000": 3.253264628175212e-13, "Sqrt_TS3000_10000": 3.0964808464050293, "Flux10000_100000": 7.665814164004026e-12, "Unc_Flux10000_100000": [-5.738407145294833e-12, 1.1176635138221425e-11], "nuFnu10000_100000": 1.1687904062553794e-13, "Sqrt_TS10000_100000": 1.8769614696502686, "Variability_Index": 84.3351058959961, "Signif_Peak": 4.244883060455322, "Flux_Peak": 6.95075854650895e-08, "Unc_Flux_Peak": 1.9011686447356624e-08, "Time_Peak": 295875008.0, "Peak_Interval": 2630000.0, "Flux_History": [0.0, 3.076759291786857e-09, 0.0, 2.030788204265832e-09, 3.829656591847197e-09, 0.0, 0.0, 0.0, 0.0, 1.5067611602859188e-09, 1.2923503156514471e-08, 0.0, 0.0, 1.0052150223316403e-08, 2.19018492231271e-08, 0.0, 1.3211209903829513e-08, 0.0, 2.7066147101351135e-09, 0.0, 6.344978942252055e-08, 6.95075854650895e-08, 9.572710624183856e-09, 0.0, 1.1972643321200849e-08, 1.9263287853732436e-08, 1.109010216993056e-08, 5.773647338003229e-09, 1.0163215824476879e-09, 0.0, 0.0, 8.940725937378602e-10, 1.5927933416648443e-09, 0.0, 0.0, 0.0, 1.3089038297664501e-08, 0.0, 0.0, 1.7730267032334268e-08, 0.0, 0.0, 1.9876413404062987e-08, 0.0, 6.439399236057852e-09, 4.3512663694400544e-08, 2.785812691641354e-10, 1.7157612219875773e-08], "Unc_Flux_History": [[null, 6.982706857172616e-09], [null, 1.1280707923333466e-08], [null, 8.198315804008871e-09], [null, 1.2085814127260619e-08], [null, 1.036774222029635e-08], [null, 1.203886501599527e-08], [null, 8.027950748612511e-09], [null, 1.1888979578600356e-08], [null, 9.620398699894395e-09], [null, 1.041978059390658e-08], [-8.993533029411083e-09, 1.1416800838048857e-08], [null, 1.1656978493590486e-08], [null, 8.962258490896602e-09], [null, 1.3616462624099768e-08], [-1.4831332606490832e-08, 1.6733089580611704e-08], [null, 9.907337172876396e-09], [-1.0676088457728383e-08, 1.3357890793486149e-08], [null, 7.687385839005856e-09], [null, 1.3082728678170952e-08], [null, 1.3895645523120947e-08], [-1.4186182006881154e-08, 1.5288225796439292e-08], [-1.9011686447356624e-08, 2.0309299131326952e-08], [null, 1.203033583863089e-08], [null, 1.2574997931835696e-08], [-9.426122105082868e-09, 1.3334032544776164e-08], [-1.389060422241073e-08, 1.5471176340042803e-08], [null, 1.5051000445964746e-08], [null, 1.0773478997805341e-08], [null, 1.39807321275498e-08], [null, 9.000818756987883e-09], [null, 1.1064438254493325e-08], [null, 1.4009365223444092e-08], [null, 1.6139534153580826e-08], [null, 1.3747473381897635e-08], [null, 1.3031785428552212e-08], [null, 1.542809435761683e-08], [-1.2080751510268328e-08, 1.3615919947085331e-08], [null, 1.3932237585834173e-08], [null, 7.3182597759569035e-09], [-9.806649714505511e-09, 1.2175862984520336e-08], [null, 1.2617966227423949e-08], [null, 1.1779996533789472e-08], [-1.5475883685667213e-08, 1.6613016740052444e-08], [null, 1.4293043193447375e-08], [null, 1.4782642665522872e-08], [-1.326731435824513e-08, 1.6529135393739125e-08], [null, 1.4672625781031456e-08], [-1.2043448904819343e-08, 1.5049694823687787e-08]], "Extended_Source_Name": "                  ", "0FGL_Name": "                 ", "1FGL_Name": "                  ", "2FGL_Name": "                  ", "1FHL_Name": "                  ", "ASSOC_GAM1": "               ", "ASSOC_GAM2": "              ", "ASSOC_GAM3": "               ", "TEVCAT_FLAG": "N", "ASSOC_TEV": "                     ", "CLASS1": "fsrq ", "ASSOC1": "PMN J1028-0237            ", "ASSOC2": "                          ", "Flags": 0, "catalog_row_index": 1202}