{"Source_Name": "3FGL J1024.6-0718 ", "RAJ2000": 156.15159606933594, "DEJ2000": -7.310999870300293, "GLON": 251.68309020996094, "GLAT": 40.51694107055664, "Conf_68_SemiMajor": 0.06790167838335037, "Conf_68_SemiMinor": 0.06210443750023842, "Conf_68_PosAng": 69.08000183105469, "Conf_95_SemiMajor": 0.11010000109672546, "Conf_95_SemiMinor": 0.1006999984383583, "Conf_95_PosAng": 69.08000183105469, "ROI_num": 747, "Signif_Avg": 8.977185249328613, "Pivot_Energy": 2075.525634765625, "Flux_Density": 2.434271588556275e-13, "Unc_Flux_Density": 3.518927906226779e-14, "Flux1000": 7.51329332082662e-10, "Unc_Flux1000": 1.0862551136359144e-10, "Energy_Flux100": 3.581144929210023e-12, "Unc_Energy_Flux100": 5.178594640782574e-13, "Signif_Curve": 4.782362937927246, "SpectrumType": "PLExpCutoff     ", "Spectral_Index": 0.5000237822532654, "Unc_Spectral_Index": null, "beta": null, "Unc_beta": null, "Cutoff": 1384.92919921875, "Unc_Cutoff": 234.14735412597656, "Exp_Index": 1.0, "Unc_Exp_Index": null, "PowerLaw_Index": 2.1275157928466797, "Flux30_100": null, "Unc_Flux30_100": null, "nuFnu30_100": null, "Sqrt_TS30_100": null, "Flux100_300": 1.7610459757122499e-09, "Unc_Flux100_300": [null, 1.6729180263297394e-09], "nuFnu100_300": 4.848649151449613e-13, "Sqrt_TS100_300": 0.9608728885650635, "Flux300_1000": 7.329645917986127e-11, "Unc_Flux300_1000": [null, 3.1314895121425934e-10], "nuFnu300_1000": 5.740494749472899e-14, "Sqrt_TS300_1000": 0.2666785418987274, "Flux1000_3000": 7.246921951420404e-10, "Unc_Flux1000_3000": [-1.1527786364373682e-10, 1.2352611988841744e-10], "nuFnu1000_3000": 1.7850439008870733e-12, "Sqrt_TS1000_3000": 8.600550651550293, "Flux3000_10000": 9.977438319985765e-11, "Unc_Flux3000_10000": [-3.42429556932089e-11, 4.150230506483332e-11], "nuFnu3000_10000": 5.397317792352196e-13, "Sqrt_TS3000_10000": 4.235098838806152, "Flux10000_100000": 1.9576195607720658e-15, "Unc_Flux10000_100000": [null, 1.3178219800125124e-11], "nuFnu10000_100000": 1.813785233488503e-17, "Sqrt_TS10000_100000": 0.0, "Variability_Index": 49.46873474121094, "Signif_Peak": null, "Flux_Peak": null, "Unc_Flux_Peak": null, "Time_Peak": null, "Peak_Interval": null, "Flux_History": [0.0, 3.362889966496141e-09, 0.0, 4.659488350711172e-09, 9.398384293035633e-10, 4.8267345675867546e-09, 4.028374078757224e-09, 2.2129151844296757e-09, 4.63574023612523e-09, 7.561934967093009e-10, 2.5409083725946857e-09, 3.5007667875674997e-09, 1.5438862410732668e-09, 2.8807292107302374e-09, 2.339660465366933e-09, 1.972878749256779e-09, 1.2101922797214115e-09, 2.699943157935536e-09, 2.073355265252985e-09, 0.0, 3.472604426235648e-09, 2.3547461758255395e-09, 8.304751886178963e-10, 1.7193602097620442e-09, 5.326014296258563e-09, 0.0, 0.0, 1.0034988395801747e-09, 6.6697518619207585e-09, 9.094326403058517e-10, 1.1018551404617938e-08, 0.0, 1.9616792912291459e-10, 2.297173118392948e-09, 0.0, 4.273644993446624e-09, 1.112072878228787e-09, 0.0, 2.7546052105975605e-09, 1.1147993639326614e-09, 0.0, 6.287605103239002e-09, 3.948597004921339e-09, 2.395111886599466e-09, 9.238887987983446e-10, 7.554975312018541e-09, 5.268942615543892e-09, 0.0], "Unc_Flux_History": [[null, 2.9801932033279854e-09], [-1.9256387595589786e-09, 2.5281914339814193e-09], [null, 1.6432338822980341e-09], [-1.9699069042644624e-09, 2.466017612334781e-09], [null, 2.0381969445537607e-09], [-2.2450903358617325e-09, 2.919725572425591e-09], [-2.0377983744879202e-09, 2.7212128106413047e-09], [-1.531813231814283e-09, 2.2370332253274228e-09], [-2.1736945576833477e-09, 2.664591214340817e-09], [null, 2.150988942517529e-09], [-2.405943222427709e-09, 3.260090641887814e-09], [-2.2720811898579996e-09, 2.9074644913862357e-09], [-1.1456751103366969e-09, 2.0188977156720966e-09], [-2.085886796621139e-09, 2.8045259448106208e-09], [-1.8259105338813697e-09, 3.0495650449324785e-09], [null, 3.306777296430141e-09], [null, 2.966104917234702e-09], [-2.12355888429272e-09, 2.902360574097429e-09], [-1.741829347423618e-09, 2.6955466747580203e-09], [null, 2.324249903651321e-09], [-2.383258035365543e-09, 3.1815736711848785e-09], [-2.219652239787706e-09, 2.9949160929021446e-09], [null, 2.257190212517912e-09], [null, 2.9793689737545037e-09], [-2.762828632540959e-09, 3.5944469622961606e-09], [null, 4.180817470000875e-09], [null, 2.9205113882824207e-09], [null, 2.5343953602430247e-09], [-3.5131868525439813e-09, 4.0602778916820625e-09], [null, 2.785385477821478e-09], [-4.1987053833736354e-09, 5.0043644783670516e-09], [null, 3.606471121742061e-09], [null, 3.400383530305362e-09], [-1.846919173154049e-09, 2.866602732964907e-09], [null, 2.746293192856797e-09], [-2.8101685423109757e-09, 3.752920640920365e-09], [null, 3.527478753539981e-09], [null, 2.597054571396029e-09], [-1.7757847414756611e-09, 2.4351445304660047e-09], [null, 2.5581052831569195e-09], [null, 2.3683115468742244e-09], [-2.5838280404144598e-09, 3.0672773210227433e-09], [-2.43222553208966e-09, 3.1989473292526327e-09], [-1.7763160942152467e-09, 2.8521680572879404e-09], [null, 2.797263309872733e-09], [-2.9039055604584973e-09, 3.5497740302758984e-09], [-3.0375966186824144e-09, 3.9634704407376375e-09], [null, 2.6794666485585594e-09]], "Extended_Source_Name": "                  ", "0FGL_Name": "                 ", "1FGL_Name": "1FGL J1024.6-0718 ", "2FGL_Name": "2FGL J1024.6-0719 ", "1FHL_Name": "                  ", "ASSOC_GAM1": "               ", "ASSOC_GAM2": "              ", "ASSOC_GAM3": "               ", "TEVCAT_FLAG": "N", "ASSOC_TEV": "                     ", "CLASS1": "PSR  ", "ASSOC1": "PSR J1024-0719            ", "ASSOC2": "                          ", "Flags": 2048, "catalog_row_index": 1186}