{"Source_Name": "3FGL J0904.8-3516 ", "RAJ2000": 136.22369384765625, "DEJ2000": -35.276100158691406, "GLON": 259.4406433105469, "GLAT": 7.830691814422607, "Conf_68_SemiMajor": 0.0545186921954155, "Conf_68_SemiMinor": 0.048844803124666214, "Conf_68_PosAng": 66.75, "Conf_95_SemiMajor": 0.08839999884366989, "Conf_95_SemiMinor": 0.07919999957084656, "Conf_95_PosAng": 66.75, "ROI_num": 206, "Signif_Avg": 15.7340669631958, "Pivot_Energy": 406.4599304199219, "Flux_Density": 1.97948463176445e-11, "Unc_Flux_Density": 1.3771477447993563e-12, "Flux1000": 1.103064417584676e-09, "Unc_Flux1000": 1.267867894005903e-10, "Energy_Flux100": 1.983164674146387e-11, "Unc_Energy_Flux100": 1.3811740379870985e-12, "Signif_Curve": 2.068516254425049, "SpectrumType": "PowerLaw        ", "Spectral_Index": 2.6505510807037354, "Unc_Spectral_Index": 0.06088795140385628, "beta": null, "Unc_beta": null, "Cutoff": null, "Unc_Cutoff": null, "Exp_Index": null, "Unc_Exp_Index": null, "PowerLaw_Index": 2.6505510807037354, "Flux30_100": null, "Unc_Flux30_100": null, "nuFnu30_100": null, "Sqrt_TS30_100": null, "Flux100_300": 3.498082534747482e-08, "Unc_Flux100_300": [-4.32510338654879e-09, 4.358906569024157e-09], "nuFnu100_300": 7.896824687214643e-12, "Sqrt_TS100_300": 8.371295928955078, "Flux300_1000": 7.77134268048485e-09, "Unc_Flux300_1000": [-8.383336802531005e-10, 8.534000173199274e-10], "nuFnu300_1000": 4.953239207683424e-12, "Sqrt_TS300_1000": 10.110946655273438, "Flux1000_3000": 1.060110443873441e-09, "Unc_Flux1000_3000": [-1.6893016152597085e-10, 1.7730274193272777e-10], "nuFnu1000_3000": 2.3931700805085443e-12, "Sqrt_TS1000_3000": 7.686800956726074, "Flux3000_10000": 1.5065476643982834e-10, "Unc_Flux3000_10000": [-4.5466148207440327e-11, 5.1930980349279565e-11], "nuFnu3000_10000": 9.602318939982979e-13, "Sqrt_TS3000_10000": 4.334388256072998, "Flux10000_100000": 1.0616269148500113e-11, "Unc_Flux10000_100000": [-8.493259914810203e-12, 1.4975513884518676e-11], "nuFnu10000_100000": 1.4881061064387496e-13, "Sqrt_TS10000_100000": 1.4910348653793335, "Variability_Index": 170.5933837890625, "Signif_Peak": 11.269746780395508, "Flux_Peak": 2.6553450993560546e-07, "Unc_Flux_Peak": 3.100219103657764e-08, "Time_Peak": 245904992.0, "Peak_Interval": 2630000.0, "Flux_History": [5.2167845154826864e-08, 9.427091640645813e-08, 2.6553450993560546e-07, 4.0171386217480176e-08, 4.660932262368078e-08, 9.24406435842684e-08, 6.550529008109152e-08, 3.719124563872356e-08, 5.775975697730473e-09, 3.435321005440528e-08, 4.344279957990693e-08, 1.9333491252382373e-08, 6.531306695478634e-08, 0.0, 4.9889127495816865e-08, 2.7045922834645353e-08, 1.2534205495740025e-07, 1.2413289596224786e-07, 0.0, 0.0, 3.89324448235584e-08, 8.08923914519255e-08, 5.9059107826442414e-08, 4.9205123531237405e-08, 5.8896826971022165e-08, 8.773621829050171e-08, 2.0300902292547107e-08, 8.355621616829012e-08, 4.6326992020340185e-08, 2.7829738513673874e-08, 3.121122205129723e-08, 1.1880654682272507e-07, 0.0, 2.4058429914930457e-08, 2.463923998163864e-08, 4.4597278758828907e-08, 3.0310062015814765e-08, 3.912682089435293e-08, 3.124302594414985e-09, 4.2862897231543684e-08, 4.684491372586308e-08, 1.6620219867036212e-08, 1.3852802460689873e-08, 0.0, 2.6079293391489955e-08, 1.8524819012100124e-08, 3.186941910371388e-08, 3.192474551383384e-08], "Unc_Flux_History": [[-2.3069395282959704e-08, 2.580003588548152e-08], [-2.3071827115472843e-08, 2.454232728155148e-08], [-3.100219103657764e-08, 3.193629538600362e-08], [-2.1086380641577307e-08, 2.2359913032232726e-08], [-2.1895301571817072e-08, 2.34754704564466e-08], [-2.4575104617952093e-08, 2.6096884653270536e-08], [-2.3709363361490432e-08, 2.500113893688649e-08], [-2.3096573542602528e-08, 2.5659657509891076e-08], [null, 1.919536174455061e-08], [-2.106234830989706e-08, 2.4086508787490857e-08], [-2.4023877998047283e-08, 2.5278998450062318e-08], [null, 2.0006149625828584e-08], [-2.555719902375131e-08, 2.710587665433195e-08], [null, 1.9620630453687227e-08], [-2.8243659855320402e-08, 3.084162969457793e-08], [-1.926194137524817e-08, 2.065169368847819e-08], [-2.97943056892791e-08, 3.212571186850255e-08], [-2.3550503769342868e-08, 2.463251114193099e-08], [null, 2.2726315052068458e-08], [null, 2.2287963474809658e-08], [-2.018491152000479e-08, 2.191191939004966e-08], [-2.8714620015080072e-08, 2.9874467344370714e-08], [-2.066368764985782e-08, 2.1759909429874824e-08], [-2.4653793673223845e-08, 2.7048674411389584e-08], [-2.0870787764692977e-08, 2.234248874799505e-08], [-2.793829700920014e-08, 3.007919247011159e-08], [null, 2.3870123655456155e-08], [-2.2625643580909127e-08, 2.3398799342544407e-08], [-2.6732525526540485e-08, 2.8885693836855353e-08], [-1.6021774129626465e-08, 1.7915544603397393e-08], [-2.7885485920364772e-08, 3.069537868327643e-08], [-2.499670159750167e-08, 2.596658177367317e-08], [null, 2.3096372814279675e-08], [null, 2.3323750042436586e-08], [-1.896217227681518e-08, 2.1059340937767956e-08], [-2.6151793619533237e-08, 2.8995609469006922e-08], [-2.1345218925716836e-08, 2.2571036595309124e-08], [-2.3599408649488396e-08, 2.710990898435739e-08], [null, 1.9816463137090068e-08], [-2.1615900180904646e-08, 2.3460582809775588e-08], [-2.4855673075308005e-08, 2.629028195144656e-08], [null, 1.854672326828677e-08], [null, 2.2891983419981443e-08], [null, 1.4618019683609873e-08], [null, 2.872188531455322e-08], [null, 1.9284149388454352e-08], [-2.4662233144567836e-08, 2.610033611460949e-08], [-2.6435893474285876e-08, 2.807714949426554e-08]], "Extended_Source_Name": "                  ", "0FGL_Name": "                 ", "1FGL_Name": "1FGL J0904.7-3514 ", "2FGL_Name": "2FGL J0904.8-3513 ", "1FHL_Name": "                  ", "ASSOC_GAM1": "               ", "ASSOC_GAM2": "3EG J0903-3531", "ASSOC_GAM3": "               ", "TEVCAT_FLAG": "N", "ASSOC_TEV": "                     ", "CLASS1": "bcu  ", "ASSOC1": "NVSS J090442-351423       ", "ASSOC2": "                          ", "Flags": 0, "catalog_row_index": 1028}