{"Source_Name": "3FGL J2100.6-7844 ", "RAJ2000": 315.1579895019531, "DEJ2000": -78.74649810791016, "GLON": 314.23480224609375, "GLAT": -32.685096740722656, "Conf_68_SemiMajor": 0.11890502274036407, "Conf_68_SemiMinor": 0.09423592686653137, "Conf_68_PosAng": -67.87999725341797, "Conf_95_SemiMajor": 0.19280000030994415, "Conf_95_SemiMinor": 0.15279999375343323, "Conf_95_PosAng": -67.87999725341797, "ROI_num": 270, "Signif_Avg": 4.632081985473633, "Pivot_Energy": 487.4352111816406, "Flux_Density": 2.908007385241107e-12, "Unc_Flux_Density": 5.747047802928673e-13, "Flux1000": 2.3590282505203675e-10, "Unc_Flux1000": 7.165855409052568e-11, "Energy_Flux100": 4.790855212544187e-12, "Unc_Energy_Flux100": 9.726239995691555e-13, "Signif_Curve": 0.7101364731788635, "SpectrumType": "PowerLaw        ", "Spectral_Index": 2.7316246032714844, "Unc_Spectral_Index": 0.17836852371692657, "beta": null, "Unc_beta": null, "Cutoff": null, "Unc_Cutoff": null, "Exp_Index": null, "Unc_Exp_Index": null, "PowerLaw_Index": 2.7316246032714844, "Flux30_100": null, "Unc_Flux30_100": null, "nuFnu30_100": null, "Sqrt_TS30_100": null, "Flux100_300": 1.3149990429894842e-08, "Unc_Flux100_300": [-3.491030575730747e-09, 3.4958544947727432e-09], "nuFnu100_300": 2.9464638194587334e-12, "Sqrt_TS100_300": 3.8396105766296387, "Flux300_1000": 1.0481469026046852e-09, "Unc_Flux300_1000": [-5.540402026049662e-10, 5.694109073139941e-10], "nuFnu300_1000": 6.621868851863777e-13, "Sqrt_TS300_1000": 1.8511638641357422, "Flux1000_3000": 1.310886121874688e-10, "Unc_Flux1000_3000": [-9.162062081236044e-11, 9.946087009549132e-11], "nuFnu1000_3000": 2.937248155202715e-13, "Sqrt_TS1000_3000": 1.4780107736587524, "Flux3000_10000": 3.149512595168602e-11, "Unc_Flux3000_10000": [-2.046409396105897e-11, 2.729275659640873e-11], "nuFnu3000_10000": 1.9897648253445338e-13, "Sqrt_TS3000_10000": 1.7459207773208618, "Flux10000_100000": 1.179002208362423e-11, "Unc_Flux10000_100000": [-7.978682818599037e-12, 1.2982324416876967e-11], "nuFnu10000_100000": 1.6109979832350935e-13, "Sqrt_TS10000_100000": 1.8633389472961426, "Variability_Index": 55.23706817626953, "Signif_Peak": null, "Flux_Peak": null, "Unc_Flux_Peak": null, "Time_Peak": null, "Peak_Interval": null, "Flux_History": [3.163661688176944e-08, 1.8246440802727193e-08, 4.0374569465484456e-08, 0.0, 5.8815761150299295e-08, 4.235304995603428e-09, 1.8559814796148544e-09, 0.0, 0.0, 0.0, 2.3190409592643846e-08, 2.631989914902988e-08, 3.57465239630983e-08, 5.250946699675296e-08, 6.911307526280552e-09, 0.0, 2.300809498478884e-08, 0.0, 2.1910798508884e-08, 3.8578136241085303e-08, 0.0, 5.96734750502037e-08, 0.0, 0.0, 8.942562246261332e-09, 1.2490057876846095e-08, 0.0, 0.0, 1.7292894227693978e-08, 1.1119745124688052e-08, 3.472190712727752e-08, 2.637611373756954e-08, 0.0, 4.001458364655264e-08, 1.2071734722951533e-08, 7.864318085637478e-09, 7.497069631767772e-09, 0.0, 0.0, 0.0, 2.733264103937927e-08, 0.0, 3.072663545822252e-08, 2.0739348016718395e-08, 3.292007022537291e-08, 3.964834238701087e-09, 2.4697596856526616e-08, 0.0], "Unc_Flux_History": [[-1.9803941597729136e-08, 2.3164606233194718e-08], [null, 2.037743129790215e-08], [-2.0773192943579488e-08, 2.2962609591559158e-08], [null, 1.8323650152751725e-08], [-2.3169505425357784e-08, 2.4922606201016606e-08], [null, 2.2628322327022943e-08], [null, 2.0897118702123407e-08], [null, 2.1290034624144027e-08], [null, 1.9589100119787872e-08], [null, 1.9527252703710474e-08], [-1.922426662304133e-08, 2.2178387126814414e-08], [-1.72060481418157e-08, 1.9851714938567966e-08], [-1.9194668965383244e-08, 2.1096980162838008e-08], [-1.981183572752343e-08, 2.0776939280153783e-08], [null, 1.6098010036103005e-08], [null, 1.8572730908772428e-08], [-1.3797708753315874e-08, 1.598310994666008e-08], [null, 1.6494926313725955e-08], [-1.7713951194764377e-08, 1.8872485796350702e-08], [-1.4492290034695543e-08, 1.6353146392589224e-08], [null, 1.444840602715658e-08], [-1.893942425112982e-08, 2.018390077296317e-08], [null, 1.05116555459972e-08], [null, 1.5776478790030524e-08], [null, 1.6856617435223598e-08], [null, 1.877907962466452e-08], [null, 1.7820871889284717e-08], [null, 1.3992776715099353e-08], [-1.3723040481750104e-08, 1.5722571689025244e-08], [null, 1.4864402153591527e-08], [-1.82116490776707e-08, 1.9266281015006825e-08], [-1.8318237593462072e-08, 1.991307385651453e-08], [null, 1.909750224626805e-08], [-1.7059813117725753e-08, 1.828574980322628e-08], [null, 1.662881921049575e-08], [null, 1.6499287269766683e-08], [null, 1.3655652608690616e-08], [null, 1.8150378977566106e-08], [null, 1.3481402660886488e-08], [null, 1.505202895657476e-08], [-1.5960409882609383e-08, 1.9780955540227296e-08], [null, 1.509814495648243e-08], [-1.7720291012324196e-08, 1.8323234485251305e-08], [-1.9158948205699744e-08, 2.0401902389721727e-08], [-1.8579378036065464e-08, 1.981580410870265e-08], [null, 1.323165665922943e-08], [-1.8506300492049377e-08, 1.9746153157029767e-08], [null, 1.5423655241875167e-08]], "Extended_Source_Name": "                  ", "0FGL_Name": "                 ", "1FGL_Name": "                  ", "2FGL_Name": "                  ", "1FHL_Name": "                  ", "ASSOC_GAM1": "               ", "ASSOC_GAM2": "              ", "ASSOC_GAM3": "               ", "TEVCAT_FLAG": "N", "ASSOC_TEV": "                     ", "CLASS1": "     ", "ASSOC1": "                          ", "ASSOC2": "                          ", "Flags": 0, "source_id": 2718}