{"Source_Name": "3FGL J1837.6-0717 ", "RAJ2000": 279.4024963378906, "DEJ2000": -7.296800136566162, "GLON": 24.866527557373047, "GLAT": -0.26858705282211304, "Conf_68_SemiMajor": 0.053223565220832825, "Conf_68_SemiMinor": 0.0354001447558403, "Conf_68_PosAng": 34.20000076293945, "Conf_95_SemiMajor": 0.08630000054836273, "Conf_95_SemiMinor": 0.05739999935030937, "Conf_95_PosAng": 34.20000076293945, "ROI_num": 29, "Signif_Avg": 5.5512003898620605, "Pivot_Energy": 8606.9755859375, "Flux_Density": 3.116009579810959e-14, "Unc_Flux_Density": 6.338954443410637e-15, "Flux1000": 2.3919972669261824e-09, "Unc_Flux1000": 6.186307577316086e-10, "Energy_Flux100": 2.6594925914280587e-11, "Unc_Energy_Flux100": 6.716656744676364e-12, "Signif_Curve": 0.7693317532539368, "SpectrumType": "PowerLaw        ", "Spectral_Index": 2.0374574661254883, "Unc_Spectral_Index": 0.1301351636648178, "beta": null, "Unc_beta": null, "Cutoff": null, "Unc_Cutoff": null, "Exp_Index": null, "Unc_Exp_Index": null, "PowerLaw_Index": 2.0374574661254883, "Flux30_100": null, "Unc_Flux30_100": null, "nuFnu30_100": null, "Sqrt_TS30_100": null, "Flux100_300": 9.006252099652556e-08, "Unc_Flux100_300": [-2.8495058757016523e-08, 2.9088608854976883e-08], "nuFnu100_300": 2.156208371573154e-11, "Sqrt_TS100_300": 1.8650330305099487, "Flux300_1000": 5.201366892748638e-09, "Unc_Flux300_1000": [null, 5.204890296539588e-09], "nuFnu300_1000": 3.5553380985792193e-12, "Sqrt_TS300_1000": 0.8750759363174438, "Flux1000_3000": 3.281922511533253e-09, "Unc_Flux1000_3000": [-8.120376038256438e-10, 8.248793315068781e-10], "nuFnu1000_3000": 7.857329370475341e-12, "Sqrt_TS1000_3000": 4.180089473724365, "Flux3000_10000": 4.805673636809615e-10, "Unc_Flux3000_10000": [-1.698276103079266e-10, 1.82240542101475e-10], "nuFnu3000_10000": 3.284866302577516e-12, "Sqrt_TS3000_10000": 3.009984016418457, "Flux10000_100000": 1.1324324117323314e-10, "Unc_Flux10000_100000": [-4.941768522170875e-11, 5.920813145321446e-11], "nuFnu10000_100000": 1.985263299239537e-12, "Sqrt_TS10000_100000": 2.83315110206604, "Variability_Index": 41.2619743347168, "Signif_Peak": null, "Flux_Peak": null, "Unc_Flux_Peak": null, "Time_Peak": null, "Peak_Interval": null, "Flux_History": [4.222830796152266e-08, 0.0, 5.029701100056627e-08, 1.5993672164427153e-08, 7.101696297695526e-08, 5.517859236192635e-08, 0.0, 9.45473530578056e-08, 5.566714023075292e-08, 3.012403837487909e-08, 2.608084770372443e-08, 3.436852358262854e-09, 0.0, 4.153257648908948e-08, 0.0, 0.0, 1.6090194066009644e-08, 0.0, 0.0, 0.0, 1.733017818139615e-08, 0.0, 1.099556001804558e-07, 3.769392975527808e-08, 0.0, 4.65843328356641e-08, 0.0, 4.864162406192918e-08, 2.8441231592069016e-08, 1.2706659724415204e-08, 1.7089512027723686e-08, 2.4558572064847795e-08, 4.803168351941167e-08, 6.09754096103643e-08, 0.0, 4.3762042878370266e-08, 1.3007563381961518e-07, 8.444987997791031e-08, 3.689366678827355e-08, 4.4663423182100814e-08, 3.844091622795531e-08, 6.265573659902657e-08, 1.8767215337334164e-08, 0.0, 5.053479412708839e-08, 0.0, 1.3017316113916877e-08, 7.625700959579262e-08], "Unc_Flux_History": [[null, 4.655470675629658e-08], [null, 4.10627656322049e-08], [-2.7910713740197934e-08, 3.396209891093349e-08], [-1.5587685808782226e-08, 2.3797431580874218e-08], [-3.20733164471676e-08, 3.8046508166189597e-08], [-3.975847207016159e-08, 4.403955244924873e-08], [null, 3.622082545007288e-08], [-3.926351510585846e-08, 4.401472608606127e-08], [-4.355115734711035e-08, 4.900763528326024e-08], [null, 4.07059950191524e-08], [-2.1585462306461523e-08, 3.011379590134311e-08], [null, 2.5663251079777183e-08], [null, 2.832260292962019e-08], [-3.38213261841247e-08, 4.0561552339113405e-08], [null, 2.343521821046579e-08], [null, 2.854677738639566e-08], [null, 4.7993967910997526e-08], [null, 4.298356515164414e-08], [null, 3.5217492921901794e-08], [null, 4.036368039805893e-08], [null, 5.136002201311385e-08], [null, 4.008402143540479e-08], [-5.31585335750151e-08, 5.868746910664413e-08], [-3.610114163166145e-08, 4.229388395060596e-08], [null, 3.9582218391842616e-08], [null, 4.649799834055557e-08], [null, 3.6112766110818484e-08], [-3.267945558604879e-08, 3.976814966222264e-08], [null, 3.501231660152371e-08], [null, 4.3212597944375375e-08], [null, 4.660538976963835e-08], [null, 5.100080002762297e-08], [-3.8772935084807614e-08, 4.3862428356078453e-08], [-4.267196374030391e-08, 4.801161779255381e-08], [null, 3.602859877105402e-08], [-2.7014163350713716e-08, 3.6141994286253976e-08], [-5.836398031533463e-08, 6.214327186171431e-08], [-4.29705337978703e-08, 4.755459315219923e-08], [-3.014726601691109e-08, 4.301324807443052e-08], [-4.416510535065754e-08, 4.784221729892124e-08], [null, 4.7494872035258595e-08], [-3.5023017375124255e-08, 4.2846604486612705e-08], [null, 5.1122519550972356e-08], [null, 5.143488479575353e-08], [-3.4302136242558845e-08, 3.983613439118017e-08], [null, 4.698024369531595e-08], [null, 4.313051249482669e-08], [-4.12816980599473e-08, 5.05166433129034e-08]], "Extended_Source_Name": "                  ", "0FGL_Name": "                 ", "1FGL_Name": "                  ", "2FGL_Name": "                  ", "1FHL_Name": "                  ", "ASSOC_GAM1": "               ", "ASSOC_GAM2": "              ", "ASSOC_GAM3": "               ", "TEVCAT_FLAG": "N", "ASSOC_TEV": "                     ", "CLASS1": "     ", "ASSOC1": "                          ", "ASSOC2": "                          ", "Flags": 25, "source_id": 2394}