{"Source_Name": "3FHL J0851.9-4620e", "RAJ2000": 132.98699951171875, "DEJ2000": -46.34199905395508, "GLON": 266.26007080078125, "GLAT": -1.2322998046875, "Conf_95_SemiMajor": null, "Conf_95_SemiMinor": null, "Conf_95_PosAng": null, "ROI_num": 135, "Signif_Avg": 31.373302459716797, "Pivot_Energy": 38.948368072509766, "Flux_Density": 1.2138885382984022e-11, "Unc_Flux_Density": 6.191934985577685e-13, "Flux": 1.697502360897829e-09, "Unc_Flux": 8.781130683699345e-11, "Energy_Flux": 1.7782410266509174e-10, "Unc_Energy_Flux": 1.405486838024217e-11, "Signif_Curve": 1.2290446758270264, "SpectrumType": "PowerLaw   ", "Spectral_Index": 1.711991786956787, "Unc_Spectral_Index": 0.06410259753465652, "beta": 0.047429829835891724, "Unc_beta": 0.03545689955353737, "PowerLaw_Index": 1.765519380569458, "Unc_PowerLaw_Index": 0.044739339500665665, "Flux_Band": [6.676775798908352e-10, 5.542652448120577e-10, 3.3417432709903494e-10, 8.741108531440389e-11, 5.99283261903949e-11], "Unc_Flux_Band": [[-6.032947752476758e-11, 6.032947752476758e-11], [-4.898869851444054e-11, 4.898869851444054e-11], [-3.447914176391009e-11, 3.6399334935044436e-11], [-1.6834542440613554e-11, 1.939675850493039e-11], [-1.3953886657258607e-11, 1.6395863833285063e-11]], "nuFnu": [2.1592991283903018e-11, 3.008244348068345e-11, 4.1095588737549704e-11, 3.0854402366387035e-11, 6.639786637174794e-11], "Sqrt_TS_Band": [15.069080352783203, 17.398822784423828, 16.282859802246094, 8.474139213562012, 8.129850387573242], "Npred": 531.8226928710938, "HEP_Energy": 1697.93994140625, "HEP_Prob": 0.9622717499732971, "Variability_BayesBlocks": 1, "Extended_Source_Name": "FGES J0851.9-4620 ", "ASSOC_GAM": "3FGL J0852.7-4631e", "TEVCAT_FLAG": "E", "ASSOC_TEV": "RX J0852.0-4622      ", "CLASS": "SNR    ", "ASSOC1": "Vela Jr                   ", "ASSOC2": "                          ", "ASSOC_PROB_BAY": null, "ASSOC_PROB_LR": null, "Redshift": null, "NuPeak_obs": null, "catalog_row_index": 554}