{"Source_Name": "3FGL J2204.4+0439 ", "RAJ2000": 331.1039123535156, "DEJ2000": 4.6656999588012695, "GLON": 64.72537994384766, "GLAT": -38.65550231933594, "Conf_68_SemiMajor": 0.03897716477513313, "Conf_68_SemiMinor": 0.033796656876802444, "Conf_68_PosAng": 21.290000915527344, "Conf_95_SemiMajor": 0.06319999694824219, "Conf_95_SemiMinor": 0.05480000004172325, "Conf_95_PosAng": 21.290000915527344, "ROI_num": 297, "Signif_Avg": 8.44598388671875, "Pivot_Energy": 1754.02783203125, "Flux_Density": 1.68004255255913e-13, "Unc_Flux_Density": 2.677994443225657e-14, "Flux1000": 4.903513706189244e-10, "Unc_Flux1000": 7.994149786583193e-11, "Energy_Flux100": 5.4808271636452854e-12, "Unc_Energy_Flux100": 8.759487818248146e-13, "Signif_Curve": 0.8625100255012512, "SpectrumType": "PowerLaw        ", "Spectral_Index": 2.1241414546966553, "Unc_Spectral_Index": 0.11402823030948639, "beta": null, "Unc_beta": null, "Cutoff": null, "Unc_Cutoff": null, "Exp_Index": null, "Unc_Exp_Index": null, "PowerLaw_Index": 2.1241414546966553, "Flux30_100": null, "Unc_Flux30_100": null, "nuFnu30_100": null, "Sqrt_TS30_100": null, "Flux100_300": 5.265330949022484e-10, "Unc_Flux100_300": [null, 2.567199564040834e-09], "nuFnu100_300": 1.249908515446943e-13, "Sqrt_TS100_300": 0.11146912723779678, "Flux300_1000": 1.2206344823795234e-09, "Unc_Flux300_1000": [-4.4714384972444066e-10, 4.68027061550913e-10], "nuFnu300_1000": 8.259125263039568e-13, "Sqrt_TS300_1000": 2.8576552867889404, "Flux1000_3000": 5.103652500615397e-10, "Unc_Flux1000_3000": [-9.996465460959669e-11, 1.0707833925094334e-10], "nuFnu1000_3000": 1.2115284903774226e-12, "Sqrt_TS1000_3000": 6.842977046966553, "Flux3000_10000": 4.0410300106152874e-11, "Unc_Flux3000_10000": [-2.0825504515320503e-11, 2.7193768070699065e-11], "nuFnu3000_10000": 2.734264095520522e-13, "Sqrt_TS3000_10000": 2.5009469985961914, "Flux10000_100000": 4.669105727050926e-11, "Unc_Flux10000_100000": [-1.8009760349713133e-11, 2.339313118215891e-11], "nuFnu10000_100000": 7.907197032558377e-13, "Sqrt_TS10000_100000": 5.262298107147217, "Variability_Index": 59.89567565917969, "Signif_Peak": null, "Flux_Peak": null, "Unc_Flux_Peak": null, "Time_Peak": null, "Peak_Interval": null, "Flux_History": [1.0206832712356118e-08, 2.0274217860105637e-09, 0.0, 1.2206228916511463e-08, 1.6462260887806224e-08, 7.255577916254197e-09, 1.0898153490757068e-09, 1.3617042604607832e-08, 8.403643114718307e-09, 2.0837083170022197e-08, 1.536097826715377e-08, 5.707040617863868e-09, 3.086960376208481e-08, 2.2116779518910334e-09, 1.4677838500176676e-08, 1.4195340902745102e-08, 0.0, 9.798439393193803e-09, 0.0, 0.0, 3.0165698827744336e-09, 2.7234250410401728e-08, 1.3308143032020325e-08, 0.0, 0.0, 0.0, 1.5327696445410766e-08, 1.3190502912152624e-08, 1.503703472849338e-08, 8.713058718967659e-09, 1.4967712402835787e-08, 1.3337927429191154e-09, 4.055403568514748e-09, 0.0, 6.369246907667048e-09, 4.721926405437671e-09, 0.0, 0.0, 0.0, 0.0, 2.415452726722833e-09, 9.294650382685177e-09, 9.35885413611004e-09, 0.0, 4.398177377851198e-09, 0.0, 8.395572237418492e-09, 0.0], "Unc_Flux_History": [[-6.365798554952562e-09, 8.300172105180081e-09], [null, 8.640839155305002e-09], [null, 5.489970256178367e-09], [-6.554802922664749e-09, 7.937044799177784e-09], [-7.636709042913026e-09, 9.240953779965366e-09], [-4.846083978549132e-09, 6.443193978356021e-09], [null, 6.5430802997923365e-09], [-8.628543213262674e-09, 1.0313395470973319e-08], [-8.177326371594518e-09, 9.325956007444347e-09], [-8.06870747993571e-09, 9.22465037689335e-09], [-7.306073968038618e-09, 8.905495896271987e-09], [null, 8.837782061732469e-09], [-1.0002379369211667e-08, 1.1347879080858547e-08], [null, 9.178119597663681e-09], [-9.239233378366407e-09, 1.092992540918658e-08], [-7.644519683935869e-09, 9.941788725598144e-09], [null, 1.116935965939092e-08], [-6.8183321211279235e-09, 9.592894478771541e-09], [null, 1.26432295743939e-08], [null, 6.671832419868906e-09], [null, 1.045399056209817e-08], [-9.504720566155811e-09, 1.0974209985192829e-08], [-9.145856516568074e-09, 1.1831467361389514e-08], [null, 9.183033000681462e-09], [null, 7.120170675278814e-09], [null, 6.351386083736088e-09], [-7.806861823667077e-09, 9.530219280406982e-09], [-6.474610625417654e-09, 8.547734964281517e-09], [-7.5996435811021e-09, 9.088620522845758e-09], [null, 1.3077421812113244e-08], [-7.774276333805119e-09, 1.0371661751662486e-08], [null, 8.540546048152464e-09], [null, 9.449537152761422e-09], [null, 5.954396087304303e-09], [-4.956905996778005e-09, 7.803457435784367e-09], [-3.2210394351750438e-09, 5.600177210851598e-09], [null, 8.02214916717503e-09], [null, 9.299227166081891e-09], [null, 8.830678410731707e-09], [null, 1.058327470104814e-08], [null, 7.722643857732692e-09], [-7.004312685410241e-09, 9.365906272762459e-09], [-7.394522327786035e-09, 9.498488218184775e-09], [null, 8.1487101510902e-09], [null, 8.897562686627225e-09], [null, 5.902118793699174e-09], [-5.733915564576364e-09, 9.080934226801674e-09], [null, 9.227449915272246e-09]], "Extended_Source_Name": "                  ", "0FGL_Name": "                 ", "1FGL_Name": "1FGL J2204.6+0442 ", "2FGL_Name": "2FGL J2204.6+0442 ", "1FHL_Name": "                  ", "ASSOC_GAM1": "               ", "ASSOC_GAM2": "              ", "ASSOC_GAM3": "               ", "TEVCAT_FLAG": "N", "ASSOC_TEV": "                     ", "CLASS1": "bll  ", "ASSOC1": "4C +04.77                 ", "ASSOC2": "                          ", "Flags": 0, "source_id": 2831}