{"Source_Name": "3FGL J2344.9-5647 ", "RAJ2000": 356.22540283203125, "DEJ2000": -56.78969955444336, "GLON": 320.1695861816406, "GLAT": -58.05613327026367, "Conf_68_SemiMajor": 0.09522269666194916, "Conf_68_SemiMinor": 0.07061527669429779, "Conf_68_PosAng": 26.639999389648438, "Conf_95_SemiMajor": 0.15440000593662262, "Conf_95_SemiMinor": 0.1145000010728836, "Conf_95_PosAng": 26.639999389648438, "ROI_num": 355, "Signif_Avg": 6.812966823577881, "Pivot_Energy": 487.41827392578125, "Flux_Density": 2.8043854131271084e-12, "Unc_Flux_Density": 4.3059636802358914e-13, "Flux1000": 2.382874175754779e-10, "Unc_Flux1000": 5.504748046281094e-11, "Energy_Flux100": 4.581310157625307e-12, "Unc_Energy_Flux100": 7.140554965888446e-13, "Signif_Curve": 1.1979846954345703, "SpectrumType": "PowerLaw        ", "Spectral_Index": 2.695899486541748, "Unc_Spectral_Index": 0.13223983347415924, "beta": null, "Unc_beta": null, "Cutoff": null, "Unc_Cutoff": null, "Exp_Index": null, "Unc_Exp_Index": null, "PowerLaw_Index": 2.695899486541748, "Flux30_100": null, "Unc_Flux30_100": null, "nuFnu30_100": null, "Sqrt_TS30_100": null, "Flux100_300": 7.685973635318533e-09, "Unc_Flux100_300": [-2.6762032589999762e-09, 2.7107107669621655e-09], "nuFnu100_300": 1.7278294680428408e-12, "Sqrt_TS100_300": 2.9355955123901367, "Flux300_1000": 2.0128001487762504e-09, "Unc_Flux300_1000": [-3.953484206675739e-10, 4.0993833327895857e-10], "nuFnu300_1000": 1.2765645745344e-12, "Sqrt_TS300_1000": 5.597321033477783, "Flux1000_3000": 1.9632040437755904e-10, "Unc_Flux1000_3000": [-7.039472477154973e-11, 7.748349184488745e-11], "nuFnu1000_3000": 4.4133403528934245e-13, "Sqrt_TS1000_3000": 3.2114264965057373, "Flux3000_10000": 2.3508878871369987e-11, "Unc_Flux3000_10000": [-1.4272152036587382e-11, 2.0727156102573474e-11], "nuFnu3000_10000": 1.490987644762673e-13, "Sqrt_TS3000_10000": 2.1310176849365234, "Flux10000_100000": 1.4632402843078413e-16, "Unc_Flux10000_100000": [null, 1.1658668822023266e-11], "nuFnu10000_100000": 2.0217386049204566e-18, "Sqrt_TS10000_100000": 0.0, "Variability_Index": 59.48271179199219, "Signif_Peak": null, "Flux_Peak": null, "Unc_Flux_Peak": null, "Time_Peak": null, "Peak_Interval": null, "Flux_History": [1.9661678507532088e-08, 1.4438356288337673e-08, 2.373901253349686e-08, 6.851350153880276e-09, 0.0, 2.5418602334070783e-08, 4.482744397904526e-09, 0.0, 0.0, 1.1597072635538552e-08, 0.0, 1.67149156737878e-08, 0.0, 0.0, 1.2091946111070229e-08, 0.0, 6.971786259413193e-09, 3.053748365289266e-09, 3.4172380480868014e-08, 1.2350255040871616e-08, 6.705155186637057e-08, 2.5553363869335044e-08, 0.0, 5.8152904713892895e-09, 9.742495699072151e-09, 1.3645273355678e-08, 1.1181457537645656e-08, 1.196209442611007e-08, 1.0319094911892535e-08, 9.841263803878064e-09, 6.0246416744291764e-09, 2.4129878539724814e-08, 3.4724247921502638e-09, 2.376807728410313e-08, 3.065815690206364e-08, 2.4282551525089957e-09, 1.8326641537669275e-08, 0.0, 0.0, 9.452262084153062e-09, 0.0, 8.765002945665401e-09, 1.5044783197026845e-08, 0.0, 0.0, 0.0, 2.1022223961608688e-08, 2.517207553509593e-09], "Unc_Flux_History": [[-1.5525543517469487e-08, 1.749977407428105e-08], [-1.301822560861865e-08, 1.5764634042625403e-08], [-1.371949753803392e-08, 1.6039166439441033e-08], [null, 1.523059189878495e-08], [null, 1.359776558018666e-08], [-1.4872652442932122e-08, 1.6380608869326352e-08], [null, 1.5375734463418667e-08], [null, 1.3383465002902994e-08], [null, 9.74990488344929e-09], [null, 1.5006992981625444e-08], [null, 9.89722526156811e-09], [-1.2003794402914991e-08, 1.440622643400502e-08], [null, 5.635709232620911e-09], [null, 1.562638018981488e-08], [-9.7982724156509e-09, 1.1388165965797725e-08], [null, 1.2509492108847553e-08], [null, 1.0741221245780253e-08], [null, 1.088529444359665e-08], [-1.30061721392849e-08, 1.4589556229793743e-08], [-9.657355803938117e-09, 1.1632539376194018e-08], [-1.85414812392537e-08, 1.9981232668442317e-08], [-1.3044954449981105e-08, 1.439980312767375e-08], [null, 1.3218927286118287e-08], [null, 1.1558642043496548e-08], [-9.570396919400537e-09, 1.1401577459935197e-08], [-9.00802632486375e-09, 1.309085106981911e-08], [-7.780621480435457e-09, 1.0890818913367184e-08], [-1.0699983121753576e-08, 1.391598480893208e-08], [null, 1.116432812864332e-08], [null, 1.4384095692321353e-08], [null, 1.3011427490994265e-08], [-1.4337798504016064e-08, 1.620965939252983e-08], [null, 1.3934135623117072e-08], [-9.776702114550062e-09, 1.1338911143354835e-08], [-1.3993127545575135e-08, 1.5548678788945836e-08], [null, 9.886362839495177e-09], [-1.4614518484279415e-08, 1.6064273467009116e-08], [null, 9.426933900158474e-09], [null, 8.294050779511508e-09], [null, 1.3362630113533669e-08], [null, 9.131380984683801e-09], [null, 1.279724237690516e-08], [-9.703113867942648e-09, 1.09565263528566e-08], [null, 1.0272893646856573e-08], [null, 1.0937346139883175e-08], [null, 1.2312622033050502e-08], [-1.2420312778260723e-08, 1.4194676545287166e-08], [null, 9.699695269205222e-09]], "Extended_Source_Name": "                  ", "0FGL_Name": "                 ", "1FGL_Name": "                  ", "2FGL_Name": "                  ", "1FHL_Name": "                  ", "ASSOC_GAM1": "               ", "ASSOC_GAM2": "              ", "ASSOC_GAM3": "               ", "TEVCAT_FLAG": "N", "ASSOC_TEV": "                     ", "CLASS1": "     ", "ASSOC1": "                          ", "ASSOC2": "                          ", "Flags": 256, "source_id": 3001}