{"Source_Name": "3FGL J1857.9+7319 ", "RAJ2000": 284.4903869628906, "DEJ2000": 73.32659912109375, "GLON": 104.4149169921875, "GLAT": 25.43863868713379, "Conf_68_SemiMajor": 0.07505571097135544, "Conf_68_SemiMinor": 0.06142603978514671, "Conf_68_PosAng": -77.22000122070312, "Conf_95_SemiMajor": 0.1216999962925911, "Conf_95_SemiMinor": 0.09960000216960907, "Conf_95_PosAng": -77.22000122070312, "ROI_num": 521, "Signif_Avg": 7.010201930999756, "Pivot_Energy": 542.4122924804688, "Flux_Density": 2.252169804817239e-12, "Unc_Flux_Density": 3.282060495775341e-13, "Flux1000": 2.7173679972847253e-10, "Unc_Flux1000": 5.7003499143171155e-11, "Energy_Flux100": 4.840924536231306e-12, "Unc_Energy_Flux100": 7.176255575024049e-13, "Signif_Curve": 0.6580901741981506, "SpectrumType": "PowerLaw        ", "Spectral_Index": 2.644200325012207, "Unc_Spectral_Index": 0.12404680997133255, "beta": null, "Unc_beta": null, "Cutoff": null, "Unc_Cutoff": null, "Exp_Index": null, "Unc_Exp_Index": null, "PowerLaw_Index": 2.644200325012207, "Flux30_100": null, "Unc_Flux30_100": null, "nuFnu30_100": null, "Sqrt_TS30_100": null, "Flux100_300": 1.2027633111699743e-08, "Unc_Flux100_300": [-2.4299862122489913e-09, 2.4477970761438428e-09], "nuFnu100_300": 2.7168048626763364e-12, "Sqrt_TS100_300": 5.09749174118042, "Flux300_1000": 1.7157063547657003e-09, "Unc_Flux300_1000": [-4.189840141499701e-10, 4.30577323795589e-10], "nuFnu300_1000": 1.0943057441106796e-12, "Sqrt_TS300_1000": 4.289955139160156, "Flux1000_3000": 9.98559915310615e-11, "Unc_Flux1000_3000": [-6.895071319457102e-11, 7.576411720222609e-11], "nuFnu1000_3000": 2.255549669564691e-13, "Sqrt_TS1000_3000": 1.4956320524215698, "Flux3000_10000": 3.214555011066267e-11, "Unc_Flux3000_10000": [-1.6775220101905575e-11, 2.1849095449555378e-11], "nuFnu3000_10000": 2.0502961036849426e-13, "Sqrt_TS3000_10000": 2.369316339492798, "Flux10000_100000": 1.8149478447915257e-11, "Unc_Flux10000_100000": [-8.987977896668387e-12, 1.2574085002381441e-11], "nuFnu10000_100000": 2.549251499998906e-13, "Sqrt_TS10000_100000": 3.1671483516693115, "Variability_Index": 36.99361801147461, "Signif_Peak": null, "Flux_Peak": null, "Unc_Flux_Peak": null, "Time_Peak": null, "Peak_Interval": null, "Flux_History": [0.0, 0.0, 5.777279099561383e-09, 7.323737172271194e-09, 1.4936739844984004e-08, 5.611028530694284e-09, 3.6253652524464997e-08, 0.0, 0.0, 2.5524816038569043e-08, 1.038403230069207e-08, 1.7749915315334874e-08, 1.6620152365476315e-08, 4.003602338542578e-09, 1.766074397835382e-08, 2.5845847684280443e-09, 1.647379299640761e-08, 6.731343926702493e-09, 7.942040802788597e-09, 2.3847619434747003e-09, 6.826562426454075e-09, 0.0, 1.0344060719091885e-08, 4.7634021171916174e-09, 9.811025769579373e-09, 1.5583681900466217e-08, 1.430451934680832e-08, 0.0, 5.3552140499846246e-09, 1.8903525855762382e-08, 1.6738566088747575e-08, 0.0, 0.0, 0.0, 5.54822054965598e-09, 0.0, 2.746079807991464e-08, 8.683611163462501e-09, 2.269115384478937e-08, 1.1804145216842699e-08, 0.0, 0.0, 2.1822348372779743e-08, 1.574355046329856e-08, 1.8062801032669995e-08, 2.9509537036176425e-09, 2.2612969274860006e-08, 1.3002988019650275e-08], "Unc_Flux_History": [[null, 1.6041582284742617e-08], [null, 1.6055187401775584e-08], [null, 1.3838412193933891e-08], [null, 1.4545666893184261e-08], [-1.452526543488375e-08, 1.5710359235754368e-08], [null, 1.515441816479779e-08], [-1.3742773141700582e-08, 1.533236293482787e-08], [null, 1.0543124595585596e-08], [null, 1.3018709665857386e-08], [-1.5050142465611316e-08, 1.6266064051251306e-08], [null, 1.5155679378153764e-08], [-1.0607320355404681e-08, 1.2430459328527377e-08], [-1.2032097984615575e-08, 1.3746051408247695e-08], [null, 1.1867302696089155e-08], [-1.253748926899334e-08, 1.3518028474379662e-08], [null, 1.112857894725039e-08], [-1.0712314590932692e-08, 1.1855239456792788e-08], [null, 1.1202303973334438e-08], [null, 1.2244370850567066e-08], [null, 9.328886996229357e-09], [null, 1.1668418231636224e-08], [null, 1.202589139381871e-08], [-7.498757170765202e-09, 9.932390909739297e-09], [null, 1.2841329777302235e-08], [null, 1.097011814721327e-08], [-1.1355339779584028e-08, 1.4019449601221368e-08], [-9.379916399154808e-09, 1.0467767097566139e-08], [null, 1.0232009017840937e-08], [null, 1.2275925165283752e-08], [-1.0467578803741162e-08, 1.122273296516596e-08], [-1.0748228973511686e-08, 1.2096091239754969e-08], [null, 1.2713201158476295e-08], [null, 1.1431683155649353e-08], [null, 9.342203455275921e-09], [null, 1.1545241207500112e-08], [null, 8.581921839834195e-09], [-1.221038470333724e-08, 1.3349483296565268e-08], [null, 1.255093540208918e-08], [-1.2602340504486165e-08, 1.3456207703654854e-08], [-1.1804145216842699e-08, 1.2744536093123315e-08], [null, 1.0788613558077031e-08], [null, 8.992638633742445e-09], [-1.1420580037224681e-08, 1.276827621410348e-08], [-1.1133293398302158e-08, 1.3201459481138045e-08], [-1.030370544441439e-08, 1.248302172740523e-08], [null, 1.2841012697606402e-08], [-1.2371205393435503e-08, 1.3440223156635511e-08], [-1.1354308604438756e-08, 1.2687083383866593e-08]], "Extended_Source_Name": "                  ", "0FGL_Name": "                 ", "1FGL_Name": "                  ", "2FGL_Name": "                  ", "1FHL_Name": "                  ", "ASSOC_GAM1": "               ", "ASSOC_GAM2": "              ", "ASSOC_GAM3": "               ", "TEVCAT_FLAG": "N", "ASSOC_TEV": "                     ", "CLASS1": "     ", "ASSOC1": "                          ", "ASSOC2": "                          ", "Flags": 1, "source_id": 2447}