{"Source_Name": "3FGL J0843.1-4546 ", "RAJ2000": 130.7946014404297, "DEJ2000": -45.77429962158203, "GLON": 264.8631286621094, "GLAT": -2.060176134109497, "Conf_68_SemiMajor": 0.05371694639325142, "Conf_68_SemiMinor": 0.04317091032862663, "Conf_68_PosAng": -17.110000610351562, "Conf_95_SemiMajor": 0.08709999918937683, "Conf_95_SemiMinor": 0.07000000029802322, "Conf_95_PosAng": -17.110000610351562, "ROI_num": 88, "Signif_Avg": 5.958939075469971, "Pivot_Energy": 3553.99560546875, "Flux_Density": 9.654904371651785e-14, "Unc_Flux_Density": 1.8555781368910507e-14, "Flux1000": 1.42764711164034e-09, "Unc_Flux1000": 2.991005498831356e-10, "Energy_Flux100": 1.8482781277695537e-11, "Unc_Energy_Flux100": 5.451256199912047e-12, "Signif_Curve": 0.3122651278972626, "SpectrumType": "PowerLaw        ", "Spectral_Index": 2.3785476684570312, "Unc_Spectral_Index": 0.1517557054758072, "beta": null, "Unc_beta": null, "Cutoff": null, "Unc_Cutoff": null, "Exp_Index": null, "Unc_Exp_Index": null, "PowerLaw_Index": 2.3785476684570312, "Flux30_100": null, "Unc_Flux30_100": null, "nuFnu30_100": null, "Sqrt_TS30_100": null, "Flux100_300": 5.543312298073033e-08, "Unc_Flux100_300": [-3.779294033279257e-08, 3.939537052133346e-08], "nuFnu100_300": 1.2838832427752855e-11, "Sqrt_TS100_300": 1.4204915761947632, "Flux300_1000": 1.0058025523562719e-08, "Unc_Flux300_1000": [-3.3614728778275094e-09, 3.37035688247056e-09], "nuFnu300_1000": 6.608616431869052e-12, "Sqrt_TS300_1000": 3.027022361755371, "Flux1000_3000": 1.1915748387991698e-09, "Unc_Flux1000_3000": [-3.7574579558885546e-10, 3.907606460629154e-10], "nuFnu1000_3000": 2.759799333507118e-12, "Sqrt_TS1000_3000": 3.355654716491699, "Flux3000_10000": 1.3576309521035057e-10, "Unc_Flux3000_10000": [-6.944720493118339e-11, 7.708921695437354e-11], "nuFnu3000_10000": 8.920302105482059e-13, "Sqrt_TS3000_10000": 2.10774827003479, "Flux10000_100000": 5.0854990357729335e-11, "Unc_Flux10000_100000": [-2.0689535154549965e-11, 2.6640412098544175e-11], "nuFnu10000_100000": 7.82217877710184e-13, "Sqrt_TS10000_100000": 3.86236834526062, "Variability_Index": 55.393062591552734, "Signif_Peak": null, "Flux_Peak": null, "Unc_Flux_Peak": null, "Time_Peak": null, "Peak_Interval": null, "Flux_History": [6.487970694024625e-08, 6.072914171539878e-09, 0.0, 5.001282232797166e-08, 0.0, 2.3293873496754713e-08, 2.561234779818733e-08, 0.0, 5.8795677659873036e-08, 7.84281084520444e-08, 0.0, 0.0, 0.0, 1.0665284833066835e-07, 0.0, 1.0575350728458943e-07, 4.091936034456012e-08, 0.0, 2.005572525831667e-07, 3.002502424465092e-08, 2.4878504589764816e-08, 5.2392856275673694e-08, 9.066251749345611e-08, 0.0, 5.654183254932832e-08, 2.7907743671562457e-08, 1.4123085634309973e-07, 4.124886032741415e-08, 4.1813454032535446e-08, 0.0, 8.422968278409826e-08, 0.0, 7.857071437911145e-09, 0.0, 0.0, 0.0, 7.025286663520092e-08, 0.0, 2.8356106795968117e-08, 2.2061419358010426e-08, 4.526847163788261e-08, 6.585742085007951e-08, 1.3838740642313496e-07, 8.33157685065089e-08, 5.198039687570599e-08, 5.8035940497802585e-08, 5.47986687138291e-08, 1.9006945350952265e-08], "Unc_Flux_History": [[-4.441175960323562e-08, 5.9378422179179324e-08], [null, 4.04493718519916e-08], [null, 5.254358725892416e-08], [-3.441772378209862e-08, 4.571541722953043e-08], [null, 5.688463389219578e-08], [null, 4.9866176965451814e-08], [null, 4.585166379911243e-08], [null, 4.2538637501365884e-08], [-4.802269160109063e-08, 5.3902589058907324e-08], [-5.099780864270542e-08, 5.873500796838016e-08], [null, 3.2292270191192074e-08], [null, 3.91398309318447e-08], [null, 3.330174180860013e-08], [-4.434641098782777e-08, 5.112144307872768e-08], [null, 4.468345693453557e-08], [-4.827139576946138e-08, 5.348815790284789e-08], [null, 5.536533365102514e-08], [null, 4.011164023154379e-08], [-6.213506509311628e-08, 6.585243994550183e-08], [null, 5.027507654631336e-08], [null, 4.8016449483156975e-08], [null, 6.122682094655829e-08], [-4.1188833677097136e-08, 4.6324508673478704e-08], [null, 5.580782769243342e-08], [-4.280405363488171e-08, 4.829278310580776e-08], [null, 6.563056587083338e-08], [-4.566533817751406e-08, 5.097692934441511e-08], [-3.447700791525676e-08, 4.235797135265784e-08], [-4.068283132596662e-08, 5.339985165164762e-08], [null, 4.226114924676949e-08], [-5.323085616737444e-08, 6.469991120638952e-08], [null, 3.702656314885644e-08], [null, 6.340493996503938e-08], [null, 5.535982339210932e-08], [null, 4.628799743500167e-08], [null, 4.6063419745223655e-08], [-5.284620741008439e-08, 5.4628944923251765e-08], [null, 5.962330362763169e-08], [null, 4.426862787454411e-08], [null, 5.480083942188685e-08], [null, 4.733582770199973e-08], [-3.9846117516617596e-08, 4.622667049147822e-08], [-5.975417138870398e-08, 6.706108734988447e-08], [-4.055526048318825e-08, 4.708998346814042e-08], [null, 7.036074123334402e-08], [-4.026363598086391e-08, 4.748125448372775e-08], [-4.1721197163724355e-08, 5.332441332939197e-08], [null, 5.153944115932063e-08]], "Extended_Source_Name": "                  ", "0FGL_Name": "                 ", "1FGL_Name": "                  ", "2FGL_Name": "                  ", "1FHL_Name": "                  ", "ASSOC_GAM1": "               ", "ASSOC_GAM2": "              ", "ASSOC_GAM3": "               ", "TEVCAT_FLAG": "N", "ASSOC_TEV": "                     ", "CLASS1": "spp  ", "ASSOC1": "                          ", "ASSOC2": "                          ", "Flags": 1, "catalog_row_index": 976}