{"Source_Name": "3FGL J1256.1-0547 ", "RAJ2000": 194.04119873046875, "DEJ2000": -5.791200160980225, "GLON": 305.0953063964844, "GLAT": 57.06064224243164, "Conf_68_SemiMajor": 0.007647418417036533, "Conf_68_SemiMinor": 0.0075240726582705975, "Conf_68_PosAng": 54.849998474121094, "Conf_95_SemiMajor": 0.012400000356137753, "Conf_95_SemiMinor": 0.012199999764561653, "Conf_95_PosAng": 54.849998474121094, "ROI_num": 688, "Signif_Avg": 160.59645080566406, "Pivot_Energy": 341.9659423828125, "Flux_Density": 3.7142691700076114e-10, "Unc_Flux_Density": 4.323418359430953e-12, "Flux1000": 2.057494974394558e-08, "Unc_Flux1000": 3.607296683583172e-10, "Energy_Flux100": 2.3918150793278414e-10, "Unc_Energy_Flux100": 3.131236155778927e-12, "Signif_Curve": 6.083210468292236, "SpectrumType": "LogParabola     ", "Spectral_Index": 2.232943534851074, "Unc_Spectral_Index": 0.014170614071190357, "beta": 0.07893862575292587, "Unc_beta": 0.007358343806117773, "Cutoff": null, "Unc_Cutoff": null, "Exp_Index": null, "Unc_Exp_Index": null, "PowerLaw_Index": 2.3427646160125732, "Flux30_100": null, "Unc_Flux30_100": null, "nuFnu30_100": null, "Sqrt_TS30_100": null, "Flux100_300": 3.3578044167370535e-07, "Unc_Flux100_300": [-5.1686397384287375e-09, 5.1686397384287375e-09], "nuFnu100_300": 7.969811616215239e-11, "Sqrt_TS100_300": 61.34585952758789, "Flux300_1000": 9.098137354612845e-08, "Unc_Flux300_1000": [-1.3815234511938002e-09, 1.3815234511938002e-09], "nuFnu300_1000": 6.026786014690089e-11, "Sqrt_TS300_1000": 104.56098937988281, "Flux1000_3000": 1.6488886700471994e-08, "Unc_Flux1000_3000": [-4.100123018879742e-10, 4.100123018879742e-10], "nuFnu1000_3000": 3.779037846540767e-11, "Sqrt_TS1000_3000": 84.27852630615234, "Flux3000_10000": 3.3158962242652024e-09, "Unc_Flux3000_10000": [-1.6622739296145994e-10, 1.6622739296145994e-10], "nuFnu3000_10000": 2.1087735724290013e-11, "Sqrt_TS3000_10000": 50.15823745727539, "Flux10000_100000": 5.080472154084248e-10, "Unc_Flux10000_100000": [-6.253939727196567e-11, 6.764011573068274e-11], "nuFnu10000_100000": 6.517809729433832e-12, "Sqrt_TS10000_100000": 22.303361892700195, "Variability_Index": 4198.44091796875, "Signif_Peak": 61.07679748535156, "Flux_Peak": 1.3172447097531403e-06, "Unc_Flux_Peak": 3.7324095814028624e-08, "Time_Peak": 256424992.0, "Peak_Interval": 2630000.0, "Flux_History": [3.7227127336336707e-07, 2.9063647843941e-07, 3.047147174584097e-07, 9.87969769994379e-07, 1.2380309044601745e-06, 8.178906796274532e-07, 1.3172447097531403e-06, 4.0551066149419057e-07, 2.7483130793370947e-07, 2.6557600563137385e-07, 3.8029997995181475e-07, 8.531920343557431e-07, 8.374995559279341e-07, 6.937810326235194e-07, 5.741016479987593e-07, 4.1761097691050963e-07, 3.59457516196926e-07, 2.805811050166085e-07, 2.653986257428187e-07, 3.095684633080964e-07, 1.760016914431617e-07, 1.2010345074031648e-07, 1.2706507845905435e-07, 1.321350282523781e-07, 1.6553008208575193e-07, 7.330426683438418e-07, 3.9265881923711277e-07, 4.1896467450897035e-07, 5.316775286701159e-07, 4.0553166513745964e-07, 3.357953346494469e-07, 2.426682783607248e-07, 5.417089141701581e-07, 8.289056836474629e-07, 7.052641990412667e-07, 3.2111762493514107e-07, 3.9714583977001894e-07, 3.21868043329232e-07, 2.126316047679211e-07, 2.2722883841197472e-07, 2.148516813349488e-07, 2.7506979449754e-07, 1.5869940739321464e-07, 1.4707681827985652e-07, 1.7119809569976496e-07, 1.8252143263453036e-07, 1.4416173144127242e-07, 7.492275955200967e-08], "Unc_Flux_History": [[-2.828984513314481e-08, 2.828984513314481e-08], [-2.449389668868207e-08, 2.449389668868207e-08], [-2.6036797606820983e-08, 2.6036797606820983e-08], [-3.766376721614506e-08, 3.766376721614506e-08], [-3.5759235572641046e-08, 3.5759235572641046e-08], [-3.3851964786890676e-08, 3.3851964786890676e-08], [-3.7324095814028624e-08, 3.7324095814028624e-08], [-3.0453794153118e-08, 3.0453794153118e-08], [-2.314372160583389e-08, 2.314372160583389e-08], [-2.4413260746314336e-08, 2.4413260746314336e-08], [-2.657974285114051e-08, 2.657974285114051e-08], [-3.273614979093509e-08, 3.273614979093509e-08], [-3.748310106743702e-08, 3.748310106743702e-08], [-3.502184853232393e-08, 3.502184853232393e-08], [-4.21239967351994e-08, 4.21239967351994e-08], [-3.373677515128293e-08, 3.373677515128293e-08], [-3.229450840080972e-08, 3.229450840080972e-08], [-3.1190289462301735e-08, 3.0991966326610054e-08], [-2.7795170609579145e-08, 2.7795170609579145e-08], [-3.258380587567444e-08, 3.366061918086416e-08], [-2.2340779892715545e-08, 2.3266053972292866e-08], [-2.009543109693368e-08, 2.115105957045671e-08], [-2.0524080213135676e-08, 2.1116866477655094e-08], [-2.0128293698462585e-08, 2.1113033099595668e-08], [-2.278536292976696e-08, 2.384114416997818e-08], [-4.203286252391081e-08, 4.203286252391081e-08], [-3.587586405728871e-08, 3.587586405728871e-08], [-2.9273190094158963e-08, 2.9273190094158963e-08], [-3.802502845928757e-08, 3.802502845928757e-08], [-2.7971347904554023e-08, 2.7971347904554023e-08], [-3.0218124891234766e-08, 3.0218124891234766e-08], [-2.770028828535942e-08, 2.886796224288446e-08], [-3.735553022465865e-08, 3.735553022465865e-08], [-4.475536741210817e-08, 4.475536741210817e-08], [-3.6571165651366755e-08, 3.6571165651366755e-08], [-3.056991104699591e-08, 3.056991104699591e-08], [-2.9553902436418866e-08, 2.9553902436418866e-08], [-3.075067311897328e-08, 3.075067311897328e-08], [-2.7140952596482748e-08, 2.8658670103709483e-08], [-2.2999026683123702e-08, 2.2999026683123702e-08], [-2.526285314274901e-08, 2.6097989547224643e-08], [-2.2680444189404625e-08, 2.2680444189404625e-08], [-2.307319491023918e-08, 2.408872390446959e-08], [-2.2844506730734793e-08, 2.3819984207307243e-08], [-2.409189292507108e-08, 2.5207942400129468e-08], [-2.5664302683026108e-08, 2.5680090942614697e-08], [-2.0685654078533844e-08, 2.1596244792476682e-08], [-2.1603115740731482e-08, 2.341212201883991e-08]], "Extended_Source_Name": "                  ", "0FGL_Name": "0FGL J1256.1-0547", "1FGL_Name": "1FGL J1256.2-0547 ", "2FGL_Name": "2FGL J1256.1-0547 ", "1FHL_Name": "1FHL J1256.1-0547 ", "ASSOC_GAM1": "1AGL J1256-0549", "ASSOC_GAM2": "3EG J1255-0549", "ASSOC_GAM3": "EGR J1256-0552 ", "TEVCAT_FLAG": "P", "ASSOC_TEV": "3C 279               ", "CLASS1": "FSRQ ", "ASSOC1": "3C 279                    ", "ASSOC2": "                          ", "Flags": 0, "catalog_row_index": 1545}