{"Source_Name": "3FGL J0305.2-1607 ", "RAJ2000": 46.30440139770508, "DEJ2000": -16.120100021362305, "GLON": 200.3257598876953, "GLAT": -57.14266586303711, "Conf_68_SemiMajor": 0.05081833153963089, "Conf_68_SemiMinor": 0.041382402181625366, "Conf_68_PosAng": -39.2400016784668, "Conf_95_SemiMajor": 0.08240000158548355, "Conf_95_SemiMinor": 0.06710000336170197, "Conf_95_PosAng": -39.2400016784668, "ROI_num": 347, "Signif_Avg": 5.635293960571289, "Pivot_Energy": 6247.77880859375, "Flux_Density": 7.074937559631636e-15, "Unc_Flux_Density": 1.9560491616878563e-15, "Flux1000": 2.1717740106286243e-10, "Unc_Flux1000": 6.471595481727377e-11, "Energy_Flux100": 2.9774366566009958e-12, "Unc_Energy_Flux100": 8.658533417159331e-13, "Signif_Curve": 2.098304033279419, "SpectrumType": "PowerLaw        ", "Spectral_Index": 1.688498616218567, "Unc_Spectral_Index": 0.19125860929489136, "beta": null, "Unc_beta": null, "Cutoff": null, "Unc_Cutoff": null, "Exp_Index": null, "Unc_Exp_Index": null, "PowerLaw_Index": 1.688498616218567, "Flux30_100": null, "Unc_Flux30_100": null, "nuFnu30_100": null, "Sqrt_TS30_100": null, "Flux100_300": 2.7087904402173235e-12, "Unc_Flux100_300": [null, 1.5082992632642345e-09], "nuFnu100_300": 6.713754664109403e-16, "Sqrt_TS100_300": 0.0, "Flux300_1000": 6.342703029460495e-10, "Unc_Flux300_1000": [-3.564099293473788e-10, 3.7964639765242225e-10], "nuFnu300_1000": 4.519157129675294e-13, "Sqrt_TS300_1000": 1.8373407125473022, "Flux1000_3000": 7.676603103190516e-11, "Unc_Flux1000_3000": [-5.85731324553862e-11, 6.972696031670722e-11], "nuFnu1000_3000": 1.9026510781391254e-13, "Sqrt_TS1000_3000": 1.3789955377578735, "Flux3000_10000": 6.256579282437613e-11, "Unc_Flux3000_10000": [-2.3607865662356176e-11, 2.96055194248801e-11], "nuFnu3000_10000": 4.457794268268589e-13, "Sqrt_TS3000_10000": 4.367239952087402, "Flux10000_100000": 5.049493115305559e-11, "Unc_Flux10000_100000": [-1.9618763211215473e-11, 2.488951406087736e-11], "nuFnu10000_100000": 1.0242225904205648e-12, "Sqrt_TS10000_100000": 4.785351753234863, "Variability_Index": 39.80242156982422, "Signif_Peak": null, "Flux_Peak": null, "Unc_Flux_Peak": null, "Time_Peak": null, "Peak_Interval": null, "Flux_History": [0.0, 4.120928487338915e-09, 7.623938813594577e-09, 3.479078802826052e-09, 2.011403710255877e-09, 3.908851020639759e-09, 1.2648198044473702e-09, 5.814941417270347e-09, 0.0, 0.0, 1.7655763517865353e-09, 4.359144156751427e-09, 3.7010383646673972e-09, 0.0, 2.94155744207103e-09, 0.0, 3.1075167439276186e-10, 0.0, 0.0, 3.7908933769870146e-09, 0.0, 0.0, 0.0, 2.0866386396534153e-09, 0.0, 0.0, 6.742582603358471e-10, 0.0, 0.0, 8.47587111607595e-10, 0.0, 6.507693273150039e-10, 2.981400459844963e-09, 0.0, 0.0, 0.0, 4.208486004131373e-09, 0.0, 0.0, 1.0528868887860199e-09, 0.0, 0.0, 0.0, 2.019959755017453e-09, 0.0, 0.0, 0.0, 5.747466946814939e-09], "Unc_Flux_History": [[null, 2.6277346965031256e-09], [-2.198019544152885e-09, 3.2263298699319876e-09], [-3.540745030505832e-09, 4.636053763107384e-09], [-2.1845472097936636e-09, 3.2953881845543265e-09], [-1.466355259438501e-09, 2.6284692200562176e-09], [-2.241117513790414e-09, 3.270495874119206e-09], [null, 3.706764006849994e-09], [-4.1495091807064455e-09, 4.8666306540212645e-09], [null, 3.558901173761342e-09], [null, 2.952335487194091e-09], [-1.733715282448145e-09, 2.8257431949896272e-09], [-2.8761075743233278e-09, 3.6912364276275866e-09], [-2.348038874444569e-09, 3.2460940602163646e-09], [null, 2.956384026475689e-09], [-1.9993922073524573e-09, 3.447269136813702e-09], [null, 4.300054978756407e-09], [null, 4.1707215459041436e-09], [null, 2.727946757374866e-09], [null, 4.100363160119969e-09], [-3.053206798497854e-09, 4.306150547250809e-09], [null, 3.4498952583561504e-09], [null, 3.050395935844108e-09], [null, 4.237095563297544e-09], [-2.055869696704349e-09, 3.6737528574803946e-09], [null, 4.4689221212479424e-09], [null, 5.412196024678906e-09], [null, 3.743501952868655e-09], [null, 5.269753966530288e-09], [null, 3.745425303236516e-09], [null, 3.0729310207533445e-09], [null, 2.670901944057391e-09], [null, 4.6579695656134845e-09], [null, 7.070130259023699e-09], [null, 4.340507064881649e-09], [null, 4.0471155315913165e-09], [null, 3.3553391176610603e-09], [-2.6597888336254982e-09, 3.769834666655925e-09], [null, 4.077682191905296e-09], [null, 3.460926212284221e-09], [null, 4.150914723055621e-09], [null, 2.354587413933018e-09], [null, 4.079258264511054e-09], [null, 4.211738513504315e-09], [null, 4.610398285365136e-09], [null, 4.079289350755744e-09], [null, 2.4491746408727977e-09], [null, 4.97951990752199e-09], [-3.23086868370126e-09, 4.391926822222558e-09]], "Extended_Source_Name": "                  ", "0FGL_Name": "                 ", "1FGL_Name": "1FGL J0305.2-1601 ", "2FGL_Name": "2FGL J0305.0-1602 ", "1FHL_Name": "                  ", "ASSOC_GAM1": "               ", "ASSOC_GAM2": "              ", "ASSOC_GAM3": "               ", "TEVCAT_FLAG": "N", "ASSOC_TEV": "                     ", "CLASS1": "bcu  ", "ASSOC1": "PKS 0302-16               ", "ASSOC2": "                          ", "Flags": 0, "source_id": 364}