{"Source_Name": "3FHL J1733.8-4734 ", "RAJ2000": 263.4602355957031, "DEJ2000": -47.569427490234375, "GLON": 342.9073791503906, "GLAT": -7.880862712860107, "Conf_95_SemiMajor": 0.021571217104792595, "Conf_95_SemiMinor": 0.021571217104792595, "Conf_95_PosAng": null, "ROI_num": 79, "Signif_Avg": 9.661040306091309, "Pivot_Energy": 32.558311462402344, "Flux_Density": 8.034756128656728e-13, "Unc_Flux_Density": 1.765560625217183e-13, "Flux": 8.2645626453548e-11, "Unc_Flux": 1.830189992613196e-11, "Energy_Flux": 7.199594653090058e-12, "Unc_Energy_Flux": 2.530319270083181e-12, "Signif_Curve": 0.10003407299518585, "SpectrumType": "PowerLaw   ", "Spectral_Index": 1.9069056510925293, "Unc_Spectral_Index": 0.29458296298980713, "beta": -0.011737681925296783, "Unc_beta": 0.15066702663898468, "PowerLaw_Index": 1.8884937763214111, "Unc_PowerLaw_Index": 0.2080552726984024, "Flux_Band": [4.350444310352586e-11, 2.440981271278897e-11, 1.0430726594956585e-11, 2.9433636517667283e-12, 3.3315017411439385e-12], "Unc_Flux_Band": [[-1.2686621718438484e-11, 1.505888989894455e-11], [-8.90125299857214e-12, 1.0755422594210806e-11], [-4.995055584433583e-12, 7.074079603347494e-12], [-2.0547194588133033e-12, 3.999517730890467e-12], [-2.3358446253618492e-12, 4.533601792588993e-12]], "nuFnu": [1.4000727660556933e-12, 1.3135667683780716e-12, 1.267140689251156e-12, 1.0238336871012943e-12, 3.6204260076000416e-12], "Sqrt_TS_Band": [5.9335246086120605, 5.2276763916015625, 4.81810998916626, 3.5106306076049805, 3.006659984588623], "Npred": 28.111499786376953, "HEP_Energy": 678.7369995117188, "HEP_Prob": 0.9918398857116699, "Variability_BayesBlocks": 1, "Extended_Source_Name": "                  ", "ASSOC_GAM": "2FHL J1733.8-4733 ", "TEVCAT_FLAG": "N", "ASSOC_TEV": "                     ", "CLASS": "snr    ", "ASSOC1": "SNR G343.0-06.0           ", "ASSOC2": "                          ", "ASSOC_PROB_BAY": 0.800000011920929, "ASSOC_PROB_LR": 0.0, "Redshift": null, "NuPeak_obs": null, "catalog_row_index": 1154}