{"Source_Name": "3FGL J2312.9-6923 ", "RAJ2000": 348.239501953125, "DEJ2000": -69.3927993774414, "GLON": 314.97747802734375, "GLAT": -45.36298370361328, "Conf_68_SemiMajor": 0.04816640540957451, "Conf_68_SemiMinor": 0.04304756224155426, "Conf_68_PosAng": -33.900001525878906, "Conf_95_SemiMajor": 0.07810000330209732, "Conf_95_SemiMinor": 0.0697999969124794, "Conf_95_PosAng": -33.900001525878906, "ROI_num": 672, "Signif_Avg": 4.931356906890869, "Pivot_Energy": 4989.85205078125, "Flux_Density": 8.504089664721718e-15, "Unc_Flux_Density": 2.3868759531662847e-15, "Flux1000": 1.874709693039378e-10, "Unc_Flux1000": 5.605594807778225e-11, "Energy_Flux100": 2.31025159939946e-12, "Unc_Energy_Flux100": 6.653517797480801e-13, "Signif_Curve": 1.8454288244247437, "SpectrumType": "PowerLaw        ", "Spectral_Index": 1.8040268421173096, "Unc_Spectral_Index": 0.21496275067329407, "beta": null, "Unc_beta": null, "Cutoff": null, "Unc_Cutoff": null, "Exp_Index": null, "Unc_Exp_Index": null, "PowerLaw_Index": 1.8040268421173096, "Flux30_100": null, "Unc_Flux30_100": null, "nuFnu30_100": null, "Sqrt_TS30_100": null, "Flux100_300": 4.4153867229113075e-09, "Unc_Flux100_300": [-1.975538177489966e-09, 2.001419030506213e-09], "nuFnu100_300": 1.0818197466316848e-12, "Sqrt_TS100_300": 2.2616264820098877, "Flux300_1000": 7.107386544808001e-15, "Unc_Flux300_1000": [null, 2.0533266753552937e-10], "nuFnu300_1000": 4.994518192956406e-18, "Sqrt_TS300_1000": 0.0, "Flux1000_3000": 9.966306252495727e-11, "Unc_Flux1000_3000": [-5.529460223030469e-11, 6.658811696480527e-11], "nuFnu1000_3000": 2.441857751157156e-13, "Sqrt_TS1000_3000": 1.9968732595443726, "Flux3000_10000": 8.78771014289903e-11, "Unc_Flux3000_10000": [-2.7474961541984477e-11, 3.2975837338522496e-11], "nuFnu3000_10000": 6.175319045183258e-13, "Sqrt_TS3000_10000": 4.573002815246582, "Flux10000_100000": 1.9822584546025368e-11, "Unc_Flux10000_100000": [-1.0055492029314994e-11, 1.442888256791841e-11], "nuFnu10000_100000": 3.8276527130134963e-13, "Sqrt_TS10000_100000": 3.644899606704712, "Variability_Index": 38.06669616699219, "Signif_Peak": null, "Flux_Peak": null, "Unc_Flux_Peak": null, "Time_Peak": null, "Peak_Interval": null, "Flux_History": [1.2236923696562485e-09, 6.669536922743191e-09, 4.371996986662907e-09, 7.897077991536605e-10, 0.0, 6.105778549425622e-09, 2.9658251410324965e-09, 0.0, 1.2421412787233521e-09, 1.8052171979476839e-09, 0.0, 0.0, 0.0, 0.0, 1.2433485352403295e-09, 3.251963365258348e-09, 8.413523211459051e-10, 6.4520513376464805e-09, 0.0, 0.0, 0.0, 4.2698866664636626e-09, 0.0, 0.0, 0.0, 7.716772776333869e-10, 2.5313904306045742e-09, 1.849392750052914e-09, 0.0, 1.3504071194603284e-09, 1.1720499015765995e-09, 1.843644792387522e-09, 0.0, 0.0, 6.206560598798205e-09, 0.0, 0.0, 0.0, 0.0, 0.0, 0.0, 0.0, 0.0, 6.8021930310635526e-09, 2.860166326001945e-09, 1.1579520675653043e-09, 0.0, 0.0], "Unc_Flux_History": [[null, 6.067705449197547e-09], [-3.842623996774819e-09, 5.3734385829784514e-09], [-3.701880579853878e-09, 5.0303130549878006e-09], [null, 4.044018453441822e-09], [null, 3.3703433377496594e-09], [-4.570228639977358e-09, 5.693601590195385e-09], [-2.177896751831554e-09, 3.6951526283246494e-09], [null, 3.185822494700119e-09], [null, 3.953144034340994e-09], [-1.776011560039592e-09, 3.1553890611490942e-09], [null, 3.336753984228835e-09], [null, 4.420331656262988e-09], [null, 3.860027852908843e-09], [null, 3.557653283081663e-09], [null, 3.1474358674898895e-09], [-2.525399667163697e-09, 3.902957068646629e-09], [null, 3.3573257507413246e-09], [-2.72138978019143e-09, 3.5932443687158866e-09], [null, 4.3564165608245276e-09], [null, 3.1515650089630753e-09], [null, 3.961876604563486e-09], [-2.6753768089804453e-09, 3.7170335698277768e-09], [null, 4.039919954124116e-09], [null, 4.022664867875392e-09], [null, 3.230542944265835e-09], [null, 5.146879811235294e-09], [-2.0846626647141875e-09, 3.39819772321448e-09], [null, 6.782329364796169e-09], [null, 3.5444256418770692e-09], [null, 5.716515705245229e-09], [null, 4.052785218533472e-09], [-1.5423919919044238e-09, 2.817806210586582e-09], [null, 4.670176689813843e-09], [null, 3.625243216731633e-09], [-4.022358446320595e-09, 5.260382796024032e-09], [null, 3.2829958751534605e-09], [null, 3.3889235862005762e-09], [null, 4.467327840984581e-09], [null, 3.807395732025043e-09], [null, 2.383722552679046e-09], [null, 3.610732601799782e-09], [null, 3.806876591738728e-09], [null, 2.5423774197008697e-09], [-3.4882865485030834e-09, 4.950618581744948e-09], [-2.111548491612325e-09, 3.3062494964042344e-09], [null, 3.386463109933402e-09], [null, 3.925300529061815e-09], [null, 3.713091167867333e-09]], "Extended_Source_Name": "                  ", "0FGL_Name": "                 ", "1FGL_Name": "                  ", "2FGL_Name": "                  ", "1FHL_Name": "                  ", "ASSOC_GAM1": "               ", "ASSOC_GAM2": "              ", "ASSOC_GAM3": "               ", "TEVCAT_FLAG": "N", "ASSOC_TEV": "                     ", "CLASS1": "bcu  ", "ASSOC1": "SUMSS J231347-692332      ", "ASSOC2": "                          ", "Flags": 0, "source_id": 2941}