{"Source_Name": "3FGL J2051.3-0828 ", "RAJ2000": 312.8283996582031, "DEJ2000": -8.479599952697754, "GLON": 39.196598052978516, "GLAT": -30.461397171020508, "Conf_68_SemiMajor": 0.0677783265709877, "Conf_68_SemiMinor": 0.05316189303994179, "Conf_68_PosAng": -66.41999816894531, "Conf_95_SemiMajor": 0.10989999771118164, "Conf_95_SemiMinor": 0.08619999885559082, "Conf_95_PosAng": -66.41999816894531, "ROI_num": 423, "Signif_Avg": 7.399136543273926, "Pivot_Energy": 2402.6328125, "Flux_Density": 1.6064128922476523e-13, "Unc_Flux_Density": 2.6532490532979805e-14, "Flux1000": 6.60737964341962e-10, "Unc_Flux1000": 1.096792587307327e-10, "Energy_Flux100": 3.1752250568423124e-12, "Unc_Energy_Flux100": 5.244688689419463e-13, "Signif_Curve": 5.14797830581665, "SpectrumType": "PLExpCutoff     ", "Spectral_Index": 0.5000000596046448, "Unc_Spectral_Index": null, "beta": null, "Unc_beta": null, "Cutoff": 1593.91650390625, "Unc_Cutoff": 267.82763671875, "Exp_Index": 1.0, "Unc_Exp_Index": null, "PowerLaw_Index": 2.0209546089172363, "Flux30_100": null, "Unc_Flux30_100": null, "nuFnu30_100": null, "Sqrt_TS30_100": null, "Flux100_300": 2.2313409258310768e-14, "Unc_Flux100_300": [null, 1.2567938911800525e-09], "nuFnu100_300": 6.153157521584945e-18, "Sqrt_TS100_300": 0.0, "Flux300_1000": 4.115564555817741e-10, "Unc_Flux300_1000": [-2.9505203835711313e-10, 3.14374748455748e-10], "nuFnu300_1000": 3.242851137359032e-13, "Sqrt_TS300_1000": 1.4255963563919067, "Flux1000_3000": 5.822999304960774e-10, "Unc_Flux1000_3000": [-1.1189156545743373e-10, 1.2047454700514493e-10], "nuFnu1000_3000": 1.458003531275287e-12, "Sqrt_TS1000_3000": 6.627347469329834, "Flux3000_10000": 1.4552735405626294e-10, "Unc_Flux3000_10000": [-3.992292954557719e-11, 4.5482999311285965e-11], "nuFnu3000_10000": 8.191533389101391e-13, "Sqrt_TS3000_10000": 5.286805629730225, "Flux10000_100000": 6.196993415516711e-15, "Unc_Flux10000_100000": [null, 1.3085537861612373e-11], "nuFnu10000_100000": 5.741674375200849e-17, "Sqrt_TS10000_100000": 0.0, "Variability_Index": 53.22237777709961, "Signif_Peak": null, "Flux_Peak": null, "Unc_Flux_Peak": null, "Time_Peak": null, "Peak_Interval": null, "Flux_History": [5.221914012309981e-10, 3.2512534886564026e-09, 2.375842189650257e-09, 7.413450964222079e-10, 4.56166482365461e-09, 2.1908079794741298e-09, 5.797444746491465e-09, 1.2903363932892375e-09, 0.0, 1.5398675390354555e-10, 1.4820943361470995e-09, 5.06677366729491e-09, 1.5768896188816939e-09, 0.0, 3.693314765129685e-09, 3.1922726684285863e-09, 5.186293616787907e-10, 7.2201578049657655e-09, 0.0, 3.804113912764251e-09, 0.0, 1.3382818186968848e-09, 0.0, 1.8615189389947773e-09, 2.2003006083792798e-09, 2.7371926947239444e-09, 8.10182321231423e-09, 9.220808561138938e-10, 0.0, 0.0, 0.0, 6.2431890768266385e-09, 9.288628199932703e-10, 0.0, 3.208634247187092e-09, 2.4195394576764784e-09, 2.034271640027896e-09, 6.117399031779769e-09, 0.0, 4.8769113192292934e-09, 0.0, 9.880224416392025e-10, 9.724112626230408e-10, 3.3228526596928987e-09, 2.3549364680519602e-09, 2.120813080708217e-09, 0.0, 1.3718731706191534e-09], "Unc_Flux_History": [[null, 2.907609042424042e-09], [-2.003242904891067e-09, 2.7027675653101824e-09], [-1.335981325567559e-09, 1.8805843549074552e-09], [null, 1.9693697783651487e-09], [-2.0470323214283326e-09, 2.604275461948191e-09], [-1.5168508671337122e-09, 2.083787808970783e-09], [-2.5968789341135334e-09, 3.2051021836565496e-09], [-1.1556655632460888e-09, 2.058937687010598e-09], [null, 1.5011742959814e-09], [null, 2.2977035829541137e-09], [null, 2.4299524614690426e-09], [-2.555335054665875e-09, 3.019337890819429e-09], [null, 2.7578515027215644e-09], [null, 1.9153116870285203e-09], [-2.260739151438429e-09, 2.8579854038923713e-09], [-1.955279937959631e-09, 2.670359711132164e-09], [null, 2.165012169541569e-09], [-3.2402385219398866e-09, 4.095104255696924e-09], [null, 3.251184654828876e-09], [-2.522055897458131e-09, 3.2531530802515363e-09], [null, 2.6895778937330306e-09], [-1.0529214167220857e-09, 1.6703183280952771e-09], [null, 2.1731141330860737e-09], [-1.5397156882812624e-09, 2.3263000414885937e-09], [null, 3.4909664048399236e-09], [-1.5945024189889523e-09, 2.311270508315033e-09], [-3.0485640678534764e-09, 3.687024019427554e-09], [null, 3.1499791663947008e-09], [null, 2.032932711060198e-09], [null, 2.9005493562550555e-09], [null, 3.43043748962657e-09], [-2.81732281948166e-09, 3.5670730813563978e-09], [null, 2.9374067622711664e-09], [null, 1.8762511544423432e-09], [-2.022412015634245e-09, 2.813485000530136e-09], [-2.2839226065940466e-09, 2.9811197954643376e-09], [-1.7039258892737053e-09, 2.7796955848202742e-09], [-2.70178190930892e-09, 3.5040514934081557e-09], [null, 2.975713453423623e-09], [-2.0762280783515052e-09, 2.6345150505591164e-09], [null, 2.3953847794189187e-09], [null, 2.8547413322144166e-09], [null, 2.7052693418738727e-09], [-2.498635742753663e-09, 3.081972010932077e-09], [-2.078160532548168e-09, 2.7723205953122942e-09], [-1.7651460293421906e-09, 2.481928218500684e-09], [null, 2.6462931845827597e-09], [null, 2.8487494585505146e-09]], "Extended_Source_Name": "                  ", "0FGL_Name": "                 ", "1FGL_Name": "                  ", "2FGL_Name": "                  ", "1FHL_Name": "                  ", "ASSOC_GAM1": "               ", "ASSOC_GAM2": "              ", "ASSOC_GAM3": "               ", "TEVCAT_FLAG": "N", "ASSOC_TEV": "                     ", "CLASS1": "PSR  ", "ASSOC1": "PSR J2051-0827            ", "ASSOC2": "                          ", "Flags": 2048, "source_id": 2700}