{"Source_Name": "3FGL J0056.3-0935 ", "RAJ2000": 14.089799880981445, "DEJ2000": -9.593700408935547, "GLON": 126.9541244506836, "GLAT": -72.42694854736328, "Conf_68_SemiMajor": 0.038175418972969055, "Conf_68_SemiMinor": 0.03126807510852814, "Conf_68_PosAng": 25.459999084472656, "Conf_95_SemiMajor": 0.061900001019239426, "Conf_95_SemiMinor": 0.050700001418590546, "Conf_95_PosAng": 25.459999084472656, "ROI_num": 525, "Signif_Avg": 9.891923904418945, "Pivot_Energy": 4041.20751953125, "Flux_Density": 3.481489727584497e-14, "Unc_Flux_Density": 5.7206707903753595e-15, "Flux1000": 5.227457355871934e-10, "Unc_Flux1000": 8.736837642242534e-11, "Energy_Flux100": 6.5133710057396765e-12, "Unc_Energy_Flux100": 1.1566906286952783e-12, "Signif_Curve": 0.9254466891288757, "SpectrumType": "PowerLaw        ", "Spectral_Index": 1.7902222871780396, "Unc_Spectral_Index": 0.1200602650642395, "beta": null, "Unc_beta": null, "Cutoff": null, "Unc_Cutoff": null, "Exp_Index": null, "Unc_Exp_Index": null, "PowerLaw_Index": 1.7902222871780396, "Flux30_100": null, "Unc_Flux30_100": null, "nuFnu30_100": null, "Sqrt_TS30_100": null, "Flux100_300": 4.465097389050321e-11, "Unc_Flux100_300": [null, 3.0642592907526023e-09], "nuFnu100_300": 1.095504302507308e-14, "Sqrt_TS100_300": 0.0, "Flux300_1000": 8.508598270395851e-10, "Unc_Flux300_1000": [-3.939130965857629e-10, 4.2038295067214904e-10], "nuFnu300_1000": 5.989040101524179e-13, "Sqrt_TS300_1000": 2.2594733238220215, "Flux1000_3000": 3.0598687472682684e-10, "Unc_Flux1000_3000": [-8.502535481236251e-11, 9.466865485974196e-11], "nuFnu1000_3000": 7.507337308233775e-13, "Sqrt_TS1000_3000": 4.640762805938721, "Flux3000_10000": 1.248711134493874e-10, "Unc_Flux3000_10000": [-3.5572607359757313e-11, 4.1669230566032667e-11], "nuFnu3000_10000": 8.789439445364144e-13, "Sqrt_TS3000_10000": 5.6324968338012695, "Flux10000_100000": 9.352987134780832e-11, "Unc_Flux10000_100000": [-2.654475250718491e-11, 3.2295589813546854e-11], "nuFnu10000_100000": 1.8166039419259539e-12, "Sqrt_TS10000_100000": 7.216942310333252, "Variability_Index": 55.52388381958008, "Signif_Peak": null, "Flux_Peak": null, "Unc_Flux_Peak": null, "Time_Peak": null, "Peak_Interval": null, "Flux_History": [8.03334287979851e-09, 0.0, 3.5416933830134667e-09, 5.383503420830493e-09, 0.0, 0.0, 1.0234727509939034e-09, 1.990708931032259e-09, 4.624049143586717e-09, 0.0, 0.0, 3.2843996411457965e-09, 3.1171951686559396e-09, 3.088615141422224e-09, 1.1609277983382071e-08, 6.404554664385387e-09, 1.629403945102581e-09, 0.0, 0.0, 3.4054115083392844e-09, 3.590358010896466e-09, 5.655078627597732e-09, 0.0, 0.0, 0.0, 4.92730345413861e-09, 9.921675037105615e-09, 0.0, 9.768434061641074e-09, 8.229660286573903e-10, 1.1208508787774463e-08, 1.5448739176804338e-08, 4.5808672410885265e-09, 2.3439172824879506e-09, 6.9213328401929175e-09, 3.8952565617478285e-09, 6.959381071425241e-09, 0.0, 4.370090067595811e-09, 0.0, 2.2559563106483438e-09, 1.1940548994004985e-08, 2.72709077542288e-09, 1.2863637266491423e-08, 3.0997124866871673e-09, 4.273510434416039e-09, 2.263273790603648e-09, 0.0], "Unc_Flux_History": [[-4.324832048041571e-09, 5.802698321843991e-09], [null, 3.8334255769711945e-09], [-2.4610224969023875e-09, 4.006442289039569e-09], [-3.218530553183996e-09, 4.619295168595272e-09], [null, 4.081569304759114e-09], [null, 2.6546158604645598e-09], [null, 5.403127278924558e-09], [null, 4.506728767950108e-09], [-2.8576916388800555e-09, 4.269698372638686e-09], [null, 3.893058320159071e-09], [null, 5.534813496410607e-09], [-2.470347260086214e-09, 3.942840720583263e-09], [-2.2543931166296716e-09, 3.826060357425831e-09], [null, 6.72590338979262e-09], [-4.959384902747388e-09, 6.317076639561492e-09], [null, 8.903286108363773e-09], [null, 6.409085706593487e-09], [null, 3.432323980590013e-09], [null, 5.630564459124798e-09], [null, 5.734791752587398e-09], [-3.5137053266964813e-09, 5.510558231947016e-09], [-3.6221468047159533e-09, 4.940752251769709e-09], [null, 2.8241966543163244e-09], [null, 5.409967585023878e-09], [null, 3.516268609615736e-09], [-3.5273266529856073e-09, 5.6034421547224156e-09], [-5.637783129230911e-09, 7.275462454714443e-09], [null, 5.0830486486574955e-09], [-4.331400127455254e-09, 5.514134926443148e-09], [null, 5.8983689044112e-09], [-4.6583279456058335e-09, 5.791781720887457e-09], [-5.955686166458918e-09, 7.2828330033303246e-09], [null, 8.020842656719651e-09], [-1.8104467924828782e-09, 3.2202192024044507e-09], [-3.9287963993217545e-09, 5.6442712725868205e-09], [-3.7741147984604595e-09, 5.111526313328341e-09], [-5.721508156142363e-09, 7.346848018841001e-09], [null, 3.943122273142308e-09], [-3.7610825565081996e-09, 5.5612301430585376e-09], [null, 5.845064876552897e-09], [null, 5.954251758311102e-09], [-5.450810913742998e-09, 7.2187837929504894e-09], [-2.0603545536346246e-09, 3.6007758996703387e-09], [-6.01965499669177e-09, 7.664787027295006e-09], [-2.8862436884935505e-09, 4.365781514081846e-09], [-2.864449122341739e-09, 4.618813331802585e-09], [null, 6.983082556644149e-09], [null, 4.4881085514703045e-09]], "Extended_Source_Name": "                  ", "0FGL_Name": "                 ", "1FGL_Name": "                  ", "2FGL_Name": "                  ", "1FHL_Name": "                  ", "ASSOC_GAM1": "               ", "ASSOC_GAM2": "              ", "ASSOC_GAM3": "               ", "TEVCAT_FLAG": "N", "ASSOC_TEV": "                     ", "CLASS1": "bll  ", "ASSOC1": "TXS 0053-098              ", "ASSOC2": "                          ", "Flags": 0, "source_id": 118}