{"Source_Name": "3FGL J1818.6+0903 ", "RAJ2000": 274.65521240234375, "DEJ2000": 9.060999870300293, "GLON": 37.37282180786133, "GLAT": 11.374780654907227, "Conf_68_SemiMajor": 0.03688029199838638, "Conf_68_SemiMinor": 0.032069820910692215, "Conf_68_PosAng": 85.1500015258789, "Conf_95_SemiMajor": 0.05979999899864197, "Conf_95_SemiMinor": 0.052000001072883606, "Conf_95_PosAng": 85.1500015258789, "ROI_num": 181, "Signif_Avg": 13.660255432128906, "Pivot_Energy": 902.386962890625, "Flux_Density": 2.4439924910246713e-12, "Unc_Flux_Density": 2.1150926333719094e-13, "Flux1000": 1.399542259861164e-09, "Unc_Flux1000": 1.4474348108972634e-10, "Energy_Flux100": 1.7934341511871565e-11, "Unc_Energy_Flux100": 1.5544253167618094e-12, "Signif_Curve": 0.4027998149394989, "SpectrumType": "PowerLaw        ", "Spectral_Index": 2.3672914505004883, "Unc_Spectral_Index": 0.06866580992937088, "beta": null, "Unc_beta": null, "Cutoff": null, "Unc_Cutoff": null, "Exp_Index": null, "Unc_Exp_Index": null, "PowerLaw_Index": 2.3672914505004883, "Flux30_100": null, "Unc_Flux30_100": null, "nuFnu30_100": null, "Sqrt_TS30_100": null, "Flux100_300": 2.2654706555158555e-08, "Unc_Flux100_300": [-5.5781423924372575e-09, 5.432381211534221e-09], "nuFnu100_300": 5.2527006182134794e-12, "Sqrt_TS100_300": 4.14580774307251, "Flux300_1000": 5.657141421977485e-09, "Unc_Flux300_1000": [-8.760396297269324e-10, 8.828424657991718e-10], "nuFnu300_1000": 3.7217872013439735e-12, "Sqrt_TS300_1000": 6.978566646575928, "Flux1000_3000": 1.4330203690349208e-09, "Unc_Flux1000_3000": [-1.8948156932374616e-10, 1.9872434253720428e-10], "nuFnu1000_3000": 3.322588515083935e-12, "Sqrt_TS1000_3000": 9.543322563171387, "Flux3000_10000": 2.2898528906356574e-10, "Unc_Flux3000_10000": [-5.531330254937572e-11, 6.204796398900925e-11], "nuFnu3000_10000": 1.5064756083219e-12, "Sqrt_TS3000_10000": 5.773702621459961, "Flux10000_100000": 5.7416561088929896e-11, "Unc_Flux10000_100000": [-2.1703921646021307e-11, 2.765366755030918e-11], "nuFnu10000_100000": 8.867506338591791e-13, "Sqrt_TS10000_100000": 4.7061285972595215, "Variability_Index": 78.76571655273438, "Signif_Peak": 5.017401695251465, "Flux_Peak": 9.228305231090417e-08, "Unc_Flux_Peak": 2.4807505383250827e-08, "Time_Peak": 285355008.0, "Peak_Interval": 2630000.0, "Flux_History": [3.098685041891258e-08, 4.1137361961318675e-08, 1.602614219109455e-08, 4.8977561561969196e-08, 6.69644535378211e-08, 3.5232655903882915e-08, 8.258874473199285e-09, 6.68709745355045e-08, 8.32908995107573e-08, 7.563435389101869e-08, 5.867527352876323e-09, 2.6962460708546132e-08, 1.454013087709427e-08, 4.2077271444895814e-08, 2.8497122883663906e-08, 2.51816096863422e-08, 3.544018412071637e-08, 9.228305231090417e-08, 8.46231316131707e-08, 1.2468992061087647e-08, 0.0, 6.387047335465468e-08, 8.319875455242709e-09, 4.978272016842311e-08, 2.9209452634404443e-08, 3.877057253021121e-08, 5.055520801988678e-08, 2.2999168791670854e-08, 1.5873585779146993e-09, 0.0, 5.142679881942058e-08, 2.22011724559934e-08, 3.7842504241325514e-08, 3.751749133584781e-09, 1.209150024550354e-08, 3.08262002590709e-08, 1.317324560545785e-08, 5.8363337274158766e-08, 9.437362002984173e-09, 0.0, 3.503416934336201e-08, 1.8858711925417992e-08, 5.3559514157086596e-08, 0.0, 9.814660195672786e-09, 3.8825209713877484e-09, 0.0, 1.1036394909069713e-08], "Unc_Flux_History": [[-1.5503609063216572e-08, 1.7406211583193e-08], [-1.767931934182343e-08, 1.9919623284181398e-08], [-1.5491833593728188e-08, 1.7134318852640718e-08], [-1.7626824444505473e-08, 1.9406021678491925e-08], [-1.882184363921624e-08, 2.0138900325150644e-08], [-1.6570925964742855e-08, 1.9111588756004494e-08], [null, 1.861303289274474e-08], [-1.9511588789100642e-08, 2.1403268490871596e-08], [-2.0004705447718152e-08, 2.1689114504397367e-08], [-1.8692936976094643e-08, 1.9982335786039584e-08], [null, 1.8171084192886156e-08], [-1.2877200639138664e-08, 1.4956869520688088e-08], [null, 1.7229659476925008e-08], [-1.97464071760578e-08, 2.207230132000859e-08], [-1.610066391322107e-08, 1.808097316313706e-08], [-2.1253249826713727e-08, 2.388793518548482e-08], [-1.9127808670305058e-08, 2.209618088500065e-08], [-2.4807505383250827e-08, 2.6928248075819283e-08], [-2.5436134976075664e-08, 2.7682393266559302e-08], [null, 2.0706176329099435e-08], [null, 1.7654373962727732e-08], [-2.2121636078509255e-08, 2.409002775038971e-08], [null, 2.093037032580014e-08], [-1.8993002726119812e-08, 2.1673976391411998e-08], [-1.517183534360811e-08, 1.7855620981777065e-08], [-1.9944092599644136e-08, 2.236614449202534e-08], [-2.0099152564512224e-08, 2.2498330309872472e-08], [-2.0013766643955933e-08, 2.241934815572222e-08], [null, 1.809651806183865e-08], [null, 2.1882437195586135e-08], [-2.3471482535342147e-08, 2.5727864283453528e-08], [-1.675039484894114e-08, 1.9139847040605673e-08], [-2.1086419721427774e-08, 2.4109979790409852e-08], [null, 2.2404226029948404e-08], [null, 1.8236107734992402e-08], [-2.476123661665497e-08, 2.6676479691900568e-08], [null, 1.9791182026551724e-08], [-2.2999964599534906e-08, 2.6130468455676237e-08], [null, 1.833814522456123e-08], [null, 2.0454422156035434e-08], [-2.418826383632222e-08, 2.612100580279275e-08], [-1.599216759018418e-08, 1.8928753675595544e-08], [-1.9008007612342226e-08, 2.1432244423635893e-08], [null, 1.877708655229071e-08], [null, 1.8098985421488578e-08], [null, 2.187404213316313e-08], [null, 2.2318813464039522e-08], [null, 1.8270487345262154e-08]], "Extended_Source_Name": "                  ", "0FGL_Name": "                 ", "1FGL_Name": "1FGL J1818.1+0905 ", "2FGL_Name": "2FGL J1818.6+0903 ", "1FHL_Name": "                  ", "ASSOC_GAM1": "               ", "ASSOC_GAM2": "              ", "ASSOC_GAM3": "               ", "TEVCAT_FLAG": "N", "ASSOC_TEV": "                     ", "CLASS1": "fsrq ", "ASSOC1": "MG1 J181841+0903          ", "ASSOC2": "                          ", "Flags": 0, "catalog_row_index": 2332}