{"Source_Name": "3FGL J1659.4+2631 ", "RAJ2000": 254.8621063232422, "DEJ2000": 26.526199340820312, "GLON": 47.54387664794922, "GLAT": 35.27138900756836, "Conf_68_SemiMajor": 0.23959855735301971, "Conf_68_SemiMinor": 0.17237527668476105, "Conf_68_PosAng": 89.05000305175781, "Conf_95_SemiMajor": 0.38850000500679016, "Conf_95_SemiMinor": 0.27950000762939453, "Conf_95_PosAng": 89.05000305175781, "ROI_num": 739, "Signif_Avg": 4.069955348968506, "Pivot_Energy": 552.0604858398438, "Flux_Density": 1.6504258897043211e-12, "Unc_Flux_Density": 3.6804508551056825e-13, "Flux1000": 1.9300587517090406e-10, "Unc_Flux1000": 6.542479058513351e-11, "Energy_Flux100": 3.7896977223006445e-12, "Unc_Energy_Flux100": 8.929502645117771e-13, "Signif_Curve": 1.4547617435455322, "SpectrumType": "PowerLaw        ", "Spectral_Index": 2.70975923538208, "Unc_Spectral_Index": 0.21706566214561462, "beta": null, "Unc_beta": null, "Cutoff": null, "Unc_Cutoff": null, "Exp_Index": null, "Unc_Exp_Index": null, "PowerLaw_Index": 2.70975923538208, "Flux30_100": null, "Unc_Flux30_100": null, "nuFnu30_100": null, "Sqrt_TS30_100": null, "Flux100_300": 6.38709884981381e-09, "Unc_Flux100_300": [-2.9595543793448087e-09, 2.9583842042768538e-09], "nuFnu100_300": 1.4340076435331861e-12, "Sqrt_TS100_300": 2.1717727184295654, "Flux300_1000": 9.921984345240276e-10, "Unc_Flux300_1000": [-4.819162291447299e-10, 4.964620936576125e-10], "nuFnu300_1000": 6.283278476508503e-13, "Sqrt_TS300_1000": 2.1038668155670166, "Flux1000_3000": 2.220495731730665e-10, "Unc_Flux1000_3000": [-9.142819140661729e-11, 1.0019483853707101e-10], "nuFnu1000_3000": 4.985374092714157e-13, "Sqrt_TS1000_3000": 2.653204917907715, "Flux3000_10000": 2.424172494686072e-11, "Unc_Flux3000_10000": [-1.7365326190899033e-11, 2.5411502763139637e-11], "nuFnu3000_10000": 1.535151671581969e-13, "Sqrt_TS3000_10000": 1.6060513257980347, "Flux10000_100000": 1.0682290989272314e-11, "Unc_Flux10000_100000": [-7.788585748569332e-12, 1.346047232009262e-11], "nuFnu10000_100000": 1.469569772946308e-13, "Sqrt_TS10000_100000": 1.8644523620605469, "Variability_Index": 47.033912658691406, "Signif_Peak": null, "Flux_Peak": null, "Unc_Flux_Peak": null, "Time_Peak": null, "Peak_Interval": null, "Flux_History": [0.0, 0.0, 1.5972797529073546e-09, 0.0, 8.723587963110901e-10, 0.0, 0.0, 1.4202025333531765e-08, 0.0, 2.9776524357316703e-08, 0.0, 1.3840288026756298e-08, 0.0, 1.6433938654358826e-09, 0.0, 6.784561801254085e-09, 1.2207003408093442e-08, 0.0, 4.4340342952864376e-08, 1.0836582298168196e-08, 0.0, 6.344530234514423e-09, 0.0, 1.7646954120209557e-08, 8.593519673638639e-09, 0.0, 3.6342509446285476e-08, 2.410844857081429e-08, 0.0, 1.91157187856561e-08, 0.0, 2.156343548165296e-08, 7.563056847459393e-09, 2.7990292750246226e-08, 0.0, 5.25938226303424e-08, 0.0, 3.21846762574296e-08, 1.0914844139620072e-08, 3.894813360716398e-09, 0.0, 1.3099841211783314e-08, 0.0, 3.983757324022008e-08, 1.2038879226849986e-08, 2.572291357694212e-08, 2.1436239450167704e-08, 0.0], "Unc_Flux_History": [[null, 1.2428802875774636e-08], [null, 1.673888050390815e-08], [null, 1.3228885542559965e-08], [null, 1.3606071824767696e-08], [null, 1.3344227056677482e-08], [null, 1.3123772291123714e-08], [null, 1.4250134405813242e-08], [null, 1.6418070458712464e-08], [null, 1.684422556991194e-08], [-1.3995700598457006e-08, 1.5504880934713583e-08], [null, 1.3135797338748034e-08], [null, 1.4192160335824155e-08], [null, 1.5045753087861158e-08], [null, 1.7497038484748373e-08], [null, 8.390173000805135e-09], [null, 1.6942724556656685e-08], [null, 1.8231155252124154e-08], [null, 1.258890858224504e-08], [-1.7571961663520597e-08, 1.9416113161696558e-08], [null, 1.5068660985662063e-08], [null, 1.4932817649082608e-08], [null, 1.6276457515118636e-08], [null, 1.0167612529699e-08], [-1.6223436816176218e-08, 1.804528615423351e-08], [null, 1.5550815746223634e-08], [null, 1.3638602247567633e-08], [-1.5765259320232872e-08, 1.7401362129021436e-08], [-1.4587769214813306e-08, 1.6508224121025705e-08], [null, 1.652496983695073e-08], [-1.4977876716670835e-08, 1.6829099891424448e-08], [null, 1.7866074841776936e-08], [-1.5603527359075997e-08, 1.7989917111549403e-08], [null, 1.9478262558436654e-08], [-1.6855105755553268e-08, 1.865891086083593e-08], [null, 1.640318458839829e-08], [-1.9717511179351277e-08, 2.1074040290613993e-08], [null, 1.7784540062848464e-08], [-2.0712683124202158e-08, 2.3057330267306497e-08], [null, 1.54154378151361e-08], [null, 1.663375925886612e-08], [null, 1.5003431386162447e-08], [-1.0417127604966936e-08, 1.4524004221527775e-08], [null, 1.5470691394625646e-08], [-1.620838041560546e-08, 1.7824669740207355e-08], [null, 1.600893284603444e-08], [-1.5698349287163182e-08, 1.70959868484033e-08], [-1.2804997062687562e-08, 1.7107188554632557e-08], [null, 1.4848382079435396e-08]], "Extended_Source_Name": "                  ", "0FGL_Name": "                 ", "1FGL_Name": "                  ", "2FGL_Name": "                  ", "1FHL_Name": "                  ", "ASSOC_GAM1": "               ", "ASSOC_GAM2": "              ", "ASSOC_GAM3": "               ", "TEVCAT_FLAG": "N", "ASSOC_TEV": "                     ", "CLASS1": "fsrq ", "ASSOC1": "4C +26.51                 ", "ASSOC2": "                          ", "Flags": 0, "source_id": 2087}