{"Source_Name": "3FHL J0353.1+5655 ", "RAJ2000": 58.27526092529297, "DEJ2000": 56.91746520996094, "GLON": 145.829833984375, "GLAT": 2.3528547286987305, "Conf_95_SemiMajor": 0.04118568077683449, "Conf_95_SemiMinor": 0.04118568077683449, "Conf_95_PosAng": null, "ROI_num": 167, "Signif_Avg": 6.581482887268066, "Pivot_Energy": 25.010953903198242, "Flux_Density": 7.526288078006649e-13, "Unc_Flux_Density": 2.0603032897369838e-13, "Flux": 4.657797758600424e-11, "Unc_Flux": 1.2748108124682744e-11, "Energy_Flux": 3.2545932095173757e-12, "Unc_Energy_Flux": 1.6557107247738845e-12, "Signif_Curve": 0.1039859801530838, "SpectrumType": "PowerLaw   ", "Spectral_Index": 2.0324602127075195, "Unc_Spectral_Index": 0.4718300700187683, "beta": 0.010198121890425682, "Unc_beta": 0.2382955551147461, "PowerLaw_Index": 2.0484373569488525, "Unc_PowerLaw_Index": 0.3297637104988098, "Flux_Band": [2.0749516688178815e-11, 2.0544028284108506e-11, 2.328034321325982e-16, 5.283122463811685e-12, 1.5785801072627754e-18], "Unc_Flux_Band": [[-7.721612411970558e-12, 9.849370451175954e-12], [-7.006630085154564e-12, 9.109286241981707e-12], [null, 5.384066890240513e-12], [-3.4138304162711908e-12, 5.209954429680197e-12], [null, 4.250860947963009e-12]], "nuFnu": [6.635344400665599e-13, 1.0933855817268912e-12, 2.783792640869224e-17, 1.803279964587845e-12, 1.6732924941952502e-18], "Sqrt_TS_Band": [4.541892051696777, 5.830557346343994, 0.0, 2.181558847427368, 0.0], "Npred": 18.336618423461914, "HEP_Energy": 260.51300048828125, "HEP_Prob": 0.8393375277519226, "Variability_BayesBlocks": 1, "Extended_Source_Name": "                  ", "ASSOC_GAM": "3FGL J0352.9+5655 ", "TEVCAT_FLAG": "N", "ASSOC_TEV": "                     ", "CLASS": "bll    ", "ASSOC1": "GB6 J0353+5654            ", "ASSOC2": "                          ", "ASSOC_PROB_BAY": 0.9999836683273315, "ASSOC_PROB_LR": 0.9462630152702332, "Redshift": null, "NuPeak_obs": 2.0653827711565824e+16, "catalog_row_index": 252}