{"Source_Name": "3FGL J0516.6+1012 ", "RAJ2000": 79.17019653320312, "DEJ2000": 10.206199645996094, "GLON": 192.3743896484375, "GLAT": -15.730780601501465, "Conf_68_SemiMajor": 0.04933818057179451, "Conf_68_SemiMinor": 0.03934720158576965, "Conf_68_PosAng": 6.599999904632568, "Conf_95_SemiMajor": 0.07999999821186066, "Conf_95_SemiMinor": 0.06379999965429306, "Conf_95_PosAng": 6.599999904632568, "ROI_num": 814, "Signif_Avg": 4.299750804901123, "Pivot_Energy": 5288.33251953125, "Flux_Density": 1.119141434526797e-14, "Unc_Flux_Density": 3.356446404042786e-15, "Flux1000": 3.0985267129857164e-10, "Unc_Flux1000": 1.1414696271527802e-10, "Energy_Flux100": 3.463089624095028e-12, "Unc_Energy_Flux100": 1.1680342023451251e-12, "Signif_Curve": 0.7541096210479736, "SpectrumType": "PowerLaw        ", "Spectral_Index": 1.9997390508651733, "Unc_Spectral_Index": 0.3006936013698578, "beta": null, "Unc_beta": null, "Cutoff": null, "Unc_Cutoff": null, "Exp_Index": null, "Unc_Exp_Index": null, "PowerLaw_Index": 1.9997390508651733, "Flux30_100": null, "Unc_Flux30_100": null, "nuFnu30_100": null, "Sqrt_TS30_100": null, "Flux100_300": 5.5828697220761114e-09, "Unc_Flux100_300": [null, 4.8345154546325375e-09], "nuFnu100_300": 1.341584287238573e-12, "Sqrt_TS100_300": 0.9998840093612671, "Flux300_1000": 5.225609944758958e-10, "Unc_Flux300_1000": [null, 7.359362008685366e-10], "nuFnu300_1000": 3.587820687246668e-13, "Sqrt_TS300_1000": 0.7028651237487793, "Flux1000_3000": 1.4533450831688555e-10, "Unc_Flux1000_3000": [-1.050116243961341e-10, 1.1707408653638396e-10], "nuFnu1000_3000": 3.4924420668804024e-13, "Sqrt_TS1000_3000": 1.4285306930541992, "Flux3000_10000": 5.758771237651672e-11, "Unc_Flux3000_10000": [-3.219190192194077e-11, 3.8467260626839916e-11], "nuFnu3000_10000": 3.953880679894578e-13, "Sqrt_TS3000_10000": 2.018148899078369, "Flux10000_100000": 4.46455442060234e-11, "Unc_Flux10000_100000": [-1.829834200828273e-11, 2.4274686427627756e-11], "nuFnu10000_100000": 7.947393286002191e-13, "Sqrt_TS10000_100000": 4.479482650756836, "Variability_Index": 36.3857536315918, "Signif_Peak": null, "Flux_Peak": null, "Unc_Flux_Peak": null, "Time_Peak": null, "Peak_Interval": null, "Flux_History": [1.3379438890126494e-08, 7.276513169784948e-09, 0.0, 0.0, 8.450767197132336e-09, 6.673061214712561e-09, 0.0, 0.0, 0.0, 0.0, 1.6388511880904844e-08, 0.0, 8.76604300259487e-09, 0.0, 0.0, 4.114975915570085e-09, 0.0, 0.0, 0.0, 3.027018413703786e-09, 0.0, 9.495982666862801e-09, 3.021201067099355e-09, 1.9258992622894766e-08, 3.051355612626594e-09, 0.0, 0.0, 0.0, 6.027795151908322e-09, 5.8364286736889426e-09, 3.1228828412110943e-09, 1.0840087050212333e-08, 0.0, 1.1544823763642853e-08, 0.0, 3.08766412437933e-09, 0.0, 0.0, 0.0, 1.1782799624882045e-08, 0.0, 8.611134916236551e-09, 0.0, 7.840387006297078e-09, 2.2491069007202213e-09, 9.928984745499747e-09, 4.525183339154637e-09, 1.1312586423173343e-08], "Unc_Flux_History": [[-8.93738327789606e-09, 1.0963459473600778e-08], [-6.130104424073579e-09, 8.344996693665507e-09], [null, 6.211643643894149e-09], [null, 5.8252007661963034e-09], [null, 1.0066573352673913e-08], [-4.392389119090012e-09, 6.88631551781782e-09], [null, 6.79369938083596e-09], [null, 8.933906059382934e-09], [null, 1.1275735900539985e-08], [null, 1.200844845783422e-08], [-8.04184363545346e-09, 9.794052679978904e-09], [null, 9.461317063141905e-09], [-5.1300230730078056e-09, 6.217413250908521e-09], [null, 5.6924629454613296e-09], [null, 8.906902770888792e-09], [null, 1.1535329136336259e-08], [null, 7.162332948951189e-09], [null, 8.275253371436975e-09], [null, 9.502597819732728e-09], [null, 1.2972949825496016e-08], [null, 9.266186040690627e-09], [-5.991938500926608e-09, 8.91673934688697e-09], [null, 1.1502221397563517e-08], [-9.373268383683353e-09, 1.1988170456334046e-08], [null, 1.0169412867355732e-08], [null, 9.342074669405065e-09], [null, 1.2082661982049103e-08], [null, 9.486707419625873e-09], [null, 1.516365522036267e-08], [-5.0799981998750354e-09, 8.628965986190451e-09], [null, 8.393493011737974e-09], [-6.963132737070055e-09, 9.894654873221498e-09], [null, 1.1384548415094287e-08], [-8.042158938792454e-09, 1.1984329084668843e-08], [null, 6.657896012285391e-09], [null, 1.0324185062415836e-08], [null, 1.0654123805409199e-08], [null, 1.1461000148926814e-08], [null, 1.0150423612742543e-08], [-9.198465988902171e-09, 1.1616519302037887e-08], [null, 8.500383508192044e-09], [null, 1.4087752298053147e-08], [null, 7.191944373374781e-09], [-6.804982355390621e-09, 9.422454816387926e-09], [null, 1.2530847470770823e-08], [-7.253719402910974e-09, 9.845234849592543e-09], [null, 1.3535556675492444e-08], [-7.15308923204816e-09, 9.745692253204652e-09]], "Extended_Source_Name": "                  ", "0FGL_Name": "                 ", "1FGL_Name": "                  ", "2FGL_Name": "                  ", "1FHL_Name": "                  ", "ASSOC_GAM1": "               ", "ASSOC_GAM2": "              ", "ASSOC_GAM3": "               ", "TEVCAT_FLAG": "N", "ASSOC_TEV": "                     ", "CLASS1": "     ", "ASSOC1": "                          ", "ASSOC2": "                          ", "Flags": 0, "source_id": 578}