{"Source_Name": "3FGL J1643.6-5002 ", "RAJ2000": 250.91400146484375, "DEJ2000": -50.03929901123047, "GLON": 335.9978332519531, "GLAT": -2.697594404220581, "Conf_68_SemiMajor": 0.08177803456783295, "Conf_68_SemiMinor": 0.058712437748909, "Conf_68_PosAng": -44.70000076293945, "Conf_95_SemiMajor": 0.13259999454021454, "Conf_95_SemiMinor": 0.09520000219345093, "Conf_95_PosAng": -44.70000076293945, "ROI_num": 98, "Signif_Avg": 7.965482234954834, "Pivot_Energy": 734.6243286132812, "Flux_Density": 9.148110220735806e-12, "Unc_Flux_Density": 1.118865416982473e-12, "Flux1000": 1.3709401391892584e-09, "Unc_Flux1000": 2.7367419441759466e-10, "Energy_Flux100": 1.6973415728482877e-11, "Unc_Energy_Flux100": 2.6397337007239008e-12, "Signif_Curve": 5.43536376953125, "SpectrumType": "LogParabola     ", "Spectral_Index": 2.6556272506713867, "Unc_Spectral_Index": 0.22644472122192383, "beta": 0.8472475409507751, "Unc_beta": 0.12769533693790436, "Cutoff": null, "Unc_Cutoff": null, "Exp_Index": null, "Unc_Exp_Index": null, "PowerLaw_Index": 2.427300453186035, "Flux30_100": null, "Unc_Flux30_100": null, "nuFnu30_100": null, "Sqrt_TS30_100": null, "Flux100_300": 1.3836351620000187e-08, "Unc_Flux100_300": [-8.346995095109833e-09, 8.462080813842476e-09], "nuFnu100_300": 3.961193786178319e-12, "Sqrt_TS100_300": 1.6447118520736694, "Flux300_1000": 8.17403300601427e-09, "Unc_Flux300_1000": [-1.8281234304140526e-09, 1.8430762471766116e-09], "nuFnu300_1000": 5.5088637644640226e-12, "Sqrt_TS300_1000": 4.611233711242676, "Flux1000_3000": 1.5063832403683364e-09, "Unc_Flux1000_3000": [-3.1358532437408826e-10, 3.2314220743678845e-10], "nuFnu1000_3000": 3.017971506383277e-12, "Sqrt_TS1000_3000": 5.167564392089844, "Flux3000_10000": 1.892508025291839e-11, "Unc_Flux3000_10000": [null, 5.878279807358666e-11], "nuFnu3000_10000": 9.87986615804716e-14, "Sqrt_TS3000_10000": 0.3187382221221924, "Flux10000_100000": 1.1829325713419436e-11, "Unc_Flux10000_100000": [-1.1788265676104803e-11, 1.8740040769182897e-11], "nuFnu10000_100000": 1.0960176044733441e-13, "Sqrt_TS10000_100000": 1.014156699180603, "Variability_Index": 51.005592346191406, "Signif_Peak": null, "Flux_Peak": null, "Unc_Flux_Peak": null, "Time_Peak": null, "Peak_Interval": null, "Flux_History": [4.559522892577661e-08, 2.6358748073107563e-08, 0.0, 4.656774876821146e-08, 4.7653895052235384e-08, 4.2956514789693756e-08, 3.805053339078768e-08, 6.851552569742125e-08, 3.7348819148519397e-08, 3.664770531486283e-08, 6.023117293807445e-08, 8.436441767400993e-09, 1.0437855024747478e-08, 4.8047073875068236e-08, 2.8196140533509606e-08, 5.526358748397797e-08, 2.5864716590717762e-08, 2.2690491263688273e-08, 1.2345109823286293e-08, 5.0382894301037595e-08, 2.5575667805810554e-08, 4.681446341692208e-08, 0.0, 0.0, 5.7687625343305626e-08, 0.0, 5.8746902453776784e-08, 5.3516718168111765e-08, 5.3800164323547506e-08, 6.618368075805847e-08, 1.1919647491254182e-08, 8.656469319134885e-09, 2.568615364850757e-08, 2.1389848114949928e-08, 0.0, 3.4322752640036924e-08, 1.8477981811315658e-08, 6.27263858632432e-08, 2.063803528074004e-08, 1.2155821238479803e-08, 4.385489305036572e-08, 1.1937471455780724e-08, 2.2922304054873166e-08, 3.730512077027015e-08, 2.6234319605578094e-08, 3.064186016032977e-09, 4.0296761483205046e-08, 6.152416887061918e-08], "Unc_Flux_History": [[-2.3208558630471998e-08, 2.463139026076533e-08], [-2.5358508182193873e-08, 2.663062304009145e-08], [null, 2.185505287854994e-08], [-2.3934344284270992e-08, 2.581760405462319e-08], [-2.2772502106249704e-08, 2.3682847682948704e-08], [-2.181993075112132e-08, 2.3382900948831775e-08], [-2.2994555592958932e-08, 2.3849858976632277e-08], [-2.4048567581758107e-08, 2.520532937921871e-08], [-2.162551560047632e-08, 2.3551290695422722e-08], [-1.9455399069556734e-08, 2.034739843281841e-08], [-2.4284952715447616e-08, 2.5175515006026217e-08], [null, 2.238889962313806e-08], [null, 2.1844876130217017e-08], [-2.085961625652999e-08, 2.2131851906692646e-08], [-2.0671910405667404e-08, 2.2485670214678066e-08], [-2.4457717628934006e-08, 2.6119309382011124e-08], [-1.7815672492815793e-08, 1.8999632089844454e-08], [-2.2312763192644525e-08, 2.4260232933670522e-08], [null, 1.6690856696754963e-08], [-2.3193903686546946e-08, 2.4888633376463076e-08], [-1.9256717109783494e-08, 2.0500676711776578e-08], [-2.1144725081967408e-08, 2.2802405297284167e-08], [null, 1.8670659684971724e-08], [null, 1.7637225013800162e-08], [-2.2703900981468905e-08, 2.4668253217896563e-08], [null, 1.4715493712458283e-08], [-2.219403505421269e-08, 2.3372923152464864e-08], [-2.025558210050349e-08, 2.159367440413007e-08], [-2.0608204920335993e-08, 2.1177205766775842e-08], [-1.9663877637299265e-08, 2.095211470987124e-08], [null, 1.5498741845476616e-08], [null, 2.321264247484578e-08], [-2.135764987087896e-08, 2.286530964568101e-08], [null, 2.1505186964532186e-08], [null, 1.7548160258229473e-08], [-1.933711679669159e-08, 2.041729452173513e-08], [null, 2.0419696156182e-08], [-1.967713458839171e-08, 2.110052577108945e-08], [null, 2.4115598407092875e-08], [null, 1.6609343234108565e-08], [-2.3352757949623992e-08, 2.5223403810059608e-08], [null, 1.9736972944883746e-08], [-1.9498497039194262e-08, 2.1010707840218856e-08], [-2.1700108376876415e-08, 2.320141767597761e-08], [-1.774438729285066e-08, 1.907670643674919e-08], [null, 2.682651789598367e-08], [-1.8262786838363354e-08, 1.934751026055892e-08], [-2.5220270316594906e-08, 2.60898858073233e-08]], "Extended_Source_Name": "                  ", "0FGL_Name": "                 ", "1FGL_Name": "                  ", "2FGL_Name": "                  ", "1FHL_Name": "                  ", "ASSOC_GAM1": "               ", "ASSOC_GAM2": "              ", "ASSOC_GAM3": "               ", "TEVCAT_FLAG": "N", "ASSOC_TEV": "                     ", "CLASS1": "     ", "ASSOC1": "                          ", "ASSOC2": "                          ", "Flags": 1, "catalog_row_index": 2043}