{"Source_Name": "3FHL J1152.1+2837 ", "RAJ2000": 178.0487060546875, "DEJ2000": 28.625377655029297, "GLON": 202.96652221679688, "GLAT": 76.83126831054688, "Conf_95_SemiMajor": 0.058509837836027145, "Conf_95_SemiMinor": 0.058509837836027145, "Conf_95_PosAng": null, "ROI_num": 321, "Signif_Avg": 4.462642192840576, "Pivot_Energy": 24.77438735961914, "Flux_Density": 3.7438810190047744e-13, "Unc_Flux_Density": 1.6049835072085017e-13, "Flux": 2.2954395328955712e-11, "Unc_Flux": 9.93079229960614e-12, "Energy_Flux": 1.2826026048531891e-12, "Unc_Energy_Flux": 8.625079817026204e-13, "Signif_Curve": 0.37597858905792236, "SpectrumType": "PowerLaw   ", "Spectral_Index": 2.431265115737915, "Unc_Spectral_Index": 0.7587497234344482, "beta": -0.13133491575717926, "Unc_beta": 0.3288658559322357, "PowerLaw_Index": 2.2343692779541016, "Unc_PowerLaw_Index": 0.5238845348358154, "Flux_Band": [1.519430588292625e-11, 4.473573421426291e-12, 3.210491551428052e-12, 1.3508997074118223e-15, 2.9843458752111067e-22], "Unc_Flux_Band": [[-6.757076235347492e-12, 1.0004886676073799e-11], [-3.141657723901292e-12, 5.572693782124327e-12], [-2.2280549800968164e-12, 4.5380999305622005e-12], [null, 4.984959927484267e-12], [null, 5.631129677136082e-12]], "nuFnu": [4.823260931277606e-13, 2.350750074198854e-13, 3.769907292155289e-13, 4.512070394640773e-16, 3.074700110028949e-22], "Sqrt_TS_Band": [3.6415350437164307, 2.623047113418579, 3.0198380947113037, 0.0, 0.0], "Npred": 6.815793514251709, "HEP_Energy": 130.85899353027344, "HEP_Prob": 0.9959387183189392, "Variability_BayesBlocks": 1, "Extended_Source_Name": "                  ", "ASSOC_GAM": "                  ", "TEVCAT_FLAG": "N", "ASSOC_TEV": "                     ", "CLASS": "bll    ", "ASSOC1": "FIRST J115210.7+283721    ", "ASSOC2": "                          ", "ASSOC_PROB_BAY": 0.9995636940002441, "ASSOC_PROB_LR": 0.0, "Redshift": null, "NuPeak_obs": 208929472643072.0, "source_id": 744}