{"Source_Name": "3FGL J0049.0+4224 ", "RAJ2000": 12.253000259399414, "DEJ2000": 42.41299819946289, "GLON": 122.45455932617188, "GLAT": -20.456451416015625, "Conf_68_SemiMajor": 0.02892450988292694, "Conf_68_SemiMinor": 0.025285819545388222, "Conf_68_PosAng": 70.20999908447266, "Conf_95_SemiMajor": 0.04690000042319298, "Conf_95_SemiMinor": 0.04100000113248825, "Conf_95_PosAng": 70.20999908447266, "ROI_num": 304, "Signif_Avg": 6.947689533233643, "Pivot_Energy": 6059.8671875, "Flux_Density": 8.564892230774473e-15, "Unc_Flux_Density": 2.1002116282116965e-15, "Flux1000": 2.6136356967576546e-10, "Unc_Flux1000": 6.981636102576516e-11, "Energy_Flux100": 3.3259762131920834e-12, "Unc_Energy_Flux100": 8.267461151442723e-13, "Signif_Curve": 0.621534526348114, "SpectrumType": "PowerLaw        ", "Spectral_Index": 1.7653671503067017, "Unc_Spectral_Index": 0.16698692739009857, "beta": null, "Unc_beta": null, "Cutoff": null, "Unc_Cutoff": null, "Exp_Index": null, "Unc_Exp_Index": null, "PowerLaw_Index": 1.7653671503067017, "Flux30_100": null, "Unc_Flux30_100": null, "nuFnu30_100": null, "Sqrt_TS30_100": null, "Flux100_300": 1.9721121957694265e-10, "Unc_Flux100_300": [null, 2.557701161975956e-09], "nuFnu100_300": 4.8505426427812234e-14, "Sqrt_TS100_300": 0.0, "Flux300_1000": 8.150925490113536e-10, "Unc_Flux300_1000": [-3.643991774993083e-10, 3.819784766267986e-10], "nuFnu300_1000": 5.754339062538638e-13, "Sqrt_TS300_1000": 2.3376736640930176, "Flux1000_3000": 1.1958622980756672e-10, "Unc_Flux1000_3000": [-6.895382875793388e-11, 8.038534421439536e-11], "nuFnu1000_3000": 2.9413038844794404e-13, "Sqrt_TS1000_3000": 1.8747812509536743, "Flux3000_10000": 7.669963275613867e-11, "Unc_Flux3000_10000": [-2.6672846223374513e-11, 3.203646029015239e-11], "nuFnu3000_10000": 5.414792420867232e-13, "Sqrt_TS3000_10000": 4.224512100219727, "Flux10000_100000": 4.2606161654301644e-11, "Unc_Flux10000_100000": [-1.544632304006921e-11, 2.0470311209996872e-11], "nuFnu10000_100000": 8.363029778239717e-13, "Sqrt_TS10000_100000": 6.274402618408203, "Variability_Index": 35.60614013671875, "Signif_Peak": null, "Flux_Peak": null, "Unc_Flux_Peak": null, "Time_Peak": null, "Peak_Interval": null, "Flux_History": [0.0, 9.437465919859278e-09, 0.0, 3.6662184399460784e-09, 1.7169518029547248e-09, 9.363212427615508e-10, 0.0, 2.857175163129e-09, 2.277911415049516e-09, 7.451549599579721e-09, 2.1022299456774363e-09, 0.0, 0.0, 7.003611912637098e-09, 0.0, 0.0, 0.0, 0.0, 0.0, 3.930145986430489e-09, 1.7757179060495787e-09, 0.0, 0.0, 2.5803212899688788e-09, 0.0, 2.5802719960665854e-09, 0.0, 0.0, 1.5871999270444803e-09, 0.0, 0.0, 2.192854120508514e-09, 0.0, 2.4946916754586823e-10, 3.589253338986964e-09, 2.0240347176070372e-09, 9.074204720960211e-10, 0.0, 0.0, 6.556912790500746e-09, 4.3608268107675485e-09, 4.238998485561751e-09, 0.0, 2.9246316479714096e-09, 0.0, 0.0, 3.4226199652209743e-09, 6.000229202385299e-09], "Unc_Flux_History": [[null, 4.215112259231546e-09], [-4.520581242672961e-09, 5.713008732755043e-09], [null, 4.517512142143687e-09], [-3.1897491314936133e-09, 4.588495361446121e-09], [-1.656513592962483e-09, 3.086636501947737e-09], [null, 5.038673478452438e-09], [null, 4.091832650487959e-09], [-2.217422689909654e-09, 3.801616799137264e-09], [-1.5929102481493373e-09, 2.248699004780974e-09], [-4.3923171766380165e-09, 5.818441284333176e-09], [-1.8686558966862776e-09, 2.539079835273128e-09], [null, 2.6984017242881464e-09], [null, 3.539915471861832e-09], [-4.028311906267845e-09, 5.2564788077802405e-09], [null, 3.895195277436869e-09], [null, 4.214570026306319e-09], [null, 4.709610923470109e-09], [null, 4.641460105148099e-09], [null, 3.7789456008852085e-09], [null, 5.388145041251846e-09], [null, 4.252306506913328e-09], [null, 3.4289229233763763e-09], [null, 5.049157980607788e-09], [-1.7742757263405906e-09, 3.176634510992926e-09], [null, 5.537245773012955e-09], [-2.3757809053392975e-09, 3.98544042212734e-09], [null, 4.5284518357391335e-09], [null, 3.435851825273062e-09], [null, 4.9643831268042504e-09], [null, 3.860143760192614e-09], [null, 3.6212748355524127e-09], [-1.5202495928789972e-09, 2.80146283948568e-09], [null, 3.087069044838131e-09], [null, 4.5261829839660095e-09], [-2.5066131392748048e-09, 4.195355618463736e-09], [-1.9781098981042078e-09, 3.2256519677531514e-09], [null, 4.34038627261657e-09], [null, 4.9589834461016835e-09], [null, 4.458138302965153e-09], [-3.3061045012772183e-09, 4.403635678329465e-09], [-2.7970428195800423e-09, 4.313601476013673e-09], [-2.8599225210257373e-09, 4.149736110292679e-09], [null, 4.933045083532761e-09], [null, 4.7543120551551965e-09], [null, 3.382683022579158e-09], [null, 4.142940213114343e-09], [-3.2525928617133104e-09, 4.3452001996513445e-09], [-4.85367168678863e-09, 6.2596980932028146e-09]], "Extended_Source_Name": "                  ", "0FGL_Name": "                 ", "1FGL_Name": "                  ", "2FGL_Name": "                  ", "1FHL_Name": "                  ", "ASSOC_GAM1": "               ", "ASSOC_GAM2": "              ", "ASSOC_GAM3": "               ", "TEVCAT_FLAG": "N", "ASSOC_TEV": "                     ", "CLASS1": "     ", "ASSOC1": "                          ", "ASSOC2": "                          ", "Flags": 0, "source_id": 104}