{"Source_Name": "3FGL J2028.5+4040c", "RAJ2000": 307.1348876953125, "DEJ2000": 40.676998138427734, "GLON": 79.18555450439453, "GLAT": 1.1294820308685303, "Conf_68_SemiMajor": 0.08843868970870972, "Conf_68_SemiMinor": 0.05710894986987114, "Conf_68_PosAng": -28.6299991607666, "Conf_95_SemiMajor": 0.14339999854564667, "Conf_95_SemiMinor": 0.09260000288486481, "Conf_95_PosAng": -28.6299991607666, "ROI_num": 36, "Signif_Avg": 4.9678826332092285, "Pivot_Energy": 3663.199951171875, "Flux_Density": 1.0187490906204619e-13, "Unc_Flux_Density": 2.1007818084401407e-14, "Flux1000": 1.4626335698153525e-09, "Unc_Flux1000": 3.097854750500062e-10, "Energy_Flux100": 1.666008823952847e-11, "Unc_Energy_Flux100": 3.742101246928531e-12, "Signif_Curve": 3.7094473838806152, "SpectrumType": "PowerLaw        ", "Spectral_Index": 2.187411308288574, "Unc_Spectral_Index": 0.10209155082702637, "beta": null, "Unc_beta": null, "Cutoff": null, "Unc_Cutoff": null, "Exp_Index": null, "Unc_Exp_Index": null, "PowerLaw_Index": 2.187411308288574, "Flux30_100": null, "Unc_Flux30_100": null, "nuFnu30_100": null, "Sqrt_TS30_100": null, "Flux100_300": 1.3741010107537477e-08, "Unc_Flux100_300": [null, 2.3189196340922535e-08], "nuFnu100_300": 3.2418239100107105e-12, "Sqrt_TS100_300": 0.499978631734848, "Flux300_1000": 7.508166532943505e-09, "Unc_Flux300_1000": [-3.445808527402505e-09, 3.401760428900502e-09], "nuFnu300_1000": 5.0429018599862374e-12, "Sqrt_TS300_1000": 2.2077279090881348, "Flux1000_3000": 2.1947335060445994e-09, "Unc_Flux1000_3000": [-4.408456932836202e-10, 4.563060485018866e-10], "nuFnu1000_3000": 5.177887198865028e-12, "Sqrt_TS1000_3000": 5.3103508949279785, "Flux3000_10000": 1.711007585614155e-10, "Unc_Flux3000_10000": [-8.832182901707952e-11, 9.621532043313508e-11], "nuFnu3000_10000": 1.149207790561435e-12, "Sqrt_TS3000_10000": 2.0561587810516357, "Flux10000_100000": 3.749522220486412e-11, "Unc_Flux10000_100000": [-2.1576124567546096e-11, 2.8453489564483903e-11], "nuFnu10000_100000": 6.194944730808505e-13, "Sqrt_TS10000_100000": 2.06734561920166, "Variability_Index": 48.78880310058594, "Signif_Peak": null, "Flux_Peak": null, "Unc_Flux_Peak": null, "Time_Peak": null, "Peak_Interval": null, "Flux_History": [1.531577886737523e-08, 1.0477289258403744e-08, 6.3653349258174785e-09, 4.17845029687669e-08, 1.0035609676606327e-07, 0.0, 0.0, 1.3982008439938909e-08, 0.0, 1.4914672163968135e-08, 1.2649711322865187e-07, 9.96545992393294e-08, 2.6039581157988323e-08, 5.4488648260075934e-08, 3.8837086435705714e-08, 1.4410267645814656e-08, 0.0, 1.6550245618418558e-08, 1.8884701802335258e-08, 2.3424341577538144e-08, 9.941389045309279e-09, 1.1317178305603193e-08, 2.9521636690788e-08, 7.730075424206007e-08, 8.148711572175671e-08, 0.0, 5.4030095952839474e-08, 7.454346473423357e-09, 4.437734446582908e-08, 6.532528828984141e-08, 9.485367513661913e-08, 0.0, 3.8515817202267044e-09, 0.0, 2.0168806624809577e-09, 4.0045300409019546e-08, 0.0, 0.0, 5.192929108943645e-08, 0.0, 3.19718438390737e-08, 3.0483036539408204e-08, 7.307264837663752e-08, 6.9048473605448635e-09, 8.156336406273113e-08, 0.0, 0.0, 1.0761643665091469e-07], "Unc_Flux_History": [[null, 3.90795840132796e-08], [null, 3.251338043241958e-08], [null, 3.525754266320291e-08], [-3.811324944535954e-08, 4.245051243856324e-08], [-5.093649946275036e-08, 5.6280136107034195e-08], [null, 3.70274406691351e-08], [null, 3.400664283503829e-08], [null, 4.10753351332005e-08], [null, 3.388391434100413e-08], [null, 3.0405903572727766e-08], [-5.391903457052649e-08, 5.6343132825986686e-08], [-5.1774453169173285e-08, 5.2700560360108284e-08], [null, 3.836459327999364e-08], [-3.5062825531895214e-08, 3.95368893180148e-08], [-2.898454098954062e-08, 3.540039728022748e-08], [-1.1972633551238232e-08, 1.9381287685860116e-08], [null, 2.0679753021113356e-08], [null, 3.507051715700982e-08], [null, 3.3154549328173744e-08], [null, 3.5264935860368496e-08], [null, 3.24825251141192e-08], [null, 3.1769175734552846e-08], [null, 3.536138848403425e-08], [-3.275023630067153e-08, 3.937017112320973e-08], [-3.7898278293369e-08, 4.1738971390259394e-08], [null, 4.347996807041454e-08], [-2.727250958400873e-08, 3.389810743215094e-08], [null, 3.786550450968207e-08], [-3.1215133589057587e-08, 3.7274126896136295e-08], [-3.755023669782531e-08, 4.2535464928050715e-08], [-4.413208287701309e-08, 4.989275126376924e-08], [null, 3.749666888097636e-08], [null, 4.552449794914537e-08], [null, 2.5587342022959092e-08], [null, 3.069715148740215e-08], [-3.785626034868983e-08, 4.50745112345885e-08], [null, 3.358873357228731e-08], [null, 3.986019692092668e-08], [-3.3057130366387355e-08, 3.8351757325472136e-08], [null, 3.989233476886511e-08], [-2.9216502994700022e-08, 3.46392745598223e-08], [-3.0072317969143114e-08, 3.796773384578955e-08], [-3.465575915129193e-08, 4.013183740880777e-08], [null, 3.459743780354074e-08], [-3.933056902383214e-08, 4.345423931795267e-08], [null, 3.0899407477136265e-08], [null, 3.057631658975879e-08], [-4.024784772127532e-08, 4.4941955934518774e-08]], "Extended_Source_Name": "                  ", "0FGL_Name": "                 ", "1FGL_Name": "                  ", "2FGL_Name": "                  ", "1FHL_Name": "                  ", "ASSOC_GAM1": "               ", "ASSOC_GAM2": "              ", "ASSOC_GAM3": "               ", "TEVCAT_FLAG": "N", "ASSOC_TEV": "                     ", "CLASS1": "     ", "ASSOC1": "                          ", "ASSOC2": "Cygnus Cocoon field       ", "Flags": 52, "source_id": 2637}