{"Source_Name": "3FGL J2250.3-4206 ", "RAJ2000": 342.5835876464844, "DEJ2000": -42.102699279785156, "GLON": 353.7823791503906, "GLAT": -61.161216735839844, "Conf_68_SemiMajor": 0.03065134584903717, "Conf_68_SemiMinor": 0.02701265551149845, "Conf_68_PosAng": -47.79999923706055, "Conf_95_SemiMajor": 0.04969999939203262, "Conf_95_SemiMinor": 0.043800000101327896, "Conf_95_PosAng": -47.79999923706055, "ROI_num": 426, "Signif_Avg": 11.578866958618164, "Pivot_Energy": 1600.811279296875, "Flux_Density": 2.3818113822383913e-13, "Unc_Flux_Density": 2.959050986552948e-14, "Flux1000": 5.949358783396974e-10, "Unc_Flux1000": 7.802072182760966e-11, "Energy_Flux100": 6.6168880270833785e-12, "Unc_Energy_Flux100": 8.871144921082652e-13, "Signif_Curve": 2.185699701309204, "SpectrumType": "PowerLaw        ", "Spectral_Index": 2.033489465713501, "Unc_Spectral_Index": 0.09201095998287201, "beta": null, "Unc_beta": null, "Cutoff": null, "Unc_Cutoff": null, "Exp_Index": null, "Unc_Exp_Index": null, "PowerLaw_Index": 2.033489465713501, "Flux30_100": null, "Unc_Flux30_100": null, "nuFnu30_100": null, "Sqrt_TS30_100": null, "Flux100_300": 5.106686948308514e-11, "Unc_Flux100_300": [null, 1.9486199320795095e-09], "nuFnu100_300": 1.2230816098140248e-14, "Sqrt_TS100_300": 0.0, "Flux300_1000": 1.6469112740225e-09, "Unc_Flux300_1000": [-3.488246358429592e-10, 3.5554012511873623e-10], "nuFnu300_1000": 1.1262541463677445e-12, "Sqrt_TS300_1000": 5.345216751098633, "Flux1000_3000": 5.393656632435295e-10, "Unc_Flux1000_3000": [-9.243659310209651e-11, 1.0125999344579029e-10], "nuFnu1000_3000": 1.2918125770478017e-12, "Sqrt_TS1000_3000": 8.260315895080566, "Flux3000_10000": 1.501808816195549e-10, "Unc_Flux3000_10000": [-3.511139295975241e-11, 4.0921602911803134e-11], "nuFnu3000_10000": 1.0270246025151364e-12, "Sqrt_TS3000_10000": 7.577732563018799, "Flux10000_100000": 2.0192835251120478e-11, "Unc_Flux10000_100000": [-1.0700375481509372e-11, 1.7889408704396814e-11], "nuFnu10000_100000": 3.5456742251450957e-13, "Sqrt_TS10000_100000": 3.482372283935547, "Variability_Index": 52.588043212890625, "Signif_Peak": null, "Flux_Peak": null, "Unc_Flux_Peak": null, "Time_Peak": null, "Peak_Interval": null, "Flux_History": [1.582518116549636e-09, 2.2873440919113364e-09, 1.5018803978250617e-08, 5.948375569886366e-09, 7.311085070682566e-09, 8.397956996475386e-09, 8.085505598387499e-10, 0.0, 2.4004529475263325e-09, 2.8574845267748117e-10, 0.0, 0.0, 0.0, 1.1506351427215122e-09, 1.2625863909931923e-08, 1.6584762008164944e-08, 4.220674920674128e-09, 4.912035223014755e-09, 1.1548788592108394e-08, 2.2705166635716978e-09, 2.433795920353532e-08, 1.1965993529372554e-08, 4.4838674995162364e-09, 7.859623174510943e-09, 8.964212483419942e-09, 0.0, 7.567702908772844e-09, 7.79403119821609e-09, 1.2944288307892293e-08, 1.970953888985605e-08, 1.1455806969706828e-08, 0.0, 3.778271917553866e-09, 8.159226183579449e-09, 0.0, 9.65222302085067e-09, 0.0, 0.0, 5.478816067494563e-09, 1.2085649814252974e-08, 4.710327683454807e-09, 6.567173027605122e-09, 6.381844830372074e-09, 0.0, 1.141424732509222e-08, 0.0, 9.338910977874093e-09, 3.9110492622285165e-10], "Unc_Flux_History": [[null, 5.042536166399714e-09], [null, 6.966735632829568e-09], [-5.7349622828439806e-09, 6.9937109437034906e-09], [-4.742764847520675e-09, 6.654339745892912e-09], [-4.555519517168705e-09, 6.44536024552167e-09], [-5.910211875459481e-09, 7.341969698870798e-09], [null, 8.609085000443883e-09], [null, 5.343506526145347e-09], [-2.138780041960331e-09, 3.95460642010903e-09], [null, 6.416369213724238e-09], [null, 5.727367913266335e-09], [null, 5.510765177518806e-09], [null, 6.235211458260892e-09], [null, 8.584724930926768e-09], [-5.221814536326974e-09, 6.214134540272198e-09], [-6.890891413036115e-09, 8.473732826530522e-09], [null, 6.271595243134698e-09], [-3.1791955734661315e-09, 4.71716132821598e-09], [-5.4578848107667e-09, 7.225304354818718e-09], [null, 5.862836882641886e-09], [-9.304822690126002e-09, 1.092106938216375e-08], [-4.996089764119915e-09, 6.248276562814681e-09], [null, 8.496096270960152e-09], [-5.640055089628504e-09, 6.617583370172042e-09], [-5.899326804836846e-09, 7.77335618096231e-09], [null, 6.908067451405486e-09], [-5.994853058410854e-09, 6.793985374287104e-09], [-6.316153378094214e-09, 8.60574989047791e-09], [-4.957882104861255e-09, 5.819841941701043e-09], [-7.521232525675714e-09, 8.914156524042482e-09], [-4.8993826773369165e-09, 6.082170322940783e-09], [null, 8.33325852767075e-09], [null, 7.827518189174043e-09], [-4.307493917110605e-09, 5.473823172508219e-09], [null, 7.750143637963447e-09], [-4.650207330314515e-09, 5.777704981113629e-09], [null, 7.292365822308966e-09], [null, 6.7989027741077734e-09], [-4.7316568441146956e-09, 5.994197582737115e-09], [-6.874866453898676e-09, 8.19476309033007e-09], [-3.7754830373160075e-09, 5.289371607375415e-09], [-3.896034606043486e-09, 5.850095519122078e-09], [-3.731498221526408e-09, 5.184493279131175e-09], [null, 9.581327731211786e-09], [-4.9189452511200216e-09, 6.095015159246486e-09], [null, 4.187989510739953e-09], [-5.809905445630648e-09, 7.183545314148887e-09], [null, 7.177508365430185e-09]], "Extended_Source_Name": "                  ", "0FGL_Name": "                 ", "1FGL_Name": "                  ", "2FGL_Name": "2FGL J2250.2-4205 ", "1FHL_Name": "                  ", "ASSOC_GAM1": "               ", "ASSOC_GAM2": "              ", "ASSOC_GAM3": "               ", "TEVCAT_FLAG": "N", "ASSOC_TEV": "                     ", "CLASS1": "bcu  ", "ASSOC1": "PMN J2250-4206            ", "ASSOC2": "                          ", "Flags": 0, "source_id": 2906}