{"Source_Name": "3FGL J1127.8+3618 ", "RAJ2000": 171.96170043945312, "DEJ2000": 36.30820083618164, "GLON": 180.349365234375, "GLAT": 70.05416107177734, "Conf_68_SemiMajor": 0.037188656628131866, "Conf_68_SemiMinor": 0.03459840267896652, "Conf_68_PosAng": -43.689998626708984, "Conf_95_SemiMajor": 0.06030000001192093, "Conf_95_SemiMinor": 0.05609999969601631, "Conf_95_PosAng": -43.689998626708984, "ROI_num": 705, "Signif_Avg": 14.546460151672363, "Pivot_Energy": 947.99072265625, "Flux_Density": 1.360317782896081e-12, "Unc_Flux_Density": 1.2101040655632112e-13, "Flux1000": 8.878359714081796e-10, "Unc_Flux1000": 9.21660942010405e-11, "Energy_Flux100": 1.119908419472404e-11, "Unc_Energy_Flux100": 9.974527714201598e-13, "Signif_Curve": 1.9379888772964478, "SpectrumType": "PowerLaw        ", "Spectral_Index": 2.349233627319336, "Unc_Spectral_Index": 0.06821727007627487, "beta": null, "Unc_beta": null, "Cutoff": null, "Unc_Cutoff": null, "Exp_Index": null, "Unc_Exp_Index": null, "PowerLaw_Index": 2.349233627319336, "Flux30_100": null, "Unc_Flux30_100": null, "nuFnu30_100": null, "Sqrt_TS30_100": null, "Flux100_300": 1.0063611277644213e-08, "Unc_Flux100_300": [-5.462553520629854e-09, 5.595249152889892e-09], "nuFnu100_300": 2.337383541925475e-12, "Sqrt_TS100_300": 1.8228232860565186, "Flux300_1000": 4.252210139554791e-09, "Unc_Flux300_1000": [-5.540187197894397e-10, 5.665037328128619e-10], "nuFnu300_1000": 2.803263263878586e-12, "Sqrt_TS300_1000": 8.650054931640625, "Flux1000_3000": 6.806396557479388e-10, "Unc_Flux1000_3000": [-1.0336816125278148e-10, 1.105281491331489e-10], "nuFnu1000_3000": 1.580859900450482e-12, "Sqrt_TS1000_3000": 9.068962097167969, "Flux3000_10000": 1.3188659886420595e-10, "Unc_Flux3000_10000": [-3.3410989253024326e-11, 3.869208078932651e-11], "nuFnu3000_10000": 8.694604823437924e-13, "Sqrt_TS3000_10000": 6.716335296630859, "Flux10000_100000": 3.29619873062903e-11, "Unc_Flux10000_100000": [-1.4498620186376154e-11, 1.9548081903186798e-11], "nuFnu10000_100000": 5.124289664468207e-13, "Sqrt_TS10000_100000": 3.9454352855682373, "Variability_Index": 197.02365112304688, "Signif_Peak": 8.160303115844727, "Flux_Peak": 9.501444253601221e-08, "Unc_Flux_Peak": 1.5041493384160276e-08, "Time_Peak": 364203776.0, "Peak_Interval": 2527550.0, "Flux_History": [0.0, 0.0, 0.0, 0.0, 1.4354035293706602e-08, 1.1317819570422216e-08, 2.1965899321685356e-08, 4.197619585255552e-09, 0.0, 0.0, 5.679233527899896e-09, 0.0, 0.0, 1.6106815436955912e-08, 1.3992358383063674e-08, 4.8376552541640194e-08, 2.8634756787937476e-08, 6.966998711277483e-08, 3.959348404691809e-08, 1.691562556693782e-09, 0.0, 6.772804095334095e-09, 0.0, 3.9519811423360807e-08, 0.0, 1.458818732480438e-09, 0.0, 0.0, 2.1756850543397377e-08, 6.046876777077159e-09, 7.49580220116286e-09, 2.1166957964169342e-08, 1.9155770303314057e-08, 1.92734077586465e-08, 3.2061426846752283e-09, 6.158104248754626e-09, 3.827642203191317e-08, 6.71108892902339e-08, 8.508948212693213e-08, 4.8135127883597306e-08, 2.357439399247596e-08, 0.0, 2.905935581054564e-08, 3.308478824237682e-08, 1.8636605148003582e-08, 3.407120985343681e-08, 3.9258999606772704e-08, 9.501444253601221e-08], "Unc_Flux_History": [[null, 1.3339302995518665e-08], [null, 8.657242922538444e-09], [null, 1.2523674541853325e-08], [null, 9.347977503182392e-09], [-7.076193409005782e-09, 9.167185233138753e-09], [-7.539040502990701e-09, 9.836735870294433e-09], [-9.674710810259057e-09, 1.1953200207415193e-08], [null, 9.056322802791783e-09], [null, 9.09196451459593e-09], [null, 1.0597972277537338e-08], [null, 1.070539035197271e-08], [null, 8.649888805223327e-09], [null, 9.198538819532587e-09], [-1.1938916522069576e-08, 1.418032713473849e-08], [-1.112141045922499e-08, 1.2441132568596913e-08], [-1.335418620129758e-08, 1.467495547302633e-08], [-1.2729087117691051e-08, 1.361725399107172e-08], [-1.4891809563266634e-08, 1.6038944394836108e-08], [-1.406946914528362e-08, 1.5356405924649152e-08], [null, 9.912125342737e-09], [null, 8.076074031748703e-09], [null, 9.330690886599768e-09], [null, 1.0162892749576713e-08], [-1.1491694706933231e-08, 1.2758258449707682e-08], [null, 8.929585071371093e-09], [null, 1.110828939943076e-08], [null, 8.893753289385131e-09], [null, 9.291094116292697e-09], [-1.1353166406991022e-08, 1.2721607767218757e-08], [null, 1.181530517868623e-08], [-6.937687757613276e-09, 8.849021959633774e-09], [-1.0688198770480994e-08, 1.3116605579455154e-08], [-1.2360512613440733e-08, 1.5543175635457374e-08], [-8.654426508769575e-09, 1.0329999078351193e-08], [null, 1.0712422948699896e-08], [null, 9.606544004725492e-09], [-1.2648688318961376e-08, 1.42506149103383e-08], [-1.4788696489631548e-08, 1.593403275990113e-08], [-1.6840987271393715e-08, 1.7859388634633433e-08], [-1.4121610547590535e-08, 1.572797181381702e-08], [-8.168180798406866e-09, 9.634325337515293e-09], [null, 1.2353251754859684e-08], [-1.2048206876613676e-08, 1.350103495667554e-08], [-1.512891145694084e-08, 1.703941521213892e-08], [-1.3463514747513727e-08, 1.515316760958285e-08], [-1.1005821143328376e-08, 1.2389215875430182e-08], [-1.2249076419834637e-08, 1.3353033345708809e-08], [-1.5041493384160276e-08, 1.612328581757083e-08]], "Extended_Source_Name": "                  ", "0FGL_Name": "                 ", "1FGL_Name": "                  ", "2FGL_Name": "2FGL J1127.6+3622 ", "1FHL_Name": "                  ", "ASSOC_GAM1": "               ", "ASSOC_GAM2": "              ", "ASSOC_GAM3": "               ", "TEVCAT_FLAG": "N", "ASSOC_TEV": "                     ", "CLASS1": "fsrq ", "ASSOC1": "MG2 J112758+3620          ", "ASSOC2": "                          ", "Flags": 0, "catalog_row_index": 1354}