{"Source_Name": "3FHL J0250.7+5631 ", "RAJ2000": 42.69141387939453, "DEJ2000": 56.52907180786133, "GLON": 138.87237548828125, "GLAT": -2.603987216949463, "Conf_95_SemiMajor": 0.034003712236881256, "Conf_95_SemiMinor": 0.034003712236881256, "Conf_95_PosAng": null, "ROI_num": 428, "Signif_Avg": 6.381535053253174, "Pivot_Energy": 19.897783279418945, "Flux_Density": 1.2977271167391446e-12, "Unc_Flux_Density": 3.5231035753688356e-13, "Flux": 4.8251184298075955e-11, "Unc_Flux": 1.3095148229669284e-11, "Energy_Flux": 2.2227690608250805e-12, "Unc_Energy_Flux": 1.032924613897368e-12, "Signif_Curve": 0.3383578956127167, "SpectrumType": "PowerLaw   ", "Spectral_Index": 2.5672836303710938, "Unc_Spectral_Index": 0.5784069299697876, "beta": -0.08628544211387634, "Unc_beta": 0.2615281939506531, "PowerLaw_Index": 2.4276528358459473, "Unc_PowerLaw_Index": 0.41745084524154663, "Flux_Band": [3.007375251606881e-11, 1.2360031401148497e-11, 3.8423487482008856e-12, 2.1320835721927445e-12, 3.675651498134508e-18], "Unc_Flux_Band": [[-9.369941454673292e-12, 1.1240321173833223e-11], [-5.861047324556834e-12, 7.625490516804945e-12], [-2.634187356090334e-12, 4.556406901085053e-12], [-1.7502418785120266e-12, 3.538201415881348e-12], [null, 4.662684734840772e-12]], "nuFnu": [9.474306105275443e-13, 6.410354560539011e-13, 4.4288159836529395e-13, 6.965501851523281e-13, 3.6793283159573065e-18], "Sqrt_TS_Band": [5.629709720611572, 3.4518771171569824, 2.4861605167388916, 1.4309710264205933, 0.0], "Npred": 18.672082901000977, "HEP_Energy": 50.5015983581543, "HEP_Prob": 0.9827283024787903, "Variability_BayesBlocks": 1, "Extended_Source_Name": "                  ", "ASSOC_GAM": "3FGL J0250.6+5630 ", "TEVCAT_FLAG": "N", "ASSOC_TEV": "                     ", "CLASS": "bcu    ", "ASSOC1": "NVSS J025047+562935       ", "ASSOC2": "                          ", "ASSOC_PROB_BAY": 0.0, "ASSOC_PROB_LR": 0.8426873087882996, "Redshift": null, "NuPeak_obs": 1.3724633492619264e+16, "catalog_row_index": 181}