{"Source_Name": "3FGL J2032.5+4032 ", "RAJ2000": 308.12530517578125, "DEJ2000": 40.5349006652832, "GLON": 79.51358032226562, "GLAT": 0.43811872601509094, "Conf_68_SemiMajor": 0.10194502025842667, "Conf_68_SemiMinor": 0.07104698568582535, "Conf_68_PosAng": 7.360000133514404, "Conf_95_SemiMajor": 0.16529999673366547, "Conf_95_SemiMinor": 0.1151999980211258, "Conf_95_PosAng": 7.360000133514404, "ROI_num": 36, "Signif_Avg": 16.130393981933594, "Pivot_Energy": 844.7098999023438, "Flux_Density": 1.845944404277322e-11, "Unc_Flux_Density": 1.256249770008322e-12, "Flux1000": 4.514787210752047e-09, "Unc_Flux1000": 4.722062185713582e-10, "Energy_Flux100": 5.48438933156703e-11, "Unc_Energy_Flux100": 4.327137172882578e-12, "Signif_Curve": 11.613092422485352, "SpectrumType": "LogParabola     ", "Spectral_Index": 2.7953104972839355, "Unc_Spectral_Index": 0.12391404062509537, "beta": 0.6872431039810181, "Unc_beta": 0.08876265585422516, "Cutoff": null, "Unc_Cutoff": null, "Exp_Index": null, "Unc_Exp_Index": null, "PowerLaw_Index": 2.427485466003418, "Flux30_100": null, "Unc_Flux30_100": null, "nuFnu30_100": null, "Sqrt_TS30_100": null, "Flux100_300": 8.072501600508986e-08, "Unc_Flux100_300": [-1.7019623044234322e-08, 1.7788540418450793e-08], "nuFnu100_300": 2.2242166441976963e-11, "Sqrt_TS100_300": 4.4302077293396, "Flux300_1000": 3.215409094536881e-08, "Unc_Flux300_1000": [-3.0734554901101774e-09, 3.0734554901101774e-09], "nuFnu300_1000": 2.156530856667338e-11, "Sqrt_TS300_1000": 10.986835479736328, "Flux1000_3000": 4.0616909835478054e-09, "Unc_Flux1000_3000": [-5.080522669231868e-10, 5.172050010493479e-10], "nuFnu1000_3000": 8.332621918849537e-12, "Sqrt_TS1000_3000": 8.664999008178711, "Flux3000_10000": 4.955294529741805e-14, "Unc_Flux3000_10000": [null, 8.477419460861668e-11], "nuFnu3000_10000": 2.5869185596490304e-16, "Sqrt_TS3000_10000": 0.0, "Flux10000_100000": 2.277621147239728e-11, "Unc_Flux10000_100000": [-2.197479177790118e-11, 2.8436392129904675e-11], "nuFnu10000_100000": 2.1102748454931985e-13, "Sqrt_TS10000_100000": 1.0430389642715454, "Variability_Index": 141.3050994873047, "Signif_Peak": 6.052132606506348, "Flux_Peak": 2.4803108544801944e-07, "Unc_Flux_Peak": 4.392597219293748e-08, "Time_Peak": 269575008.0, "Peak_Interval": 2630000.0, "Flux_History": [1.1504774022341735e-07, 6.582234135521503e-08, 1.9790013539022766e-07, 1.9924480909594422e-07, 1.9115803695513023e-07, 7.961195791494902e-08, 1.0133688022051501e-07, 1.3665672327078937e-07, 4.387407059880388e-08, 6.309040401220045e-08, 2.2744632133253617e-07, 2.4803108544801944e-07, 1.0081766532721304e-07, 1.508772413671977e-07, 5.993801011072719e-08, 2.4192162939584705e-08, 6.496693316648816e-08, 5.1534748024550936e-08, 4.238112794041626e-08, 5.7856457402749584e-08, 7.685252256806052e-08, 1.696660802963379e-07, 2.1154475504658876e-08, 1.2855772446584979e-08, 0.0, 1.7115612038764993e-08, 6.12403017186125e-09, 3.476635512811299e-08, 6.02577259201098e-08, 9.440767456680987e-08, 1.9793459671291203e-07, 1.065134256350575e-07, 3.987800667459851e-08, 3.4841363572013506e-08, 1.0437823050324369e-07, 4.900553562947607e-08, 5.798593605277347e-08, 3.77883431212922e-08, 4.867210634529329e-08, 9.991197913450378e-08, 3.523660652149374e-08, 3.2532149418784684e-08, 3.511497226327265e-08, 3.0904082848337566e-08, 6.604337698945528e-08, 1.3057372960645353e-08, 4.2980474290743587e-08, 0.0], "Unc_Flux_History": [[-3.6962212845992326e-08, 3.7425770926802215e-08], [-3.6962006788598956e-08, 3.903714684838633e-08], [-3.582523433465212e-08, 3.6805360537073284e-08], [-4.186619761981092e-08, 4.123484487195128e-08], [-4.363118577543901e-08, 4.546155807361174e-08], [-3.452115393542954e-08, 3.615071619833543e-08], [-3.7306737254994005e-08, 3.828055028520794e-08], [-3.954829352892375e-08, 4.166786027326452e-08], [-3.3782303177076756e-08, 3.573008555690649e-08], [-3.6269170777814e-08, 3.740496623549916e-08], [-4.444305545803218e-08, 4.7215689136237415e-08], [-4.392597219293748e-08, 4.68210963333604e-08], [-3.726729502773196e-08, 3.923313229847736e-08], [-3.7372039685124037e-08, 3.8621049469611535e-08], [-3.5588069380310117e-08, 3.7084067372461504e-08], [null, 3.05032976655184e-08], [-3.50161890594336e-08, 3.6210177967177515e-08], [-3.1910484921127136e-08, 3.3267642862711e-08], [-3.359313893724902e-08, 3.5514947427373045e-08], [-3.502191248117015e-08, 3.6155348936972587e-08], [-3.312441521075016e-08, 3.45393260658966e-08], [-4.0230599296364744e-08, 4.277826803900098e-08], [null, 2.9082938723945517e-08], [null, 3.55133629170723e-08], [null, 2.778531893454783e-08], [null, 3.737661558034233e-08], [null, 3.262898218281407e-08], [-3.232016254628434e-08, 3.300163342601081e-08], [-3.6133286585027236e-08, 3.794529490619425e-08], [-3.4613545807360424e-08, 3.650726654313985e-08], [-4.4757456407751306e-08, 4.6421263277807157e-08], [-3.4489236355739195e-08, 3.5399143172298864e-08], [-3.450423236017741e-08, 3.667314629751672e-08], [-3.120548797141964e-08, 3.297512662925328e-08], [-3.260318948150598e-08, 3.4058107445389396e-08], [-3.658023928210241e-08, 3.836030870729701e-08], [-3.177956386934966e-08, 3.255482283748279e-08], [null, 3.661761738271707e-08], [-3.3212778305369284e-08, 3.40174501900492e-08], [-3.737872589226754e-08, 3.8666009061216755e-08], [-3.232223377835908e-08, 3.408676718663628e-08], [-3.247613022949736e-08, 3.3178562119928756e-08], [-3.331156861463569e-08, 3.5096647366117395e-08], [null, 2.95147657425332e-08], [-3.446583107802326e-08, 3.605620690905198e-08], [null, 3.0726525324098475e-08], [-3.085156663473754e-08, 3.20565582967447e-08], [null, 2.9500245801727942e-08]], "Extended_Source_Name": "                  ", "0FGL_Name": "                 ", "1FGL_Name": "                  ", "2FGL_Name": "                  ", "1FHL_Name": "                  ", "ASSOC_GAM1": "1AGL J2032+4102", "ASSOC_GAM2": "              ", "ASSOC_GAM3": "               ", "TEVCAT_FLAG": "N", "ASSOC_TEV": "                     ", "CLASS1": "     ", "ASSOC1": "                          ", "ASSOC2": "Cygnus Cocoon field       ", "Flags": 0, "source_id": 2649}