{"Source_Name": "3FHL J0803.2-0336 ", "RAJ2000": 120.82453918457031, "DEJ2000": -3.612255096435547, "GLON": 224.62228393554688, "GLAT": 14.19548511505127, "Conf_95_SemiMajor": 0.031083643436431885, "Conf_95_SemiMinor": 0.031083643436431885, "Conf_95_PosAng": null, "ROI_num": 36, "Signif_Avg": 9.377330780029297, "Pivot_Energy": 32.6464958190918, "Flux_Density": 7.105855617459134e-13, "Unc_Flux_Density": 1.7556993998826126e-13, "Flux": 7.333015444865865e-11, "Unc_Flux": 1.8241984311995196e-11, "Energy_Flux": 6.521496016820283e-12, "Unc_Energy_Flux": 2.627423886097935e-12, "Signif_Curve": 2.753521680831909, "SpectrumType": "PowerLaw   ", "Spectral_Index": 1.2359025478363037, "Unc_Spectral_Index": 0.42523109912872314, "beta": 0.9800432920455933, "Unc_beta": 0.3125929534435272, "PowerLaw_Index": 1.8743159770965576, "Unc_PowerLaw_Index": 0.23742862045764923, "Flux_Band": [2.37544654085875e-11, 3.249527036341959e-11, 1.5238466738454193e-11, 2.8190513907038813e-25, 7.665488391083876e-22], "Unc_Flux_Band": [[-1.0107341179288465e-11, 1.312238338824212e-11], [-1.0150663296015772e-11, 1.2701048546226446e-11], [-5.9079750640289586e-12, 1.0322356684688838e-11], [null, 5.471898108233564e-12], [null, 6.348955215729202e-12]], "nuFnu": [7.64905120579501e-13, 1.7503892215872674e-12, 1.8537990153361106e-12, 9.822461502016585e-26, 8.348814600880207e-22], "Sqrt_TS_Band": [4.714020729064941, 7.104598045349121, 5.653623104095459, 0.0, 0.0], "Npred": 19.91767120361328, "HEP_Energy": 109.86299896240234, "HEP_Prob": 0.9839497804641724, "Variability_BayesBlocks": 1, "Extended_Source_Name": "                  ", "ASSOC_GAM": "3FGL J0803.3-0339 ", "TEVCAT_FLAG": "C", "ASSOC_TEV": "                     ", "CLASS": "fsrq   ", "ASSOC1": "TXS 0800-034              ", "ASSOC2": "                          ", "ASSOC_PROB_BAY": 0.0, "ASSOC_PROB_LR": 0.9742186665534973, "Redshift": 0.36500000953674316, "NuPeak_obs": 5011870352146432.0, "source_id": 493}