{"Source_Name": "3FHL J0557.3-0616 ", "RAJ2000": 89.33531951904297, "DEJ2000": -6.278109550476074, "GLON": 212.4178924560547, "GLAT": -14.876960754394531, "Conf_95_SemiMajor": 0.04478592425584793, "Conf_95_SemiMinor": 0.04478592425584793, "Conf_95_PosAng": null, "ROI_num": 422, "Signif_Avg": 5.262940406799316, "Pivot_Energy": 28.968294143676758, "Flux_Density": 3.5497399832919163e-13, "Unc_Flux_Density": 1.3677396075526677e-13, "Flux": 2.941354451668765e-11, "Unc_Flux": 1.137952492652472e-11, "Energy_Flux": 2.2767556069613892e-12, "Unc_Energy_Flux": 1.477148373237036e-12, "Signif_Curve": 1.4357930421829224, "SpectrumType": "PowerLaw   ", "Spectral_Index": 1.4297324419021606, "Unc_Spectral_Index": 0.7195945382118225, "beta": 0.7549536228179932, "Unc_beta": 0.6693465113639832, "PowerLaw_Index": 1.9720021486282349, "Unc_PowerLaw_Index": 0.40513521432876587, "Flux_Band": [9.529418053266792e-12, 1.5406200620793342e-11, 3.661767070117783e-12, 1.8886374093059124e-15, 7.799119257483104e-21], "Unc_Flux_Band": [[-5.481010176972001e-12, 8.586152622225285e-12], [-6.566268362373506e-12, 9.199105886759096e-12], [-2.6439538492600834e-12, 4.8885171084755985e-12], [null, 6.31633721021041e-12], [null, 6.245337146743024e-12]], "nuFnu": [3.056612038129791e-13, 8.242774952177401e-13, 4.4117441362449827e-13, 6.504817576405777e-16, 8.365658813312368e-21], "Sqrt_TS_Band": [2.8843679428100586, 5.085596084594727, 2.3493146896362305, 0.0, 0.0], "Npred": 8.0553617477417, "HEP_Energy": 61.586299896240234, "HEP_Prob": 0.9784023761749268, "Variability_BayesBlocks": 1, "Extended_Source_Name": "                  ", "ASSOC_GAM": "                  ", "TEVCAT_FLAG": "N", "ASSOC_TEV": "                     ", "CLASS": "bcu    ", "ASSOC1": "1RXS J055717.0-061705     ", "ASSOC2": "                          ", "ASSOC_PROB_BAY": 0.0, "ASSOC_PROB_LR": 0.9269589781761169, "Redshift": null, "NuPeak_obs": 4.365152215577395e+16, "catalog_row_index": 373}