{"Source_Name": "3FGL J1652.2-4649 ", "RAJ2000": 253.06329345703125, "DEJ2000": -46.83000183105469, "GLON": 339.3726501464844, "GLAT": -1.7187203168869019, "Conf_68_SemiMajor": 0.06821004301309586, "Conf_68_SemiMinor": 0.055505458265542984, "Conf_68_PosAng": -15.640000343322754, "Conf_95_SemiMajor": 0.11060000211000443, "Conf_95_SemiMinor": 0.09000000357627869, "Conf_95_PosAng": -15.640000343322754, "ROI_num": 75, "Signif_Avg": 5.856245040893555, "Pivot_Energy": 5244.78564453125, "Flux_Density": 5.638964298217315e-14, "Unc_Flux_Density": 1.0664100760218384e-14, "Flux1000": 1.6435685035176562e-09, "Unc_Flux1000": 3.511807511458187e-10, "Energy_Flux100": 1.8282762456744983e-11, "Unc_Energy_Flux100": 4.0184158084377586e-12, "Signif_Curve": 1.0251201391220093, "SpectrumType": "PowerLaw        ", "Spectral_Index": 2.091700792312622, "Unc_Spectral_Index": 0.1290113627910614, "beta": null, "Unc_beta": null, "Cutoff": null, "Unc_Cutoff": null, "Exp_Index": null, "Unc_Exp_Index": null, "PowerLaw_Index": 2.091700792312622, "Flux30_100": null, "Unc_Flux30_100": null, "nuFnu30_100": null, "Sqrt_TS30_100": null, "Flux100_300": 5.402078784300102e-08, "Unc_Flux100_300": [-2.8498071458216145e-08, 2.6977817313422747e-08], "nuFnu100_300": 1.2864512406729478e-11, "Sqrt_TS100_300": 1.0193318128585815, "Flux300_1000": 4.6516519525141575e-09, "Unc_Flux300_1000": [-4.347195936560411e-09, 4.3439385422061605e-09], "nuFnu300_1000": 3.1593967893261965e-12, "Sqrt_TS300_1000": 1.0467339754104614, "Flux1000_3000": 7.743610752619645e-10, "Unc_Flux1000_3000": [-4.375326490002607e-10, 4.581913459755782e-10], "nuFnu1000_3000": 1.8440639640293632e-12, "Sqrt_TS1000_3000": 1.776593804359436, "Flux3000_10000": 3.7099948113628045e-10, "Unc_Flux3000_10000": [-1.0430686175899595e-10, 1.1135758981595245e-10], "nuFnu3000_10000": 2.5198246267343904e-12, "Sqrt_TS3000_10000": 4.2670674324035645, "Flux10000_100000": 8.666241335664182e-11, "Unc_Flux10000_100000": [-3.5915003609998664e-11, 4.440804668437437e-11], "nuFnu10000_100000": 1.4866130245219655e-12, "Sqrt_TS10000_100000": 3.0211904048919678, "Variability_Index": 54.05319595336914, "Signif_Peak": null, "Flux_Peak": null, "Unc_Flux_Peak": null, "Time_Peak": null, "Peak_Interval": null, "Flux_History": [6.982385336584684e-09, 0.0, 2.1883394651922572e-08, 0.0, 1.1922996812074871e-08, 2.7274371205976422e-08, 2.1496630253636795e-08, 0.0, 4.121399044265672e-08, 0.0, 0.0, 0.0, 2.5341050147176247e-08, 0.0, 1.1587858672612583e-08, 0.0, 4.713236023690115e-08, 5.9267293295306445e-09, 2.508626728570107e-08, 7.188264650181964e-09, 7.542191582388114e-08, 1.0277402928693391e-08, 0.0, 3.558604078079952e-08, 2.125753439941036e-08, 0.0, 4.9814516955848376e-08, 4.387585406107064e-08, 3.1580466242076e-08, 6.892112480727519e-08, 8.73162608883149e-09, 0.0, 1.4285975069583401e-08, 0.0, 0.0, 6.160458099202515e-08, 8.6939806465125e-08, 1.2274107952237046e-08, 1.389045323207938e-08, 7.764851517322313e-08, 0.0, 3.367495837736101e-09, 1.7899804305443467e-08, 2.8466461188259018e-08, 4.71461270024065e-08, 0.0, 0.0, 0.0], "Unc_Flux_History": [[null, 2.995773940028812e-08], [null, 2.675241184135757e-08], [null, 3.509190094064252e-08], [null, 2.408395260999896e-08], [-9.96342386372362e-09, 1.7434983234920765e-08], [-2.7170544925070317e-08, 3.061168385443125e-08], [null, 3.243641089056837e-08], [null, 1.9007092788569935e-08], [-2.6160561716892516e-08, 3.0833035680188914e-08], [null, 2.8684334907325137e-08], [null, 2.9603786089182904e-08], [null, 2.997494519263455e-08], [-2.2717916436931773e-08, 2.609097649042269e-08], [null, 2.61205617135829e-08], [null, 2.3458449405211468e-08], [null, 3.0677153262104184e-08], [-2.215008265693541e-08, 2.5792346036723757e-08], [null, 2.620311256862351e-08], [-1.521776837876132e-08, 1.9928545924585706e-08], [null, 1.939285532159829e-08], [-3.585726204846651e-08, 3.764834843877907e-08], [null, 2.7314337458506088e-08], [null, 3.448634444680465e-08], [-2.6053786683633007e-08, 2.8832086940155932e-08], [null, 3.310300300540803e-08], [null, 2.3208217569958833e-08], [-2.6508555350801544e-08, 3.135968640322062e-08], [-2.0819296508989282e-08, 2.489578676545534e-08], [-2.4593202141431902e-08, 2.767511020351776e-08], [-3.147209781673155e-08, 3.528770875504961e-08], [null, 2.330904358416319e-08], [null, 3.209667909231939e-08], [null, 2.4515712127026745e-08], [null, 2.290162015583519e-08], [null, 1.933178062074603e-08], [-2.9484874985996612e-08, 3.282377392110902e-08], [-3.044635121796091e-08, 3.260048586639641e-08], [null, 2.6107278117137867e-08], [-1.2150920269959897e-08, 2.0511368603592928e-08], [-2.729789727595744e-08, 3.010473292874849e-08], [null, 2.0475392048524554e-08], [null, 2.6967686750367648e-08], [-1.475746991275173e-08, 2.251023900612381e-08], [-1.8009540525554257e-08, 2.4459167136114957e-08], [-2.1208585110343847e-08, 2.4030587297829697e-08], [null, 2.604273063866458e-08], [null, 1.9621142044456974e-08], [null, 2.66225370637585e-08]], "Extended_Source_Name": "                  ", "0FGL_Name": "                 ", "1FGL_Name": "                  ", "2FGL_Name": "                  ", "1FHL_Name": "                  ", "ASSOC_GAM1": "               ", "ASSOC_GAM2": "              ", "ASSOC_GAM3": "               ", "TEVCAT_FLAG": "N", "ASSOC_TEV": "                     ", "CLASS1": "     ", "ASSOC1": "                          ", "ASSOC2": "                          ", "Flags": 0, "catalog_row_index": 2067}