{"Source_Name": "3FHL J0540.5+5823 ", "RAJ2000": 85.14208221435547, "DEJ2000": 58.393653869628906, "GLON": 153.93637084960938, "GLAT": 14.264798164367676, "Conf_95_SemiMajor": 0.02172071300446987, "Conf_95_SemiMinor": 0.02172071300446987, "Conf_95_PosAng": null, "ROI_num": 93, "Signif_Avg": 12.322205543518066, "Pivot_Energy": 30.352516174316406, "Flux_Density": 8.985362367347483e-13, "Unc_Flux_Density": 1.6885169477898199e-13, "Flux": 8.093906100903325e-11, "Unc_Flux": 1.5233946049075797e-11, "Energy_Flux": 7.084374319815678e-12, "Unc_Energy_Flux": 2.246741204539604e-12, "Signif_Curve": 1.5829771757125854, "SpectrumType": "PowerLaw   ", "Spectral_Index": 1.5914106369018555, "Unc_Spectral_Index": 0.2992934286594391, "beta": 0.2834497392177582, "Unc_beta": 0.20690776407718658, "PowerLaw_Index": 1.885237455368042, "Unc_PowerLaw_Index": 0.18324148654937744, "Flux_Band": [2.327254708389681e-11, 3.654480884573985e-11, 1.6381007661436797e-11, 4.903130852718096e-12, 4.4584800097314227e-17], "Unc_Flux_Band": [[-7.618366007489108e-12, 9.412126460162096e-12], [-9.305169482165532e-12, 1.1052585929816061e-11], [-5.75321951537533e-12, 7.438228852296724e-12], [-2.7918314361718988e-12, 4.466854403722964e-12], [null, 4.262085909895186e-12]], "nuFnu": [7.490611321318841e-13, 1.967032006028324e-12, 1.990633135759423e-12, 1.7061884674193784e-12, 4.847614555761684e-17], "Sqrt_TS_Band": [5.534355163574219, 9.155229568481445, 6.914524078369141, 3.2140655517578125, 0.0], "Npred": 32.34446334838867, "HEP_Energy": 289.36199951171875, "HEP_Prob": 0.9515995979309082, "Variability_BayesBlocks": 1, "Extended_Source_Name": "                  ", "ASSOC_GAM": "3FGL J0540.4+5823 ", "TEVCAT_FLAG": "N", "ASSOC_TEV": "                     ", "CLASS": "bll    ", "ASSOC1": "GB6 J0540+5823            ", "ASSOC2": "                          ", "ASSOC_PROB_BAY": 0.9999611973762512, "ASSOC_PROB_LR": 0.9873661994934082, "Redshift": null, "NuPeak_obs": 2.9512045288226816e+16, "source_id": 362}