{"Source_Name": "3FGL J1339.8-0133 ", "RAJ2000": 204.97149658203125, "DEJ2000": -1.5556000471115112, "GLON": 326.99017333984375, "GLAT": 59.03432083129883, "Conf_68_SemiMajor": 0.21727301180362701, "Conf_68_SemiMinor": 0.13617338240146637, "Conf_68_PosAng": 63.5, "Conf_95_SemiMajor": 0.3522999882698059, "Conf_95_SemiMinor": 0.2207999974489212, "Conf_95_PosAng": 63.5, "ROI_num": 726, "Signif_Avg": 5.003423690795898, "Pivot_Energy": 723.6339721679688, "Flux_Density": 1.020010573400676e-12, "Unc_Flux_Density": 1.980243090815223e-13, "Flux1000": 3.1225055874273266e-10, "Unc_Flux1000": 7.51228662609904e-11, "Energy_Flux100": 4.435239502054156e-12, "Unc_Energy_Flux100": 8.64763881162911e-13, "Signif_Curve": 2.6025707721710205, "SpectrumType": "PowerLaw        ", "Spectral_Index": 2.46876859664917, "Unc_Spectral_Index": 0.14239704608917236, "beta": null, "Unc_beta": null, "Cutoff": null, "Unc_Cutoff": null, "Exp_Index": null, "Unc_Exp_Index": null, "PowerLaw_Index": 2.46876859664917, "Flux30_100": null, "Unc_Flux30_100": null, "nuFnu30_100": null, "Sqrt_TS30_100": null, "Flux100_300": 5.399261926442023e-09, "Unc_Flux100_300": [-3.062426756628156e-09, 3.033720608058843e-09], "nuFnu100_300": 1.2398215050099526e-12, "Sqrt_TS100_300": 1.7409288883209229, "Flux300_1000": 1.9033339349050493e-09, "Unc_Flux300_1000": [-4.801862241166077e-10, 4.945427400926405e-10], "nuFnu300_1000": 1.237880566280769e-12, "Sqrt_TS300_1000": 4.2793097496032715, "Flux1000_3000": 3.491846534142695e-10, "Unc_Flux1000_3000": [-9.710678788854565e-11, 1.0593807081571427e-10], "nuFnu1000_3000": 8.018256739995844e-13, "Sqrt_TS1000_3000": 4.264799118041992, "Flux3000_10000": 3.1879106993093487e-11, "Unc_Flux3000_10000": [-2.2452479112033963e-11, 2.997840864438217e-11], "nuFnu3000_10000": 2.07333716167879e-13, "Sqrt_TS3000_10000": 1.5677342414855957, "Flux10000_100000": 3.4586271648436246e-16, "Unc_Flux10000_100000": [null, 1.3543152710404627e-11], "nuFnu10000_100000": 5.1522044603080024e-18, "Sqrt_TS10000_100000": 0.0, "Variability_Index": 69.53742218017578, "Signif_Peak": null, "Flux_Peak": null, "Unc_Flux_Peak": null, "Time_Peak": null, "Peak_Interval": null, "Flux_History": [0.0, 1.1005489852777828e-08, 4.030537237298404e-09, 5.567733829536792e-09, 3.079042132370091e-09, 0.0, 1.407277072651425e-09, 1.4372305123799833e-08, 3.387179958735942e-08, 0.0, 6.533838359246147e-09, 6.933880580817231e-09, 2.4955748578747716e-09, 6.47670646003462e-08, 3.548704086142607e-08, 1.5469767689069158e-08, 5.727526453114251e-09, 2.820495659250355e-08, 1.043467801054021e-08, 0.0, 0.0, 6.3385834359053206e-09, 6.387749440506241e-09, 3.127964021132357e-08, 2.2847226333055914e-08, 0.0, 1.1111051634316027e-08, 7.671546953247343e-09, 0.0, 0.0, 5.5828611067454403e-08, 1.6552291981497547e-08, 3.016107541498059e-08, 3.1563622826524806e-08, 4.475845027940295e-09, 1.5820273091549097e-08, 1.9078390423032943e-08, 6.2429195146762595e-09, 0.0, 3.757418376437727e-09, 0.0, 5.5806008703029875e-09, 0.0, 1.622118084299018e-08, 1.980117403377335e-09, 3.336761267291877e-08, 2.5727304731049117e-08, 0.0], "Unc_Flux_History": [[null, 1.1829039969768473e-08], [null, 1.2743029742523504e-08], [null, 1.2091567747063436e-08], [null, 1.315953213065768e-08], [null, 1.2875244870258484e-08], [null, 1.1012537548538148e-08], [null, 1.209982247729613e-08], [-1.1398545218810341e-08, 1.3985014923889594e-08], [-1.3278222965595887e-08, 1.4461981834301696e-08], [null, 1.18229186440999e-08], [null, 1.3148927280326461e-08], [null, 9.96635307615179e-09], [null, 1.3997547121391563e-08], [-1.642267299928335e-08, 1.7919743910965735e-08], [-1.581795672223052e-08, 1.856561482327379e-08], [-1.121242476642692e-08, 1.424776829850316e-08], [null, 1.407183614077212e-08], [-1.5232886951821456e-08, 1.7634167903679554e-08], [null, 1.225066803556274e-08], [null, 1.506339764034692e-08], [null, 1.2876610000489563e-08], [null, 1.4733609887684906e-08], [null, 1.332038923607115e-08], [-1.36316486987198e-08, 1.542806060683688e-08], [-1.3941423127050712e-08, 1.6389213541856407e-08], [null, 1.1464997839993885e-08], [null, 1.863288368042504e-08], [null, 1.2945879923620396e-08], [null, 9.667317613093473e-09], [null, 1.0230322367021927e-08], [-1.6600218089024565e-08, 1.844370700609943e-08], [-1.1010123479593403e-08, 1.4050554497657686e-08], [-1.5967710709219318e-08, 1.835639018565871e-08], [-1.7894191017830963e-08, 2.007470101261788e-08], [null, 1.622740164464176e-08], [-1.509503633201348e-08, 1.721558895440012e-08], [-1.278868211329609e-08, 1.5241774065088975e-08], [null, 1.3752842420444722e-08], [null, 9.175054493937296e-09], [null, 1.4656313496175244e-08], [null, 1.039223640475484e-08], [null, 9.52305523327368e-09], [null, 1.1177251124649956e-08], [-1.5388355478762605e-08, 1.7296542864642106e-08], [null, 1.7518653194770195e-08], [-1.5629273875106264e-08, 1.7890712911139417e-08], [-1.4483971355616632e-08, 1.6226087140580603e-08], [null, 1.8558024450499033e-08]], "Extended_Source_Name": "                  ", "0FGL_Name": "                 ", "1FGL_Name": "                  ", "2FGL_Name": "                  ", "1FHL_Name": "                  ", "ASSOC_GAM1": "               ", "ASSOC_GAM2": "              ", "ASSOC_GAM3": "               ", "TEVCAT_FLAG": "N", "ASSOC_TEV": "                     ", "CLASS1": "fsrq ", "ASSOC1": "PKS 1337-013              ", "ASSOC2": "                          ", "Flags": 0, "source_id": 1659}