{"Source_Name": "3FGL J0133.3+4324 ", "RAJ2000": 23.337799072265625, "DEJ2000": 43.4025993347168, "GLON": 130.9566192626953, "GLAT": -18.81507682800293, "Conf_68_SemiMajor": 0.09614778310060501, "Conf_68_SemiMinor": 0.07857105135917664, "Conf_68_PosAng": 7.019999980926514, "Conf_95_SemiMajor": 0.1559000015258789, "Conf_95_SemiMinor": 0.1273999959230423, "Conf_95_PosAng": 7.019999980926514, "ROI_num": 422, "Signif_Avg": 4.99928092956543, "Pivot_Energy": 1255.7337646484375, "Flux_Density": 2.5022234176157176e-13, "Unc_Flux_Density": 5.1630110641442614e-14, "Flux1000": 3.240799573145381e-10, "Unc_Flux1000": 7.113214878229357e-11, "Energy_Flux100": 3.935486485306949e-12, "Unc_Energy_Flux100": 8.192725469390039e-13, "Signif_Curve": 1.6169509887695312, "SpectrumType": "PowerLaw        ", "Spectral_Index": 2.301022529602051, "Unc_Spectral_Index": 0.14174148440361023, "beta": null, "Unc_beta": null, "Cutoff": null, "Unc_Cutoff": null, "Exp_Index": null, "Unc_Exp_Index": null, "PowerLaw_Index": 2.301022529602051, "Flux30_100": null, "Unc_Flux30_100": null, "nuFnu30_100": null, "Sqrt_TS30_100": null, "Flux100_300": 2.6849131806727655e-09, "Unc_Flux100_300": [null, 2.8798672335739184e-09], "nuFnu100_300": 6.264988527959758e-13, "Sqrt_TS100_300": 0.8214724659919739, "Flux300_1000": 1.6735082208896301e-09, "Unc_Flux300_1000": [-4.5035028484186057e-10, 4.658389229916793e-10], "nuFnu300_1000": 1.1093657459673723e-12, "Sqrt_TS300_1000": 3.9427900314331055, "Flux1000_3000": 1.9563689557244857e-10, "Unc_Flux1000_3000": [-8.162679560053121e-11, 9.021008939846809e-11], "nuFnu1000_3000": 4.565000179083956e-13, "Sqrt_TS1000_3000": 2.6578452587127686, "Flux3000_10000": 5.580405582072956e-11, "Unc_Flux3000_10000": [-2.507276157526217e-11, 3.1488901763854216e-11], "nuFnu3000_10000": 3.699241162957029e-13, "Sqrt_TS3000_10000": 2.827610492706299, "Flux10000_100000": 1.0059808888684962e-11, "Unc_Flux10000_100000": [-8.008425519956397e-12, 1.3492653175295466e-11], "nuFnu10000_100000": 1.5919534299742993e-13, "Sqrt_TS10000_100000": 1.467982530593872, "Variability_Index": 52.49671173095703, "Signif_Peak": null, "Flux_Peak": null, "Unc_Flux_Peak": null, "Time_Peak": null, "Peak_Interval": null, "Flux_History": [2.6532596564265987e-08, 1.1724595516682257e-08, 0.0, 4.246588414247299e-09, 0.0, 1.2535556592752073e-08, 1.2384502312556833e-08, 0.0, 0.0, 0.0, 0.0, 0.0, 6.289438303497263e-09, 2.7151829673499606e-09, 0.0, 7.270276380921814e-09, 1.7775774185935234e-09, 1.3348508076660437e-08, 1.2910944313659911e-08, 3.699884842944812e-08, 1.0742780887085246e-08, 1.1459232673871611e-08, 4.0288012925771e-09, 7.941701518632271e-09, 0.0, 0.0, 0.0, 4.435377842781918e-09, 2.0732448646754165e-08, 7.602774410031543e-09, 0.0, 3.392826997128395e-08, 1.5759148652705335e-08, 7.758965914206328e-09, 0.0, 0.0, 0.0, 4.171282430576184e-09, 4.648339047008676e-09, 0.0, 3.4852645214300537e-09, 0.0, 2.6384594509210046e-09, 1.642530733647618e-08, 1.621961231990099e-08, 5.6233071532574286e-09, 2.6238545558499027e-08, 9.319303551080793e-09], "Unc_Flux_History": [[-1.1625163942596828e-08, 1.2733690546440357e-08], [-9.979842729990196e-09, 1.1266581445568136e-08], [null, 9.784700161219462e-09], [-3.933679160184056e-09, 6.212777847736106e-09], [null, 1.1936617916319392e-08], [-9.516758936456426e-09, 1.1673123800903795e-08], [-1.2147698846831645e-08, 1.4211790855256368e-08], [null, 9.184615734625368e-09], [null, 9.663808420157238e-09], [null, 9.862005434513321e-09], [null, 8.137030604871143e-09], [null, 6.687643772096408e-09], [null, 1.0491542745683091e-08], [null, 8.676764196025033e-09], [null, 1.119758596956899e-08], [null, 1.110100367185396e-08], [null, 1.0430546204531765e-08], [-8.805409734691239e-09, 1.0471040035042734e-08], [-6.577424382925301e-09, 8.498565406966918e-09], [-1.2610899879916815e-08, 1.410136629687031e-08], [-8.505089077459616e-09, 1.0353900847803743e-08], [-9.178554805089334e-09, 1.1064440919028584e-08], [null, 8.716789956508819e-09], [null, 1.0217713786175864e-08], [null, 1.1344359229781276e-08], [null, 1.3031617562830888e-08], [null, 8.048782973446578e-09], [null, 8.540105511656293e-09], [-1.0164112218546961e-08, 1.2564498774736421e-08], [-6.7625967048456914e-09, 9.06951136414591e-09], [null, 9.389849786600735e-09], [-1.3014574307135263e-08, 1.4659311098341732e-08], [-9.005042045373557e-09, 1.0952916795758938e-08], [null, 1.0725875299044674e-08], [null, 8.028976594687265e-09], [null, 6.7559207117540154e-09], [null, 1.0085554613681325e-08], [null, 1.0125489779966301e-08], [null, 1.2578862396139812e-08], [null, 7.549090241809608e-09], [null, 9.811250478719558e-09], [null, 6.508739769373051e-09], [null, 9.950263724078923e-09], [-8.296342279834334e-09, 1.0100975167404158e-08], [-1.2585527287001241e-08, 1.4583132923462472e-08], [null, 8.677904617115928e-09], [-1.26986163806464e-08, 1.4700111350407497e-08], [-8.815983498777769e-09, 1.1060975246834914e-08]], "Extended_Source_Name": "                  ", "0FGL_Name": "                 ", "1FGL_Name": "                  ", "2FGL_Name": "                  ", "1FHL_Name": "                  ", "ASSOC_GAM1": "               ", "ASSOC_GAM2": "              ", "ASSOC_GAM3": "               ", "TEVCAT_FLAG": "N", "ASSOC_TEV": "                     ", "CLASS1": "bcu  ", "ASSOC1": "B3 0129+431               ", "ASSOC2": "                          ", "Flags": 0, "catalog_row_index": 189}