{"Source_Name": "3FHL J0757.1+0957 ", "RAJ2000": 119.28898620605469, "DEJ2000": 9.965688705444336, "GLON": 211.2949676513672, "GLAT": 19.07672119140625, "Conf_95_SemiMajor": 0.03180316835641861, "Conf_95_SemiMinor": 0.03180316835641861, "Conf_95_PosAng": null, "ROI_num": 211, "Signif_Avg": 11.417916297912598, "Pivot_Energy": 28.891971588134766, "Flux_Density": 1.154129526323433e-12, "Unc_Flux_Density": 2.4092099842887293e-13, "Flux": 9.49429215801878e-11, "Unc_Flux": 1.9856217364777606e-11, "Energy_Flux": 7.634109490395335e-12, "Unc_Energy_Flux": 2.6986939159062695e-12, "Signif_Curve": 1.5502378940582275, "SpectrumType": "PowerLaw   ", "Spectral_Index": 1.602426290512085, "Unc_Spectral_Index": 0.3519970774650574, "beta": 0.3343353271484375, "Unc_beta": 0.25414174795150757, "PowerLaw_Index": 1.9446157217025757, "Unc_PowerLaw_Index": 0.21300144493579865, "Flux_Band": [3.404941606444112e-11, 4.526899341494861e-11, 8.307452815936589e-12, 6.927267353490363e-12, 1.2071421697149788e-21], "Unc_Flux_Band": [[-1.1406910138678228e-11, 1.3451517677509628e-11], [-1.2164525463320697e-11, 1.465627445795814e-11], [-4.59040661385246e-12, 7.1706035206786645e-12], [-3.872163440582499e-12, 6.200437732695185e-12], [null, 6.0766474317686114e-12]], "nuFnu": [1.0933434062623815e-12, 2.426615549125377e-12, 1.0036062692703185e-12, 2.3936239275379467e-12, 1.3003692213794696e-21], "Sqrt_TS_Band": [6.108033180236816, 9.236510276794434, 3.5787415504455566, 3.6504616737365723, 0.0], "Npred": 26.74574089050293, "HEP_Energy": 237.10299682617188, "HEP_Prob": 0.9779393672943115, "Variability_BayesBlocks": 1, "Extended_Source_Name": "                  ", "ASSOC_GAM": "3FGL J0757.0+0956 ", "TEVCAT_FLAG": "C", "ASSOC_TEV": "                     ", "CLASS": "bll    ", "ASSOC1": "PKS 0754+100              ", "ASSOC2": "                          ", "ASSOC_PROB_BAY": 0.9996564388275146, "ASSOC_PROB_LR": 0.9972116947174072, "Redshift": 0.26600000262260437, "NuPeak_obs": 24547107536896.0, "source_id": 487}