{"Source_Name": "3FGL J1656.9+6008 ", "RAJ2000": 254.24569702148438, "DEJ2000": 60.1432991027832, "GLON": 89.54639434814453, "GLAT": 37.41950988769531, "Conf_68_SemiMajor": 0.06512640416622162, "Conf_68_SemiMinor": 0.060069240629673004, "Conf_68_PosAng": 64.16999816894531, "Conf_95_SemiMajor": 0.10559999942779541, "Conf_95_SemiMinor": 0.09740000218153, "Conf_95_PosAng": 64.16999816894531, "ROI_num": 610, "Signif_Avg": 9.338057518005371, "Pivot_Energy": 546.8917236328125, "Flux_Density": 2.698499193196091e-12, "Unc_Flux_Density": 3.090825392935287e-13, "Flux1000": 3.4150993144521635e-10, "Unc_Flux1000": 5.874211533862805e-11, "Energy_Flux100": 5.9013167616472906e-12, "Unc_Energy_Flux100": 6.859045124409102e-13, "Signif_Curve": 0.7671329379081726, "SpectrumType": "PowerLaw        ", "Spectral_Index": 2.6227638721466064, "Unc_Spectral_Index": 0.10552295297384262, "beta": null, "Unc_beta": null, "Cutoff": null, "Unc_Cutoff": null, "Exp_Index": null, "Unc_Exp_Index": null, "PowerLaw_Index": 2.6227638721466064, "Flux30_100": null, "Unc_Flux30_100": null, "nuFnu30_100": null, "Sqrt_TS30_100": null, "Flux100_300": 1.0705870856497768e-08, "Unc_Flux100_300": [-2.738629989451624e-09, 2.770677021146639e-09], "nuFnu100_300": 2.423066088053094e-12, "Sqrt_TS100_300": 3.991555690765381, "Flux300_1000": 2.0709307602118088e-09, "Unc_Flux300_1000": [-3.670897474883361e-10, 3.8109948530262727e-10], "nuFnu300_1000": 1.323989312282392e-12, "Sqrt_TS300_1000": 6.205264568328857, "Flux1000_3000": 2.7171231931077955e-10, "Unc_Flux1000_3000": [-6.779306283011266e-11, 7.378590793916118e-11], "nuFnu1000_3000": 6.14968145851158e-13, "Sqrt_TS1000_3000": 5.020896911621094, "Flux3000_10000": 4.069119347027694e-11, "Unc_Flux3000_10000": [-2.0064047645540484e-11, 2.5040938073095376e-11], "nuFnu3000_10000": 2.6014729107882995e-13, "Sqrt_TS3000_10000": 2.5399816036224365, "Flux10000_100000": 1.2595171433593677e-11, "Unc_Flux10000_100000": [-7.830123702201597e-12, 1.2026327850245266e-11], "nuFnu10000_100000": 1.7814146425348953e-13, "Sqrt_TS10000_100000": 2.20332670211792, "Variability_Index": 63.00946044921875, "Signif_Peak": null, "Flux_Peak": null, "Unc_Flux_Peak": null, "Time_Peak": null, "Peak_Interval": null, "Flux_History": [0.0, 1.634205304412717e-08, 1.4687708826954804e-08, 0.0, 5.907830225027055e-09, 1.1362346619137043e-08, 2.973687607266129e-08, 1.4353230604058353e-08, 1.2350839462271779e-08, 1.0207367395764777e-08, 1.1455093540391204e-09, 6.003380015329185e-10, 9.906741205156777e-09, 1.0017813245610796e-08, 6.003312291724683e-10, 1.6268472791125532e-08, 2.0896415264815005e-08, 3.1856135507268846e-09, 0.0, 1.0951722861918256e-09, 2.392810394269418e-08, 2.2042410563472004e-08, 1.6522264445484325e-08, 6.034518995612359e-10, 1.6272577951781386e-08, 3.086027433596428e-08, 8.856678057611589e-09, 2.660900300099911e-08, 1.108617531109246e-09, 9.752231022730484e-09, 1.4300855610827057e-08, 0.0, 1.3610173432709871e-08, 0.0, 2.244751406976775e-08, 0.0, 1.9101666026699604e-08, 7.512093169737e-09, 2.366757989591406e-08, 1.0316625331796558e-09, 0.0, 7.475135177514858e-09, 7.795291523393644e-09, 1.7224076387378773e-08, 2.5795968028319294e-08, 6.843926314559212e-08, 2.5566690098344225e-08, 2.6055470669916758e-08], "Unc_Flux_History": [[null, 1.0187382493143105e-08], [-1.0768554048468104e-08, 1.3754850591851664e-08], [-7.497477305662414e-09, 9.126991606933643e-09], [null, 9.974903569798244e-09], [null, 1.0348024659379007e-08], [null, 1.3098508055975344e-08], [-1.1996140081294016e-08, 1.318482922840758e-08], [-1.2026617035587606e-08, 1.393002424521228e-08], [-1.208610544978228e-08, 1.3120871500404974e-08], [-1.008029748561512e-08, 1.1711990488549873e-08], [null, 1.5387946916689543e-08], [null, 1.1692826262788003e-08], [null, 1.3125815101489025e-08], [-7.322790374075794e-09, 8.988195965287105e-09], [null, 1.3795919073800178e-08], [-9.74054525926249e-09, 1.1359264640020683e-08], [-1.2366834667432158e-08, 1.3367650097961814e-08], [null, 9.038407355888012e-09], [null, 1.1647410147475057e-08], [null, 1.0186883336871233e-08], [-1.1254627452217392e-08, 1.2557219264408559e-08], [-1.0934122052219664e-08, 1.2192421294798805e-08], [-8.852120814140108e-09, 1.0520478710418502e-08], [null, 1.242979852378312e-08], [-9.91146986706326e-09, 1.0901267444296536e-08], [-1.2571571339492493e-08, 1.3740279136698064e-08], [null, 1.0877849732082723e-08], [-1.056464515869493e-08, 1.2026733386960586e-08], [null, 1.1191537474530833e-08], [null, 1.1585814974068853e-08], [-9.894340458060924e-09, 1.1988349868374826e-08], [null, 1.2771990576254666e-08], [-1.1149858814007985e-08, 1.2659004511306193e-08], [null, 1.0251709703368306e-08], [-1.0150468021663528e-08, 1.140500671681366e-08], [null, 1.0443811149229987e-08], [-9.490818797530665e-09, 1.0953313811512544e-08], [null, 1.1054373416641283e-08], [-1.040171326849304e-08, 1.1314269521278675e-08], [null, 1.2787050529539101e-08], [null, 9.311653670351916e-09], [null, 1.1167267111034107e-08], [null, 1.0506839842605586e-08], [-9.308394943730036e-09, 1.0656148852206115e-08], [-1.0998296495756676e-08, 1.2144250938206369e-08], [-1.3761683348434417e-08, 1.4574066398154173e-08], [-1.1246711117962604e-08, 1.2511828018091364e-08], [-1.1854153214585494e-08, 1.3338481430480442e-08]], "Extended_Source_Name": "                  ", "0FGL_Name": "                 ", "1FGL_Name": "1FGL J1656.9+6017 ", "2FGL_Name": "2FGL J1656.5+6012 ", "1FHL_Name": "                  ", "ASSOC_GAM1": "               ", "ASSOC_GAM2": "              ", "ASSOC_GAM3": "               ", "TEVCAT_FLAG": "N", "ASSOC_TEV": "                     ", "CLASS1": "fsrq ", "ASSOC1": "87GB 165604.4+601702      ", "ASSOC2": "                          ", "Flags": 0, "source_id": 2081}