{"Source_Name": "3FGL J1603.7-6011 ", "RAJ2000": 240.931396484375, "DEJ2000": -60.1953010559082, "GLON": 324.7503662109375, "GLAT": -5.744019985198975, "Conf_68_SemiMajor": 0.05390196293592453, "Conf_68_SemiMinor": 0.04113570973277092, "Conf_68_PosAng": -11.609999656677246, "Conf_95_SemiMajor": 0.08739999681711197, "Conf_95_SemiMinor": 0.06669999659061432, "Conf_95_PosAng": -11.609999656677246, "ROI_num": 228, "Signif_Avg": 5.0511474609375, "Pivot_Energy": 3310.30322265625, "Flux_Density": 4.6091745058238903e-14, "Unc_Flux_Density": 1.0145149931457039e-14, "Flux1000": 4.958310428904156e-10, "Unc_Flux1000": 1.0997429356063293e-10, "Energy_Flux100": 5.5954030471483396e-12, "Unc_Energy_Flux100": 1.2338749813545213e-12, "Signif_Curve": 3.694542169570923, "SpectrumType": "PowerLaw        ", "Spectral_Index": 1.9624006748199463, "Unc_Spectral_Index": 0.12945958971977234, "beta": null, "Unc_beta": null, "Cutoff": null, "Unc_Cutoff": null, "Exp_Index": null, "Unc_Exp_Index": null, "PowerLaw_Index": 1.9624006748199463, "Flux30_100": null, "Unc_Flux30_100": null, "nuFnu30_100": null, "Sqrt_TS30_100": null, "Flux100_300": 4.707816914084617e-10, "Unc_Flux100_300": [null, 4.807622744351647e-09], "nuFnu100_300": 1.1354844609056183e-13, "Sqrt_TS100_300": 0.0, "Flux300_1000": 9.936221984085947e-11, "Unc_Flux300_1000": [null, 6.79515832491262e-10], "nuFnu300_1000": 6.852215328348801e-14, "Sqrt_TS300_1000": 0.0, "Flux1000_3000": 4.70381622541538e-10, "Unc_Flux1000_3000": [-1.5020631960460662e-10, 1.5832873900833988e-10], "nuFnu1000_3000": 1.1345195616296877e-12, "Sqrt_TS1000_3000": 3.4178268909454346, "Flux3000_10000": 2.1265686434013276e-10, "Unc_Flux3000_10000": [-4.9699865750651995e-11, 5.53598000774258e-11], "nuFnu3000_10000": 1.4665237340477644e-12, "Sqrt_TS3000_10000": 5.921107292175293, "Flux10000_100000": 1.683828597387471e-11, "Unc_Flux10000_100000": [-1.196272681608379e-11, 1.8047660588216274e-11], "nuFnu10000_100000": 3.043525446857348e-13, "Sqrt_TS10000_100000": 1.7489397525787354, "Variability_Index": 50.70072937011719, "Signif_Peak": null, "Flux_Peak": null, "Unc_Flux_Peak": null, "Time_Peak": null, "Peak_Interval": null, "Flux_History": [9.016308588627453e-09, 8.892474312460763e-09, 1.671609961562126e-09, 5.3051891768518544e-09, 1.240773350730251e-08, 2.3694362027981697e-09, 0.0, 0.0, 1.3663037812250423e-08, 1.2252688863512162e-09, 1.8509027199797856e-08, 0.0, 1.5765223793096084e-08, 0.0, 3.590945318876493e-09, 1.7676452301884638e-08, 0.0, 0.0, 0.0, 7.843244276273253e-09, 0.0, 0.0, 0.0, 1.0259045168936609e-08, 0.0, 0.0, 1.193875664995403e-08, 2.069662441428477e-09, 1.2645854141624113e-08, 0.0, 0.0, 0.0, 8.348975732985764e-09, 0.0, 9.404164558191042e-09, 1.3379335861429809e-08, 2.425366574243526e-09, 0.0, 0.0, 3.556874350607586e-09, 0.0, 3.574328388822323e-09, 1.9054061439760517e-08, 5.160868177256361e-09, 0.0, 2.5279394577637504e-08, 0.0, 1.5876310044404818e-08], "Unc_Flux_History": [[null, 1.2083965827969223e-08], [-8.738651580131318e-09, 1.1037474934028069e-08], [null, 1.2138093197222588e-08], [null, 1.0596829191911183e-08], [-7.0501937621259e-09, 9.466126549284581e-09], [null, 1.2486194300720399e-08], [null, 9.231038156087834e-09], [null, 1.1259833954113674e-08], [-1.0734707345250172e-08, 1.2808826888033309e-08], [null, 1.3038182089530892e-08], [-8.607341506206012e-09, 1.0707329245462915e-08], [null, 9.950931634250537e-09], [-9.386734056704427e-09, 1.2040306529570444e-08], [null, 5.984603923536724e-09], [null, 8.185566002794076e-09], [-8.941103857296184e-09, 1.1074864580962185e-08], [null, 8.450407484872358e-09], [null, 8.67221405798091e-09], [null, 5.659759327869551e-09], [-6.120946860477261e-09, 8.614641444637527e-09], [null, 7.184586703345985e-09], [null, 9.446358362197316e-09], [null, 9.06634056718758e-09], [-5.958239679415556e-09, 7.57482521152042e-09], [null, 7.488079489803567e-09], [null, 6.329890389622506e-09], [-7.396667722758821e-09, 1.0189864063647747e-08], [null, 6.25953422428438e-09], [-8.439877241528393e-09, 9.791646604639936e-09], [null, 7.17429537999692e-09], [null, 5.246434398031852e-09], [null, 8.789927008479026e-09], [-6.012178310754734e-09, 8.835984388610996e-09], [null, 7.728965023545697e-09], [-6.268961794120287e-09, 8.406546569972306e-09], [-7.372199295474502e-09, 9.54068113401263e-09], [null, 7.767366305699852e-09], [null, 6.390280304913176e-09], [null, 8.765606018812377e-09], [null, 6.376543293384884e-09], [null, 1.0995581334327653e-08], [null, 7.696161041792493e-09], [-8.849806221178369e-09, 1.0152255924822384e-08], [null, 9.135133538507034e-09], [null, 7.023262860172963e-09], [-1.0813537620890656e-08, 1.270773619665988e-08], [null, 6.099027505257482e-09], [-1.0167117814319226e-08, 1.2697558560148536e-08]], "Extended_Source_Name": "                  ", "0FGL_Name": "                 ", "1FGL_Name": "                  ", "2FGL_Name": "                  ", "1FHL_Name": "                  ", "ASSOC_GAM1": "               ", "ASSOC_GAM2": "              ", "ASSOC_GAM3": "               ", "TEVCAT_FLAG": "N", "ASSOC_TEV": "                     ", "CLASS1": "     ", "ASSOC1": "                          ", "ASSOC2": "                          ", "Flags": 1, "source_id": 1946}