{"Source_Name": "3FHL J0433.1+3227 ", "RAJ2000": 68.28842163085938, "DEJ2000": 32.456626892089844, "GLON": 167.88487243652344, "GLAT": -10.452055931091309, "Conf_95_SemiMajor": 0.030423732474446297, "Conf_95_SemiMinor": 0.030423732474446297, "Conf_95_PosAng": null, "ROI_num": 457, "Signif_Avg": 7.745964050292969, "Pivot_Energy": 25.440732955932617, "Flux_Density": 8.567123247794906e-13, "Unc_Flux_Density": 2.310224765395691e-13, "Flux": 5.489215679221893e-11, "Unc_Flux": 1.4799859254788217e-11, "Energy_Flux": 3.990347115234716e-12, "Unc_Energy_Flux": 1.961841496547767e-12, "Signif_Curve": 1.5889766216278076, "SpectrumType": "PowerLaw   ", "Spectral_Index": 1.6900558471679688, "Unc_Spectral_Index": 0.49219292402267456, "beta": 0.9985833764076233, "Unc_beta": 0.08603055775165558, "PowerLaw_Index": 2.018371343612671, "Unc_PowerLaw_Index": 0.30762431025505066, "Flux_Band": [2.0734825315060768e-11, 3.0143006146676754e-11, 3.604013788793825e-12, 1.4127328501383369e-19, 3.3676631362028475e-12], "Unc_Flux_Band": [[-7.903402758635547e-12, 1.0238435967091508e-11], [-9.72195848131241e-12, 1.2003043524388968e-11], [-2.5145775219004296e-12, 4.756848560882876e-12], [null, 4.786787285993022e-12], [-2.489813693759557e-12, 4.840965302232991e-12]], "nuFnu": [6.638564481117881e-13, 1.6075861345235531e-12, 4.322343264556716e-13, 4.839155540568957e-20, 3.586369048957927e-12], "Sqrt_TS_Band": [4.813416481018066, 6.4103875160217285, 3.2239017486572266, 0.0, 1.9585773944854736], "Npred": 17.390718460083008, "HEP_Energy": 62.04859924316406, "HEP_Prob": 0.9987915754318237, "Variability_BayesBlocks": 1, "Extended_Source_Name": "                  ", "ASSOC_GAM": "3FGL J0433.1+3228 ", "TEVCAT_FLAG": "C", "ASSOC_TEV": "                     ", "CLASS": "bll    ", "ASSOC1": "NVSS J043307+322840       ", "ASSOC2": "                          ", "ASSOC_PROB_BAY": 0.9996930360794067, "ASSOC_PROB_LR": 0.8806025981903076, "Redshift": null, "NuPeak_obs": 1.2161834480041984e+16, "source_id": 287}