{"Source_Name": "3FGL J1244.3-4955 ", "RAJ2000": 191.0897979736328, "DEJ2000": -49.926300048828125, "GLON": 301.76361083984375, "GLAT": 12.929340362548828, "Conf_68_SemiMajor": 0.08116131275892258, "Conf_68_SemiMinor": 0.05692392960190773, "Conf_68_PosAng": -19.239999771118164, "Conf_95_SemiMajor": 0.1316000074148178, "Conf_95_SemiMinor": 0.09229999780654907, "Conf_95_PosAng": -19.239999771118164, "ROI_num": 478, "Signif_Avg": 4.818787574768066, "Pivot_Energy": 2153.6650390625, "Flux_Density": 9.143232774632554e-14, "Unc_Flux_Density": 2.0639750081567418e-14, "Flux1000": 4.107250928253592e-10, "Unc_Flux1000": 9.277840301580298e-11, "Energy_Flux100": 4.679866303508584e-12, "Unc_Energy_Flux100": 1.0939286585950891e-12, "Signif_Curve": 0.8603842854499817, "SpectrumType": "PowerLaw        ", "Spectral_Index": 2.1882247924804688, "Unc_Spectral_Index": 0.1764063835144043, "beta": null, "Unc_beta": null, "Cutoff": null, "Unc_Cutoff": null, "Exp_Index": null, "Unc_Exp_Index": null, "PowerLaw_Index": 2.1882247924804688, "Flux30_100": null, "Unc_Flux30_100": null, "nuFnu30_100": null, "Sqrt_TS30_100": null, "Flux100_300": 1.513309122458395e-08, "Unc_Flux100_300": [-3.5623970440212815e-09, 3.704208717536517e-09], "nuFnu100_300": 3.5699657206095248e-12, "Sqrt_TS100_300": 3.0316734313964844, "Flux300_1000": 1.3811730648072285e-09, "Unc_Flux300_1000": [-6.115098982739653e-10, 6.322786738621744e-10], "nuFnu300_1000": 9.275849402815006e-13, "Sqrt_TS300_1000": 2.311825752258301, "Flux1000_3000": 2.449867531062466e-10, "Unc_Flux1000_3000": [-1.0634840230672182e-10, 1.1635460650527563e-10], "nuFnu1000_3000": 5.779349438253534e-13, "Sqrt_TS1000_3000": 2.4725334644317627, "Flux3000_10000": 8.103171605933213e-11, "Unc_Flux3000_10000": [-3.5167348200193516e-11, 4.206642326143317e-11], "nuFnu3000_10000": 5.442026495237895e-13, "Sqrt_TS3000_10000": 2.987333059310913, "Flux10000_100000": 2.8971379115172446e-11, "Unc_Flux10000_100000": [-1.5118812451975217e-11, 2.1303393077376498e-11], "nuFnu10000_100000": 4.785133335578895e-13, "Sqrt_TS10000_100000": 2.943558931350708, "Variability_Index": 44.89221954345703, "Signif_Peak": null, "Flux_Peak": null, "Unc_Flux_Peak": null, "Time_Peak": null, "Peak_Interval": null, "Flux_History": [0.0, 5.941954484001144e-09, 2.778315888463112e-08, 1.405255556363727e-08, 1.0862203581041285e-08, 1.4998381203668032e-08, 0.0, 0.0, 9.976555581658886e-09, 0.0, 0.0, 1.1870584515349947e-08, 6.589098600073839e-09, 1.0820720319770771e-08, 2.1792162741007814e-08, 1.7268227736622066e-08, 5.752373688494572e-09, 5.183834694832967e-09, 8.093494763272702e-09, 2.0845151382786753e-08, 7.820027292382292e-09, 1.056408116539842e-08, 0.0, 2.687089128983189e-08, 1.0057293664544886e-08, 4.9117896416817075e-09, 2.5359982558370575e-08, 2.6061364621909888e-08, 0.0, 0.0, 0.0, 5.055947216447976e-09, 1.2737869425905046e-08, 0.0, 5.872982544730121e-09, 1.106445157716962e-08, 0.0, 0.0, 0.0, 8.615969271374979e-09, 1.6574874805996842e-08, 0.0, 0.0, 6.681679654008121e-09, 0.0, 0.0, 5.38141087247368e-09, 0.0], "Unc_Flux_History": [[null, 9.415026980263974e-09], [null, 1.362350676714641e-08], [-1.4728557040655232e-08, 1.5745193593375006e-08], [-9.290932467820312e-09, 1.1053574056063553e-08], [-1.0220015056461307e-08, 1.2372087354606265e-08], [-1.4091186884002127e-08, 1.5920088358711837e-08], [null, 8.541266360850841e-09], [null, 1.1831661872463428e-08], [null, 1.3018396138875232e-08], [null, 7.452444883426779e-09], [null, 1.3398094189653875e-08], [null, 1.3856235270282014e-08], [null, 1.3473417048714964e-08], [-1.0290561291981248e-08, 1.2093109624800036e-08], [-1.1136623179197613e-08, 1.3202751780738708e-08], [-8.688013863888955e-09, 1.0679878315045244e-08], [null, 1.3009970878385957e-08], [null, 1.2732424004013865e-08], [-7.815301295011068e-09, 9.87068649038747e-09], [-1.1668706001444207e-08, 1.4013082250130537e-08], [-4.354770322123613e-09, 6.313571887517355e-09], [null, 1.35811806245556e-08], [null, 9.725632743595725e-09], [-1.3156057576679814e-08, 1.4598927400299999e-08], [-8.061220135857639e-09, 1.0188306198699593e-08], [null, 1.096917223719629e-08], [-1.1066929594960584e-08, 1.3486820549246659e-08], [-1.0530981420231456e-08, 1.1916329256678182e-08], [null, 1.141744565558156e-08], [null, 8.303586263025409e-09], [null, 8.371530135775629e-09], [null, 1.1557177437282462e-08], [-1.0352483315045902e-08, 1.2839315388646355e-08], [null, 9.580685578214343e-09], [null, 9.313556148526914e-09], [null, 1.4249366131480201e-08], [null, 1.0586350462915561e-08], [null, 1.1589993853533542e-08], [null, 9.711140336321478e-09], [null, 1.0819455553701118e-08], [-1.072689137515681e-08, 1.3132680720673306e-08], [null, 1.035145302807905e-08], [null, 1.0364723301847789e-08], [null, 1.175927089036577e-08], [null, 1.2298011498046435e-08], [null, 1.0677683626170165e-08], [null, 1.0856278542803466e-08], [null, 7.400789758804649e-09]], "Extended_Source_Name": "                  ", "0FGL_Name": "                 ", "1FGL_Name": "                  ", "2FGL_Name": "                  ", "1FHL_Name": "                  ", "ASSOC_GAM1": "               ", "ASSOC_GAM2": "              ", "ASSOC_GAM3": "               ", "TEVCAT_FLAG": "N", "ASSOC_TEV": "                     ", "CLASS1": "bcu  ", "ASSOC1": "SUMSS J124422-495422      ", "ASSOC2": "                          ", "Flags": 8, "source_id": 1525}