{"Source_Name": "3FGL J0910.5+3329 ", "RAJ2000": 137.6468963623047, "DEJ2000": 33.489898681640625, "GLON": 191.12002563476562, "GLAT": 42.460384368896484, "Conf_68_SemiMajor": 0.019735274836421013, "Conf_68_SemiMinor": 0.017761746421456337, "Conf_68_PosAng": -88.66000366210938, "Conf_95_SemiMajor": 0.03200000151991844, "Conf_95_SemiMinor": 0.02879999950528145, "Conf_95_PosAng": -88.66000366210938, "ROI_num": 454, "Signif_Avg": 17.41132354736328, "Pivot_Energy": 2997.466552734375, "Flux_Density": 1.3833357202786e-13, "Unc_Flux_Density": 1.3522161871942686e-14, "Flux1000": 1.2280007011256089e-09, "Unc_Flux1000": 1.207467598129952e-10, "Energy_Flux100": 1.377272081104497e-11, "Unc_Energy_Flux100": 1.3526868427454763e-12, "Signif_Curve": 0.69622802734375, "SpectrumType": "PowerLaw        ", "Spectral_Index": 1.9841762781143188, "Unc_Spectral_Index": 0.0819445475935936, "beta": null, "Unc_beta": null, "Cutoff": null, "Unc_Cutoff": null, "Exp_Index": null, "Unc_Exp_Index": null, "PowerLaw_Index": 1.9841762781143188, "Flux30_100": null, "Unc_Flux30_100": null, "nuFnu30_100": null, "Sqrt_TS30_100": null, "Flux100_300": 1.281535655373034e-09, "Unc_Flux100_300": [null, 4.9922803668778215e-09], "nuFnu100_300": 3.0843106931313646e-13, "Sqrt_TS100_300": 0.1589781939983368, "Flux300_1000": 3.825195715734253e-09, "Unc_Flux300_1000": [-6.830927490319993e-10, 6.136540720014239e-10], "nuFnu300_1000": 2.631148771081726e-12, "Sqrt_TS300_1000": 6.168154716491699, "Flux1000_3000": 7.535944090975022e-10, "Unc_Flux1000_3000": [-1.1758177764775724e-10, 1.2536850724220727e-10], "nuFnu1000_3000": 1.8136987137845617e-12, "Sqrt_TS1000_3000": 8.21180534362793, "Flux3000_10000": 2.814538602180505e-10, "Unc_Flux3000_10000": [-4.8811663044823206e-11, 5.430229182978863e-11], "nuFnu3000_10000": 1.9359713485100905e-12, "Sqrt_TS3000_10000": 10.527393341064453, "Flux10000_100000": 1.2419693051768377e-10, "Unc_Flux10000_100000": [-2.922197900323553e-11, 3.43671792413236e-11], "nuFnu10000_100000": 2.2249229368609402e-12, "Sqrt_TS10000_100000": 10.322956085205078, "Variability_Index": 78.18933868408203, "Signif_Peak": 5.457990646362305, "Flux_Peak": 3.125276037962976e-08, "Unc_Flux_Peak": 7.660514889096248e-09, "Time_Peak": 345844992.0, "Peak_Interval": 2630000.0, "Flux_History": [8.568435738709468e-09, 5.925285151420212e-09, 1.5454469703968243e-08, 1.4100430156815946e-08, 2.341807636696558e-08, 1.6641600097955234e-08, 2.2511230657329406e-09, 7.150490866081327e-09, 0.0, 4.359876903947679e-09, 1.1841209790475204e-08, 8.136216145260278e-09, 1.3594402936689676e-08, 0.0, 8.054978017923986e-09, 1.2584872699505922e-08, 7.679604507870863e-09, 6.406094321675937e-09, 1.2307514118958807e-08, 1.6743697983656602e-08, 9.14565845278048e-09, 0.0, 0.0, 2.3522366277006768e-09, 7.866439055703722e-09, 0.0, 2.4513677754356422e-09, 0.0, 1.2280607641912411e-08, 1.994763287882506e-08, 1.693666362712065e-08, 8.374857252135826e-09, 1.882412270504119e-08, 2.3202373355957207e-08, 2.549553279607153e-08, 2.405074894795689e-08, 1.97432736825931e-08, 0.0, 2.5891342403383533e-08, 1.9463211486936416e-08, 3.125276037962976e-08, 6.72726541139923e-09, 1.579456032629878e-08, 2.3708324192739383e-08, 1.1233345809102957e-08, 0.0, 0.0, 1.9157949893156e-08], "Unc_Flux_History": [[-5.85293413735144e-09, 7.409898028498674e-09], [-5.633554955863929e-09, 6.720982437258272e-09], [-6.562453247482836e-09, 7.23702608951271e-09], [-5.681543235880326e-09, 6.639070626590637e-09], [-9.751499163712651e-09, 1.0713613107782294e-08], [-7.029690607396333e-09, 8.104437121403407e-09], [null, 6.264157192958919e-09], [-6.6465726256126345e-09, 7.997577711194026e-09], [null, 7.392944922912648e-09], [-3.3210900696190038e-09, 4.85378892634003e-09], [-8.357553760163228e-09, 9.472159945289604e-09], [-4.524244978654224e-09, 6.356050796796353e-09], [-6.204945002252771e-09, 7.655754252766656e-09], [null, 8.789749372795086e-09], [-6.942954655642097e-09, 8.138603568852432e-09], [-8.255165440118617e-09, 9.576621273765795e-09], [-4.785098983717262e-09, 6.655021866919242e-09], [-4.3088230761156865e-09, 6.3309393283361715e-09], [-5.962710325491116e-09, 7.529112444615293e-09], [-7.977271287984422e-09, 8.24061352489025e-09], [-5.371447286961484e-09, 6.798542173669375e-09], [null, 4.90612439563165e-09], [null, 5.370129674275859e-09], [null, 6.166565036380689e-09], [-7.677853020027214e-09, 9.751774499022758e-09], [null, 9.08914898900548e-09], [null, 6.417756992505019e-09], [null, 7.1871006923629466e-09], [-6.058439971923235e-09, 7.551713032682983e-09], [-1.1670073796210545e-08, 1.2813612393358653e-08], [-7.038388094571246e-09, 8.111859628456841e-09], [-7.1776318222305235e-09, 8.210037094613654e-09], [-6.799703911042343e-09, 8.130273343454064e-09], [-8.101157966677874e-09, 9.178798165976332e-09], [-7.350285269325241e-09, 8.400212081483005e-09], [-8.248392191489984e-09, 9.434449665945976e-09], [-6.786696093996625e-09, 7.97606425351205e-09], [null, 8.114859006980168e-09], [-6.628219750837161e-09, 7.612257491018681e-09], [-8.416148666867684e-09, 9.29917121084145e-09], [-7.660514889096248e-09, 8.620475888676538e-09], [-3.986652341581021e-09, 5.599117613996896e-09], [-7.694295867111123e-09, 9.634020692317335e-09], [-9.280549662094018e-09, 1.0508100167783141e-08], [-5.291834970222453e-09, 6.8512173712065305e-09], [null, 1.2983739416938533e-08], [null, 6.4020704293454855e-09], [-7.48629691571523e-09, 8.762742531587264e-09]], "Extended_Source_Name": "                  ", "0FGL_Name": "                 ", "1FGL_Name": "1FGL J0910.7+3332 ", "2FGL_Name": "2FGL J0910.6+3329 ", "1FHL_Name": "1FHL J0910.6+3333 ", "ASSOC_GAM1": "               ", "ASSOC_GAM2": "              ", "ASSOC_GAM3": "               ", "TEVCAT_FLAG": "N", "ASSOC_TEV": "                     ", "CLASS1": "bll  ", "ASSOC1": "Ton 1015                  ", "ASSOC2": "                          ", "Flags": 0, "catalog_row_index": 1041}