{"Source_Name": "3FGL J0333.9+6538 ", "RAJ2000": 53.48619842529297, "DEJ2000": 65.63760375976562, "GLON": 138.66455078125, "GLAT": 7.8595757484436035, "Conf_68_SemiMajor": 0.02170880138874054, "Conf_68_SemiMinor": 0.019673600792884827, "Conf_68_PosAng": -16.559999465942383, "Conf_95_SemiMajor": 0.03519999980926514, "Conf_95_SemiMinor": 0.03189999982714653, "Conf_95_PosAng": -16.559999465942383, "ROI_num": 188, "Signif_Avg": 11.659533500671387, "Pivot_Energy": 4413.845703125, "Flux_Density": 4.716039231768103e-14, "Unc_Flux_Density": 6.1983126693320595e-15, "Flux1000": 8.832991005292001e-10, "Unc_Flux1000": 1.2294239237764515e-10, "Energy_Flux100": 1.0039461449673492e-11, "Unc_Energy_Flux100": 1.3231372377950357e-12, "Signif_Curve": 0.42314714193344116, "SpectrumType": "PowerLaw        ", "Spectral_Index": 1.9419375658035278, "Unc_Spectral_Index": 0.09477420151233673, "beta": null, "Unc_beta": null, "Cutoff": null, "Unc_Cutoff": null, "Exp_Index": null, "Unc_Exp_Index": null, "PowerLaw_Index": 1.9419375658035278, "Flux30_100": null, "Unc_Flux30_100": null, "nuFnu30_100": null, "Sqrt_TS30_100": null, "Flux100_300": 8.314004595888491e-09, "Unc_Flux100_300": [-3.845712193140116e-09, 3.883281252115012e-09], "nuFnu100_300": 2.009327816979156e-12, "Sqrt_TS100_300": 2.1700549125671387, "Flux300_1000": 2.45636488926948e-09, "Unc_Flux300_1000": [-7.217519359947744e-10, 7.378421207349106e-10], "nuFnu300_1000": 1.6980661668442032e-12, "Sqrt_TS300_1000": 3.4861514568328857, "Flux1000_3000": 6.12110417907985e-10, "Unc_Flux1000_3000": [-1.4591325370183483e-10, 1.538999899741711e-10], "nuFnu1000_3000": 1.4793478941843574e-12, "Sqrt_TS1000_3000": 4.699678897857666, "Flux3000_10000": 1.5197233749209005e-10, "Unc_Flux3000_10000": [-4.0308770210550904e-11, 4.499944167291048e-11], "nuFnu3000_10000": 1.0505730400206525e-12, "Sqrt_TS3000_10000": 5.344118118286133, "Flux10000_100000": 1.123287435289555e-10, "Unc_Flux10000_100000": [-2.477416015389533e-11, 2.860404968441088e-11], "nuFnu10000_100000": 2.047520573228434e-12, "Sqrt_TS10000_100000": 9.313850402832031, "Variability_Index": 45.73030471801758, "Signif_Peak": null, "Flux_Peak": null, "Unc_Flux_Peak": null, "Time_Peak": null, "Peak_Interval": null, "Flux_History": [8.665946182873085e-09, 0.0, 1.5961965971200698e-08, 2.1109924475126718e-08, 1.6112171152826704e-08, 1.1970375801695354e-08, 0.0, 1.1033274738281307e-08, 0.0, 0.0, 8.98234731039338e-09, 1.1626336338110832e-08, 1.7575974453620802e-08, 1.3741941806699742e-08, 1.5165804612138345e-08, 5.083525156379665e-09, 1.67544911278128e-08, 0.0, 5.279944481628718e-09, 0.0, 7.513873079290079e-09, 2.127936404860975e-08, 5.956655169114811e-09, 0.0, 8.868311418552821e-09, 8.95160212621704e-09, 1.4344909260444183e-08, 0.0, 1.179701558662316e-09, 1.3271035825823674e-08, 1.5247442419763502e-08, 0.0, 1.909590041648812e-09, 6.0128710899221005e-09, 9.032000036768295e-09, 6.409438757515318e-09, 4.269871123341318e-09, 1.166750962511287e-08, 0.0, 2.9223841124803585e-09, 1.2349104849818104e-08, 8.035195619982005e-09, 5.101274513918952e-09, 5.966986016403553e-09, 0.0, 1.340367727920011e-08, 1.1857894222089271e-08, 7.274805757795377e-10], "Unc_Flux_History": [[null, 1.3631782813661175e-08], [null, 9.555632729529862e-09], [-8.988014776889486e-09, 1.1235715469126717e-08], [-9.160664227181314e-09, 1.0752153833948341e-08], [-8.612182078593378e-09, 1.049907005779005e-08], [-6.535825658460226e-09, 8.888385139016464e-09], [null, 7.3865504823800165e-09], [null, 1.243104286174912e-08], [null, 1.1598700666581863e-08], [null, 8.430868447817375e-09], [-6.617913328454961e-09, 8.949776919564556e-09], [-7.349298059011744e-09, 9.081628782325879e-09], [-6.926142326335594e-09, 8.736059875502633e-09], [-7.244677746598427e-09, 8.904260440090184e-09], [-7.190429585079983e-09, 8.948813245979181e-09], [null, 9.489437680088031e-09], [-8.271857865338461e-09, 9.477276741165497e-09], [null, 1.1032596169968656e-08], [-4.210394255466099e-09, 6.035030253315199e-09], [null, 4.891282490149251e-09], [-7.12045000739181e-09, 8.456018107949603e-09], [-8.126074924064142e-09, 9.541090584264111e-09], [-4.317280311028071e-09, 6.166724020317815e-09], [null, 6.2147971213732944e-09], [-7.616876018801122e-09, 9.589276928068102e-09], [-7.507083843449891e-09, 8.908616067060393e-09], [-6.781593953064657e-09, 8.396335182681014e-09], [null, 7.009847813321812e-09], [null, 7.358209153096595e-09], [-6.4949099431999e-09, 8.158849595929496e-09], [-6.307173006092626e-09, 7.869217277800544e-09], [null, 9.500836561926462e-09], [null, 8.42845171433737e-09], [-4.557025867768516e-09, 7.087135767136488e-09], [-4.337912695717705e-09, 5.820643078635612e-09], [-6.340347802336055e-09, 7.998271378539812e-09], [-2.9754887442834388e-09, 5.2254800486650765e-09], [-8.200108148059826e-09, 9.758235997026077e-09], [null, 6.6976939550045245e-09], [-2.735037973877752e-09, 4.930523544999232e-09], [-7.319270078909312e-09, 8.947878882281657e-09], [-6.603539937088954e-09, 8.326641598443985e-09], [null, 7.9651920614765e-09], [-3.924577551828179e-09, 6.009977848719927e-09], [null, 8.731286804675165e-09], [-8.340914625648566e-09, 1.0237019232306466e-08], [-6.551731601689426e-09, 7.977480898091471e-09], [null, 7.311016236855039e-09]], "Extended_Source_Name": "                  ", "0FGL_Name": "                 ", "1FGL_Name": "1FGL J0334.3+6536 ", "2FGL_Name": "2FGL J0334.3+6538 ", "1FHL_Name": "1FHL J0334.0+6539 ", "ASSOC_GAM1": "               ", "ASSOC_GAM2": "              ", "ASSOC_GAM3": "               ", "TEVCAT_FLAG": "N", "ASSOC_TEV": "                     ", "CLASS1": "bll  ", "ASSOC1": "TXS 0329+654              ", "ASSOC2": "                          ", "Flags": 0, "source_id": 410}