{"Source_Name": "3FGL J1843.0-0359c", "RAJ2000": 280.7615966796875, "DEJ2000": -3.9892001152038574, "GLON": 28.42618179321289, "GLAT": 0.04435489699244499, "Conf_68_SemiMajor": 0.0738222599029541, "Conf_68_SemiMinor": 0.048844803124666214, "Conf_68_PosAng": 6.75, "Conf_95_SemiMajor": 0.11969999969005585, "Conf_95_SemiMinor": 0.07919999957084656, "Conf_95_PosAng": 6.75, "ROI_num": 30, "Signif_Avg": 6.894928932189941, "Pivot_Energy": 2508.8759765625, "Flux_Density": 8.593893825736831e-13, "Unc_Flux_Density": 1.2823082710684136e-13, "Flux1000": 4.971627109995325e-09, "Unc_Flux1000": 7.427672921167527e-10, "Energy_Flux100": 3.05528831401336e-11, "Unc_Energy_Flux100": 6.323518098039216e-12, "Signif_Curve": 4.420264720916748, "SpectrumType": "LogParabola     ", "Spectral_Index": 2.5438976287841797, "Unc_Spectral_Index": 0.19613692164421082, "beta": 0.3658393919467926, "Unc_beta": 0.10988516360521317, "Cutoff": null, "Unc_Cutoff": null, "Exp_Index": null, "Unc_Exp_Index": null, "PowerLaw_Index": 2.279768466949463, "Flux30_100": null, "Unc_Flux30_100": null, "nuFnu30_100": null, "Sqrt_TS30_100": null, "Flux100_300": 3.805723736149957e-09, "Unc_Flux100_300": [null, 2.406055443771038e-08], "nuFnu100_300": 1.0515371125924267e-12, "Sqrt_TS100_300": 0.0, "Flux300_1000": 9.633871478342826e-09, "Unc_Flux300_1000": [-4.603529113467175e-09, 4.709302725558473e-09], "nuFnu300_1000": 7.080050521551806e-12, "Sqrt_TS300_1000": 2.0752789974212646, "Flux1000_3000": 3.541491322422985e-09, "Unc_Flux1000_3000": [-8.018543606880257e-10, 8.197500456219586e-10], "nuFnu1000_3000": 8.286283985359244e-12, "Sqrt_TS1000_3000": 4.560234546661377, "Flux3000_10000": 7.832864357126823e-10, "Unc_Flux3000_10000": [-1.8694376602290674e-10, 1.9352283664453296e-10], "nuFnu3000_10000": 4.754004915424881e-12, "Sqrt_TS3000_10000": 4.7166948318481445, "Flux10000_100000": 8.011468008092826e-15, "Unc_Flux10000_100000": [null, 3.390680097803411e-11], "nuFnu10000_100000": 7.867792585513657e-17, "Sqrt_TS10000_100000": 0.0, "Variability_Index": 55.274227142333984, "Signif_Peak": null, "Flux_Peak": null, "Unc_Flux_Peak": null, "Time_Peak": null, "Peak_Interval": null, "Flux_History": [5.344011455576947e-08, 3.1313948767319744e-08, 6.872016911074752e-08, 2.6389544771632245e-08, 4.51130723888582e-08, 3.149171945437956e-08, 1.1777682829006153e-08, 2.5814980375571395e-08, 5.545222236946756e-08, 4.362915717592841e-08, 4.007197418331998e-08, 4.904815398276696e-08, 2.2973271285309238e-08, 4.0036269410848035e-08, 4.095801031667179e-08, 2.5820073190629955e-08, 6.703976396238431e-08, 0.0, 1.2766050438983712e-08, 2.4134672926834355e-08, 2.493586492846589e-08, 5.168385541765019e-08, 0.0, 4.035968359517028e-08, 1.963323903453329e-08, 6.398557417242046e-08, 1.171895824825242e-08, 4.8984965417275816e-08, 6.953372633233812e-08, 3.430005435234307e-08, 0.0, 7.478735852828322e-09, 1.2346322186829184e-08, 6.477784531000452e-09, 6.759922399623974e-08, 5.55034631588569e-08, 5.539386194186591e-08, 1.1272323519051497e-07, 7.99810493390396e-08, 2.6125224650286327e-08, 9.645404475122632e-08, 3.218307753627414e-08, 3.456534258816646e-08, 6.216955483751008e-08, 2.0660181121456844e-08, 2.2938339228062432e-08, 6.304946964519331e-08, 0.0], "Unc_Flux_History": [[-2.399918663797962e-08, 2.540693877506328e-08], [-2.0847341630769733e-08, 2.3585643660339883e-08], [-2.130824228174788e-08, 2.2208354266695096e-08], [-2.403886867341498e-08, 2.801507115179902e-08], [-2.3536570026294612e-08, 2.4408116416907433e-08], [-2.122889952715923e-08, 2.4834402978513026e-08], [null, 2.455067438233982e-08], [-2.057003101185728e-08, 2.414295430241964e-08], [-2.4764505113239466e-08, 2.6553957255259775e-08], [-2.1105936554022264e-08, 2.3240490421017057e-08], [-2.0575923187493572e-08, 2.3874827448366887e-08], [-2.2735804350304534e-08, 2.4601868986451336e-08], [null, 2.3540049909342997e-08], [-2.797307097068824e-08, 3.017259686544094e-08], [-2.492798856223999e-08, 2.7169434702045692e-08], [null, 3.149187577378143e-08], [-2.992607406326897e-08, 3.154088545898048e-08], [null, 2.4380382157573877e-08], [null, 2.7970667559884532e-08], [null, 2.8078551039811828e-08], [null, 2.9168162996029423e-08], [-2.2308913827373544e-08, 2.4883977545187008e-08], [null, 2.628393680481622e-08], [-2.7979929484445165e-08, 3.0224313718463236e-08], [null, 2.6483178316993872e-08], [-2.5703075223759697e-08, 2.7709781136309175e-08], [null, 2.445263724837332e-08], [-2.631003326314385e-08, 2.886674188573579e-08], [-2.5038824347234367e-08, 2.6687764886901277e-08], [-2.6709413347703048e-08, 2.9945876889314604e-08], [null, 1.990895448500396e-08], [null, 2.762153528124145e-08], [null, 2.3585602804132577e-08], [null, 2.6166807387539848e-08], [-3.108666390971848e-08, 3.3264011989331266e-08], [-2.585547775879604e-08, 2.9024221248619142e-08], [-2.9578576032918136e-08, 3.270876902661257e-08], [-3.2452092568746593e-08, 3.450965380125126e-08], [-3.2183599785184924e-08, 3.501464007626964e-08], [-2.6125224650286327e-08, 2.9501919129870657e-08], [-2.9477995155957615e-08, 3.1807207534484405e-08], [-2.2300966406874068e-08, 2.656267561462755e-08], [-2.3923586667251584e-08, 2.7043467909493302e-08], [-2.944243782110334e-08, 3.2189372944912975e-08], [null, 2.194997783533381e-08], [-1.9477464974215764e-08, 2.3020495731884694e-08], [-2.7810097336100625e-08, 2.9648900223833152e-08], [null, 3.1647239495669055e-08]], "Extended_Source_Name": "                  ", "0FGL_Name": "                 ", "1FGL_Name": "1FGL J1842.9-0359c", "2FGL_Name": "2FGL J1842.8-0359c", "1FHL_Name": "                  ", "ASSOC_GAM1": "               ", "ASSOC_GAM2": "              ", "ASSOC_GAM3": "               ", "TEVCAT_FLAG": "N", "ASSOC_TEV": "                     ", "CLASS1": "     ", "ASSOC1": "                          ", "ASSOC2": "                          ", "Flags": 49, "source_id": 2411}