{"Source_Name": "3FGL J1159.6-0723 ", "RAJ2000": 179.90609741210938, "DEJ2000": -7.392399787902832, "GLON": 281.1120300292969, "GLAT": 53.27003479003906, "Conf_68_SemiMajor": 0.043725963681936264, "Conf_68_SemiMinor": 0.04162909463047981, "Conf_68_PosAng": -62.81999969482422, "Conf_95_SemiMajor": 0.07090000063180923, "Conf_95_SemiMinor": 0.06750000268220901, "Conf_95_PosAng": -62.81999969482422, "ROI_num": 564, "Signif_Avg": 8.35489273071289, "Pivot_Energy": 2149.0634765625, "Flux_Density": 1.2162300788882974e-13, "Unc_Flux_Density": 1.9833720305223804e-14, "Flux1000": 5.476470943399647e-10, "Unc_Flux1000": 8.963370323744613e-11, "Energy_Flux100": 6.100534574032812e-12, "Unc_Energy_Flux100": 9.95010497606419e-13, "Signif_Curve": 0.0, "SpectrumType": "PowerLaw        ", "Spectral_Index": 2.1038999557495117, "Unc_Spectral_Index": 0.12804509699344635, "beta": null, "Unc_beta": null, "Cutoff": null, "Unc_Cutoff": null, "Exp_Index": null, "Unc_Exp_Index": null, "PowerLaw_Index": 2.1038999557495117, "Flux30_100": null, "Unc_Flux30_100": null, "nuFnu30_100": null, "Sqrt_TS30_100": null, "Flux100_300": 6.047681910814617e-09, "Unc_Flux100_300": [-4.575048784261071e-09, 4.60301041727007e-09], "nuFnu100_300": 1.4384743396433919e-12, "Sqrt_TS100_300": 1.3278872966766357, "Flux300_1000": 1.0780706327651046e-09, "Unc_Flux300_1000": [-4.86653217723898e-10, 5.101642996940825e-10], "nuFnu300_1000": 7.311791146505375e-13, "Sqrt_TS300_1000": 2.2688496112823486, "Flux1000_3000": 4.820944754513334e-10, "Unc_Flux1000_3000": [-1.0974809949715336e-10, 1.16601395205862e-10], "nuFnu1000_3000": 1.1466881047125788e-12, "Sqrt_TS1000_3000": 5.567012786865234, "Flux3000_10000": 7.94987062291419e-11, "Unc_Flux3000_10000": [-2.93783816718296e-11, 3.60554502920607e-11], "nuFnu3000_10000": 5.391834981965937e-13, "Sqrt_TS3000_10000": 3.8952112197875977, "Flux10000_100000": 7.028016363319622e-11, "Unc_Flux10000_100000": [-2.3550241617931178e-11, 2.961427977843378e-11], "nuFnu10000_100000": 1.1997651136463894e-12, "Sqrt_TS10000_100000": 5.728339195251465, "Variability_Index": 45.0985221862793, "Signif_Peak": null, "Flux_Peak": null, "Unc_Flux_Peak": null, "Time_Peak": null, "Peak_Interval": null, "Flux_History": [2.022142808755234e-08, 0.0, 1.003332084081876e-08, 0.0, 0.0, 0.0, 0.0, 0.0, 1.5668668140733644e-08, 0.0, 1.8914503296940666e-09, 2.0356198504600798e-08, 0.0, 0.0, 4.661361963087529e-09, 1.2236131219367508e-08, 1.2707744190265657e-08, 1.6557601512090514e-08, 2.3010885641383538e-08, 2.3574298069206634e-08, 3.0243060833434754e-10, 1.478620070827219e-08, 0.0, 5.056532081937348e-09, 5.882678344448777e-09, 2.9471773910216825e-09, 0.0, 1.684938055745988e-08, 1.1540266520171372e-08, 6.888868586685248e-09, 1.19830376732466e-08, 0.0, 0.0, 9.07052122300911e-09, 5.0644248794640134e-09, 1.3473188786861101e-08, 1.180588693472373e-08, 1.2357088685632789e-08, 9.59721901949706e-09, 1.3220438965788617e-08, 0.0, 1.1996713844553142e-08, 0.0, 1.564424856326241e-08, 8.199983803081068e-09, 7.208685204318499e-09, 1.2472231247784293e-08, 0.0], "Unc_Flux_History": [[-1.0048015752772699e-08, 1.1645886921485271e-08], [null, 9.282156376855255e-09], [-6.768741123153177e-09, 8.895607805925465e-09], [null, 7.925509137862718e-09], [null, 9.370533682329096e-09], [null, 9.277574264388022e-09], [null, 7.373433419388675e-09], [null, 1.1552047318730274e-08], [-7.930910150832915e-09, 9.500810804752291e-09], [null, 6.773077210198153e-09], [null, 6.602999924609776e-09], [-8.785636218533455e-09, 1.013209782740887e-08], [null, 6.959228304737053e-09], [null, 1.043938624434304e-08], [null, 1.3630326201052867e-08], [-9.858447391764003e-09, 1.2712324526376051e-08], [-7.150716019310721e-09, 9.348084084592756e-09], [-9.800889877453756e-09, 1.3171635337982934e-08], [-1.0744185097166792e-08, 1.211945832579886e-08], [-1.0536276739969708e-08, 1.33493855969391e-08], [null, 1.0858801857693834e-08], [-8.077095436931359e-09, 9.869997263933783e-09], [null, 7.292914716572341e-09], [null, 1.0754326318362928e-08], [-4.303224443447107e-09, 6.996029089378908e-09], [null, 1.070610355924373e-08], [null, 9.81414416401094e-09], [-8.182499122710851e-09, 1.000450122745633e-08], [-8.59727933288923e-09, 1.1278964429095595e-08], [-6.768308580262783e-09, 8.560760988984839e-09], [-1.0331797639651086e-08, 1.252688530684054e-08], [null, 1.1878164229983668e-08], [null, 9.310432425024828e-09], [-8.905677972848025e-09, 1.110263170289727e-08], [-3.725725061798357e-09, 5.389982238312996e-09], [-7.30701588125271e-09, 9.99271243529165e-09], [-6.56522392006309e-09, 8.281797470033325e-09], [-6.699428123368989e-09, 9.337902007189314e-09], [-5.837879069048313e-09, 8.400156126242564e-09], [-6.581344802469857e-09, 8.142440499625536e-09], [null, 8.681043439651148e-09], [-7.634005427803459e-09, 9.631352604344556e-09], [null, 9.130416422920007e-09], [-9.213702689692127e-09, 1.152789241842811e-08], [-6.530903373658248e-09, 8.853813682208056e-09], [null, 1.091393286856146e-08], [-9.385879629064675e-09, 1.1289469803443808e-08], [null, 1.2637475066412662e-08]], "Extended_Source_Name": "                  ", "0FGL_Name": "                 ", "1FGL_Name": "                  ", "2FGL_Name": "                  ", "1FHL_Name": "                  ", "ASSOC_GAM1": "               ", "ASSOC_GAM2": "              ", "ASSOC_GAM3": "               ", "TEVCAT_FLAG": "N", "ASSOC_TEV": "                     ", "CLASS1": "bcu  ", "ASSOC1": "PMN J1159-0723            ", "ASSOC2": "                          ", "Flags": 0, "source_id": 1417}