{"Source_Name": "3FGL J1514.0-5915e", "RAJ2000": 228.5070037841797, "DEJ2000": -59.25600051879883, "GLON": 320.26995849609375, "GLAT": -1.2714745998382568, "Conf_68_SemiMajor": null, "Conf_68_SemiMinor": null, "Conf_68_PosAng": null, "Conf_95_SemiMajor": null, "Conf_95_SemiMinor": null, "Conf_95_PosAng": null, "ROI_num": 15, "Signif_Avg": null, "Pivot_Energy": 1000.0, "Flux_Density": 1.7884677029275653e-12, "Unc_Flux_Density": null, "Flux1000": 2.9047162453110786e-09, "Unc_Flux1000": null, "Energy_Flux100": 4.562919833639434e-11, "Unc_Energy_Flux100": null, "Signif_Curve": 0.0, "SpectrumType": "PowerLaw        ", "Spectral_Index": 1.5713396072387695, "Unc_Spectral_Index": null, "beta": null, "Unc_beta": null, "Cutoff": null, "Unc_Cutoff": null, "Exp_Index": null, "Unc_Exp_Index": null, "PowerLaw_Index": 1.5713396072387695, "Flux30_100": null, "Unc_Flux30_100": null, "nuFnu30_100": null, "Sqrt_TS30_100": null, "Flux100_300": 5.4377102820524215e-09, "Unc_Flux100_300": [null, null], "nuFnu100_300": 1.3636214553358617e-12, "Sqrt_TS100_300": null, "Flux300_1000": 3.097002654328662e-09, "Unc_Flux300_1000": [null, null], "nuFnu300_1000": 2.237832532128725e-12, "Sqrt_TS300_1000": null, "Flux1000_3000": 1.4590710861739353e-09, "Unc_Flux1000_3000": [null, null], "nuFnu1000_3000": 3.658930797234561e-12, "Sqrt_TS1000_3000": 0.0, "Flux3000_10000": 8.31001767398476e-10, "Unc_Flux3000_10000": [null, null], "nuFnu3000_10000": 6.004653371749491e-12, "Sqrt_TS3000_10000": null, "Flux10000_100000": 4.899993188978158e-10, "Unc_Flux10000_100000": [-8.400441453559893e-11, 8.66435603819049e-11], "nuFnu10000_100000": 1.0453203407034817e-11, "Sqrt_TS10000_100000": 8.388422966003418, "Variability_Index": 0.0, "Signif_Peak": null, "Flux_Peak": null, "Unc_Flux_Peak": null, "Time_Peak": null, "Peak_Interval": null, "Flux_History": [0.0, 0.0, 0.0, 0.0, 0.0, 0.0, 0.0, 0.0, 0.0, 0.0, 0.0, 0.0, 0.0, 0.0, 0.0, 0.0, 0.0, 0.0, 0.0, 0.0, 0.0, 0.0, 0.0, 0.0, 0.0, 0.0, 0.0, 0.0, 0.0, 0.0, 0.0, 0.0, 0.0, 0.0, 0.0, 0.0, 0.0, 0.0, 0.0, 0.0, 0.0, 0.0, 0.0, 0.0, 0.0, 0.0, 0.0, 0.0], "Unc_Flux_History": [[null, null], [null, null], [null, null], [null, null], [null, null], [null, null], [null, null], [null, null], [null, null], [null, null], [null, null], [null, null], [null, null], [null, null], [null, null], [null, null], [null, null], [null, null], [null, null], [null, null], [null, null], [null, null], [null, null], [null, null], [null, null], [null, null], [null, null], [null, null], [null, null], [null, null], [null, null], [null, null], [null, null], [null, null], [null, null], [null, null], [null, null], [null, null], [null, null], [null, null], [null, null], [null, null], [null, null], [null, null], [null, null], [null, null], [null, null], [null, null]], "Extended_Source_Name": "MSH 15-52         ", "0FGL_Name": "                 ", "1FGL_Name": "1FGL J1514.7-5917 ", "2FGL_Name": "2FGL J1514.0-5915e", "1FHL_Name": "1FHL J1514.0-5915e", "ASSOC_GAM1": "               ", "ASSOC_GAM2": "              ", "ASSOC_GAM3": "               ", "TEVCAT_FLAG": "E", "ASSOC_TEV": "MSH 15-52            ", "CLASS1": "PWN  ", "ASSOC1": "MSH 15-52                 ", "ASSOC2": "                          ", "Flags": 0, "catalog_row_index": 1847}