{"Source_Name": "3FGL J1539.8-1128 ", "RAJ2000": 234.95790100097656, "DEJ2000": -11.478799819946289, "GLON": 355.1834716796875, "GLAT": 33.8079719543457, "Conf_68_SemiMajor": 0.06204276531934738, "Conf_68_SemiMinor": 0.05020160228013992, "Conf_68_PosAng": 54.7400016784668, "Conf_95_SemiMajor": 0.1005999967455864, "Conf_95_SemiMinor": 0.08139999955892563, "Conf_95_PosAng": 54.7400016784668, "ROI_num": 315, "Signif_Avg": 5.796383857727051, "Pivot_Energy": 3051.261962890625, "Flux_Density": 5.1654342559997665e-14, "Unc_Flux_Density": 1.1242668308906328e-14, "Flux1000": 4.841174683356542e-10, "Unc_Flux1000": 1.0674855444037235e-10, "Energy_Flux100": 5.382102315903969e-12, "Unc_Energy_Flux100": 1.1989225801381509e-12, "Signif_Curve": 0.9198493957519531, "SpectrumType": "PowerLaw        ", "Spectral_Index": 2.084876298904419, "Unc_Spectral_Index": 0.15820658206939697, "beta": null, "Unc_beta": null, "Cutoff": null, "Unc_Cutoff": null, "Exp_Index": null, "Unc_Exp_Index": null, "PowerLaw_Index": 2.084876298904419, "Flux30_100": null, "Unc_Flux30_100": null, "nuFnu30_100": null, "Sqrt_TS30_100": null, "Flux100_300": 1.4832309602752503e-08, "Unc_Flux100_300": [-5.410205616840358e-09, 5.760522725495321e-09], "nuFnu100_300": 3.5345318252083535e-12, "Sqrt_TS100_300": 2.7431836128234863, "Flux300_1000": 1.3167392731716632e-09, "Unc_Flux300_1000": [-6.880174763246316e-10, 7.11462277980246e-10], "nuFnu300_1000": 8.950435336461948e-13, "Sqrt_TS300_1000": 1.9492782354354858, "Flux1000_3000": 3.0283892060722906e-10, "Unc_Flux1000_3000": [-1.1864670357297769e-10, 1.2936661464291177e-10], "nuFnu1000_3000": 7.216636142837185e-13, "Sqrt_TS1000_3000": 2.79606032371521, "Flux3000_10000": 1.1104149544305386e-10, "Unc_Flux3000_10000": [-3.8789461226373945e-11, 4.5114547514435444e-11], "nuFnu3000_10000": 7.54796182153572e-13, "Sqrt_TS3000_10000": 3.7764875888824463, "Flux10000_100000": 2.326770894012231e-11, "Unc_Flux10000_100000": [-1.3186946326571025e-11, 1.9780886997833314e-11], "nuFnu10000_100000": 4.0022179364010424e-13, "Sqrt_TS10000_100000": 2.808842658996582, "Variability_Index": 40.89857482910156, "Signif_Peak": null, "Flux_Peak": null, "Unc_Flux_Peak": null, "Time_Peak": null, "Peak_Interval": null, "Flux_History": [1.2131351034838644e-08, 1.1107714747993214e-09, 0.0, 6.333826352289407e-09, 1.2436158769446592e-08, 0.0, 0.0, 0.0, 2.3496211198903438e-08, 0.0, 0.0, 0.0, 6.2370224540586605e-09, 4.645308582240659e-10, 6.355918458211818e-09, 1.0297759978072918e-08, 2.3067903143214608e-09, 0.0, 1.578617592201681e-08, 0.0, 8.110630389523976e-09, 0.0, 0.0, 1.0995429011728675e-09, 5.573495887034596e-09, 1.1759072826578176e-08, 0.0, 0.0, 0.0, 1.7658816631183072e-08, 5.4707465224623775e-09, 2.987632541362473e-08, 5.882448306238075e-09, 0.0, 4.148692056560321e-09, 2.3021799577804813e-08, 1.4720701102532985e-08, 3.593775721455472e-09, 0.0, 2.3691676176440524e-08, 2.3627755751931545e-08, 0.0, 0.0, 9.560320535229039e-09, 6.917882711121592e-09, 0.0, 9.944105094916722e-09, 5.782888390370999e-09], "Unc_Flux_History": [[-8.27947221893055e-09, 1.0697775110202201e-08], [null, 1.1648868536440204e-08], [null, 1.0108459846946971e-08], [null, 1.0835719876922667e-08], [-6.51685816421832e-09, 8.290139241751149e-09], [null, 1.1230557817043518e-08], [null, 1.0574075837155306e-08], [null, 7.801090440295866e-09], [-1.055131804150733e-08, 1.2665866577776796e-08], [null, 8.512988536324428e-09], [null, 1.1507620634176874e-08], [null, 1.0327214639005433e-08], [null, 1.0521359783410844e-08], [null, 9.778227116896687e-09], [null, 1.1720548975802103e-08], [null, 1.4333054743076445e-08], [null, 1.2913410785131418e-08], [null, 1.241546154773232e-08], [-8.141169516306945e-09, 1.0626299840055253e-08], [null, 1.4704718331870481e-08], [null, 1.269648031154702e-08], [null, 8.62271765100786e-09], [null, 1.3856654490496112e-08], [null, 1.3641637153227748e-08], [null, 1.5386735441325072e-08], [-9.553784430238466e-09, 1.2263898341302593e-08], [null, 1.520767334284301e-08], [null, 1.2409789640344115e-08], [null, 9.003652934325146e-09], [-1.118064663074847e-08, 1.3962615952323176e-08], [-4.80414952264141e-09, 7.963077308659194e-09], [-1.2316486497354617e-08, 1.5560079447141106e-08], [null, 1.1809519584460304e-08], [null, 1.0814201090170172e-08], [null, 8.907330872887087e-09], [-1.1096222607420714e-08, 1.3754553052081064e-08], [-1.0240624348512029e-08, 1.263114501881546e-08], [null, 1.2275115146564985e-08], [null, 1.2804683535705408e-08], [-1.2616324873704343e-08, 1.4568728445851775e-08], [-1.2007126848345706e-08, 1.4792368219218588e-08], [null, 9.74469216430407e-09], [null, 1.284750350549757e-08], [-9.520455535039218e-09, 1.3774008600364596e-08], [null, 1.1988715797883742e-08], [null, 1.1760664442306279e-08], [-5.698376437379693e-09, 7.835847526393991e-09], [null, 1.6234370292522726e-08]], "Extended_Source_Name": "                  ", "0FGL_Name": "                 ", "1FGL_Name": "                  ", "2FGL_Name": "                  ", "1FHL_Name": "                  ", "ASSOC_GAM1": "               ", "ASSOC_GAM2": "              ", "ASSOC_GAM3": "               ", "TEVCAT_FLAG": "N", "ASSOC_TEV": "                     ", "CLASS1": "bcu  ", "ASSOC1": "PMN J1539-1128            ", "ASSOC2": "                          ", "Flags": 0, "catalog_row_index": 1894}