{"Source_Name": "3FHL J1118.0+5355 ", "RAJ2000": 169.5177001953125, "DEJ2000": 53.92821502685547, "GLON": 149.1923370361328, "GLAT": 58.178924560546875, "Conf_95_SemiMajor": 0.024750305339694023, "Conf_95_SemiMinor": 0.024750305339694023, "Conf_95_PosAng": null, "ROI_num": 245, "Signif_Avg": 12.153975486755371, "Pivot_Energy": 20.530494689941406, "Flux_Density": 2.045718629217763e-12, "Unc_Flux_Density": 3.96632542348091e-13, "Flux": 8.212003299590265e-11, "Unc_Flux": 1.5935305158754076e-11, "Energy_Flux": 3.713987450915113e-12, "Unc_Energy_Flux": 1.1242009927137087e-12, "Signif_Curve": 1.3229714632034302, "SpectrumType": "PowerLaw   ", "Spectral_Index": 2.0821518898010254, "Unc_Spectral_Index": 0.45335862040519714, "beta": 0.4249768555164337, "Unc_beta": 0.4036463797092438, "PowerLaw_Index": 2.448396682739258, "Unc_PowerLaw_Index": 0.2760988473892212, "Flux_Band": [4.8643998551423095e-11, 2.7768251240067876e-11, 5.680274826891374e-12, 6.166710565728897e-19, 4.186248544389578e-22], "Unc_Flux_Band": [[-1.1677760321238129e-11, 1.3499335330124929e-11], [-8.026789302673087e-12, 9.963778066501838e-12], [-3.1248972593572732e-12, 4.992116962865278e-12], [null, 4.060124632332407e-12], [null, 4.4477433888689966e-12]], "nuFnu": [1.5312159092756294e-12, 1.4381526568588154e-12, 6.534367231331162e-13, 2.0099445861984931e-19, 4.17770637985461e-22], "Sqrt_TS_Band": [8.279366493225098, 8.508536338806152, 4.787503242492676, 0.0, 0.0], "Npred": 30.38380241394043, "HEP_Energy": 93.94650268554688, "HEP_Prob": 0.9986491799354553, "Variability_BayesBlocks": 1, "Extended_Source_Name": "                  ", "ASSOC_GAM": "3FGL J1117.9+5355 ", "TEVCAT_FLAG": "N", "ASSOC_TEV": "                     ", "CLASS": "bll    ", "ASSOC1": "NVSS J111757+535553       ", "ASSOC2": "                          ", "ASSOC_PROB_BAY": 0.9995407462120056, "ASSOC_PROB_LR": 0.9020821452140808, "Redshift": null, "NuPeak_obs": 3548135565557760.0, "source_id": 708}