{"Source_Name": "3FGL J1749.6-3133 ", "RAJ2000": 267.4220886230469, "DEJ2000": -31.552400588989258, "GLON": 358.2150573730469, "GLAT": -2.1050591468811035, "Conf_68_SemiMajor": 0.07746094465255737, "Conf_68_SemiMinor": 0.07289716601371765, "Conf_68_PosAng": 14.949999809265137, "Conf_95_SemiMajor": 0.12559999525547028, "Conf_95_SemiMinor": 0.11819999665021896, "Conf_95_PosAng": 14.949999809265137, "ROI_num": 102, "Signif_Avg": 7.254144191741943, "Pivot_Energy": 1065.775146484375, "Flux_Density": 3.883363682705143e-12, "Unc_Flux_Density": 5.494813588510783e-13, "Flux1000": 2.2971053947884457e-09, "Unc_Flux1000": 3.7242858796915357e-10, "Energy_Flux100": 1.878364477847505e-11, "Unc_Energy_Flux100": 3.232933669036764e-12, "Signif_Curve": 5.168816089630127, "SpectrumType": "LogParabola     ", "Spectral_Index": 2.5791304111480713, "Unc_Spectral_Index": 0.22017483413219452, "beta": 0.5689216256141663, "Unc_beta": 0.1612379550933838, "Cutoff": null, "Unc_Cutoff": null, "Exp_Index": null, "Unc_Exp_Index": null, "PowerLaw_Index": 2.4798214435577393, "Flux30_100": null, "Unc_Flux30_100": null, "nuFnu30_100": null, "Sqrt_TS30_100": null, "Flux100_300": 2.6829495070046505e-08, "Unc_Flux100_300": [-1.0823403506776685e-08, 1.1123250764910608e-08], "nuFnu100_300": 7.467040007147485e-12, "Sqrt_TS100_300": 2.4748945236206055, "Flux300_1000": 8.983355392899739e-09, "Unc_Flux300_1000": [-2.0599373318219705e-09, 2.0896087082888926e-09], "nuFnu300_1000": 6.29952557132385e-12, "Sqrt_TS300_1000": 4.459184646606445, "Flux1000_3000": 1.4830505712382092e-09, "Unc_Flux1000_3000": [-4.0688910574182557e-10, 4.174673384760297e-10], "nuFnu1000_3000": 3.2068076492863806e-12, "Sqrt_TS1000_3000": 3.804471969604492, "Flux3000_10000": 2.546132193970152e-10, "Unc_Flux3000_10000": [-9.591158423027935e-11, 9.941369949473255e-11], "nuFnu3000_10000": 1.3786325596745752e-12, "Sqrt_TS3000_10000": 2.987652063369751, "Flux10000_100000": 3.48578219409965e-15, "Unc_Flux10000_100000": [null, 1.8521130809578956e-11], "nuFnu10000_100000": 3.229667475581438e-17, "Sqrt_TS10000_100000": 0.0, "Variability_Index": 70.85037994384766, "Signif_Peak": null, "Flux_Peak": null, "Unc_Flux_Peak": null, "Time_Peak": null, "Peak_Interval": null, "Flux_History": [4.9851955452595575e-08, 4.7370740219321306e-08, 9.453310134688309e-09, 5.33421058435124e-08, 0.0, 4.0256278310835114e-08, 2.3671953286452663e-08, 6.72423254854948e-08, 1.1729372140223404e-08, 3.5495546057973115e-08, 0.0, 0.0, 1.6343186359790707e-08, 2.7031054727899573e-08, 0.0, 3.893383393460681e-09, 1.8458241157759403e-08, 5.748249876091904e-08, 5.4703292562408024e-08, 7.38961460911014e-08, 4.435332456864671e-08, 1.621694067921453e-08, 1.8308123017618527e-08, 7.245305511105471e-08, 1.2504336233121194e-08, 1.6182712059276128e-08, 4.859473534679637e-08, 2.2393772169948534e-08, 3.2292682305978815e-08, 8.525267247705415e-08, 2.9298352188789067e-08, 5.130837088529461e-09, 2.8367255211492193e-08, 0.0, 3.756568389690074e-08, 3.9775308380285423e-08, 1.6764296617566288e-08, 0.0, 6.375898209398656e-08, 5.281341142193696e-09, 4.099671002677496e-08, 3.959645766826725e-08, 3.59651046721865e-08, 3.2415066186786134e-08, 2.088802197874884e-08, 3.522830738234006e-08, 1.0826289553733659e-07, 1.531503990293004e-08], "Unc_Flux_History": [[-2.1951812811948912e-08, 2.269843335511723e-08], [-2.1268235173010908e-08, 2.2903062557588783e-08], [null, 1.8239287413734928e-08], [-2.2319516901347924e-08, 2.3545808858216333e-08], [null, 1.9822579133688123e-08], [-2.2712104197353256e-08, 2.475169935678423e-08], [-2.171063862022038e-08, 2.347390370971425e-08], [-2.4089150230111045e-08, 2.5488347432656155e-08], [null, 1.9598383360630578e-08], [-2.054193259937165e-08, 2.2113706421578172e-08], [null, 1.6344936071277516e-08], [null, 1.4208686671679516e-08], [null, 2.0066263317630728e-08], [-1.9925133543097218e-08, 2.167088553051144e-08], [null, 2.0690190893901672e-08], [null, 2.424244271992393e-08], [-1.7004861518898906e-08, 1.8646167276870074e-08], [-2.849880154087714e-08, 3.101913748082552e-08], [-1.9942888229707023e-08, 2.1429775287629127e-08], [-2.5813710280431224e-08, 2.7382828449162844e-08], [-2.242091134974089e-08, 2.39555841829997e-08], [null, 1.979252672867915e-08], [null, 2.5095632238958387e-08], [-2.054586367705724e-08, 2.170717294802671e-08], [null, 2.537195875618181e-08], [null, 1.905067747998146e-08], [-2.3919412228678993e-08, 2.5862524566377942e-08], [-2.1509839243094575e-08, 2.320449077330977e-08], [-1.851013919917932e-08, 2.012117050753659e-08], [-2.6842329248211172e-08, 2.8422334708011476e-08], [-1.7752579850593975e-08, 1.932387228009702e-08], [null, 2.8363338344661315e-08], [-2.1421577400815295e-08, 2.278773791886124e-08], [null, 1.8024449488507344e-08], [-2.2372475427800964e-08, 2.4056886260837018e-08], [-2.0983838666666088e-08, 2.2601268412358877e-08], [null, 2.307032431758671e-08], [null, 1.5709249012729742e-08], [-2.9177551041925653e-08, 3.114664792747135e-08], [null, 1.8623271813567044e-08], [-2.4373722595782965e-08, 2.6249178830539677e-08], [-2.020762401855336e-08, 2.188405545666683e-08], [-1.9474434509447747e-08, 2.10713579917865e-08], [-2.3354024492050485e-08, 2.566216039667779e-08], [-1.7722275202913806e-08, 1.9240388837715727e-08], [-2.5120616697904552e-08, 2.799150067289702e-08], [-2.3333697640737228e-08, 2.4376360485689474e-08], [null, 2.726551784348885e-08]], "Extended_Source_Name": "                  ", "0FGL_Name": "                 ", "1FGL_Name": "                  ", "2FGL_Name": "2FGL J1749.7-3134c", "1FHL_Name": "                  ", "ASSOC_GAM1": "               ", "ASSOC_GAM2": "              ", "ASSOC_GAM3": "               ", "TEVCAT_FLAG": "N", "ASSOC_TEV": "                     ", "CLASS1": "     ", "ASSOC1": "                          ", "ASSOC2": "                          ", "Flags": 25, "catalog_row_index": 2247}