{"source_id": 117, "common_name": "SNR G15.4+0.1", "gamma_names": "HESS J1818-154", "fermi_names": "", "other_names": "", "where": "gal", "classes": "pwn,snr", "discoverer": "hess", "seen_by": "hess", "discovery_date": "2011-12", "tevcat_id": 233, "tevcat2_id": "SxYdrN", "tevcat_name": "TeV J1818-154", "tgevcat_id": 117, "tgevcat_name": "TeV J1818-1528", "reference_id": "2014A&A...562A..40H", "significance": 8.199999809265137, "livetime": 120.0, "ra": 274.5, "dec": -15.449999809265137, "glon": 15.4149169921875, "glat": 0.18568718433380127, "pos_ra": 274.5199890136719, "pos_dec": -15.466944694519043, "pos_glon": 15.40913200378418, "pos_glat": 0.16068251430988312, "pos_err": 0.012421047315001488, "morph_type": "point", "morph_sigma": null, "morph_sigma_err": null, "morph_sigma2": null, "morph_sigma2_err": null, "morph_pa": null, "morph_pa_err": null, "morph_pa_frame": "", "spec_type": "pl", "spec_pl_norm": 9.000000180878209e-14, "spec_pl_norm_err": 1.99999996490334e-14, "spec_pl_norm_err_sys": 1.99999996490334e-14, "spec_pl_index": 2.299999952316284, "spec_pl_index_err": 0.30000001192092896, "spec_pl_index_err_sys": 0.20000000298023224, "spec_pl_e_ref": 1.899999976158142, "spec_pl2_flux": null, "spec_pl2_flux_err": null, "spec_pl2_flux_err_sys": null, "spec_pl2_index": null, "spec_pl2_index_err": null, "spec_pl2_index_err_sys": null, "spec_pl2_e_min": null, "spec_pl2_e_max": null, "spec_ecpl_norm": null, "spec_ecpl_norm_err": null, "spec_ecpl_norm_err_sys": null, "spec_ecpl_index": null, "spec_ecpl_index_err": null, "spec_ecpl_index_err_sys": null, "spec_ecpl_e_cut": null, "spec_ecpl_e_cut_err": null, "spec_ecpl_e_cut_err_sys": null, "spec_ecpl_e_ref": null, "spec_erange_min": 0.41999998688697815, "spec_erange_max": 12.0, "spec_theta": null, "spec_dnde_1TeV": 3.93890757684201e-13, "spec_dnde_1TeV_err": 1.1582035786168732e-13, "spec_flux_1TeV": 3.0299287384627505e-13, "spec_flux_1TeV_err": 6.831999023590093e-14, "spec_flux_1TeV_crab": 1.4605984687805176, "spec_flux_1TeV_crab_err": 0.3293412923812866, "spec_eflux_1TeV_10TeV": 1.0493068003034067e-12, "spec_eflux_1TeV_10TeV_err": 2.6177576274190317e-13, "sed_reference_id": "2014A&A...562A..40H", "sed_n_points": 4, "sed_n_ul": 0, "sed_e_ref": [0.6190000176429749, 1.3339999914169312, 2.872999906539917, 7.1479997634887695, null, null, null, null, null, null, null, null, null, null, null, null, null, null, null, null, null, null, null, null, null, null, null, null, null, null, null, null, null, null, null, null, null, null, null, null], "sed_e_min": [0.42170000076293945, 0.9089999794960022, 1.9573999643325806, 4.2170000076293945, null, null, null, null, null, null, null, null, null, null, null, null, null, null, null, null, null, null, null, null, null, null, null, null, null, null, null, null, null, null, null, null, null, null, null, null], "sed_e_max": [0.9085999727249146, 1.957800030708313, 4.2170000076293945, 12.116000175476074, null, null, null, null, null, null, null, null, null, null, null, null, null, null, null, null, null, null, null, null, null, null, null, null, null, null, null, null, null, null, null, null, null, null, null, null], "sed_dnde": [7.006000055272132e-13, 2.1259999782776567e-13, 3.40000007586095e-14, 3.5000000656357872e-15, null, null, null, null, null, null, null, null, null, null, null, null, null, null, null, null, null, null, null, null, null, null, null, null, null, null, null, null, null, null, null, null, null, null, null, null], "sed_dnde_err": [null, null, null, null, null, null, null, null, null, null, null, null, null, null, null, null, null, null, null, null, null, null, null, null, null, null, null, null, null, null, null, null, null, null, null, null, null, null, null, null], "sed_dnde_errp": [3.136000031704611e-13, 6.327000013316153e-14, 1.2590000419423434e-14, 2.0689999464130332e-15, null, null, null, null, null, null, null, null, null, null, null, null, null, null, null, null, null, null, null, null, null, null, null, null, null, null, null, null, null, null, null, null, null, null, null, null], "sed_dnde_errn": [2.9640000306571657e-13, 5.99999989471002e-14, 1.168999996087848e-14, 1.8990000103826215e-15, null, null, null, null, null, null, null, null, null, null, null, null, null, null, null, null, null, null, null, null, null, null, null, null, null, null, null, null, null, null, null, null, null, null, null, null], "sed_dnde_ul": [null, null, null, null, null, null, null, null, null, null, null, null, null, null, null, null, null, null, null, null, null, null, null, null, null, null, null, null, null, null, null, null, null, null, null, null, null, null, null, null], "catalog_row_index": 122}