{"Source_Name": "3FGL J1732.5-5048 ", "RAJ2000": 263.1488037109375, "DEJ2000": -50.80110168457031, "GLON": 340.0256652832031, "GLAT": -9.419463157653809, "Conf_68_SemiMajor": 0.06432465463876724, "Conf_68_SemiMinor": 0.05408698320388794, "Conf_68_PosAng": -72.55999755859375, "Conf_95_SemiMajor": 0.10429999977350235, "Conf_95_SemiMinor": 0.0877000018954277, "Conf_95_PosAng": -72.55999755859375, "ROI_num": 153, "Signif_Avg": 6.711706161499023, "Pivot_Energy": 955.0825805664062, "Flux_Density": 1.0064827660541398e-12, "Unc_Flux_Density": 1.5573184560489783e-13, "Flux1000": 6.385332818048539e-10, "Unc_Flux1000": 1.1188383552962478e-10, "Energy_Flux100": 8.515097481287537e-12, "Unc_Energy_Flux100": 1.3377908806774808e-12, "Signif_Curve": 1.383146047592163, "SpectrumType": "PowerLaw        ", "Spectral_Index": 2.4093847274780273, "Unc_Spectral_Index": 0.11003358662128448, "beta": null, "Unc_beta": null, "Cutoff": null, "Unc_Cutoff": null, "Exp_Index": null, "Unc_Exp_Index": null, "PowerLaw_Index": 2.4093847274780273, "Flux30_100": null, "Unc_Flux30_100": null, "nuFnu30_100": null, "Sqrt_TS30_100": null, "Flux100_300": 1.494774082289041e-08, "Unc_Flux100_300": [-4.695730915216245e-09, 4.789816543393499e-09], "nuFnu100_300": 3.4518538201411264e-12, "Sqrt_TS100_300": 3.2052955627441406, "Flux300_1000": 2.1107322556446206e-09, "Unc_Flux300_1000": [-7.570390980760067e-10, 7.768903298455143e-10], "nuFnu300_1000": 1.3820054042129604e-12, "Sqrt_TS300_1000": 2.8520307540893555, "Flux1000_3000": 7.80583264692325e-10, "Unc_Flux1000_3000": [-1.5515740081628593e-10, 1.6375478750774164e-10], "nuFnu1000_3000": 1.8025862920378888e-12, "Sqrt_TS1000_3000": 5.922568321228027, "Flux3000_10000": 9.621806129622712e-11, "Unc_Flux3000_10000": [-3.8044681988091966e-11, 4.5935817649667143e-11], "nuFnu3000_10000": 6.299893332700757e-13, "Sqrt_TS3000_10000": 3.0599124431610107, "Flux10000_100000": 4.869011010349977e-12, "Unc_Flux10000_100000": [null, 1.6916417919232707e-11], "nuFnu10000_100000": 7.40670681254399e-14, "Sqrt_TS10000_100000": 0.7575581073760986, "Variability_Index": 56.56940460205078, "Signif_Peak": null, "Flux_Peak": null, "Unc_Flux_Peak": null, "Time_Peak": null, "Peak_Interval": null, "Flux_History": [2.0822016111310404e-08, 4.950468834863386e-08, 4.084420979211245e-08, 0.0, 8.960997277540628e-09, 1.3315761826504513e-08, 0.0, 3.378143986765281e-08, 7.108941435518545e-09, 2.881956229217053e-09, 0.0, 8.358369996130932e-09, 3.347532739894632e-08, 2.3368450285943254e-08, 0.0, 0.0, 1.3079458405229616e-08, 0.0, 3.0451371202389055e-08, 5.15887670360371e-08, 0.0, 9.990366756085223e-09, 5.806764846738588e-08, 2.2298840107737306e-08, 1.4233605405422622e-08, 1.6644948752642108e-09, 2.0746844242580664e-08, 4.913345463819496e-08, 6.483139358692824e-09, 2.4289219524575856e-08, 1.1563678015136247e-08, 0.0, 2.279668365190446e-08, 0.0, 1.4503952705524625e-08, 4.687613852638606e-09, 0.0, 1.595724619107841e-08, 0.0, 2.89674484399427e-09, 0.0, 0.0, 3.180316232587188e-09, 4.04083131400057e-08, 2.912523022757796e-08, 4.34579376928923e-08, 2.169662494111435e-08, 0.0], "Unc_Flux_History": [[-1.8714601424107968e-08, 2.17962288218132e-08], [-1.8751075359091374e-08, 2.0947615197997038e-08], [-1.728208154361255e-08, 1.9741865031619454e-08], [null, 1.9622316216327818e-08], [null, 1.5517963802835766e-08], [null, 1.776950853127346e-08], [null, 1.8488455211240762e-08], [-1.8170460691635526e-08, 2.1683694839680356e-08], [-6.4985612446832874e-09, 1.1396525501083943e-08], [null, 1.7244943251171208e-08], [null, 2.0166284642186838e-08], [null, 1.8996450634745088e-08], [-2.0592731075907977e-08, 2.2913679842417878e-08], [-1.49535157589753e-08, 1.8047318306457782e-08], [null, 1.446484265699155e-08], [null, 2.2769626184526714e-08], [null, 1.5594610047742208e-08], [null, 1.3652103447725494e-08], [-1.4944673054628765e-08, 1.6524046131394243e-08], [-1.919145198314709e-08, 2.111433161644527e-08], [null, 1.258209358923068e-08], [null, 1.8533141243892715e-08], [-2.027221945866131e-08, 2.2359914808589565e-08], [-1.5552000576235514e-08, 1.750122180510516e-08], [null, 2.3312374253237067e-08], [null, 1.6843051398041098e-08], [-1.9744948787092653e-08, 2.2454900161505975e-08], [-1.7132874674530285e-08, 1.8740074381184968e-08], [null, 1.5922283935765336e-08], [-1.683670625141076e-08, 2.029182688545461e-08], [null, 1.6276249681368427e-08], [null, 2.499933238198082e-08], [-1.7082049552641365e-08, 2.0573745374008467e-08], [null, 1.683025274701322e-08], [null, 1.8568629300830253e-08], [null, 1.809649496919974e-08], [null, 1.3506448404143612e-08], [null, 1.8555242675688532e-08], [null, 2.1530221161469854e-08], [null, 1.539449812071325e-08], [null, 1.118790127208058e-08], [null, 1.3164308754198828e-08], [null, 1.577640240668643e-08], [-2.0695365421374845e-08, 2.3469688414934353e-08], [-1.5858185875572417e-08, 1.7996566015199278e-08], [-2.1508155256810824e-08, 2.38542874342329e-08], [-1.3387112751672703e-08, 1.503374669198365e-08], [null, 2.240669694231201e-08]], "Extended_Source_Name": "                  ", "0FGL_Name": "                 ", "1FGL_Name": "                  ", "2FGL_Name": "                  ", "1FHL_Name": "                  ", "ASSOC_GAM1": "               ", "ASSOC_GAM2": "              ", "ASSOC_GAM3": "               ", "TEVCAT_FLAG": "N", "ASSOC_TEV": "                     ", "CLASS1": "PSR  ", "ASSOC1": "PSR J1732-5049            ", "ASSOC2": "                          ", "Flags": 0, "catalog_row_index": 2176}