{"Source_Name": "3FHL J0627.1-3528 ", "RAJ2000": 96.77698516845703, "DEJ2000": -35.480804443359375, "GLON": 243.4459228515625, "GLAT": -19.965784072875977, "Conf_95_SemiMajor": 0.025005653500556946, "Conf_95_SemiMinor": 0.025005653500556946, "Conf_95_PosAng": null, "ROI_num": 621, "Signif_Avg": 16.959779739379883, "Pivot_Energy": 25.849716186523438, "Flux_Density": 2.7274662563192553e-12, "Unc_Flux_Density": 3.9688798037992856e-13, "Flux": 1.8070404894654502e-10, "Unc_Flux": 2.6321955032271305e-11, "Energy_Flux": 1.2375695954136567e-11, "Unc_Energy_Flux": 3.069262942759221e-12, "Signif_Curve": 0.22982266545295715, "SpectrumType": "PowerLaw   ", "Spectral_Index": 2.032867908477783, "Unc_Spectral_Index": 0.25368669629096985, "beta": 0.02539181336760521, "Unc_beta": 0.12863653898239136, "PowerLaw_Index": 2.0639586448669434, "Unc_PowerLaw_Index": 0.1619604229927063, "Flux_Band": [8.122500588791937e-11, 7.46364359205387e-11, 1.7566056248474737e-11, 1.0695936458799351e-18, 7.57986902411023e-12], "Unc_Flux_Band": [[-1.6889604298464533e-11, 1.929239580589215e-11], [-1.522828391165021e-11, 1.7810555114072812e-11], [-7.231212590524949e-12, 9.57157963998867e-12], [null, 5.036259603796722e-12], [-4.176346334733294e-12, 6.702551708093196e-12]], "nuFnu": [2.595839342089956e-12, 3.968025994588453e-12, 2.0972936928820296e-12, 3.6441746908874513e-19, 8.015412986117632e-12], "Sqrt_TS_Band": [10.577795028686523, 11.950326919555664, 5.516098499298096, 0.0, 5.327268600463867], "Npred": 53.56032943725586, "HEP_Energy": 533.1320190429688, "HEP_Prob": 0.999123215675354, "Variability_BayesBlocks": 1, "Extended_Source_Name": "                  ", "ASSOC_GAM": "3FGL J0627.0-3529 ", "TEVCAT_FLAG": "P", "ASSOC_TEV": "PKS 0625-35          ", "CLASS": "rdg    ", "ASSOC1": "PKS 0625-35               ", "ASSOC2": "                          ", "ASSOC_PROB_BAY": 0.9997381567955017, "ASSOC_PROB_LR": 0.9998430013656616, "Redshift": 0.05494000017642975, "NuPeak_obs": 5688530638471168.0, "source_id": 407}