{"Source_Name": "3FGL J1659.0-0142 ", "RAJ2000": 254.7740936279297, "DEJ2000": -1.7021000385284424, "GLON": 17.646724700927734, "GLAT": 23.90752601623535, "Conf_68_SemiMajor": 0.0605626218020916, "Conf_68_SemiMinor": 0.051496729254722595, "Conf_68_PosAng": -84.2699966430664, "Conf_95_SemiMajor": 0.0982000008225441, "Conf_95_SemiMinor": 0.08349999785423279, "Conf_95_PosAng": -84.2699966430664, "ROI_num": 507, "Signif_Avg": 8.527812957763672, "Pivot_Energy": 1778.4864501953125, "Flux_Density": 3.13899405600393e-13, "Unc_Flux_Density": 4.410938302980283e-14, "Flux1000": 9.261079125799654e-10, "Unc_Flux1000": 1.322443682338914e-10, "Energy_Flux100": 1.0579859904824573e-11, "Unc_Energy_Flux100": 1.4996104401657218e-12, "Signif_Curve": 2.0645627975463867, "SpectrumType": "PowerLaw        ", "Spectral_Index": 2.1946284770965576, "Unc_Spectral_Index": 0.10555975884199142, "beta": null, "Unc_beta": null, "Cutoff": null, "Unc_Cutoff": null, "Exp_Index": null, "Unc_Exp_Index": null, "PowerLaw_Index": 2.1946284770965576, "Flux30_100": null, "Unc_Flux30_100": null, "nuFnu30_100": null, "Sqrt_TS30_100": null, "Flux100_300": 6.998674084712775e-09, "Unc_Flux100_300": [-5.59643886788308e-09, 5.757440746378961e-09], "nuFnu100_300": 1.6499906909522855e-12, "Sqrt_TS100_300": 1.2753475904464722, "Flux300_1000": 3.053769903615944e-09, "Unc_Flux300_1000": [-8.149704799897961e-10, 8.645434368403926e-10], "nuFnu300_1000": 2.0493632832407904e-12, "Sqrt_TS300_1000": 3.858717918395996, "Flux1000_3000": 6.379722861105108e-10, "Unc_Flux1000_3000": [-1.5652874829630292e-10, 1.6724432949644097e-10], "nuFnu1000_3000": 1.5040682458181132e-12, "Sqrt_TS1000_3000": 4.743164539337158, "Flux3000_10000": 2.5944771331332106e-10, "Unc_Flux3000_10000": [-5.7056956381806856e-11, 6.389670736961506e-11], "nuFnu3000_10000": 1.7411350139440174e-12, "Sqrt_TS3000_10000": 6.818985462188721, "Flux10000_100000": 1.839130930880728e-11, "Unc_Flux10000_100000": [-1.5231338759691404e-11, 2.216008800071112e-11], "nuFnu10000_100000": 3.0301474762510494e-13, "Sqrt_TS10000_100000": 1.295098900794983, "Variability_Index": 56.58311462402344, "Signif_Peak": null, "Flux_Peak": null, "Unc_Flux_Peak": null, "Time_Peak": null, "Peak_Interval": null, "Flux_History": [4.135865872001432e-09, 1.539837946040734e-08, 4.2538039757289425e-09, 2.1694205543099088e-08, 0.0, 1.3166113532747659e-08, 1.8430210246833667e-08, 1.6037965622217598e-08, 1.1123233889520634e-08, 0.0, 0.0, 1.3563632883517585e-08, 8.040504262396553e-09, 6.7819403426483404e-09, 2.875274418556728e-08, 2.9966670922476624e-08, 2.4346061167079824e-08, 8.022914776972812e-09, 2.2153601619834262e-08, 0.0, 4.4276188049252596e-08, 2.4329080972051997e-08, 0.0, 3.0804208961399127e-08, 9.858196037271227e-09, 3.13060795065212e-08, 1.1485452588999578e-08, 0.0, 5.397697577791405e-08, 1.7597558965576354e-08, 4.1553438023811395e-08, 3.4440659213430536e-09, 1.3040109436701641e-08, 2.2125785648086094e-08, 5.061100694092602e-08, 4.0990954630615306e-08, 2.447964853047324e-08, 2.0710508863430732e-08, 4.759892480166172e-09, 2.5004467829603527e-08, 0.0, 5.821540138839509e-09, 2.6668335095791917e-08, 1.0072776390757099e-08, 4.0527286415681374e-08, 4.862455438292557e-10, 0.0, 1.76320149591902e-08], "Unc_Flux_History": [[null, 9.232485886911945e-09], [-1.1469015070986188e-08, 1.3653119523837631e-08], [null, 1.081503775424153e-08], [-1.117821657459217e-08, 1.3316678426633644e-08], [null, 1.2487032741148596e-08], [-1.013941286487352e-08, 1.3461808556769483e-08], [-1.0945726103273046e-08, 1.4285639338140754e-08], [-1.3164211054572661e-08, 1.506295532749391e-08], [-8.458193256899449e-09, 1.2348921885063646e-08], [null, 1.4359540223551903e-08], [null, 7.619594732943824e-09], [-1.0627534408058636e-08, 1.4555559424422881e-08], [null, 1.6164916516459016e-08], [null, 1.2868898835449727e-08], [-1.555948081488623e-08, 1.8342072749533145e-08], [-1.984285091793936e-08, 2.364121520770368e-08], [-1.3707720292188696e-08, 1.621255663053489e-08], [null, 1.9257537786643297e-08], [-1.2243337899064954e-08, 1.5155224630802877e-08], [null, 1.3299547241274468e-08], [-1.6551700454670026e-08, 1.9297051068178916e-08], [-1.2219702583138314e-08, 1.4629613076522219e-08], [null, 1.640324143181715e-08], [-1.3560456757488737e-08, 1.553521578046002e-08], [null, 1.6908005662230607e-08], [-1.5861841617947903e-08, 1.8292794834451342e-08], [null, 2.1054866294889507e-08], [null, 7.552655389986285e-09], [-2.0106639908590296e-08, 2.1621376689040517e-08], [-1.0258618843295153e-08, 1.3370577534033146e-08], [-1.8236240961755357e-08, 2.0165799696769682e-08], [null, 1.9392922823158187e-08], [-9.128785727341437e-09, 1.3521906261360073e-08], [-1.7332499879785246e-08, 1.981580588505949e-08], [-1.9451007915449736e-08, 2.093439732675506e-08], [-1.687656947524374e-08, 1.90409004119374e-08], [-1.4036404927253443e-08, 1.7595150225702127e-08], [-1.3183214520040565e-08, 1.6753856968421132e-08], [null, 1.5389725049885783e-08], [-1.4207777176977743e-08, 1.6603291186356728e-08], [null, 1.0367838143565677e-08], [null, 1.5361200311758694e-08], [-1.403031468782956e-08, 1.683084427384074e-08], [null, 1.4675364035099392e-08], [-1.7058345846976408e-08, 1.7920305239726986e-08], [null, 1.8055757777801773e-08], [null, 1.6590950835393414e-08], [-1.1682841360993734e-08, 1.573200236748562e-08]], "Extended_Source_Name": "                  ", "0FGL_Name": "                 ", "1FGL_Name": "                  ", "2FGL_Name": "2FGL J1659.2-0142 ", "1FHL_Name": "                  ", "ASSOC_GAM1": "               ", "ASSOC_GAM2": "              ", "ASSOC_GAM3": "               ", "TEVCAT_FLAG": "N", "ASSOC_TEV": "                     ", "CLASS1": "     ", "ASSOC1": "                          ", "ASSOC2": "                          ", "Flags": 4, "source_id": 2086}