{"Source_Name": "3FGL J2055.0+0016 ", "RAJ2000": 313.7514953613281, "DEJ2000": 0.26759999990463257, "GLON": 48.4501838684082, "GLAT": -27.052587509155273, "Conf_68_SemiMajor": 0.03478341922163963, "Conf_68_SemiMinor": 0.03367330878973007, "Conf_68_PosAng": -38.0, "Conf_95_SemiMajor": 0.05640000104904175, "Conf_95_SemiMinor": 0.05460000038146973, "Conf_95_PosAng": -38.0, "ROI_num": 750, "Signif_Avg": 4.887962341308594, "Pivot_Energy": 5074.20458984375, "Flux_Density": 1.1056436256991209e-14, "Unc_Flux_Density": 3.3136117361418993e-15, "Flux1000": 2.431335410779667e-10, "Unc_Flux1000": 7.560616022139754e-11, "Energy_Flux100": 3.187340582438969e-12, "Unc_Energy_Flux100": 1.0118095597477783e-12, "Signif_Curve": 1.0001965761184692, "SpectrumType": "PowerLaw        ", "Spectral_Index": 1.733004093170166, "Unc_Spectral_Index": 0.19635550677776337, "beta": null, "Unc_beta": null, "Cutoff": null, "Unc_Cutoff": null, "Exp_Index": null, "Unc_Exp_Index": null, "PowerLaw_Index": 1.733004093170166, "Flux30_100": null, "Unc_Flux30_100": null, "nuFnu30_100": null, "Sqrt_TS30_100": null, "Flux100_300": 7.652080466664934e-13, "Unc_Flux100_300": [null, 1.6383031598010689e-09], "nuFnu100_300": 1.8881652149075977e-16, "Sqrt_TS100_300": 0.0, "Flux300_1000": 1.04612640772217e-09, "Unc_Flux300_1000": [-5.576414330299428e-10, 5.981189987736002e-10], "nuFnu300_1000": 7.414011353630567e-13, "Sqrt_TS300_1000": 1.9022164344787598, "Flux1000_3000": 1.2855379261100808e-10, "Unc_Flux1000_3000": [-7.523345141313698e-11, 8.818436258994922e-11], "nuFnu1000_3000": 3.1720887852179636e-13, "Sqrt_TS1000_3000": 1.8353004455566406, "Flux3000_10000": 5.288536275571687e-11, "Unc_Flux3000_10000": [-2.5573074907692117e-11, 3.360366498950107e-11], "nuFnu3000_10000": 3.7480432711449463e-13, "Sqrt_TS3000_10000": 2.83237361907959, "Flux10000_100000": 5.013916365426141e-11, "Unc_Flux10000_100000": [-2.081588200419926e-11, 2.6808133837818993e-11], "nuFnu10000_100000": 9.978270380101018e-13, "Sqrt_TS10000_100000": 4.614896297454834, "Variability_Index": 37.43034362792969, "Signif_Peak": null, "Flux_Peak": null, "Unc_Flux_Peak": null, "Time_Peak": null, "Peak_Interval": null, "Flux_History": [0.0, 1.1720505677104143e-09, 3.2101676872287044e-09, 0.0, 4.0589038796667865e-09, 3.903068090949091e-09, 1.3413802291140087e-09, 3.0438679354816145e-10, 0.0, 3.5825078459339466e-09, 0.0, 3.615433730175255e-09, 7.458590189912684e-09, 0.0, 0.0, 2.176910651741082e-09, 0.0, 0.0, 0.0, 0.0, 9.665860112306746e-09, 0.0, 0.0, 3.966303729896481e-09, 0.0, 4.434243638939961e-09, 0.0, 4.0529268829914145e-09, 1.8002103141512293e-09, 4.615531956631003e-09, 5.778103329134865e-09, 0.0, 0.0, 0.0, 0.0, 0.0, 0.0, 4.2563010893559294e-09, 0.0, 3.972830509013647e-09, 5.331989516577096e-09, 3.741226883846593e-09, 5.673413294715601e-09, 0.0, 1.264417459623246e-09, 0.0, 0.0, 0.0], "Unc_Flux_History": [[null, 3.0379077031739143e-09], [null, 4.74393413441021e-09], [-2.647711605519021e-09, 3.661095870910458e-09], [null, 3.841097662160564e-09], [-2.8039610633356915e-09, 3.876938325930723e-09], [-2.2205903782435144e-09, 3.232373702033442e-09], [null, 4.641056428056345e-09], [null, 5.421166182628667e-09], [null, 4.245810369951641e-09], [-2.8290625397886515e-09, 4.133516640081325e-09], [null, 3.877089760351282e-09], [-2.434799917239161e-09, 4.1254768490261995e-09], [-3.4231646406368554e-09, 4.584608692681513e-09], [null, 6.221136050754694e-09], [null, 2.928398190604753e-09], [null, 5.3598849802938275e-09], [null, 3.856675423463685e-09], [null, 5.746032982756333e-09], [null, 6.198005220170444e-09], [null, 3.721078556395696e-09], [-5.836786609592082e-09, 7.302551452426087e-09], [null, 3.2077738243430076e-09], [null, 3.2523193027600428e-09], [null, 6.393221951839223e-09], [null, 4.412455290037087e-09], [-3.0908617887348555e-09, 5.122732904538907e-09], [null, 5.853488360685333e-09], [-3.2404854355405632e-09, 4.921345997388471e-09], [null, 4.627186189765098e-09], [null, 7.738491625275401e-09], [-4.312236345782594e-09, 6.309459177344934e-09], [null, 4.526055974451992e-09], [null, 3.795817882235042e-09], [null, 3.3748268624123057e-09], [null, 3.414150295810714e-09], [null, 3.772423262660141e-09], [null, 6.4656671128204835e-09], [null, 6.3733969213330965e-09], [null, 8.963280784257677e-09], [-2.727165382410135e-09, 4.373670758894832e-09], [-3.7053256018992897e-09, 5.204316977369672e-09], [-2.504322749175003e-09, 4.052379765084879e-09], [-4.1616732282534485e-09, 5.752962106697623e-09], [null, 4.710273948660415e-09], [null, 4.51261517042667e-09], [null, 6.296832388841267e-09], [null, 3.832522743607569e-09], [null, 5.333327113277164e-09]], "Extended_Source_Name": "                  ", "0FGL_Name": "                 ", "1FGL_Name": "                  ", "2FGL_Name": "                  ", "1FHL_Name": "                  ", "ASSOC_GAM1": "               ", "ASSOC_GAM2": "              ", "ASSOC_GAM3": "               ", "TEVCAT_FLAG": "N", "ASSOC_TEV": "                     ", "CLASS1": "bll  ", "ASSOC1": "RGB J2054+002             ", "ASSOC2": "                          ", "Flags": 0, "source_id": 2708}