{"Source_Name": "3FHL J0744.1+7435 ", "RAJ2000": 116.03125762939453, "DEJ2000": 74.5902099609375, "GLON": 140.23785400390625, "GLAT": 29.5695743560791, "Conf_95_SemiMajor": 0.022264830768108368, "Conf_95_SemiMinor": 0.022264830768108368, "Conf_95_PosAng": null, "ROI_num": 424, "Signif_Avg": 13.554667472839355, "Pivot_Energy": 25.61720085144043, "Flux_Density": 1.2007069600736275e-12, "Unc_Flux_Density": 2.2263533247871004e-13, "Flux": 7.823611203328085e-11, "Unc_Flux": 1.454064472994343e-11, "Energy_Flux": 5.0955533195673475e-12, "Unc_Energy_Flux": 1.575347057664045e-12, "Signif_Curve": 0.3643764555454254, "SpectrumType": "PowerLaw   ", "Spectral_Index": 2.0206713676452637, "Unc_Spectral_Index": 0.3217611312866211, "beta": 0.06686251610517502, "Unc_beta": 0.17846035957336426, "PowerLaw_Index": 2.103703737258911, "Unc_PowerLaw_Index": 0.2097703069448471, "Flux_Band": [4.7571967198845044e-11, 1.5480181372873325e-11, 1.1061596083550285e-11, 4.663732941501131e-12, 2.5795685348737e-26], "Unc_Flux_Band": [[-1.0780903079987691e-11, 1.251959733800101e-11], [-5.563571305045034e-12, 7.203835184627083e-12], [-4.387723257642806e-12, 5.903770961684929e-12], [-2.6112486738866236e-12, 4.226017973063545e-12], [null, 3.828554660800787e-12]], "nuFnu": [1.5179410462959342e-12, 8.207535128965104e-13, 1.3155559541039308e-12, 1.5815763412460604e-12, 2.7111485308974225e-26], "Sqrt_TS_Band": [10.289501190185547, 5.912112712860107, 6.667755126953125, 3.7488765716552734, 0.0], "Npred": 34.004425048828125, "HEP_Energy": 247.57000732421875, "HEP_Prob": 0.9645893573760986, "Variability_BayesBlocks": 1, "Extended_Source_Name": "                  ", "ASSOC_GAM": "3FGL J0744.3+7434 ", "TEVCAT_FLAG": "N", "ASSOC_TEV": "                     ", "CLASS": "bll    ", "ASSOC1": "MS 0737.9+7441            ", "ASSOC2": "                          ", "ASSOC_PROB_BAY": 0.9989127516746521, "ASSOC_PROB_LR": 0.9852119088172913, "Redshift": 0.3140000104904175, "NuPeak_obs": 8.472264513998029e+16, "source_id": 473}