{"Source_Name": "3FHL J0353.4+8256 ", "RAJ2000": 58.37077713012695, "DEJ2000": 82.94658660888672, "GLON": 128.3564910888672, "GLAT": 22.082975387573242, "Conf_95_SemiMajor": 0.053288817405700684, "Conf_95_SemiMinor": 0.053288817405700684, "Conf_95_PosAng": null, "ROI_num": 126, "Signif_Avg": 5.6262736320495605, "Pivot_Energy": 48.48394012451172, "Flux_Density": 1.2769550228417664e-13, "Unc_Flux_Density": 4.3685046628282737e-14, "Flux": 2.4830361725070027e-11, "Unc_Flux": 8.597743177130024e-12, "Energy_Flux": 3.485976264594459e-12, "Unc_Energy_Flux": 1.7941588969713762e-12, "Signif_Curve": 0.9981645345687866, "SpectrumType": "PowerLaw   ", "Spectral_Index": 1.3617346286773682, "Unc_Spectral_Index": 0.4002411961555481, "beta": 0.24303941428661346, "Unc_beta": 0.2676403522491455, "PowerLaw_Index": 1.5811660289764404, "Unc_PowerLaw_Index": 0.2704330384731293, "Flux_Band": [5.6921980150226315e-12, 7.0767259240100966e-12, 9.396082870094524e-12, 2.1405787298950374e-12, 4.9698756036290507e-20], "Unc_Flux_Band": [[-3.5511931936738073e-12, 5.547500826763585e-12], [-3.882858010811896e-12, 5.658668845998083e-12], [-4.0736914709571526e-12, 5.663518265475176e-12], [-1.6655303438500857e-12, 3.2361121161256223e-12], [null, 3.959009769322064e-12]], "nuFnu": [1.8544849900506422e-13, 3.89048385521229e-13, 1.1769758345020476e-12, 7.724580523837954e-13, 5.669594146136192e-20], "Sqrt_TS_Band": [2.2111637592315674, 3.002298593521118, 5.205747127532959, 1.6507399082183838, 0.0], "Npred": 10.86851978302002, "HEP_Energy": 319.84600830078125, "HEP_Prob": 0.9090830683708191, "Variability_BayesBlocks": 1, "Extended_Source_Name": "                  ", "ASSOC_GAM": "2FHL J0353.6+8258 ", "TEVCAT_FLAG": "N", "ASSOC_TEV": "                     ", "CLASS": "bcu    ", "ASSOC1": "WN B0343.1+8247           ", "ASSOC2": "                          ", "ASSOC_PROB_BAY": 0.9997984766960144, "ASSOC_PROB_LR": 0.9749863147735596, "Redshift": null, "NuPeak_obs": null, "catalog_row_index": 253}