{"Source_Name": "3FHL J1027.0-8543 ", "RAJ2000": 156.75730895996094, "DEJ2000": -85.72450256347656, "GLON": 300.1832580566406, "GLAT": -23.64731788635254, "Conf_95_SemiMajor": 0.021423857659101486, "Conf_95_SemiMinor": 0.021423857659101486, "Conf_95_PosAng": null, "ROI_num": 389, "Signif_Avg": 15.710476875305176, "Pivot_Energy": 23.919435501098633, "Flux_Density": 2.359524685011105e-12, "Unc_Flux_Density": 3.778770644915358e-13, "Flux": 1.332411819765511e-10, "Unc_Flux": 2.1355731419370194e-11, "Energy_Flux": 8.01437041730857e-12, "Unc_Energy_Flux": 2.1643125659720486e-12, "Signif_Curve": 1.829945683479309, "SpectrumType": "PowerLaw   ", "Spectral_Index": 1.7669442892074585, "Unc_Spectral_Index": 0.332802951335907, "beta": 0.41077277064323425, "Unc_beta": 0.2665809690952301, "PowerLaw_Index": 2.1695728302001953, "Unc_PowerLaw_Index": 0.19178451597690582, "Flux_Band": [5.971538541427179e-11, 6.086096210333736e-11, 1.3287725086907898e-11, 9.21224666631128e-21, 2.961644413502006e-17], "Unc_Flux_Band": [[-1.3466743345458276e-11, 1.5704172337538402e-11], [-1.3116815793245973e-11, 1.5211408521675907e-11], [-5.679878008896244e-12, 7.731529826082717e-12], [null, 4.4814035295159815e-12], [null, 4.974898531323602e-12]], "nuFnu": [1.9004554874246793e-12, 3.2122824365765634e-12, 1.5701681491467334e-12, 3.1001521707104893e-21, 3.0814853480319533e-17], "Sqrt_TS_Band": [9.886995315551758, 12.115349769592285, 5.209527492523193, 0.0, 0.0], "Npred": 44.44757080078125, "HEP_Energy": 136.72000122070312, "HEP_Prob": 0.9972764253616333, "Variability_BayesBlocks": 1, "Extended_Source_Name": "                  ", "ASSOC_GAM": "3FGL J1026.4-8542 ", "TEVCAT_FLAG": "N", "ASSOC_TEV": "                     ", "CLASS": "bll    ", "ASSOC1": "PKS 1029-85               ", "ASSOC2": "                          ", "ASSOC_PROB_BAY": 0.999970018863678, "ASSOC_PROB_LR": 0.9995376467704773, "Redshift": null, "NuPeak_obs": 999999986991104.0, "catalog_row_index": 641}