{"Source_Name": "3FGL J2119.2-3313 ", "RAJ2000": 319.82000732421875, "DEJ2000": -33.22480010986328, "GLON": 11.80439567565918, "GLAT": -44.22591018676758, "Conf_68_SemiMajor": 0.08442996442317963, "Conf_68_SemiMinor": 0.08159302175045013, "Conf_68_PosAng": 12.600000381469727, "Conf_95_SemiMajor": 0.13689999282360077, "Conf_95_SemiMinor": 0.13230000436306, "Conf_95_PosAng": 12.600000381469727, "ROI_num": 744, "Signif_Avg": 4.370218753814697, "Pivot_Energy": 2344.79052734375, "Flux_Density": 7.979481333499072e-14, "Unc_Flux_Density": 1.910701347032466e-14, "Flux1000": 4.3726375298369646e-10, "Unc_Flux1000": 1.057875245735751e-10, "Energy_Flux100": 5.526608250899789e-12, "Unc_Energy_Flux100": 2.047187289480612e-12, "Signif_Curve": 0.469253271818161, "SpectrumType": "PowerLaw        ", "Spectral_Index": 2.3515677452087402, "Unc_Spectral_Index": 0.28892064094543457, "beta": null, "Unc_beta": null, "Cutoff": null, "Unc_Cutoff": null, "Exp_Index": null, "Unc_Exp_Index": null, "PowerLaw_Index": 2.3515677452087402, "Flux30_100": null, "Unc_Flux30_100": null, "nuFnu30_100": null, "Sqrt_TS30_100": null, "Flux100_300": 3.06280903417111e-11, "Unc_Flux100_300": [null, 7.0996617473895185e-09], "nuFnu100_300": 7.112114682719575e-15, "Sqrt_TS100_300": 0.0, "Flux300_1000": 1.2376837332794821e-09, "Unc_Flux300_1000": [-7.782425814895078e-10, 8.088165137642989e-10], "nuFnu300_1000": 8.157237363880243e-13, "Sqrt_TS300_1000": 1.61089289188385, "Flux1000_3000": 5.618486786929111e-10, "Unc_Flux1000_3000": [-1.2543972804923698e-10, 1.3526806064145802e-10], "nuFnu1000_3000": 1.3046625411961e-12, "Sqrt_TS1000_3000": 5.463032245635986, "Flux3000_10000": 3.553764921226943e-11, "Unc_Flux3000_10000": [-2.4079542179644697e-11, 3.1519942905733345e-11], "nuFnu3000_10000": 2.342190026996538e-13, "Sqrt_TS3000_10000": 1.6397022008895874, "Flux10000_100000": 1.9347610319409014e-11, "Unc_Flux10000_100000": [-1.3685537945951065e-11, 2.0003353140563007e-11], "nuFnu10000_100000": 3.00522708931647e-13, "Sqrt_TS10000_100000": 1.6150615215301514, "Variability_Index": 45.90947341918945, "Signif_Peak": null, "Flux_Peak": null, "Unc_Flux_Peak": null, "Time_Peak": null, "Peak_Interval": null, "Flux_History": [0.0, 1.2112474578884758e-08, 2.176525626396142e-08, 3.604193166140135e-09, 2.6207894521235175e-08, 3.352887034679952e-08, 1.1038137515129165e-08, 0.0, 6.36784891483444e-09, 0.0, 0.0, 1.2249463665625626e-08, 0.0, 0.0, 5.842106354236876e-09, 0.0, 1.0011905748896766e-09, 5.3407458011633935e-08, 8.752380153964623e-09, 2.767650997270721e-08, 0.0, 2.357283257481413e-08, 1.5001978548312422e-09, 1.783466352378582e-08, 0.0, 4.605187342576755e-09, 2.3862845033306712e-09, 1.1597572902033448e-09, 9.555797042537506e-09, 0.0, 1.204478916605467e-08, 0.0, 3.70863304510749e-08, 2.680675947885902e-08, 2.241691632320908e-08, 0.0, 0.0, 1.4922962421337616e-08, 1.5995150093317534e-08, 0.0, 3.189308372952837e-09, 0.0, 2.996901571350463e-08, 0.0, 1.9979825793825512e-08, 8.059367395674144e-09, 0.0, 1.4517997470875343e-08], "Unc_Flux_History": [[null, 1.627135581827588e-08], [-9.647450838201621e-09, 1.2765603685238602e-08], [-1.2529755011314592e-08, 1.4325208574916815e-08], [null, 1.3808704402151761e-08], [-1.3540621957019994e-08, 1.5161601751856324e-08], [-1.416158035283388e-08, 1.521892833977745e-08], [null, 1.551016204359712e-08], [null, 1.2271327065604964e-08], [null, 1.5443573531115362e-08], [null, 1.2984471275956366e-08], [null, 1.109833558388118e-08], [-9.545889412265751e-09, 1.309072938937561e-08], [null, 1.1278318723384473e-08], [null, 1.1518476839000868e-08], [null, 1.0253341287125295e-08], [null, 1.5487398030700206e-08], [null, 8.214485980317932e-09], [-1.754908396378596e-08, 1.93486950905708e-08], [null, 1.3741003890288539e-08], [-1.1282462075712374e-08, 1.2409898886289739e-08], [null, 1.605647526048415e-08], [-1.25749259893837e-08, 1.436082275318995e-08], [null, 1.425174023239606e-08], [-1.3009158195131931e-08, 1.3925451902707664e-08], [null, 2.241925223245289e-08], [null, 1.3140464716343558e-08], [null, 1.3694867462277216e-08], [null, 1.5337887404598405e-08], [-9.19986131719952e-09, 1.1290568480148977e-08], [null, 1.6112672085455415e-08], [-9.260562094937086e-09, 1.1874082161966726e-08], [null, 1.290072848547652e-08], [-1.4561114980438106e-08, 1.6386408674406994e-08], [-1.1862927529193712e-08, 1.286788275933759e-08], [-1.5667447783584976e-08, 1.7986563349836615e-08], [null, 1.2339211430401065e-08], [null, 1.7635795046544445e-08], [null, 1.5236269135243674e-08], [-1.1868617200150311e-08, 1.6717573103619543e-08], [null, 1.3555359501538078e-08], [null, 1.1689974321882346e-08], [null, 1.3905959050930505e-08], [-1.346969824567168e-08, 1.4543023674207234e-08], [null, 1.958892958953129e-08], [null, 1.3722202929500327e-08], [null, 2.0594329797063438e-08], [null, 1.0809090511543218e-08], [-1.0118826665461711e-08, 1.181506981140501e-08]], "Extended_Source_Name": "                  ", "0FGL_Name": "                 ", "1FGL_Name": "                  ", "2FGL_Name": "                  ", "1FHL_Name": "                  ", "ASSOC_GAM1": "               ", "ASSOC_GAM2": "              ", "ASSOC_GAM3": "               ", "TEVCAT_FLAG": "N", "ASSOC_TEV": "                     ", "CLASS1": "bcu  ", "ASSOC1": "PMN J2118-3316            ", "ASSOC2": "                          ", "Flags": 0, "source_id": 2755}