{"source_id": 141, "common_name": "VER J2016+371", "gamma_names": "MGRO J2019+37", "fermi_names": "", "other_names": "CTB 87", "where": "gal", "classes": "pwn,snr", "discoverer": "veritas", "seen_by": "veritas,milagro", "discovery_date": "2011-08", "tevcat_id": 228, "tevcat2_id": "wbkK3X", "tevcat_name": "TeV J2016+372", "tgevcat_id": 141, "tgevcat_name": "TeV J2016+3711", "reference_id": "2014ApJ...788...78A", "significance": 7.0, "livetime": 70.0, "ra": 304.0075988769531, "dec": 37.214759826660156, "glon": 74.95384979248047, "glat": 1.1501808166503906, "pos_ra": 304.0083312988281, "pos_dec": 37.1974983215332, "pos_glon": 74.9398422241211, "pos_glat": 1.140074372291565, "pos_err": 0.011785113252699375, "morph_type": "point", "morph_sigma": null, "morph_sigma_err": null, "morph_sigma2": null, "morph_sigma2_err": null, "morph_pa": null, "morph_pa_err": null, "morph_pa_frame": "", "spec_type": "pl", "spec_pl_norm": 3.099999911718859e-13, "spec_pl_norm_err": 9.000000180878209e-14, "spec_pl_norm_err_sys": 5.99999989471002e-14, "spec_pl_index": 2.299999952316284, "spec_pl_index_err": 0.30000001192092896, "spec_pl_index_err_sys": 0.20000000298023224, "spec_pl_e_ref": 1.0, "spec_pl2_flux": null, "spec_pl2_flux_err": null, "spec_pl2_flux_err_sys": null, "spec_pl2_index": null, "spec_pl2_index_err": null, "spec_pl2_index_err_sys": null, "spec_pl2_e_min": null, "spec_pl2_e_max": null, "spec_ecpl_norm": null, "spec_ecpl_norm_err": null, "spec_ecpl_norm_err_sys": null, "spec_ecpl_index": null, "spec_ecpl_index_err": null, "spec_ecpl_index_err_sys": null, "spec_ecpl_e_cut": null, "spec_ecpl_e_cut_err": null, "spec_ecpl_e_cut_err_sys": null, "spec_ecpl_e_ref": null, "spec_erange_min": 0.6499999761581421, "spec_erange_max": 10.0, "spec_theta": 0.09000000357627869, "spec_dnde_1TeV": 3.099999911718859e-13, "spec_dnde_1TeV_err": 9.000000180878209e-14, "spec_flux_1TeV": 2.384615400106982e-13, "spec_flux_1TeV_err": 8.843728023120653e-14, "spec_flux_1TeV_crab": 1.1495205163955688, "spec_flux_1TeV_crab_err": 0.42631810903549194, "spec_eflux_1TeV_10TeV": 8.258256817099408e-13, "spec_eflux_1TeV_10TeV_err": 3.483028481517797e-13, "sed_reference_id": "2014ApJ...788...78A", "sed_n_points": 4, "sed_n_ul": 0, "sed_e_ref": [0.75, 1.5800000429153442, 3.3499999046325684, 10.59000015258789, null, null, null, null, null, null, null, null, null, null, null, null, null, null, null, null, null, null, null, null, null, null, null, null, null, null, null, null, null, null, null, null, null, null, null, null], "sed_e_min": [null, null, null, null, null, null, null, null, null, null, null, null, null, null, null, null, null, null, null, null, null, null, null, null, null, null, null, null, null, null, null, null, null, null, null, null, null, null, null, null], "sed_e_max": [null, null, null, null, null, null, null, null, null, null, null, null, null, null, null, null, null, null, null, null, null, null, null, null, null, null, null, null, null, null, null, null, null, null, null, null, null, null, null, null], "sed_dnde": [9.505200446180417e-13, 8.914600286256957e-14, 1.4861999434942486e-14, 1.4699999513340654e-15, null, null, null, null, null, null, null, null, null, null, null, null, null, null, null, null, null, null, null, null, null, null, null, null, null, null, null, null, null, null, null, null, null, null, null, null], "sed_dnde_err": [3.283800098161094e-13, 2.7900999314211215e-14, 9.758399769938409e-15, 7.163199875043192e-16, null, null, null, null, null, null, null, null, null, null, null, null, null, null, null, null, null, null, null, null, null, null, null, null, null, null, null, null, null, null, null, null, null, null, null, null], "sed_dnde_errp": [null, null, null, null, null, null, null, null, null, null, null, null, null, null, null, null, null, null, null, null, null, null, null, null, null, null, null, null, null, null, null, null, null, null, null, null, null, null, null, null], "sed_dnde_errn": [null, null, null, null, null, null, null, null, null, null, null, null, null, null, null, null, null, null, null, null, null, null, null, null, null, null, null, null, null, null, null, null, null, null, null, null, null, null, null, null], "sed_dnde_ul": [null, null, null, null, null, null, null, null, null, null, null, null, null, null, null, null, null, null, null, null, null, null, null, null, null, null, null, null, null, null, null, null, null, null, null, null, null, null, null, null], "catalog_row_index": 151}