{"Source_Name": "3FGL J2325.2+3957 ", "RAJ2000": 351.3204040527344, "DEJ2000": 39.95429992675781, "GLON": 105.50715637207031, "GLAT": -19.984336853027344, "Conf_68_SemiMajor": 0.01905687339603901, "Conf_68_SemiMinor": 0.01887185499072075, "Conf_68_PosAng": 14.699999809265137, "Conf_95_SemiMajor": 0.030899999663233757, "Conf_95_SemiMinor": 0.03060000017285347, "Conf_95_PosAng": 14.699999809265137, "ROI_num": 271, "Signif_Avg": 23.39738655090332, "Pivot_Energy": 1301.1710205078125, "Flux_Density": 1.328866595755318e-12, "Unc_Flux_Density": 1.035969812539228e-13, "Flux1000": 2.0423318591866746e-09, "Unc_Flux1000": 1.4602077880176978e-10, "Energy_Flux100": 1.4711683260504316e-11, "Unc_Energy_Flux100": 1.3006798329356917e-12, "Signif_Curve": 4.658496379852295, "SpectrumType": "LogParabola     ", "Spectral_Index": 1.8543593883514404, "Unc_Spectral_Index": 0.08197744935750961, "beta": 0.1821134239435196, "Unc_beta": 0.04722001403570175, "Cutoff": null, "Unc_Cutoff": null, "Exp_Index": null, "Unc_Exp_Index": null, "PowerLaw_Index": 2.007269859313965, "Flux30_100": null, "Unc_Flux30_100": null, "nuFnu30_100": null, "Sqrt_TS30_100": null, "Flux100_300": 2.882622807121038e-09, "Unc_Flux100_300": [-2.3872521737189345e-09, 2.496065798496261e-09], "nuFnu100_300": 7.562128549222502e-13, "Sqrt_TS100_300": 1.2116435766220093, "Flux300_1000": 4.209271597943598e-09, "Unc_Flux300_1000": [-4.892525273803017e-10, 5.049590190431275e-10], "nuFnu300_1000": 3.0532917773967716e-12, "Sqrt_TS300_1000": 10.052148818969727, "Flux1000_3000": 1.3378079755099748e-09, "Unc_Flux1000_3000": [-1.398757915049842e-10, 1.4660980762748466e-10], "nuFnu1000_3000": 3.227906874084252e-12, "Sqrt_TS1000_3000": 13.644368171691895, "Flux3000_10000": 4.703476497169845e-10, "Unc_Flux3000_10000": [-6.164870697267233e-11, 6.685624276414615e-11], "nuFnu3000_10000": 3.0906518663775806e-12, "Sqrt_TS3000_10000": 13.977944374084473, "Flux10000_100000": 8.974435777853174e-11, "Unc_Flux10000_100000": [-2.416322003595539e-11, 2.8782849367803287e-11], "nuFnu10000_100000": 1.1301298438737284e-12, "Sqrt_TS10000_100000": 8.368951797485352, "Variability_Index": 172.15318298339844, "Signif_Peak": 11.436983108520508, "Flux_Peak": 4.888967097826935e-08, "Unc_Flux_Peak": 7.3211388063043614e-09, "Time_Peak": 245904992.0, "Peak_Interval": 2630000.0, "Flux_History": [6.094695859104604e-09, 1.1897627771872976e-08, 4.888967097826935e-08, 3.586099595054293e-08, 3.027104611419418e-08, 8.615400837186371e-09, 1.498979607106321e-08, 2.2944513844436187e-08, 1.8969714687955275e-08, 1.0882144962920393e-08, 0.0, 7.161780946063345e-09, 1.0117470417014829e-08, 1.258494020106582e-08, 2.2016820366843604e-08, 3.370377754663423e-09, 5.383142820392095e-09, 2.595159864782204e-09, 1.877815591910803e-08, 2.233226048531378e-09, 6.334799351748188e-09, 0.0, 5.9126370466344724e-09, 1.774637681251079e-08, 1.3635549578339123e-08, 9.946284684758666e-09, 9.395868083572623e-09, 5.96299631894226e-09, 3.4868021803191596e-09, 0.0, 9.347831841921561e-09, 2.6392321661461438e-09, 2.0462389560549354e-09, 5.949392534176923e-09, 4.164920852645082e-09, 8.353792324555798e-09, 1.670617599813795e-08, 7.350450026422095e-09, 1.5745413861623092e-08, 5.163718341805179e-09, 6.687856934917136e-09, 1.0959266383281374e-08, 1.4961207384089903e-08, 3.357188305130876e-09, 6.93222546033212e-09, 0.0, 8.075554447373179e-09, 2.036395407856162e-08], "Unc_Flux_History": [[-3.149750682496233e-09, 4.216901938747242e-09], [-4.1972714193150296e-09, 5.0541291152228496e-09], [-7.3211388063043614e-09, 7.958674608232741e-09], [-6.4641358932249204e-09, 7.01948144055109e-09], [-6.4059237914193545e-09, 7.229347787074403e-09], [-4.142583609478834e-09, 4.945376108622668e-09], [-5.497398980480739e-09, 6.464157209506993e-09], [-6.335789226596944e-09, 6.8673355890780385e-09], [-5.447176487649585e-09, 6.328351176421165e-09], [-4.968755185075224e-09, 5.786843892963134e-09], [null, 3.333164189101012e-09], [-3.2897815582799694e-09, 4.300827249892336e-09], [-4.98313212915491e-09, 5.794785096213673e-09], [-4.719873825109744e-09, 5.636141775511305e-09], [-5.8250315682073506e-09, 6.691327048002904e-09], [null, 6.22947027295595e-09], [-3.0294458053248263e-09, 4.21225720970142e-09], [-2.203110804899211e-09, 2.9894169362165712e-09], [-5.244088718825424e-09, 6.023140652899883e-09], [null, 4.771685713222951e-09], [-3.28475913136117e-09, 4.218399851652066e-09], [null, 4.3556140916223285e-09], [-3.504631251871615e-09, 4.380235285594836e-09], [-5.495776278507947e-09, 6.3556617746485244e-09], [-5.062316343895645e-09, 5.800089297736122e-09], [-4.775178474858421e-09, 5.872857311572943e-09], [-4.4309924618346486e-09, 5.484939169519976e-09], [-2.9487035035913323e-09, 4.003549491926606e-09], [-2.9083147001784937e-09, 4.125245034458658e-09], [null, 4.575093193182056e-09], [-4.327653790880959e-09, 5.417233772675445e-09], [null, 4.76431294416102e-09], [null, 4.32350422130412e-09], [-3.418562766199784e-09, 4.390896535255706e-09], [-2.9188980121830355e-09, 3.8607543828561575e-09], [-4.408533538224901e-09, 5.5239381957505884e-09], [-5.838513228439979e-09, 6.472693936387941e-09], [-4.09579881122113e-09, 5.44636380439556e-09], [-5.005571956928634e-09, 5.639376521315853e-09], [-4.039037992953354e-09, 5.204870756614355e-09], [-4.469565162423805e-09, 5.716345174988646e-09], [-4.25991197872122e-09, 5.168355965423643e-09], [-5.0762127834502735e-09, 6.029125199091823e-09], [-2.444778157695282e-09, 3.6730773977922127e-09], [-4.265484854215629e-09, 4.971275391341123e-09], [null, 2.8533877483027936e-09], [-3.587529606718931e-09, 4.451735424737535e-09], [-6.611284852908739e-09, 7.443233585036069e-09]], "Extended_Source_Name": "                  ", "0FGL_Name": "0FGL J2325.3+3959", "1FGL_Name": "1FGL J2325.2+3957 ", "2FGL_Name": "2FGL J2325.3+3957 ", "1FHL_Name": "1FHL J2325.4+3959 ", "ASSOC_GAM1": "               ", "ASSOC_GAM2": "              ", "ASSOC_GAM3": "               ", "TEVCAT_FLAG": "N", "ASSOC_TEV": "                     ", "CLASS1": "bll  ", "ASSOC1": "B3 2322+396               ", "ASSOC2": "                          ", "Flags": 0, "source_id": 2964}