{"Source_Name": "3FGL J1451.2+6355 ", "RAJ2000": 222.80499267578125, "DEJ2000": 63.9193000793457, "GLON": 103.60330200195312, "GLAT": 48.4683837890625, "Conf_68_SemiMajor": 0.05192843824625015, "Conf_68_SemiMinor": 0.04224581643939018, "Conf_68_PosAng": 8.609999656677246, "Conf_95_SemiMajor": 0.08420000225305557, "Conf_95_SemiMinor": 0.06849999725818634, "Conf_95_PosAng": 8.609999656677246, "ROI_num": 626, "Signif_Avg": 5.564818859100342, "Pivot_Energy": 4133.31640625, "Flux_Density": 1.2210388204551316e-14, "Unc_Flux_Density": 3.0474915600482537e-15, "Flux1000": 1.9652636462641482e-10, "Unc_Flux1000": 5.1108998977422715e-11, "Energy_Flux100": 2.2997933852436647e-12, "Unc_Energy_Flux100": 5.81506685252281e-13, "Signif_Curve": 1.2757115364074707, "SpectrumType": "PowerLaw        ", "Spectral_Index": 1.8805396556854248, "Unc_Spectral_Index": 0.20076635479927063, "beta": null, "Unc_beta": null, "Cutoff": null, "Unc_Cutoff": null, "Exp_Index": null, "Unc_Exp_Index": null, "PowerLaw_Index": 1.8805396556854248, "Flux30_100": null, "Unc_Flux30_100": null, "nuFnu30_100": null, "Sqrt_TS30_100": null, "Flux100_300": 5.235631039823829e-09, "Unc_Flux100_300": [-1.6565132598955756e-09, 1.6860514095995427e-09], "nuFnu100_300": 1.2730694319909586e-12, "Sqrt_TS100_300": 3.2104926109313965, "Flux300_1000": 2.5027815930833697e-10, "Unc_Flux300_1000": [-2.4836827039464993e-10, 2.6400520658498294e-10], "nuFnu300_1000": 1.7428055255463287e-13, "Sqrt_TS300_1000": 1.0078184604644775, "Flux1000_3000": 1.770715934990008e-10, "Unc_Flux1000_3000": [-5.59471739769446e-11, 6.269178232098938e-11], "nuFnu1000_3000": 4.305583125273349e-13, "Sqrt_TS1000_3000": 3.887742042541504, "Flux3000_10000": 3.7922141121748965e-11, "Unc_Flux3000_10000": [-1.7664193024957697e-11, 2.235240291470486e-11], "nuFnu3000_10000": 2.6406985322371956e-13, "Sqrt_TS3000_10000": 2.818523645401001, "Flux10000_100000": 2.31446199011609e-11, "Unc_Flux10000_100000": [-1.044199969546522e-11, 1.4323845928809753e-11], "nuFnu10000_100000": 4.327690820721958e-13, "Sqrt_TS10000_100000": 4.317022323608398, "Variability_Index": 37.51730728149414, "Signif_Peak": null, "Flux_Peak": null, "Unc_Flux_Peak": null, "Time_Peak": null, "Peak_Interval": null, "Flux_History": [0.0, 8.106268545304829e-09, 3.2143057104860873e-09, 1.2217969969086084e-09, 0.0, 0.0, 0.0, 2.5819804072568786e-09, 4.8281001419070435e-09, 7.003222446400059e-09, 3.3197959936615007e-09, 1.668587601422189e-09, 1.1086274120941653e-09, 3.26567062280958e-09, 0.0, 3.6274057091389977e-09, 0.0, 3.0162061737115664e-09, 0.0, 0.0, 1.3399241716172128e-09, 0.0, 7.096456311472821e-09, 2.50945553226245e-09, 2.52621989993429e-09, 0.0, 5.02989960793343e-09, 1.1080306672184292e-09, 0.0, 0.0, 0.0, 0.0, 0.0, 2.0207193696109016e-09, 5.136055580834409e-09, 2.991298320154101e-09, 4.60615823261179e-10, 4.124426133955694e-09, 4.401228714812078e-09, 0.0, 0.0, 0.0, 0.0, 0.0, 0.0, 4.247709683991019e-10, 4.149605103975773e-09, 0.0], "Unc_Flux_History": [[null, 4.803403452768862e-09], [-4.186905488978709e-09, 5.468493657900808e-09], [-2.7289797088769774e-09, 3.765559419832698e-09], [null, 3.7494722882058795e-09], [null, 3.4790386127525608e-09], [null, 3.739226261956219e-09], [null, 5.088863552771272e-09], [null, 5.096280286664978e-09], [-3.487206079455518e-09, 5.063683250483564e-09], [-4.024482080922098e-09, 5.460280672053841e-09], [-2.8327267198591244e-09, 4.2820302859070125e-09], [null, 3.843107165835136e-09], [null, 3.1159903546296164e-09], [-2.527623887971231e-09, 3.7013692111287355e-09], [null, 4.582178636525214e-09], [-2.3660637893385683e-09, 3.4379141755636056e-09], [null, 3.293177286423088e-09], [-2.0829800106980656e-09, 3.0563029884689286e-09], [null, 4.7635726474482e-09], [null, 2.4845123736128016e-09], [null, 4.180421342425689e-09], [null, 3.3589098169528597e-09], [-3.4826026507062124e-09, 4.505780637487078e-09], [-2.191411052621106e-09, 3.469737608341461e-09], [-1.8556085557008828e-09, 2.8904887372505073e-09], [null, 4.102182593612724e-09], [-3.2818252559962957e-09, 4.225739758112468e-09], [null, 4.665967168193674e-09], [null, 2.559996215012461e-09], [null, 3.4322102937522914e-09], [null, 2.5199839992495754e-09], [null, 2.4747977001027266e-09], [null, 3.033042927924612e-09], [null, 3.969171658013693e-09], [-3.20858184466033e-09, 4.349541171677629e-09], [-2.0036037273740703e-09, 3.2439915198523295e-09], [null, 4.20808188295041e-09], [-3.2205693667464175e-09, 4.10249167970278e-09], [-2.938998155954664e-09, 3.8732475005076594e-09], [null, 4.452119117814846e-09], [null, 2.8420583664257038e-09], [null, 3.389996727776179e-09], [null, 4.322118218880178e-09], [null, 5.235388123026041e-09], [null, 3.6691087945683876e-09], [null, 2.6529469732139432e-09], [-3.0046960475260676e-09, 4.3074308564428065e-09], [null, 2.9148430336078945e-09]], "Extended_Source_Name": "                  ", "0FGL_Name": "                 ", "1FGL_Name": "                  ", "2FGL_Name": "                  ", "1FHL_Name": "                  ", "ASSOC_GAM1": "               ", "ASSOC_GAM2": "              ", "ASSOC_GAM3": "               ", "TEVCAT_FLAG": "N", "ASSOC_TEV": "                     ", "CLASS1": "bll  ", "ASSOC1": "RX J1451.4+6354           ", "ASSOC2": "                          ", "Flags": 0, "catalog_row_index": 1798}