{"Source_Name": "3FHL J0738.1+1742 ", "RAJ2000": 114.53276824951172, "DEJ2000": 17.713048934936523, "GLON": 201.8397674560547, "GLAT": 18.075397491455078, "Conf_95_SemiMajor": 0.015154464170336723, "Conf_95_SemiMinor": 0.015154464170336723, "Conf_95_PosAng": null, "ROI_num": 486, "Signif_Avg": 33.87958526611328, "Pivot_Energy": 18.423423767089844, "Flux_Density": 1.6665894359002564e-11, "Unc_Flux_Density": 1.4105100551095595e-12, "Flux": 5.100606048635825e-10, "Unc_Flux": 4.3155166939978784e-11, "Energy_Flux": 1.9547341176262556e-11, "Unc_Energy_Flux": 2.47120271294754e-12, "Signif_Curve": 1.1442923545837402, "SpectrumType": "PowerLaw   ", "Spectral_Index": 2.47894287109375, "Unc_Spectral_Index": 0.2204330861568451, "beta": 0.17384986579418182, "Unc_beta": 0.1658165007829666, "PowerLaw_Index": 2.661639928817749, "Unc_PowerLaw_Index": 0.14004267752170563, "Flux_Band": [3.420694283384762e-10, 1.401549987178896e-10, 2.3771451820864264e-11, 3.239573756821934e-12, 6.5784768353571545e-18], "Unc_Flux_Band": [[-3.4365576356831795e-11, 3.674051340940565e-11], [-2.1353337500973346e-11, 2.333088583439391e-11], [-8.25581877167414e-12, 1.0562229910138221e-11], [-2.330847320708429e-12, 4.5936796033707594e-12], [null, 5.635143827259492e-12]], "nuFnu": [1.067865761095188e-11, 7.156404375346925e-12, 2.680414700959033e-12, 1.031154437010351e-12, 6.3670134884319546e-18], "Sqrt_TS_Band": [27.0980167388916, 19.61407470703125, 6.478281497955322, 2.199126958847046, 0.0], "Npred": 148.2796630859375, "HEP_Energy": 180.9929962158203, "HEP_Prob": 0.959355354309082, "Variability_BayesBlocks": 1, "Extended_Source_Name": "                  ", "ASSOC_GAM": "3FGL J0738.1+1741 ", "TEVCAT_FLAG": "N", "ASSOC_TEV": "                     ", "CLASS": "bll    ", "ASSOC1": "PKS 0735+17               ", "ASSOC2": "                          ", "ASSOC_PROB_BAY": 0.9999655485153198, "ASSOC_PROB_LR": 0.9998744130134583, "Redshift": 0.42399999499320984, "NuPeak_obs": 67608283971584.0, "catalog_row_index": 469}