{"Source_Name": "3FHL J1443.5+2515 ", "RAJ2000": 220.89691162109375, "DEJ2000": 25.263935089111328, "GLON": 35.06898880004883, "GLAT": 64.82498931884766, "Conf_95_SemiMajor": 0.040272798389196396, "Conf_95_SemiMinor": 0.040272798389196396, "Conf_95_PosAng": null, "ROI_num": 410, "Signif_Avg": 4.509029388427734, "Pivot_Energy": 27.813640594482422, "Flux_Density": 3.4930944855376955e-13, "Unc_Flux_Density": 1.4207053231334726e-13, "Flux": 2.6794934326890285e-11, "Unc_Flux": 1.0938300612495233e-11, "Energy_Flux": 1.9479034270991624e-12, "Unc_Energy_Flux": 1.3089125052920259e-12, "Signif_Curve": 0.1272447407245636, "SpectrumType": "PowerLaw   ", "Spectral_Index": 1.994438648223877, "Unc_Spectral_Index": 0.6036238670349121, "beta": 0.011586623266339302, "Unc_beta": 0.3110470175743103, "PowerLaw_Index": 2.0183465480804443, "Unc_PowerLaw_Index": 0.4288666844367981, "Flux_Band": [1.2629721053702969e-11, 7.721386030556943e-12, 3.1436082036095936e-12, 3.088803301673493e-12, 2.1914568669788387e-20], "Unc_Flux_Band": [[-6.44147018710739e-12, 8.780550071751936e-12], [-5.079182734124554e-12, 7.62240097429423e-12], [-2.200489356701807e-12, 4.2806587267907314e-12], [-2.1698036162948187e-12, 4.304024150969532e-12], [null, 5.455079964133969e-12]], "nuFnu": [4.0435984096677535e-13, 4.117974678700259e-13, 3.770181595304928e-13, 1.0580374467175635e-12, 2.3337854082720913e-20], "Sqrt_TS_Band": [3.4949541091918945, 2.1426942348480225, 3.148348093032837, 1.8333930969238281, 0.0], "Npred": 8.429187774658203, "HEP_Energy": 53.42959976196289, "HEP_Prob": 0.9973095655441284, "Variability_BayesBlocks": 0.0, "Extended_Source_Name": "                  ", "ASSOC_GAM": "                  ", "TEVCAT_FLAG": "N", "ASSOC_TEV": "                     ", "CLASS": "bll    ", "ASSOC1": "NVSS J144334+251559       ", "ASSOC2": "                          ", "ASSOC_PROB_BAY": 0.9996106624603271, "ASSOC_PROB_LR": 0.0, "Redshift": 0.5290219783782959, "NuPeak_obs": 2238723114663936.0, "catalog_row_index": 956}