{"Source_Name": "3FGL J1557.4-7040 ", "RAJ2000": 239.37449645996094, "DEJ2000": -70.67769622802734, "GLON": 317.2055358886719, "GLAT": -13.158751487731934, "Conf_68_SemiMajor": 0.04508276656270027, "Conf_68_SemiMinor": 0.039717238396406174, "Conf_68_PosAng": -66.19000244140625, "Conf_95_SemiMajor": 0.0731000006198883, "Conf_95_SemiMinor": 0.06440000236034393, "Conf_95_PosAng": -66.19000244140625, "ROI_num": 514, "Signif_Avg": 8.22226333618164, "Pivot_Energy": 1190.2427978515625, "Flux_Density": 4.970481491672896e-13, "Unc_Flux_Density": 7.026189119451257e-14, "Flux1000": 5.691666027374254e-10, "Unc_Flux1000": 8.794649036802937e-11, "Energy_Flux100": 6.91089676804757e-12, "Unc_Energy_Flux100": 9.82455544869254e-13, "Signif_Curve": 0.04305832087993622, "SpectrumType": "PowerLaw        ", "Spectral_Index": 2.3008594512939453, "Unc_Spectral_Index": 0.10722728818655014, "beta": null, "Unc_beta": null, "Cutoff": null, "Unc_Cutoff": null, "Exp_Index": null, "Unc_Exp_Index": null, "PowerLaw_Index": 2.3008594512939453, "Flux30_100": null, "Unc_Flux30_100": null, "nuFnu30_100": null, "Sqrt_TS30_100": null, "Flux100_300": 9.238124931698621e-09, "Unc_Flux100_300": [-3.0639009107602533e-09, 3.104949630738929e-09], "nuFnu100_300": 2.1556623673590902e-12, "Sqrt_TS100_300": 3.054934501647949, "Flux300_1000": 1.8190006167984052e-09, "Unc_Flux300_1000": [-5.389323431970183e-10, 5.531773927813788e-10], "nuFnu300_1000": 1.2058349110888322e-12, "Sqrt_TS300_1000": 3.502187490463257, "Flux1000_3000": 4.744263315537012e-10, "Unc_Flux1000_3000": [-1.1507649694264543e-10, 1.2208753452647159e-10], "nuFnu1000_3000": 1.1070459869991223e-12, "Sqrt_TS1000_3000": 4.829219818115234, "Flux3000_10000": 1.2312476038722764e-10, "Unc_Flux3000_10000": [-3.540719453742902e-11, 4.142152940089794e-11], "nuFnu3000_10000": 8.162070737165183e-13, "Sqrt_TS3000_10000": 5.105678558349609, "Flux10000_100000": 2.171482091362087e-11, "Unc_Flux10000_100000": [-1.1248509936001572e-11, 1.6144117293004356e-11], "nuFnu10000_100000": 3.436554426444749e-13, "Sqrt_TS10000_100000": 3.021714687347412, "Variability_Index": 47.616455078125, "Signif_Peak": null, "Flux_Peak": null, "Unc_Flux_Peak": null, "Time_Peak": null, "Peak_Interval": null, "Flux_History": [3.5786462682096953e-09, 6.397658847134835e-09, 3.3717681979794634e-09, 3.3013950684335214e-08, 4.096701200495545e-09, 0.0, 3.5304715595430025e-08, 0.0, 4.393680796965782e-08, 9.551382795791596e-09, 2.2450567627174678e-08, 0.0, 2.797922959985044e-08, 3.3583358316491285e-09, 1.1764402785274797e-08, 0.0, 0.0, 1.5988534940447607e-08, 1.6220271348288406e-08, 1.6520269596753678e-08, 0.0, 1.4852999719039417e-08, 0.0, 0.0, 1.3812036847582476e-08, 8.574959409202165e-09, 9.311511561804764e-09, 6.699789167896597e-09, 1.1321582782386486e-08, 2.3555893235993608e-08, 1.0880401468682521e-08, 4.20488177610423e-08, 9.815169121907275e-09, 5.717290640916417e-09, 1.0153547336244628e-08, 8.421417341253346e-09, 2.5688247085042804e-09, 3.891108324438619e-09, 1.994968457097457e-08, 0.0, 1.1643981778775014e-08, 7.25112547783624e-09, 1.5933926178490765e-08, 0.0, 0.0, 0.0, 1.284673700752137e-08, 1.9776246418246046e-08], "Unc_Flux_History": [[null, 1.541266136939612e-08], [null, 1.5514645568259766e-08], [null, 1.3698570278108946e-08], [-1.4627262956423692e-08, 1.646801628396588e-08], [-3.6657032964626524e-09, 6.67786181907104e-09], [null, 1.0909304570816403e-08], [-1.4585190832860917e-08, 1.661729065460804e-08], [null, 1.615583755665284e-08], [-1.3872010207194307e-08, 1.5604769032506738e-08], [-7.71746666572426e-09, 1.2127343573808957e-08], [-1.2997896092770134e-08, 1.5013592147283816e-08], [null, 1.3141889354528757e-08], [-1.457792642156619e-08, 1.6297256877351174e-08], [null, 8.106971982613231e-09], [-8.925701955320164e-09, 1.1000648392212042e-08], [null, 9.516731402925416e-09], [null, 1.1303080249547293e-08], [-9.34377553107879e-09, 1.2451375930311315e-08], [-1.0967775132542101e-08, 1.1824337065036161e-08], [-9.788477584038446e-09, 1.249010139758866e-08], [null, 1.0158355046030465e-08], [-9.870578132620267e-09, 1.1949335743111078e-08], [null, 1.117137582440364e-08], [null, 1.0863951516171255e-08], [-9.389639288315266e-09, 1.2959681328084116e-08], [null, 1.097444535247405e-08], [-9.006259737986966e-09, 1.1547858669302968e-08], [null, 1.1179260184235318e-08], [-1.0859070087576583e-08, 1.3957219380245078e-08], [-1.0958142837580453e-08, 1.2587914710593395e-08], [-9.094141439902614e-09, 1.057569143370074e-08], [-1.6434112737329087e-08, 1.7960415377160643e-08], [null, 1.4559521588353164e-08], [null, 1.2832348517122227e-08], [-9.18152931461691e-09, 1.0938050465369997e-08], [null, 1.0921175963574115e-08], [null, 1.2715033470556136e-08], [null, 8.716983579404314e-09], [-1.1500449481616215e-08, 1.355301293415323e-08], [null, 9.361890818126994e-09], [null, 1.3138695464931516e-08], [-6.013704645368989e-09, 8.673790574675877e-09], [-8.788799910064427e-09, 1.0593856458740447e-08], [null, 1.2707804586398197e-08], [null, 1.0700483166203867e-08], [null, 1.0116037785223853e-08], [-1.056606624416645e-08, 1.1586307024913367e-08], [-1.1451043668841976e-08, 1.3623751904390247e-08]], "Extended_Source_Name": "                  ", "0FGL_Name": "                 ", "1FGL_Name": "                  ", "2FGL_Name": "2FGL J1558.6-7039 ", "1FHL_Name": "                  ", "ASSOC_GAM1": "               ", "ASSOC_GAM2": "              ", "ASSOC_GAM3": "               ", "TEVCAT_FLAG": "N", "ASSOC_TEV": "                     ", "CLASS1": "bcu  ", "ASSOC1": "PKS 1552-705              ", "ASSOC2": "                          ", "Flags": 0, "source_id": 1936}