{"Source_Name": "3FGL J1505.0-3432 ", "RAJ2000": 226.25010681152344, "DEJ2000": -34.54719924926758, "GLON": 331.9172058105469, "GLAT": 20.69936752319336, "Conf_68_SemiMajor": 0.05618385598063469, "Conf_68_SemiMinor": 0.04409600421786308, "Conf_68_PosAng": -19.90999984741211, "Conf_95_SemiMajor": 0.09109999984502792, "Conf_95_SemiMinor": 0.07150000333786011, "Conf_95_PosAng": -19.90999984741211, "ROI_num": 571, "Signif_Avg": 7.548140525817871, "Pivot_Energy": 1605.476318359375, "Flux_Density": 2.6097288392812334e-13, "Unc_Flux_Density": 4.140598251095064e-14, "Flux1000": 6.077598424525377e-10, "Unc_Flux1000": 9.888226348842011e-11, "Energy_Flux100": 7.061465561591929e-12, "Unc_Energy_Flux100": 1.1316977086353597e-12, "Signif_Curve": 1.705759048461914, "SpectrumType": "PowerLaw        ", "Spectral_Index": 2.2304630279541016, "Unc_Spectral_Index": 0.11205978691577911, "beta": null, "Unc_beta": null, "Cutoff": null, "Unc_Cutoff": null, "Exp_Index": null, "Unc_Exp_Index": null, "PowerLaw_Index": 2.2304630279541016, "Flux30_100": null, "Unc_Flux30_100": null, "nuFnu30_100": null, "Sqrt_TS30_100": null, "Flux100_300": 1.0841521458360148e-08, "Unc_Flux100_300": [-4.452181290304225e-09, 4.448945212232047e-09], "nuFnu100_300": 2.5470877577232764e-12, "Sqrt_TS100_300": 2.401346206665039, "Flux300_1000": 1.35409738977188e-09, "Unc_Flux300_1000": [-6.221566595243644e-10, 6.413701791885273e-10], "nuFnu300_1000": 9.049589961944438e-13, "Sqrt_TS300_1000": 2.219033718109131, "Flux1000_3000": 5.687119108976901e-10, "Unc_Flux1000_3000": [-1.267816407413136e-10, 1.358638340720475e-10], "nuFnu1000_3000": 1.336121643012722e-12, "Sqrt_TS1000_3000": 5.359752655029297, "Flux3000_10000": 1.2792558679031174e-10, "Unc_Flux3000_10000": [-3.7867299573779434e-11, 4.4424321860025984e-11], "nuFnu3000_10000": 8.549414431610614e-13, "Sqrt_TS3000_10000": 4.7647294998168945, "Flux10000_100000": 2.8424445089325623e-11, "Unc_Flux10000_100000": [-1.4360617729691771e-11, 2.0324001162586036e-11], "nuFnu10000_100000": 4.619285639759219e-13, "Sqrt_TS10000_100000": 3.13228440284729, "Variability_Index": 56.35945129394531, "Signif_Peak": null, "Flux_Peak": null, "Unc_Flux_Peak": null, "Time_Peak": null, "Peak_Interval": null, "Flux_History": [1.3548267396856772e-08, 2.3260544601555466e-09, 2.587536185316708e-09, 4.970953870753192e-09, 2.278453337112296e-08, 0.0, 3.6228485100764374e-08, 1.861113574364026e-08, 2.5534140135619054e-08, 2.0147195911590643e-08, 3.11779437822679e-08, 1.7666977214503277e-08, 1.908073343770411e-08, 2.2127176535491344e-08, 7.64128493813132e-09, 0.0, 7.880540664473301e-09, 2.067624471635554e-08, 0.0, 0.0, 0.0, 1.1467897742534205e-08, 0.0, 0.0, 0.0, 1.3191180592286855e-08, 3.237181189774674e-08, 0.0, 9.02449048822973e-09, 1.9956177155222576e-08, 2.759937700602677e-08, 9.427559177765943e-09, 7.531115286951717e-09, 2.170080781738193e-09, 2.8725946066288088e-08, 0.0, 7.332730866949078e-09, 1.9577958809691154e-08, 1.0110384529582461e-08, 9.54414769438472e-09, 0.0, 9.561794911405741e-09, 4.0952246038727935e-09, 1.8249155075977797e-08, 0.0, 1.2286855977095001e-08, 0.0, 0.0], "Unc_Flux_History": [[-1.215250922115274e-08, 1.4493272360027731e-08], [null, 1.6005486713766004e-08], [null, 1.0640224701319312e-08], [null, 1.516469083640004e-08], [-1.0650587967120373e-08, 1.28985950809124e-08], [null, 1.6220875309613803e-08], [-1.260815896131362e-08, 1.4326134056830142e-08], [-1.0611365119927996e-08, 1.3521214370371126e-08], [-1.1152915924128592e-08, 1.3075235116843942e-08], [-1.1731110305390757e-08, 1.4081486199302162e-08], [-1.49766172796717e-08, 1.7565067622626884e-08], [-9.365749065182172e-09, 1.1067185390345458e-08], [-1.5935873065586748e-08, 1.7662598494894155e-08], [-9.686979218770375e-09, 1.14528075911835e-08], [null, 1.4728883002135262e-08], [null, 8.993732869555515e-09], [null, 1.2287585171577575e-08], [-1.4687577376548688e-08, 1.915768521598693e-08], [null, 8.320068189959784e-09], [null, 1.4714931495518613e-08], [null, 1.0020004381772196e-08], [-1.0994925858653914e-08, 1.4131233960767986e-08], [null, 1.1984388592622963e-08], [null, 8.282449392993385e-09], [null, 9.001645651096624e-09], [-8.155271125076524e-09, 1.0885163881368953e-08], [-1.5880619486097203e-08, 1.8570037951803897e-08], [null, 6.086336767907596e-09], [null, 1.3240859075835942e-08], [-1.0090892565983722e-08, 1.2204151467187785e-08], [-1.2111085467836347e-08, 1.3875188997758414e-08], [null, 1.3528557829545207e-08], [null, 1.4614347954022833e-08], [null, 1.8323913053563956e-08], [-1.1249761122655855e-08, 1.2549674188733206e-08], [null, 1.4353609856243565e-08], [-5.836360283950626e-09, 9.158974911827045e-09], [-1.1780787012583005e-08, 1.41478979642784e-08], [null, 1.6661935831052688e-08], [-8.190354172654679e-09, 9.9726022995128e-09], [null, 1.8016983460711344e-08], [-6.754194536995328e-09, 1.013819961315221e-08], [null, 1.4477385512634555e-08], [-1.0478860446028193e-08, 1.2887633182856462e-08], [null, 1.0087348734089119e-08], [-1.0112530368644457e-08, 1.4579776497214425e-08], [null, 7.435812854339474e-09], [null, 1.3079046290442875e-08]], "Extended_Source_Name": "                  ", "0FGL_Name": "                 ", "1FGL_Name": "1FGL J1505.1-3435 ", "2FGL_Name": "2FGL J1504.9-3433 ", "1FHL_Name": "                  ", "ASSOC_GAM1": "               ", "ASSOC_GAM2": "3EG J1500-3509", "ASSOC_GAM3": "               ", "TEVCAT_FLAG": "N", "ASSOC_TEV": "                     ", "CLASS1": "bll  ", "ASSOC1": "PMN J1505-3432            ", "ASSOC2": "                          ", "Flags": 0, "catalog_row_index": 1818}