{"Source_Name": "3FGL J1746.3-2851c", "RAJ2000": 266.59381103515625, "DEJ2000": -28.862699508666992, "GLON": 0.1492011696100235, "GLAT": -0.10315696895122528, "Conf_68_SemiMajor": 0.014554765075445175, "Conf_68_SemiMinor": 0.013876364566385746, "Conf_68_PosAng": 36.810001373291016, "Conf_95_SemiMajor": 0.023600000888109207, "Conf_95_SemiMinor": 0.02250000089406967, "Conf_95_PosAng": 36.810001373291016, "ROI_num": 23, "Signif_Avg": 20.99233055114746, "Pivot_Energy": 2933.659912109375, "Flux_Density": 3.450579448907587e-12, "Unc_Flux_Density": 2.0446901008268348e-13, "Flux1000": 2.7521767975713374e-08, "Unc_Flux1000": 1.7767238791321915e-09, "Energy_Flux100": 1.6448793715984067e-10, "Unc_Energy_Flux100": 1.8458514230990097e-11, "Signif_Curve": 9.347060203552246, "SpectrumType": "LogParabola     ", "Spectral_Index": 2.428901195526123, "Unc_Spectral_Index": 0.07040226459503174, "beta": 0.33673202991485596, "Unc_beta": 0.057702094316482544, "Cutoff": null, "Unc_Cutoff": null, "Exp_Index": null, "Unc_Exp_Index": null, "PowerLaw_Index": 2.3212039470672607, "Flux30_100": null, "Unc_Flux30_100": null, "nuFnu30_100": null, "Sqrt_TS30_100": null, "Flux100_300": 1.8510103449997928e-09, "Unc_Flux100_300": [null, 5.050384643823236e-08], "nuFnu100_300": 5.145968286907054e-13, "Sqrt_TS100_300": 0.0, "Flux300_1000": 4.536945397148884e-08, "Unc_Flux300_1000": [-1.159177553944346e-08, 1.172609742638997e-08], "nuFnu300_1000": 3.38735636762344e-11, "Sqrt_TS300_1000": 3.9560089111328125, "Flux1000_3000": 2.2354585738071364e-08, "Unc_Flux1000_3000": [-2.6546551623596315e-09, 2.70339595154212e-09], "nuFnu1000_3000": 5.332763397536411e-11, "Sqrt_TS1000_3000": 8.765625, "Flux3000_10000": 4.68638772233021e-09, "Unc_Flux3000_10000": [-4.3078748901415054e-10, 4.3078748901415054e-10], "nuFnu3000_10000": 2.923598863002752e-11, "Sqrt_TS3000_10000": 12.742076873779297, "Flux10000_100000": 4.5720238706081773e-10, "Unc_Flux10000_100000": [-8.593587647043321e-11, 9.35543309488196e-11], "nuFnu10000_100000": 4.706814365346146e-12, "Sqrt_TS10000_100000": 7.480601787567139, "Variability_Index": 57.06263732910156, "Signif_Peak": null, "Flux_Peak": null, "Unc_Flux_Peak": null, "Time_Peak": null, "Peak_Interval": null, "Flux_History": [1.5567212585665402e-07, 9.970519698754288e-08, 1.1536821631352723e-07, 3.516010949056181e-08, 1.2772017043971573e-07, 1.0277135942260429e-07, 6.580727784921692e-08, 1.371901419133792e-07, 1.5799558639173483e-07, 9.57705879045534e-08, 1.7647374761509127e-07, 6.348327019622957e-08, 1.7624132908622414e-07, 1.2948740391038882e-07, 1.8002569390773715e-07, 4.402747677545449e-08, 1.227829784511414e-07, 1.8281065194969415e-07, 8.14422378425661e-08, 1.319391884635479e-07, 8.119301497799825e-08, 1.2773548974109872e-07, 1.197431060973031e-07, 1.3886106842164736e-07, 2.001550001295982e-07, 7.162145720940316e-08, 1.1738518423953792e-07, 8.754879843309027e-08, 9.877133777536073e-08, 1.508545182105081e-07, 1.0215433832172494e-07, 1.0323069687956377e-07, 1.852298794347007e-07, 2.5673585923868814e-07, 1.645369138714159e-07, 1.5647788131900597e-07, 9.495997232988884e-08, 4.088277805180951e-08, 9.9269556130821e-08, 2.01425962131907e-07, 1.2509813984706852e-07, 1.686614581331014e-07, 8.430083653365728e-08, 4.056641600413968e-08, 1.3340059012989514e-07, 8.718887301029099e-08, 1.4131067871403502e-07, 7.52409476945104e-08], "Unc_Flux_History": [[-4.036913381355589e-08, 4.316989787866987e-08], [-4.153316623956016e-08, 4.2884192197334414e-08], [-3.399500769774022e-08, 3.643301127453924e-08], [-3.096182510375911e-08, 3.615409127633029e-08], [-3.8594862417085096e-08, 4.1487009383445184e-08], [-3.7755928161686825e-08, 4.198347980377548e-08], [-4.199314318498182e-08, 4.5718127950067355e-08], [-4.2446757220204745e-08, 4.59794691209936e-08], [-4.4103195762090763e-08, 4.692774879799799e-08], [-3.5349472682355554e-08, 3.9923044425904664e-08], [-4.406783560284566e-08, 4.721174562405395e-08], [-3.898964351378709e-08, 4.150546928372023e-08], [-4.584876123203685e-08, 4.805315612088634e-08], [-3.869486775442965e-08, 4.143871734640925e-08], [-3.986436070135824e-08, 4.263010922045396e-08], [-3.8386023248904166e-08, 4.3282735617822254e-08], [-3.770739098740705e-08, 4.085181970481244e-08], [-5.168053718307419e-08, 5.624902144063526e-08], [-3.840561646484275e-08, 4.041365286866494e-08], [-4.67028655748436e-08, 5.070134534435056e-08], [-4.09644265175757e-08, 4.458992108880011e-08], [-3.77992535049998e-08, 4.075825543736755e-08], [-4.617720605892828e-08, 5.042145190259362e-08], [-3.723626562646132e-08, 3.946643190033683e-08], [-4.9440110672094306e-08, 5.293416549534413e-08], [-3.5319406066491865e-08, 3.831446093727209e-08], [-4.231923611541788e-08, 4.6322842450763346e-08], [-3.932699499387127e-08, 4.313373835884704e-08], [-3.564726824833997e-08, 3.891656774612784e-08], [-4.385869800671571e-08, 4.755533922207178e-08], [-3.1036623937552577e-08, 3.3793828180250784e-08], [-4.9739465879383715e-08, 5.4518469738695785e-08], [-4.4079854433221044e-08, 4.727737845655611e-08], [-5.189048479792291e-08, 5.456866247754988e-08], [-4.034482614656554e-08, 4.344872550632317e-08], [-4.101214656770935e-08, 4.381726981250722e-08], [-4.2708254710532856e-08, 4.673920273035037e-08], [-3.550290372800191e-08, 3.884128219056038e-08], [-4.96088361501279e-08, 5.3030419167043874e-08], [-3.96794206380946e-08, 4.206866677236576e-08], [-4.1963772900999174e-08, 4.647921159062207e-08], [-4.011391041558454e-08, 4.266049558054874e-08], [-3.6623386989731443e-08, 3.9920525551906394e-08], [-3.6576320638914694e-08, 4.157054434017482e-08], [-3.586289309964741e-08, 3.837520523575222e-08], [-4.237189088485138e-08, 4.9130839840927365e-08], [-3.9392038075902747e-08, 4.235522155227045e-08], [-4.339429793276395e-08, 4.824264010494517e-08]], "Extended_Source_Name": "                  ", "0FGL_Name": "                 ", "1FGL_Name": "1FGL J1746.4-2849c", "2FGL_Name": "2FGL J1746.6-2851c", "1FHL_Name": "1FHL J1746.3-2851 ", "ASSOC_GAM1": "               ", "ASSOC_GAM2": "3EG J1746-2851", "ASSOC_GAM3": "               ", "TEVCAT_FLAG": "N", "ASSOC_TEV": "                     ", "CLASS1": "pwn  ", "ASSOC1": "PWN G0.13-0.11            ", "ASSOC2": "                          ", "Flags": 48, "source_id": 2228}