{"Source_Name": "3FGL J1728.5+0428 ", "RAJ2000": 262.1452941894531, "DEJ2000": 4.47790002822876, "GLON": 27.340023040771484, "GLAT": 20.452463150024414, "Conf_68_SemiMajor": 0.09836800396442413, "Conf_68_SemiMinor": 0.0773376077413559, "Conf_68_PosAng": 70.18000030517578, "Conf_95_SemiMajor": 0.15950000286102295, "Conf_95_SemiMinor": 0.12540000677108765, "Conf_95_PosAng": 70.18000030517578, "ROI_num": 353, "Signif_Avg": 11.673665046691895, "Pivot_Energy": 552.2499389648438, "Flux_Density": 6.663356064834369e-12, "Unc_Flux_Density": 6.414917967483003e-13, "Flux1000": 8.955621799699998e-10, "Unc_Flux1000": 1.2124209969321953e-10, "Energy_Flux100": 1.4876868834057255e-11, "Unc_Energy_Flux100": 1.4414946016352848e-12, "Signif_Curve": 3.1844074726104736, "SpectrumType": "PowerLaw        ", "Spectral_Index": 2.59423828125, "Unc_Spectral_Index": 0.07821723818778992, "beta": null, "Unc_beta": null, "Cutoff": null, "Unc_Cutoff": null, "Exp_Index": null, "Unc_Exp_Index": null, "PowerLaw_Index": 2.59423828125, "Flux30_100": null, "Unc_Flux30_100": null, "nuFnu30_100": null, "Sqrt_TS30_100": null, "Flux100_300": 2.6432372735030185e-08, "Unc_Flux100_300": [-5.15014964008742e-09, 5.230092803287789e-09], "nuFnu100_300": 5.998382780064704e-12, "Sqrt_TS100_300": 5.243546962738037, "Flux300_1000": 5.686339843435917e-09, "Unc_Flux300_1000": [-7.835644355580484e-10, 8.032277065694871e-10], "nuFnu300_1000": 3.64685365239481e-12, "Sqrt_TS300_1000": 7.896326541900635, "Flux1000_3000": 8.3303347553354e-10, "Unc_Flux1000_3000": [-1.5519449614309622e-10, 1.644279573609353e-10], "nuFnu1000_3000": 1.890429436254837e-12, "Sqrt_TS1000_3000": 6.439428329467773, "Flux3000_10000": 9.294796182723886e-11, "Unc_Flux3000_10000": [-3.7460066298899974e-11, 4.443682227739387e-11], "nuFnu3000_10000": 5.961086116910985e-13, "Sqrt_TS3000_10000": 3.0859267711639404, "Flux10000_100000": 3.3922646321734445e-14, "Unc_Flux10000_100000": [null, 1.8341597338156213e-11], "nuFnu10000_100000": 4.842911405322054e-16, "Sqrt_TS10000_100000": 0.0, "Variability_Index": 85.35407257080078, "Signif_Peak": 5.663984298706055, "Flux_Peak": 1.0600457756027026e-07, "Unc_Flux_Peak": 2.2723055437268158e-08, "Time_Peak": 253795008.0, "Peak_Interval": 2630000.0, "Flux_History": [6.278904152168252e-08, 8.803329620832301e-08, 4.922975094245885e-08, 2.991496828030904e-08, 0.0, 1.0600457756027026e-07, 5.1468372674889906e-08, 1.6275492953354842e-08, 2.9987045735424545e-08, 3.564445449910636e-08, 9.923935095912384e-08, 4.859007773916346e-08, 4.234304995520688e-08, 9.574701032022404e-09, 5.4739924593150135e-08, 2.0653954990734746e-08, 0.0, 4.3073626443401736e-08, 0.0, 5.407414249702924e-08, 0.0, 2.287626088559591e-08, 1.8101239618317777e-08, 4.3650981496057284e-08, 2.0130935141082773e-08, 2.4233800743900247e-08, 0.0, 3.068080456358757e-09, 3.452277042015339e-08, 1.9230030900985184e-08, 0.0, 5.7364317740393744e-08, 3.968732542602993e-08, 2.4585022018186464e-08, 8.123152639427644e-08, 5.7965355182432177e-08, 2.3572095386725778e-08, 2.1376697745267847e-08, 3.592565178678342e-08, 3.365288847589909e-08, 4.803584374712955e-08, 8.148077057512637e-08, 7.552992009607351e-09, 3.157060390890365e-08, 3.7068751623792195e-08, 8.957803387943386e-09, 4.5175013951848086e-08, 4.60600269036604e-09], "Unc_Flux_History": [[-1.9805041162612724e-08, 2.124240516820919e-08], [-2.1229086044627365e-08, 2.2688215750577e-08], [-1.7556292419840247e-08, 1.893152479226501e-08], [-1.9962806518947218e-08, 2.1605954358960844e-08], [null, 1.6741550368237768e-08], [-2.2723055437268158e-08, 2.3989967345983132e-08], [-2.0485378726675663e-08, 2.186883030219633e-08], [null, 2.0820777990593342e-08], [-2.0404280931529684e-08, 2.239505469958658e-08], [-1.7726449641486397e-08, 1.922563086509399e-08], [-2.2749755856921183e-08, 2.4324265268660383e-08], [-1.962417250922499e-08, 2.1136996153359178e-08], [-1.916958858316775e-08, 2.099061724436524e-08], [null, 2.2129162502437794e-08], [-2.3868635068424737e-08, 2.623133887880158e-08], [null, 2.488346595441726e-08], [null, 1.7131126739400315e-08], [-2.3312237473760433e-08, 2.6139927555846043e-08], [null, 1.86882687103207e-08], [-2.4980485235914784e-08, 2.688886091561926e-08], [null, 1.6392823098954068e-08], [-1.65778981653375e-08, 1.9332006218064635e-08], [null, 2.646289409824476e-08], [-2.1323355525737497e-08, 2.3668146553745828e-08], [-1.8565492254651872e-08, 2.070580862323368e-08], [-2.2306238633973408e-08, 2.4052155822573695e-08], [null, 1.5385456464400704e-08], [null, 2.5687644011895827e-08], [-2.289977807379273e-08, 2.5052951713178118e-08], [null, 2.2996355042437244e-08], [null, 2.0724661098370234e-08], [-2.1930915750090207e-08, 2.429536927195386e-08], [-2.1687201368081332e-08, 2.4418852717644768e-08], [-2.0816630197373343e-08, 2.5223465982548987e-08], [-2.56042582691407e-08, 2.7025809146152824e-08], [-2.3754601841119438e-08, 2.572318003046803e-08], [-1.9342113688480822e-08, 2.2849327763196925e-08], [-1.7692462606078152e-08, 2.2099214902482345e-08], [-2.5398721348324216e-08, 2.741097659963998e-08], [-2.1247215542530284e-08, 2.5920984469962605e-08], [-2.5206794873611216e-08, 2.7824313519886346e-08], [-2.6367539263105755e-08, 2.844098467846834e-08], [null, 1.729244836212729e-08], [-2.150455280514052e-08, 2.453492342624486e-08], [-1.7420607179019498e-08, 1.9954939034505514e-08], [null, 2.3473063492929214e-08], [-2.4621060745744217e-08, 2.7627827137166605e-08], [null, 2.263393206192177e-08]], "Extended_Source_Name": "                  ", "0FGL_Name": "                 ", "1FGL_Name": "1FGL J1728.2+0431 ", "2FGL_Name": "2FGL J1728.2+0429 ", "1FHL_Name": "                  ", "ASSOC_GAM1": "               ", "ASSOC_GAM2": "3EG J1727+0429", "ASSOC_GAM3": "EGR J1727+0416 ", "TEVCAT_FLAG": "N", "ASSOC_TEV": "                     ", "CLASS1": "fsrq ", "ASSOC1": "PKS 1725+044              ", "ASSOC2": "                          ", "Flags": 0, "source_id": 2164}