{"Source_Name": "3FGL J2315.7-5018 ", "RAJ2000": 348.94189453125, "DEJ2000": -50.31159973144531, "GLON": 334.6642761230469, "GLAT": -60.510536193847656, "Conf_68_SemiMajor": 0.05686225742101669, "Conf_68_SemiMinor": 0.04317091032862663, "Conf_68_PosAng": 2.1700000762939453, "Conf_95_SemiMajor": 0.09220000356435776, "Conf_95_SemiMinor": 0.07000000029802322, "Conf_95_PosAng": 2.1700000762939453, "ROI_num": 281, "Signif_Avg": 10.098834037780762, "Pivot_Energy": 1330.2042236328125, "Flux_Density": 3.7436248762415247e-13, "Unc_Flux_Density": 4.75864939358632e-14, "Flux1000": 5.852128781569377e-10, "Unc_Flux1000": 8.036769860719772e-11, "Energy_Flux100": 6.6740324204672685e-12, "Unc_Energy_Flux100": 8.525040482570967e-13, "Signif_Curve": 1.939275860786438, "SpectrumType": "PowerLaw        ", "Spectral_Index": 2.1904702186584473, "Unc_Spectral_Index": 0.09725162386894226, "beta": null, "Unc_beta": null, "Cutoff": null, "Unc_Cutoff": null, "Exp_Index": null, "Unc_Exp_Index": null, "PowerLaw_Index": 2.1904702186584473, "Flux30_100": null, "Unc_Flux30_100": null, "nuFnu30_100": null, "Sqrt_TS30_100": null, "Flux100_300": 2.2643317776349647e-11, "Unc_Flux100_300": [null, 3.0684221830057368e-09], "nuFnu100_300": 5.340494875076844e-15, "Sqrt_TS100_300": 0.0, "Flux300_1000": 1.7240306959820373e-09, "Unc_Flux300_1000": [-4.1911671355698843e-10, 4.3937639637725567e-10], "nuFnu300_1000": 1.1575434621241554e-12, "Sqrt_TS300_1000": 4.44916296005249, "Flux1000_3000": 6.12289718926462e-10, "Unc_Flux1000_3000": [-9.982238646788488e-11, 1.0612312417723757e-10], "nuFnu1000_3000": 1.4441037341633711e-12, "Sqrt_TS1000_3000": 8.471683502197266, "Flux3000_10000": 1.2115347614027883e-10, "Unc_Flux3000_10000": [-3.376578530667196e-11, 4.113406837369382e-11], "nuFnu3000_10000": 8.134450686821115e-13, "Sqrt_TS3000_10000": 5.303047180175781, "Flux10000_100000": 8.458912389985862e-12, "Unc_Flux10000_100000": [-6.000170412606698e-12, 1.1202987322544988e-11], "nuFnu10000_100000": 1.3959268311582174e-13, "Sqrt_TS10000_100000": 2.4126534461975098, "Variability_Index": 41.21979904174805, "Signif_Peak": null, "Flux_Peak": null, "Unc_Flux_Peak": null, "Time_Peak": null, "Peak_Interval": null, "Flux_History": [3.171286522274386e-08, 9.06450470239406e-09, 2.121945108513046e-08, 1.1852385739530291e-08, 1.564798068898199e-08, 3.3494171880477097e-09, 4.0956780189560504e-09, 1.8025296810719738e-08, 1.9957075991783313e-08, 1.1586347881120673e-08, 1.6097093435973875e-08, 1.3478242522069195e-08, 7.242984434441269e-09, 5.054499041534655e-09, 6.257525164699018e-09, 8.78701200690557e-09, 1.0469560329795513e-08, 5.132385183514998e-09, 0.0, 1.255416393064479e-08, 0.0, 6.622366210962127e-09, 8.924334160553826e-09, 2.0242050258190147e-09, 4.440368073233003e-09, 5.925194113132193e-09, 3.299076567486736e-09, 8.001730833484544e-09, 0.0, 4.482882065559579e-09, 0.0, 1.8139097335279075e-08, 1.821567430226878e-08, 1.817110018009771e-08, 0.0, 1.5153769794551408e-08, 9.143933610289423e-09, 2.0287703961230363e-08, 4.132159503456023e-09, 4.286342392134657e-09, 1.1234188690423252e-08, 4.757979787939348e-09, 4.858158320075745e-09, 6.301201782576982e-10, 1.264808613399282e-08, 0.0, 5.88264192913357e-09, 9.882288765084013e-09], "Unc_Flux_History": [[-1.0229887159596274e-08, 1.1421371404196634e-08], [-8.423078234898185e-09, 1.0244665560321664e-08], [-8.63764526570776e-09, 1.0283882190265103e-08], [-7.815661895449466e-09, 9.79169545445302e-09], [-8.093799408470659e-09, 9.922692889574591e-09], [null, 8.035510923320999e-09], [-3.9865875045563826e-09, 6.266420715661525e-09], [-9.777471277061522e-09, 1.1694455182009733e-08], [-9.982806581376735e-09, 1.1662984356064499e-08], [-7.964755965872428e-09, 9.30219101746843e-09], [-1.0506053804704152e-08, 1.1672254274230909e-08], [-7.24730364609627e-09, 8.968628506522691e-09], [-6.073360925284987e-09, 6.982543876432601e-09], [null, 1.2504978386118637e-08], [-5.1213420171336566e-09, 6.545739505980919e-09], [-5.164098038079601e-09, 7.486303132964167e-09], [-5.4349262867958714e-09, 7.04163616305209e-09], [null, 1.0522029469939298e-08], [null, 1.0399414662742856e-08], [-6.638169569583852e-09, 7.992221995323234e-09], [null, 1.411289041186592e-08], [null, 8.705400844633004e-09], [-7.132290757994042e-09, 1.0111358861308872e-08], [null, 8.665582029721008e-09], [null, 1.0337840805618725e-08], [null, 1.0433102382023662e-08], [null, 7.489540543303974e-09], [null, 1.1561464674514355e-08], [null, 6.155507659144632e-09], [null, 8.843279886150412e-09], [null, 7.538710100618573e-09], [-8.166257892128215e-09, 1.0125203786515158e-08], [-1.022503948178155e-08, 1.2327594056671387e-08], [-6.820557896247692e-09, 8.06941891084989e-09], [null, 5.737590846877083e-09], [-6.456281287370302e-09, 7.76831843296577e-09], [-8.684486907384326e-09, 1.1494446283677462e-08], [-9.208787510317507e-09, 1.0597644539700468e-08], [null, 8.136561646665541e-09], [null, 7.509408206374246e-09], [-5.573376427037147e-09, 6.998493784493576e-09], [-4.452914481589687e-09, 7.625989617565665e-09], [-4.0739678297541104e-09, 5.559579907554735e-09], [null, 1.0724709120779607e-08], [-6.987391554247324e-09, 8.51502690579764e-09], [null, 7.254981504445368e-09], [null, 1.0170146502730404e-08], [-9.230374686808318e-09, 1.1203411531823804e-08]], "Extended_Source_Name": "                  ", "0FGL_Name": "                 ", "1FGL_Name": "1FGL J2315.9-5014 ", "2FGL_Name": "2FGL J2315.7-5014 ", "1FHL_Name": "                  ", "ASSOC_GAM1": "               ", "ASSOC_GAM2": "              ", "ASSOC_GAM3": "               ", "TEVCAT_FLAG": "N", "ASSOC_TEV": "                     ", "CLASS1": "bll  ", "ASSOC1": "PKS 2312-505              ", "ASSOC2": "                          ", "Flags": 0, "catalog_row_index": 2944}