{"Source_Name": "3FGL J1116.7-4854 ", "RAJ2000": 169.1824951171875, "DEJ2000": -48.900699615478516, "GLON": 287.3276672363281, "GLAT": 11.080322265625, "Conf_68_SemiMajor": 0.16232262551784515, "Conf_68_SemiMinor": 0.1213102638721466, "Conf_68_PosAng": 84.69000244140625, "Conf_95_SemiMajor": 0.2632000148296356, "Conf_95_SemiMinor": 0.19670000672340393, "Conf_95_PosAng": 84.69000244140625, "ROI_num": 392, "Signif_Avg": 5.0610246658325195, "Pivot_Energy": 916.4788818359375, "Flux_Density": 7.873997677834699e-13, "Unc_Flux_Density": 1.4832026665884124e-13, "Flux1000": 4.3494724488724046e-10, "Unc_Flux1000": 9.276007045810886e-11, "Energy_Flux100": 6.115171303361366e-12, "Unc_Energy_Flux100": 1.1835686510724974e-12, "Signif_Curve": 1.9664479494094849, "SpectrumType": "PowerLaw        ", "Spectral_Index": 2.4596140384674072, "Unc_Spectral_Index": 0.13064779341220856, "beta": null, "Unc_beta": null, "Cutoff": null, "Unc_Cutoff": null, "Exp_Index": null, "Unc_Exp_Index": null, "PowerLaw_Index": 2.4596140384674072, "Flux30_100": null, "Unc_Flux30_100": null, "nuFnu30_100": null, "Sqrt_TS30_100": null, "Flux100_300": 9.882668017269225e-09, "Unc_Flux100_300": [-5.239906286647056e-09, 5.449926288036977e-09], "nuFnu100_300": 2.271307707885084e-12, "Sqrt_TS100_300": 1.8665298223495483, "Flux300_1000": 2.3533539561526595e-09, "Unc_Flux300_1000": [-6.273510599896781e-10, 6.454177192694033e-10], "nuFnu300_1000": 1.532140516888325e-12, "Sqrt_TS300_1000": 3.9198575019836426, "Flux1000_3000": 3.49778622732444e-10, "Unc_Flux1000_3000": [-1.1037643021793997e-10, 1.192264065252857e-10], "nuFnu1000_3000": 8.038869591699138e-13, "Sqrt_TS1000_3000": 3.559432029724121, "Flux3000_10000": 3.5180365565157246e-11, "Unc_Flux3000_10000": [-2.635738328982118e-11, 3.404259860118053e-11], "nuFnu3000_10000": 2.290401754975052e-13, "Sqrt_TS3000_10000": 1.427253007888794, "Flux10000_100000": 1.012284006618458e-11, "Unc_Flux10000_100000": [-9.699261359352729e-12, 1.5097324432278292e-11], "nuFnu10000_100000": 1.512792034653529e-13, "Sqrt_TS10000_100000": 1.0593129396438599, "Variability_Index": 63.29901885986328, "Signif_Peak": null, "Flux_Peak": null, "Unc_Flux_Peak": null, "Time_Peak": null, "Peak_Interval": null, "Flux_History": [0.0, 4.160670030728397e-08, 3.010471161246642e-08, 4.006811327172954e-09, 9.798500677504762e-09, 1.9883387381014472e-08, 0.0, 3.254374547623229e-08, 0.0, 2.2320310932855136e-08, 0.0, 3.935824555156842e-09, 0.0, 3.0874051759610666e-08, 1.2107139468753303e-07, 3.1305447123486374e-08, 5.96791105422767e-09, 2.9269713763824257e-08, 0.0, 0.0, 3.2309330766366884e-09, 0.0, 1.351563483353857e-08, 1.3267055898324998e-08, 7.029185233875523e-09, 2.585201919202973e-08, 2.6691438392845157e-08, 1.916020231362836e-09, 7.791545186819349e-09, 0.0, 2.5254710322997198e-08, 0.0, 0.0, 3.9018289044179255e-08, 0.0, 3.013082894298691e-09, 1.806079907851199e-08, 1.6396676016938727e-08, 6.678657182845882e-09, 1.364027113481825e-08, 0.0, 1.057341147969737e-08, 0.0, 5.5275157784251405e-09, 2.08049062422333e-08, 3.505655765678739e-09, 2.217318595398865e-08, 1.2989249675854353e-08], "Unc_Flux_History": [[null, 1.708997388050193e-08], [-1.6648618483827704e-08, 1.9708510379246036e-08], [-1.8605170737373555e-08, 2.0733331496103347e-08], [null, 1.918010994472752e-08], [null, 1.4984568252884856e-08], [-1.955821105070754e-08, 2.177150193460875e-08], [null, 1.3725523828611585e-08], [-2.2855878967220633e-08, 2.3587773512190324e-08], [null, 1.4530065151063809e-08], [-1.4179752483300945e-08, 1.7081541514585297e-08], [null, 1.4869002917805574e-08], [null, 1.6113688161567552e-08], [null, 2.0713935455773935e-08], [-1.6366184851790422e-08, 1.743005206833459e-08], [-2.5819868909593424e-08, 2.7855914908059276e-08], [-1.4697175920730388e-08, 1.6387794232741726e-08], [null, 1.621368284077107e-08], [-1.702818686055707e-08, 1.909619484763425e-08], [null, 1.474479560670261e-08], [null, 1.3740921289695507e-08], [null, 1.664344750906821e-08], [null, 2.0853736515391574e-08], [null, 1.4859176111770012e-08], [-1.1895225249247687e-08, 1.4766281530853576e-08], [null, 1.6024827687033394e-08], [-1.8706648674537973e-08, 2.106904339882476e-08], [-1.8017580316609383e-08, 2.025421252938031e-08], [null, 1.506426094977087e-08], [null, 1.8196265827441493e-08], [null, 1.269153582228455e-08], [-1.3565252920955118e-08, 1.6640406386159157e-08], [null, 1.6762646382062485e-08], [null, 1.3096010498259147e-08], [-1.769883439806108e-08, 1.9341245049986355e-08], [null, 1.4441005724563638e-08], [null, 2.1329515931256537e-08], [-1.500484714256345e-08, 1.704430196980411e-08], [null, 1.8567050119600026e-08], [null, 1.5684710419350267e-08], [-1.1228931562357047e-08, 1.4198256792496977e-08], [null, 1.0303897290953046e-08], [null, 1.3822671895979965e-08], [null, 1.7100386884294494e-08], [null, 1.107328007066144e-08], [-1.7056251522262755e-08, 1.904163937638259e-08], [null, 1.0873882239081922e-08], [-1.59975606095486e-08, 1.7947879626944996e-08], [null, 1.798213666859283e-08]], "Extended_Source_Name": "                  ", "0FGL_Name": "                 ", "1FGL_Name": "                  ", "2FGL_Name": "2FGL J1117.2-4844 ", "1FHL_Name": "                  ", "ASSOC_GAM1": "               ", "ASSOC_GAM2": "              ", "ASSOC_GAM3": "               ", "TEVCAT_FLAG": "N", "ASSOC_TEV": "                     ", "CLASS1": "     ", "ASSOC1": "                          ", "ASSOC2": "                          ", "Flags": 1, "source_id": 1321}