{"Source_Name": "3FGL J1758.8-2402 ", "RAJ2000": 269.70489501953125, "DEJ2000": -24.036699295043945, "GLON": 5.720296382904053, "GLAT": -0.043389253318309784, "Conf_68_SemiMajor": 0.04761134833097458, "Conf_68_SemiMinor": 0.04397265613079071, "Conf_68_PosAng": -33.52000045776367, "Conf_95_SemiMajor": 0.07720000296831131, "Conf_95_SemiMinor": 0.07129999995231628, "Conf_95_PosAng": -33.52000045776367, "ROI_num": 24, "Signif_Avg": 5.3397417068481445, "Pivot_Energy": 7594.45068359375, "Flux_Density": 4.030465672040344e-14, "Unc_Flux_Density": 8.132909662839517e-15, "Flux1000": 2.2861883497427016e-09, "Unc_Flux1000": 5.265451408220656e-10, "Energy_Flux100": 2.5584158055980133e-11, "Unc_Energy_Flux100": 5.636723292984369e-12, "Signif_Curve": 2.880831718444824, "SpectrumType": "PowerLaw        ", "Spectral_Index": 1.9936635494232178, "Unc_Spectral_Index": 0.10394734144210815, "beta": null, "Unc_beta": null, "Cutoff": null, "Unc_Cutoff": null, "Exp_Index": null, "Unc_Exp_Index": null, "PowerLaw_Index": 1.9936635494232178, "Flux30_100": null, "Unc_Flux30_100": null, "nuFnu30_100": null, "Sqrt_TS30_100": null, "Flux100_300": 4.672737197175536e-11, "Unc_Flux100_300": [null, 2.9099050280478878e-08], "nuFnu100_300": 1.1235493092810137e-14, "Sqrt_TS100_300": 0.0, "Flux300_1000": 8.819451835506698e-09, "Unc_Flux300_1000": [-4.587247470766442e-09, 4.6379593499068505e-09], "nuFnu300_1000": 6.059638901767528e-12, "Sqrt_TS300_1000": 1.2769957780838013, "Flux1000_3000": 1.4152570226855232e-09, "Unc_Flux1000_3000": [-8.930227668457746e-10, 9.155222691070719e-10], "nuFnu1000_3000": 3.402954133757685e-12, "Sqrt_TS1000_3000": 1.5961154699325562, "Flux3000_10000": 8.100448090075929e-10, "Unc_Flux3000_10000": [-1.8455466321842806e-10, 1.95013255543941e-10], "nuFnu3000_10000": 5.565628253406674e-12, "Sqrt_TS3000_10000": 5.143674373626709, "Flux10000_100000": 1.494793872014455e-10, "Unc_Flux10000_100000": [-5.7735302649852827e-11, 6.550392867010757e-11], "nuFnu10000_100000": 2.667492528946047e-12, "Sqrt_TS10000_100000": 3.0246589183807373, "Variability_Index": 54.83053970336914, "Signif_Peak": null, "Flux_Peak": null, "Unc_Flux_Peak": null, "Time_Peak": null, "Peak_Interval": null, "Flux_History": [0.0, 1.325105269955884e-08, 4.0615901752971695e-08, 0.0, 1.2465413590234675e-08, 1.1404522659574923e-08, 3.5391469310752655e-08, 6.261902285586984e-08, 0.0, 5.6947261128925675e-08, 0.0, 0.0, 0.0, 3.2195114130217917e-08, 4.687517929369278e-09, 9.645004794833767e-09, 8.065303092053e-08, 8.130282225238261e-08, 1.0768718539111433e-07, 0.0, 4.7416921944432033e-08, 8.712117960385513e-08, 0.0, 7.527806822338334e-09, 0.0, 3.2132358995795585e-08, 7.301056825781416e-08, 7.311784600005922e-08, 7.777448729484604e-08, 1.2759085343816423e-08, 0.0, 1.1105461794613802e-07, 0.0, 0.0, 6.279001762976577e-09, 0.0, 0.0, 0.0, 7.252977951566209e-08, 2.9522839284368274e-08, 0.0, 0.0, 2.801877130309549e-08, 4.1097436564996315e-08, 6.151626052997017e-08, 8.116402483437923e-08, 2.878201321721008e-08, 0.0], "Unc_Flux_History": [[null, 2.4038502743906065e-08], [null, 2.5603142717045557e-08], [-3.7184793910682856e-08, 4.288555999210075e-08], [null, 3.3982253455633327e-08], [null, 3.433533279917356e-08], [null, 3.294731243386195e-08], [-2.2943730471070012e-08, 2.890830330670724e-08], [-3.042543639253381e-08, 3.5094458894491254e-08], [null, 3.3796137444142005e-08], [-3.3784584019258546e-08, 4.084807159188131e-08], [null, 3.612318266732473e-08], [null, 3.3857002534887215e-08], [null, 3.109584056915082e-08], [null, 3.826189143296688e-08], [null, 3.4396794745816806e-08], [null, 5.65789726181265e-08], [-3.551523164446735e-08, 3.93069292670134e-08], [-5.243875023097644e-08, 6.339662661503098e-08], [-4.2549679335479595e-08, 4.517893614774948e-08], [null, 3.411647497841841e-08], [-3.04889695712518e-08, 3.738964338140249e-08], [-3.2653140635829914e-08, 3.678206184076771e-08], [null, 4.387262464433661e-08], [null, 3.017994032461502e-08], [null, 3.1263738264897256e-08], [-2.487238859316676e-08, 3.097744283309112e-08], [-3.3187159687031453e-08, 3.833593353874676e-08], [-3.3977727298406535e-08, 3.901374867609775e-08], [-4.341045922728881e-08, 4.6803403819239975e-08], [null, 3.795545566731562e-08], [null, 3.42981891776617e-08], [-3.747424415223577e-08, 4.346518878151073e-08], [null, 2.9241382648592662e-08], [null, 3.813622129200667e-08], [null, 3.662045600094643e-08], [null, 3.391186353951525e-08], [null, 3.8141529046242795e-08], [null, 4.809622566881444e-08], [-4.3806654304034964e-08, 5.0785587291102274e-08], [-2.3073722488220483e-08, 3.022556782639185e-08], [null, 4.34208509147993e-08], [null, 4.2123026844365086e-08], [null, 3.6916070200732065e-08], [-2.7300753657755195e-08, 3.81292437623415e-08], [-2.839789203790133e-08, 3.277879301322173e-08], [-4.1252487648080205e-08, 4.429768551972302e-08], [null, 4.39702105836659e-08], [null, 4.7764515898052196e-08]], "Extended_Source_Name": "                  ", "0FGL_Name": "                 ", "1FGL_Name": "                  ", "2FGL_Name": "2FGL J1758.8-2402c", "1FHL_Name": "                  ", "ASSOC_GAM1": "               ", "ASSOC_GAM2": "              ", "ASSOC_GAM3": "               ", "TEVCAT_FLAG": "N", "ASSOC_TEV": "                     ", "CLASS1": "     ", "ASSOC1": "                          ", "ASSOC2": "                          ", "Flags": 20, "catalog_row_index": 2265}