{"Source_Name": "3FGL J1527.0-3804 ", "RAJ2000": 231.75369262695312, "DEJ2000": -38.080299377441406, "GLON": 333.7574462890625, "GLAT": 15.307897567749023, "Conf_68_SemiMajor": 0.05353192985057831, "Conf_68_SemiMinor": 0.04946152865886688, "Conf_68_PosAng": 30.079999923706055, "Conf_95_SemiMajor": 0.0868000015616417, "Conf_95_SemiMinor": 0.08020000159740448, "Conf_95_PosAng": 30.079999923706055, "ROI_num": 345, "Signif_Avg": 4.50194787979126, "Pivot_Energy": 1471.2271728515625, "Flux_Density": 2.0506692047575492e-13, "Unc_Flux_Density": 4.684277867938319e-14, "Flux1000": 3.7850289569263396e-10, "Unc_Flux1000": 8.983087884661956e-11, "Energy_Flux100": 4.695629735734785e-12, "Unc_Energy_Flux100": 1.1371052753908484e-12, "Signif_Curve": 1.0447962284088135, "SpectrumType": "PowerLaw        ", "Spectral_Index": 2.329066038131714, "Unc_Spectral_Index": 0.181595116853714, "beta": null, "Unc_beta": null, "Cutoff": null, "Unc_Cutoff": null, "Exp_Index": null, "Unc_Exp_Index": null, "PowerLaw_Index": 2.329066038131714, "Flux30_100": null, "Unc_Flux30_100": null, "nuFnu30_100": null, "Sqrt_TS30_100": null, "Flux100_300": 8.466104262083718e-09, "Unc_Flux100_300": [-3.732361086861147e-09, 3.8359044829405775e-09], "nuFnu100_300": 1.9701579777320344e-12, "Sqrt_TS100_300": 2.2667436599731445, "Flux300_1000": 1.9335919532181833e-09, "Unc_Flux300_1000": [-6.337576019532776e-10, 6.620052839245716e-10], "nuFnu300_1000": 1.2776603776701312e-12, "Sqrt_TS300_1000": 3.1443309783935547, "Flux1000_3000": 1.2601414356439022e-10, "Unc_Flux1000_3000": [-1.1160678631272347e-10, 1.2071295352189537e-10], "nuFnu1000_3000": 2.932491489221478e-13, "Sqrt_TS1000_3000": 1.1361970901489258, "Flux3000_10000": 8.414489938157743e-11, "Unc_Flux3000_10000": [-3.5859828995121745e-11, 4.410961873535513e-11], "nuFnu3000_10000": 5.560045696420546e-13, "Sqrt_TS3000_10000": 2.856712818145752, "Flux10000_100000": 2.9601085471675503e-11, "Unc_Flux10000_100000": [-1.4788848964886192e-11, 2.0427885077944907e-11], "nuFnu10000_100000": 4.635970426991598e-13, "Sqrt_TS10000_100000": 3.2355945110321045, "Variability_Index": 42.567020416259766, "Signif_Peak": null, "Flux_Peak": null, "Unc_Flux_Peak": null, "Time_Peak": null, "Peak_Interval": null, "Flux_History": [6.047473632975198e-09, 0.0, 2.4997106606861053e-08, 7.364676424259642e-09, 5.833098004615067e-09, 1.4201725129225906e-08, 0.0, 7.111911060064813e-09, 1.7620218173419744e-08, 0.0, 1.8080843489087783e-08, 2.6163800015410743e-08, 0.0, 2.8151118769415007e-08, 2.183961989032923e-08, 2.027162793183379e-08, 1.2070976218581109e-08, 0.0, 0.0, 0.0, 1.1231211516360418e-08, 0.0, 3.2792701887274234e-08, 0.0, 1.8225085440803923e-08, 3.3508005259363927e-08, 0.0, 2.5205283193940886e-08, 7.236451882164374e-09, 1.1036528135832668e-08, 6.2784080157030075e-09, 6.068492375277401e-09, 0.0, 2.5278151127849924e-08, 9.563168923421017e-09, 0.0, 5.629539501228464e-09, 1.7252915540666436e-08, 2.987623304306908e-08, 0.0, 3.751793542505766e-09, 0.0, 0.0, 1.4305133966274752e-08, 6.374152761168261e-09, 2.11128181604181e-08, 0.0, 1.4414642812710099e-08], "Unc_Flux_History": [[null, 1.8286277381207583e-08], [null, 1.2466619736528628e-08], [-1.2946238747701955e-08, 1.5163879041324435e-08], [null, 1.4204876386259002e-08], [null, 1.4748203547299e-08], [-1.2818157202332259e-08, 1.4951915261463e-08], [null, 1.5295498201339797e-08], [null, 1.747554456699163e-08], [-1.0098606395558818e-08, 1.3220682326675615e-08], [null, 1.3906221951742737e-08], [-1.3237197116211519e-08, 1.5499129091267605e-08], [-1.3765241391183736e-08, 1.5502113370757797e-08], [null, 1.332530796815945e-08], [-1.3669154697026897e-08, 1.590417753050133e-08], [-1.477858724285852e-08, 1.5687893650806473e-08], [-1.6874981412229317e-08, 1.8291869352538015e-08], [-1.0276709261347605e-08, 1.2393624793105573e-08], [null, 1.2041545538465925e-08], [null, 1.1008995493000384e-08], [null, 1.1923498632882001e-08], [null, 1.560876050632487e-08], [null, 1.3982454305505598e-08], [-1.603544497186249e-08, 1.8511515875729856e-08], [null, 8.652212279969262e-09], [-1.7347735692396782e-08, 1.9753949587197894e-08], [-1.3913268759324637e-08, 1.5729877844705697e-08], [null, 1.3484425132048727e-08], [-1.603455324072911e-08, 1.693930684609768e-08], [null, 1.4836812667340382e-08], [null, 1.4665157976878618e-08], [-5.335489383639924e-09, 9.018974900243393e-09], [null, 2.1090649227062386e-08], [null, 1.4956695437717826e-08], [-1.714562181120982e-08, 1.954565931328034e-08], [null, 1.1781123632204071e-08], [null, 1.1170069313948261e-08], [null, 1.3944138288479735e-08], [-1.2948469851892241e-08, 1.6016151960229763e-08], [-1.714112407569246e-08, 1.985380748692478e-08], [null, 1.0492970936581969e-08], [null, 1.2405180882524292e-08], [null, 7.998449014223752e-09], [null, 1.2440524166379419e-08], [-1.4197942377336403e-08, 1.647541836291566e-08], [null, 1.5032009414994718e-08], [-1.3760039330179552e-08, 1.7588353884434582e-08], [null, 1.2700250628938647e-08], [null, 2.221269213009691e-08]], "Extended_Source_Name": "                  ", "0FGL_Name": "                 ", "1FGL_Name": "                  ", "2FGL_Name": "                  ", "1FHL_Name": "                  ", "ASSOC_GAM1": "               ", "ASSOC_GAM2": "              ", "ASSOC_GAM3": "               ", "TEVCAT_FLAG": "N", "ASSOC_TEV": "                     ", "CLASS1": "     ", "ASSOC1": "                          ", "ASSOC2": "                          ", "Flags": 0, "catalog_row_index": 1871}