{"Source_Name": "3FHL J0021.8-5140 ", "RAJ2000": 5.46391487121582, "DEJ2000": -51.6755485534668, "GLON": 313.74798583984375, "GLAT": -64.82698822021484, "Conf_95_SemiMajor": 0.032109394669532776, "Conf_95_SemiMinor": 0.032109394669532776, "Conf_95_PosAng": null, "ROI_num": 239, "Signif_Avg": 9.960183143615723, "Pivot_Energy": 18.590129852294922, "Flux_Density": 2.1259055713734876e-12, "Unc_Flux_Density": 5.063362381284298e-13, "Flux": 6.678699954187906e-11, "Unc_Flux": 1.5939898706518463e-11, "Energy_Flux": 2.449890334002558e-12, "Unc_Energy_Flux": 8.179567049723668e-13, "Signif_Curve": 0.3292824327945709, "SpectrumType": "PowerLaw   ", "Spectral_Index": 2.8558197021484375, "Unc_Spectral_Index": 0.5730622410774231, "beta": -0.10423476994037628, "Unc_beta": 0.29585540294647217, "PowerLaw_Index": 2.728400945663452, "Unc_PowerLaw_Index": 0.39925917983055115, "Flux_Band": [4.710531617546643e-11, 9.334936469651556e-12, 9.421293606370895e-12, 9.730946909960136e-20, 3.5633149942758255e-18], "Unc_Flux_Band": [[-1.2397459794866172e-11, 1.4792269839580818e-11], [-4.858889332548522e-12, 7.221513751570763e-12], [-4.407681251233919e-12, 6.7168202423639745e-12], [null, 4.8295096220785094e-12], [null, 5.281555574832009e-12]], "nuFnu": [1.466736020833137e-12, 4.745587061337486e-13, 1.0558072428487608e-12, 3.074928897361947e-20, 3.416741484863573e-18], "Sqrt_TS_Band": [8.259284973144531, 3.845984935760498, 5.660162448883057, 0.0, 0.0], "Npred": 20.588321685791016, "HEP_Energy": 58.12670135498047, "HEP_Prob": 0.9954336881637573, "Variability_BayesBlocks": 1, "Extended_Source_Name": "                  ", "ASSOC_GAM": "3FGL J0022.1-5141 ", "TEVCAT_FLAG": "N", "ASSOC_TEV": "                     ", "CLASS": "bll    ", "ASSOC1": "1RXS J002159.2-514028     ", "ASSOC2": "                          ", "ASSOC_PROB_BAY": 0.9997386932373047, "ASSOC_PROB_LR": 0.9759773015975952, "Redshift": null, "NuPeak_obs": 4786304038469632.0, "source_id": 19}