{"Source_Name": "3FGL J0658.3-5832 ", "RAJ2000": 104.58609771728516, "DEJ2000": -58.547000885009766, "GLON": 268.69525146484375, "GLAT": -22.023773193359375, "Conf_68_SemiMajor": 0.11748655140399933, "Conf_68_SemiMinor": 0.09750457853078842, "Conf_68_PosAng": -7.289999961853027, "Conf_95_SemiMajor": 0.19050000607967377, "Conf_95_SemiMinor": 0.15809999406337738, "Conf_95_PosAng": -7.289999961853027, "ROI_num": 730, "Signif_Avg": 4.092790126800537, "Pivot_Energy": 1011.3652954101562, "Flux_Density": 3.5675119542527556e-13, "Unc_Flux_Density": 8.182607288140589e-14, "Flux1000": 2.611549310138628e-10, "Unc_Flux1000": 6.720912715252325e-11, "Energy_Flux100": 3.4570640621012227e-12, "Unc_Energy_Flux100": 8.09969550197992e-13, "Signif_Curve": 0.18401840329170227, "SpectrumType": "PowerLaw        ", "Spectral_Index": 2.40193247795105, "Unc_Spectral_Index": 0.16828417778015137, "beta": null, "Unc_beta": null, "Cutoff": null, "Unc_Cutoff": null, "Exp_Index": null, "Unc_Exp_Index": null, "PowerLaw_Index": 2.40193247795105, "Flux30_100": null, "Unc_Flux30_100": null, "nuFnu30_100": null, "Sqrt_TS30_100": null, "Flux100_300": 7.74542741055484e-09, "Unc_Flux100_300": [-2.7694024851143695e-09, 2.8227358228605226e-09], "nuFnu100_300": 1.7899091497158848e-12, "Sqrt_TS100_300": 2.823535203933716, "Flux300_1000": 5.850767093029674e-10, "Unc_Flux300_1000": [-4.3862535825667237e-10, 4.779058260240276e-10], "nuFnu300_1000": 3.834038934859979e-13, "Sqrt_TS300_1000": 1.332776665687561, "Flux1000_3000": 3.611409782333652e-10, "Unc_Flux1000_3000": [-1.0113941628642209e-10, 1.0895195162730076e-10], "nuFnu1000_3000": 8.345692301299501e-13, "Sqrt_TS1000_3000": 4.056633949279785, "Flux3000_10000": 2.429849897678249e-11, "Unc_Flux3000_10000": [-1.9400881942632786e-11, 2.5719324239781294e-11], "nuFnu3000_10000": 1.5922935984059167e-13, "Sqrt_TS3000_10000": 1.3237587213516235, "Flux10000_100000": 1.2625823997414187e-11, "Unc_Flux10000_100000": [-8.256350464419526e-12, 1.318258089494373e-11], "nuFnu10000_100000": 1.9257551553842484e-13, "Sqrt_TS10000_100000": 2.018418550491333, "Variability_Index": 34.71844482421875, "Signif_Peak": null, "Flux_Peak": null, "Unc_Flux_Peak": null, "Time_Peak": null, "Peak_Interval": null, "Flux_History": [0.0, 1.27917934023003e-08, 0.0, 0.0, 2.0527012978277526e-08, 0.0, 0.0, 3.1574800551936733e-09, 0.0, 3.862985931135654e-09, 2.1339751299365162e-08, 4.493829308671593e-09, 1.821399209234187e-08, 1.2478053257325428e-08, 6.2440954629039425e-09, 5.660966362341924e-09, 1.1416561029875538e-08, 0.0, 1.0525506688452424e-08, 1.082647038685991e-08, 0.0, 1.0640957448515564e-08, 1.1078189476876332e-09, 8.98847396513247e-09, 9.915822829498211e-09, 0.0, 6.780958461405362e-09, 9.536231360129932e-09, 0.0, 0.0, 0.0, 0.0, 0.0, 2.0524359101159462e-08, 1.2321012654581409e-08, 1.225220724876408e-08, 0.0, 0.0, 3.301002360345251e-09, 2.0894526109316303e-09, 0.0, 2.8510266147918628e-08, 3.5864385239392504e-08, 8.573201704109579e-09, 2.228309980978338e-09, 0.0, 4.227475258744562e-09, 6.791514017834288e-09], "Unc_Flux_History": [[null, 1.4898384748107674e-08], [-1.2711244501417696e-08, 1.4429293315743053e-08], [null, 1.3722659453208053e-08], [null, 8.404271056861035e-09], [-1.2796965265238214e-08, 1.4885041643708519e-08], [null, 9.19683884603728e-09], [null, 9.333270156730578e-09], [null, 1.1277307976342854e-08], [null, 1.1772274710608599e-08], [null, 8.760141945174382e-09], [-1.5427461974582002e-08, 1.6968588312238353e-08], [null, 1.24879706575598e-08], [-1.2635524626603e-08, 1.3335746729126186e-08], [-1.0916936687976886e-08, 1.2075435762426423e-08], [null, 1.037819874483148e-08], [-5.297581040508703e-09, 8.519110750171421e-09], [-8.593256772826408e-09, 1.1532433674688036e-08], [null, 7.011120128908033e-09], [null, 1.339520494525459e-08], [-9.401068368219967e-09, 1.0864238397800818e-08], [null, 9.842793247116788e-09], [null, 1.4966111905323487e-08], [null, 1.2534428606159054e-08], [-8.748631152855069e-09, 1.223067336297845e-08], [-8.930014061547809e-09, 1.049264053420984e-08], [null, 1.2697501716729676e-08], [null, 9.630584330011516e-09], [null, 1.081400125002574e-08], [null, 1.088872902954563e-08], [null, 8.531431561209502e-09], [null, 1.1629643026367376e-08], [null, 1.177277297870205e-08], [null, 1.5696455690772382e-08], [-1.1414939216081166e-08, 1.2664183479671465e-08], [-1.0505814884709253e-08, 1.1840755931302738e-08], [null, 1.378924974204665e-08], [null, 9.748001517095872e-09], [null, 1.20428067518219e-08], [null, 8.915087335026328e-09], [null, 1.3363376183406217e-08], [null, 8.12572320540994e-09], [-1.1297507818142094e-08, 1.2825249307013564e-08], [-1.498031743096817e-08, 1.64209215114397e-08], [-5.569726457821389e-09, 7.813119928812284e-09], [null, 1.2877110044939855e-08], [null, 1.0584498610910487e-08], [null, 1.4540817439012699e-08], [null, 1.3850101510115564e-08]], "Extended_Source_Name": "                  ", "0FGL_Name": "                 ", "1FGL_Name": "                  ", "2FGL_Name": "                  ", "1FHL_Name": "                  ", "ASSOC_GAM1": "               ", "ASSOC_GAM2": "              ", "ASSOC_GAM3": "               ", "TEVCAT_FLAG": "N", "ASSOC_TEV": "                     ", "CLASS1": "bcu  ", "ASSOC1": "PMN J0658-5840            ", "ASSOC2": "                          ", "Flags": 0, "source_id": 768}