{"Source_Name": "3FHL J0947.2-2541 ", "RAJ2000": 146.80258178710938, "DEJ2000": -25.6856746673584, "GLON": 258.8882141113281, "GLAT": 21.034788131713867, "Conf_95_SemiMajor": 0.03080541267991066, "Conf_95_SemiMinor": 0.03080541267991066, "Conf_95_PosAng": null, "ROI_num": 374, "Signif_Avg": 10.964259147644043, "Pivot_Energy": 22.405437469482422, "Flux_Density": 2.070179097590774e-12, "Unc_Flux_Density": 4.20202501266731e-13, "Flux": 1.0151696150373368e-10, "Unc_Flux": 2.062484731613079e-11, "Energy_Flux": 5.398760431762906e-12, "Unc_Energy_Flux": 1.8019701399432653e-12, "Signif_Curve": 0.21552951633930206, "SpectrumType": "PowerLaw   ", "Spectral_Index": 2.216733932495117, "Unc_Spectral_Index": 0.4008089005947113, "beta": 0.04654387757182121, "Unc_beta": 0.22573287785053253, "PowerLaw_Index": 2.2802608013153076, "Unc_PowerLaw_Index": 0.26136481761932373, "Flux_Band": [5.3725218718270185e-11, 3.5711964635476434e-11, 7.856292005836707e-12, 3.304710454940518e-12, 4.0481120682491704e-17], "Unc_Flux_Band": [[-1.424731253113487e-11, 1.6791569870666656e-11], [-1.0549150962491094e-11, 1.3086105983550755e-11], [-4.414439733896325e-12, 6.844694949714736e-12], [-2.327807434657214e-12, 4.9209013600060025e-12], [null, 6.349279609019209e-12]], "nuFnu": [1.702363618995284e-12, 1.870717122876009e-12, 9.184336234244195e-13, 1.0979608064745627e-12, 4.141917327562889e-17], "Sqrt_TS_Band": [7.034848690032959, 8.00204086303711, 4.024569511413574, 2.3264307975769043, 0.0], "Npred": 28.55889892578125, "HEP_Energy": 312.0400085449219, "HEP_Prob": 0.966494083404541, "Variability_BayesBlocks": 1, "Extended_Source_Name": "                  ", "ASSOC_GAM": "3FGL J0947.1-2542 ", "TEVCAT_FLAG": "N", "ASSOC_TEV": "                     ", "CLASS": "bll    ", "ASSOC1": "1RXS J094709.2-254056     ", "ASSOC2": "                          ", "ASSOC_PROB_BAY": 0.9999638199806213, "ASSOC_PROB_LR": 0.9516687989234924, "Redshift": null, "NuPeak_obs": 6918312382431232.0, "source_id": 604}