{"Source_Name": "3FHL J0915.9+2933 ", "RAJ2000": 138.9798126220703, "DEJ2000": 29.553972244262695, "GLON": 196.6559600830078, "GLAT": 42.9441032409668, "Conf_95_SemiMajor": 0.019299013540148735, "Conf_95_SemiMinor": 0.019299013540148735, "Conf_95_PosAng": null, "ROI_num": 439, "Signif_Avg": 20.8774356842041, "Pivot_Energy": 20.960155487060547, "Flux_Density": 5.106186307113347e-12, "Unc_Flux_Density": 6.622548104524839e-13, "Flux": 2.1508260450442407e-10, "Unc_Flux": 2.7905140004280682e-11, "Energy_Flux": 1.0287471395586945e-11, "Unc_Energy_Flux": 2.1562237672440032e-12, "Signif_Curve": 0.6065230369567871, "SpectrumType": "PowerLaw   ", "Spectral_Index": 2.2668607234954834, "Unc_Spectral_Index": 0.27913060784339905, "beta": 0.09670725464820862, "Unc_beta": 0.1724795699119568, "PowerLaw_Index": 2.3867571353912354, "Unc_PowerLaw_Index": 0.18041908740997314, "Flux_Band": [1.272978944477643e-10, 5.875038650016151e-11, 2.951651076332773e-11, 1.0840608409230315e-19, 1.1308185013614272e-21], "Unc_Flux_Band": [[-2.08493413506039e-11, 2.3214987224240424e-11], [-1.3014004804356993e-11, 1.5178627452150373e-11], [-8.86763405760771e-12, 1.12366400906172e-11], [null, 4.867738590680348e-12], [null, 5.461194430705918e-12]], "nuFnu": [4.0167712905825326e-12, 3.05541811469745e-12, 3.4154682120729474e-12, 3.558081861979903e-20, 1.1387943521188675e-21], "Sqrt_TS_Band": [14.802072525024414, 12.538013458251953, 8.95914363861084, 0.0, 0.0], "Npred": 65.24842834472656, "HEP_Energy": 149.06700134277344, "HEP_Prob": 0.9974318742752075, "Variability_BayesBlocks": 1, "Extended_Source_Name": "                  ", "ASSOC_GAM": "3FGL J0915.8+2933 ", "TEVCAT_FLAG": "N", "ASSOC_TEV": "                     ", "CLASS": "bll    ", "ASSOC1": "Ton 0396                  ", "ASSOC2": "                          ", "ASSOC_PROB_BAY": 0.9999550580978394, "ASSOC_PROB_LR": 0.9969823360443115, "Redshift": null, "NuPeak_obs": 3908408965070848.0, "catalog_row_index": 581}