{"Source_Name": "3FGL J0809.8+5218 ", "RAJ2000": 122.45449829101562, "DEJ2000": 52.307701110839844, "GLON": 166.2554931640625, "GLAT": 32.90989303588867, "Conf_68_SemiMajor": 0.009620945900678635, "Conf_68_SemiMinor": 0.009312582202255726, "Conf_68_PosAng": 35.95000076293945, "Conf_95_SemiMajor": 0.015599999576807022, "Conf_95_SemiMinor": 0.01510000042617321, "Conf_95_PosAng": 35.95000076293945, "ROI_num": 668, "Signif_Avg": 56.157257080078125, "Pivot_Energy": 1632.0687255859375, "Flux_Density": 1.6259721433847796e-12, "Unc_Flux_Density": 5.4091608714954345e-14, "Flux1000": 4.5707140294837245e-09, "Unc_Flux1000": 1.6464199448229522e-10, "Energy_Flux100": 5.3623657597645646e-11, "Unc_Energy_Flux100": 2.328860411807132e-12, "Signif_Curve": 1.141099214553833, "SpectrumType": "PowerLaw        ", "Spectral_Index": 1.8761054277420044, "Unc_Spectral_Index": 0.024315379559993744, "beta": null, "Unc_beta": null, "Cutoff": null, "Unc_Cutoff": null, "Exp_Index": null, "Unc_Exp_Index": null, "PowerLaw_Index": 1.8761054277420044, "Flux30_100": null, "Unc_Flux30_100": null, "nuFnu30_100": null, "Sqrt_TS30_100": null, "Flux100_300": 2.6023847965461755e-08, "Unc_Flux100_300": [-3.1930542654379224e-09, 3.1939237921108088e-09], "nuFnu100_300": 6.330612249694223e-12, "Sqrt_TS100_300": 8.771625518798828, "Flux300_1000": 7.569298077214626e-09, "Unc_Flux300_1000": [-5.063652275261177e-10, 5.063652275261177e-10], "nuFnu300_1000": 5.2736413326537335e-12, "Sqrt_TS300_1000": 19.25742530822754, "Flux1000_3000": 3.0481430712825386e-09, "Unc_Flux1000_3000": [-1.730022652912666e-10, 1.730022652912666e-10], "nuFnu1000_3000": 7.414972282016041e-12, "Sqrt_TS1000_3000": 31.33609390258789, "Flux3000_10000": 1.2023824158546859e-09, "Unc_Flux3000_10000": [-9.132868766803526e-11, 9.132868766803526e-11], "nuFnu3000_10000": 8.377174821883049e-12, "Sqrt_TS3000_10000": 29.82431411743164, "Flux10000_100000": 5.457905793981865e-10, "Unc_Flux10000_100000": [-5.732892979781745e-11, 6.164468241420806e-11], "nuFnu10000_100000": 1.0224372563871764e-11, "Sqrt_TS10000_100000": 26.081775665283203, "Variability_Index": 485.1522216796875, "Signif_Peak": 21.86388397216797, "Flux_Peak": 1.3458841863212e-07, "Unc_Flux_Peak": 1.2743151422967003e-08, "Time_Peak": 335324992.0, "Peak_Interval": 2630000.0, "Flux_History": [2.3915470492852364e-08, 9.74969660560987e-10, 1.609218891474029e-08, 3.573707729742637e-08, 1.7268941832071505e-08, 1.3405084153816915e-08, 3.325654418517843e-08, 1.3759064998453141e-08, 1.511931735365124e-08, 4.906466344323235e-09, 1.761465817651242e-08, 2.7783803702163823e-08, 1.6825707049861194e-08, 2.123277020871228e-08, 2.4662345055048718e-08, 1.700437479712491e-08, 1.6966687610420195e-08, 1.3354794603515074e-08, 2.6592395840907557e-08, 1.3290783584807286e-08, 1.8780513144633915e-08, 2.5368599665398506e-08, 2.0492487706746942e-08, 2.251228359284596e-08, 5.326373297975806e-08, 2.931098919134456e-08, 8.736321888136445e-09, 3.5567310874284885e-08, 3.7417922982285745e-08, 2.0524742794236772e-08, 4.060957792262343e-08, 6.80728931001795e-08, 9.901619790753102e-08, 4.140775189398482e-08, 7.210085328779314e-08, 8.561460163036827e-08, 1.3458841863212e-07, 1.002813831973981e-07, 8.170061249757055e-08, 3.756229460805116e-08, 2.4709112977916448e-08, 4.396704511577809e-08, 2.8910569938034314e-08, 3.4661557180015734e-08, 3.815117111116706e-08, 1.8162056747428323e-08, 1.681801542474659e-08, 2.0435370728932867e-08], "Unc_Flux_History": [[-8.208534296727521e-09, 9.360380026635085e-09], [null, 5.985437923072823e-09], [-6.0341576180178436e-09, 7.2315580190718265e-09], [-7.3852031157173315e-09, 8.159601883050982e-09], [-5.952434101175186e-09, 7.025661385995363e-09], [-5.1508419751655765e-09, 6.121271933778871e-09], [-7.403260671168255e-09, 8.227988956832633e-09], [-5.942938141600962e-09, 6.806964325534182e-09], [-5.399796165761472e-09, 6.422889775592466e-09], [-4.906466344323235e-09, 6.306824396062893e-09], [-5.460624397102265e-09, 6.405980634838215e-09], [-7.427011894378666e-09, 8.788366478995613e-09], [-5.8896767463068045e-09, 6.9150156711828e-09], [-6.72181732497279e-09, 7.60515384001792e-09], [-6.307207645050994e-09, 7.1226753384223684e-09], [-6.685015208063305e-09, 7.739245688753726e-09], [-5.290753612996468e-09, 6.261611229518849e-09], [-4.8899253535239495e-09, 5.983627371364264e-09], [-6.7425567351619975e-09, 7.535226664856509e-09], [-5.032748440214618e-09, 5.963602056624495e-09], [-6.184756262683777e-09, 7.1557320069359776e-09], [-6.319315293268346e-09, 7.172343607919629e-09], [-5.8910183398097615e-09, 6.713500866339928e-09], [-6.219419201869414e-09, 7.050300343536264e-09], [-8.5676301608828e-09, 9.286064361901936e-09], [-7.0017822650925154e-09, 7.81970577179436e-09], [-4.800053687858963e-09, 5.921200418868011e-09], [-6.9333165875207214e-09, 7.661509648926312e-09], [-7.461951945231249e-09, 8.153428154855646e-09], [-6.45770947826918e-09, 7.4428845309171265e-09], [-8.158167474903166e-09, 8.942175000470343e-09], [-1.0074724166031501e-08, 1.091979928702358e-08], [-1.1177280434537806e-08, 1.1833986235387783e-08], [-8.103592463726272e-09, 8.891968050761534e-09], [-9.763867048206976e-09, 1.0445924125690453e-08], [-9.87465398338827e-09, 1.049524822605008e-08], [-1.2743151422967003e-08, 1.2743151422967003e-08], [-1.1017956325076739e-08, 1.1642155683944111e-08], [-9.872008988054404e-09, 1.0499863201118842e-08], [-7.271659718810497e-09, 7.978833593824675e-09], [-6.592565160445929e-09, 7.396915968627127e-09], [-7.855655681510143e-09, 8.528838968402397e-09], [-6.5221223977118825e-09, 7.287790371179881e-09], [-7.19520620862113e-09, 7.955438974249773e-09], [-7.2045547305776836e-09, 7.876050034383297e-09], [-6.38940989006187e-09, 7.454279860041879e-09], [-6.0136500223961775e-09, 6.92005253100092e-09], [-6.0360001441495115e-09, 7.005345636912352e-09]], "Extended_Source_Name": "                  ", "0FGL_Name": "                 ", "1FGL_Name": "1FGL J0809.5+5219 ", "2FGL_Name": "2FGL J0809.8+5218 ", "1FHL_Name": "1FHL J0809.8+5217 ", "ASSOC_GAM1": "               ", "ASSOC_GAM2": "              ", "ASSOC_GAM3": "               ", "TEVCAT_FLAG": "P", "ASSOC_TEV": "1ES 0806+524         ", "CLASS1": "bll  ", "ASSOC1": "1ES 0806+524              ", "ASSOC2": "                          ", "Flags": 0, "source_id": 907}