{"Source_Name": "3FGL J1625.9+4125 ", "RAJ2000": 246.49960327148438, "DEJ2000": 41.42250061035156, "GLON": 65.52726745605469, "GLAT": 44.2129020690918, "Conf_68_SemiMajor": 0.10774226486682892, "Conf_68_SemiMinor": 0.07647418230772018, "Conf_68_PosAng": 11.899999618530273, "Conf_95_SemiMajor": 0.17470000684261322, "Conf_95_SemiMinor": 0.12399999797344208, "Conf_95_PosAng": 11.899999618530273, "ROI_num": 405, "Signif_Avg": 8.129415512084961, "Pivot_Energy": 546.612548828125, "Flux_Density": 2.7049378362176135e-12, "Unc_Flux_Density": 3.6011829369214654e-13, "Flux1000": 3.111765844998615e-10, "Unc_Flux1000": 6.119092038625595e-11, "Energy_Flux100": 6.028565667504093e-12, "Unc_Energy_Flux100": 8.375166879459606e-13, "Signif_Curve": 0.7823331356048584, "SpectrumType": "PowerLaw        ", "Spectral_Index": 2.7009477615356445, "Unc_Spectral_Index": 0.12172102928161621, "beta": null, "Unc_beta": null, "Cutoff": null, "Unc_Cutoff": null, "Exp_Index": null, "Unc_Exp_Index": null, "PowerLaw_Index": 2.7009477615356445, "Flux30_100": null, "Unc_Flux30_100": null, "nuFnu30_100": null, "Sqrt_TS30_100": null, "Flux100_300": 9.964035818654793e-09, "Unc_Flux100_300": [-3.723148900292017e-09, 3.7805243380262255e-09], "nuFnu100_300": 2.2389030733538373e-12, "Sqrt_TS100_300": 2.7241578102111816, "Flux300_1000": 2.1977282216312233e-09, "Unc_Flux300_1000": [-4.148098808887113e-10, 4.3164069540857497e-10], "nuFnu300_1000": 1.3930848662135897e-12, "Sqrt_TS300_1000": 5.875098705291748, "Flux1000_3000": 2.344068827930812e-10, "Unc_Flux1000_3000": [-7.346993846635286e-11, 8.135077333992768e-11], "nuFnu1000_3000": 5.267085053696496e-13, "Sqrt_TS1000_3000": 3.7888169288635254, "Flux3000_10000": 6.203468988497107e-11, "Unc_Flux3000_10000": [-2.3101539778358493e-11, 2.8583514027902268e-11], "nuFnu3000_10000": 3.932224012549723e-13, "Sqrt_TS3000_10000": 3.923996925354004, "Flux10000_100000": 2.273225180413497e-14, "Unc_Flux10000_100000": [null, 1.0367328523441799e-11], "nuFnu10000_100000": 3.1359147587802286e-16, "Sqrt_TS10000_100000": 0.0, "Variability_Index": 62.98215103149414, "Signif_Peak": null, "Flux_Peak": null, "Unc_Flux_Peak": null, "Time_Peak": null, "Peak_Interval": null, "Flux_History": [0.0, 2.34253043629451e-08, 1.09055804387026e-08, 3.260090153389683e-08, 1.0836251895796067e-08, 0.0, 7.09367409257311e-09, 2.2684085720925395e-08, 6.815306541341215e-09, 0.0, 3.533142134415357e-08, 0.0, 2.4281048283114615e-08, 0.0, 1.6629655874567106e-08, 6.012318642945047e-09, 3.7837764921277994e-08, 2.849950853089922e-08, 0.0, 8.334066770032678e-09, 8.213490332309448e-09, 1.7610824798452995e-08, 5.161179483792466e-09, 3.468558773533914e-08, 4.9245816313714386e-09, 1.4206912091196955e-08, 3.3404141674964194e-08, 6.933530638519869e-09, 0.0, 4.0269041434726205e-09, 9.224006447539068e-09, 0.0, 3.830412254046678e-08, 1.2551216066469806e-08, 9.211988505342106e-09, 2.1182710696621143e-08, 1.9746135393461373e-08, 7.39557348694575e-09, 7.988055217289514e-10, 0.0, 1.1288532775211024e-08, 2.70877862362795e-08, 7.89609533313751e-09, 2.0066387662609486e-08, 4.12911340674782e-08, 2.9342396956621997e-08, 2.508510510423889e-09, 3.545337889931943e-08], "Unc_Flux_History": [[null, 7.158654558026001e-09], [-1.3548145716413273e-08, 1.5157013422140153e-08], [null, 1.2319802067395358e-08], [-1.4286639427041337e-08, 1.5310165579762725e-08], [-1.0514980886000558e-08, 1.1451795067785042e-08], [null, 9.089489161340225e-09], [null, 1.6628328936008074e-08], [-1.58516613169013e-08, 1.6820370873915635e-08], [null, 1.2897347190232722e-08], [null, 1.2430289686449214e-08], [-1.4552913540910595e-08, 1.6126710633557195e-08], [null, 1.3881503946322482e-08], [-1.4767946865390513e-08, 1.7066861701664493e-08], [null, 1.2505024571396461e-08], [-1.349016542917525e-08, 1.4744304444036516e-08], [null, 1.5040640732877364e-08], [-1.6145543568768517e-08, 1.7744698155297556e-08], [-1.2556052197965073e-08, 1.4272053761033021e-08], [null, 1.4250826296802188e-08], [null, 1.2577235253274921e-08], [null, 1.530466597898794e-08], [-1.3687456501543238e-08, 1.5201965908318016e-08], [null, 1.3005792887099688e-08], [-1.3568201673308522e-08, 1.537210891910945e-08], [null, 1.2981041130899484e-08], [-1.2726703246812576e-08, 1.5896070237886306e-08], [-1.4159583727746394e-08, 1.578350783404403e-08], [null, 1.4195578046383162e-08], [null, 1.0439096698178219e-08], [null, 1.4484675681103454e-08], [null, 1.3576303636853027e-08], [null, 7.692283254812082e-09], [-1.4683918969637944e-08, 1.675596905670318e-08], [-1.2153745565512963e-08, 1.4296094974497464e-08], [null, 1.2280920280716145e-08], [-1.20946950232792e-08, 1.4162374384341092e-08], [-1.2216080591542777e-08, 1.3812607946306343e-08], [null, 1.6101211031127605e-08], [null, 1.5375736239775506e-08], [null, 8.941023033059992e-09], [null, 1.2864882492635843e-08], [-1.3434604539952488e-08, 1.484437106569203e-08], [null, 1.2773246460540122e-08], [-1.0676352246719034e-08, 1.245849912123731e-08], [-1.4458773733849739e-08, 1.5800171837554444e-08], [-1.2308914776326674e-08, 1.3915183671997511e-08], [null, 1.4998903452578816e-08], [-1.3926515940454465e-08, 1.5587037438535845e-08]], "Extended_Source_Name": "                  ", "0FGL_Name": "                 ", "1FGL_Name": "                  ", "2FGL_Name": "                  ", "1FHL_Name": "                  ", "ASSOC_GAM1": "               ", "ASSOC_GAM2": "              ", "ASSOC_GAM3": "               ", "TEVCAT_FLAG": "N", "ASSOC_TEV": "                     ", "CLASS1": "fsrq ", "ASSOC1": "B3 1624+414               ", "ASSOC2": "                          ", "Flags": 0, "catalog_row_index": 1993}