{"Source_Name": "3FHL J2025.7-0735 ", "RAJ2000": 306.43499755859375, "DEJ2000": -7.594165325164795, "GLON": 36.90867233276367, "GLAT": -24.399473190307617, "Conf_95_SemiMajor": 0.029859546571969986, "Conf_95_SemiMinor": 0.029859546571969986, "Conf_95_PosAng": null, "ROI_num": 555, "Signif_Avg": 10.329716682434082, "Pivot_Energy": 18.284225463867188, "Flux_Density": 2.7095810404415e-12, "Unc_Flux_Density": 6.041023800987255e-13, "Flux": 8.127273160019044e-11, "Unc_Flux": 1.8111716987290194e-11, "Energy_Flux": 3.1004840621989826e-12, "Unc_Energy_Flux": 1.0247807376989604e-12, "Signif_Curve": 2.2389369010925293, "SpectrumType": "PowerLaw   ", "Spectral_Index": 2.002511739730835, "Unc_Spectral_Index": 0.5027585029602051, "beta": 0.9920016527175903, "Unc_beta": 0.11161820590496063, "PowerLaw_Index": 2.668351650238037, "Unc_PowerLaw_Index": 0.36401093006134033, "Flux_Band": [5.472361452873997e-11, 2.7061838880904077e-11, 6.32463686021474e-17, 5.823592428726721e-19, 5.61477636995442e-19], "Unc_Flux_Band": [[-1.369806611889457e-11, 1.620706346905365e-11], [-9.108158671722322e-12, 1.1506896997748317e-11], [null, 5.429343172963508e-12], [null, 5.0127484628459396e-12], [null, 5.725356820585059e-12]], "nuFnu": [1.7079075783840714e-12, 1.3811830368651301e-12, 7.127088246611005e-18, 1.8522860293974174e-19, 5.429164278327881e-19], "Sqrt_TS_Band": [8.686667442321777, 6.929806232452393, 0.0, 0.0, 0.0], "Npred": 23.79934310913086, "HEP_Energy": 31.778200149536133, "HEP_Prob": 0.9930331110954285, "Variability_BayesBlocks": 4, "Extended_Source_Name": "                  ", "ASSOC_GAM": "3FGL J2025.6-0736 ", "TEVCAT_FLAG": "N", "ASSOC_TEV": "                     ", "CLASS": "fsrq   ", "ASSOC1": "PKS 2023-07               ", "ASSOC2": "                          ", "ASSOC_PROB_BAY": 0.9996751546859741, "ASSOC_PROB_LR": 0.9992682933807373, "Redshift": 1.3880000114440918, "NuPeak_obs": 10964780974080.0, "catalog_row_index": 1359}