{"Source_Name": "3FGL J2115.4+2933 ", "RAJ2000": 318.85101318359375, "DEJ2000": 29.555299758911133, "GLON": 76.61149597167969, "GLAT": -13.299599647521973, "Conf_68_SemiMajor": 0.028122765943408012, "Conf_68_SemiMinor": 0.024422401562333107, "Conf_68_PosAng": -82.94999694824219, "Conf_95_SemiMajor": 0.04560000076889992, "Conf_95_SemiMinor": 0.03959999978542328, "Conf_95_PosAng": -82.94999694824219, "ROI_num": 506, "Signif_Avg": 16.380361557006836, "Pivot_Energy": 882.2382202148438, "Flux_Density": 2.303510030290945e-12, "Unc_Flux_Density": 1.7657930510579095e-13, "Flux1000": 1.2448437836098947e-09, "Unc_Flux1000": 1.1732000093633843e-10, "Energy_Flux100": 1.6028340113494188e-11, "Unc_Energy_Flux100": 1.2303867777049837e-12, "Signif_Curve": 1.7175345420837402, "SpectrumType": "PowerLaw        ", "Spectral_Index": 2.372584104537964, "Unc_Spectral_Index": 0.0649048238992691, "beta": null, "Unc_beta": null, "Cutoff": null, "Unc_Cutoff": null, "Exp_Index": null, "Unc_Exp_Index": null, "PowerLaw_Index": 2.372584104537964, "Flux30_100": null, "Unc_Flux30_100": null, "nuFnu30_100": null, "Sqrt_TS30_100": null, "Flux100_300": 2.5168439776734886e-08, "Unc_Flux100_300": [-3.957949079591572e-09, 4.010817011845802e-09], "nuFnu100_300": 5.832575741826496e-12, "Sqrt_TS100_300": 6.537621021270752, "Flux300_1000": 4.891961502551112e-09, "Unc_Flux300_1000": [-6.465836754898646e-10, 6.669862995245524e-10], "nuFnu300_1000": 3.216441869791087e-12, "Sqrt_TS300_1000": 8.266687393188477, "Flux1000_3000": 7.985230254803355e-10, "Unc_Flux1000_3000": [-1.3394724218684928e-10, 1.417843620288295e-10], "nuFnu1000_3000": 1.8505104133065275e-12, "Sqrt_TS1000_3000": 7.402495384216309, "Flux3000_10000": 2.4811130927560043e-10, "Unc_Flux3000_10000": [-4.933929653727631e-11, 5.488394461128365e-11], "nuFnu3000_10000": 1.631320295861216e-12, "Sqrt_TS3000_10000": 7.967042446136475, "Flux10000_100000": 9.572061199225601e-11, "Unc_Flux10000_100000": [-2.606103180480268e-11, 3.14030086656647e-11], "nuFnu10000_100000": 1.475490736535523e-12, "Sqrt_TS10000_100000": 7.436738014221191, "Variability_Index": 66.54928588867188, "Signif_Peak": null, "Flux_Peak": null, "Unc_Flux_Peak": null, "Time_Peak": null, "Peak_Interval": null, "Flux_History": [3.0682574703178034e-08, 8.838581422310199e-09, 6.7409038351229356e-09, 5.3772531316553795e-08, 2.2919399711440747e-08, 2.9585399019538272e-08, 3.806780313198033e-08, 6.994425660877823e-08, 1.7327357326735182e-08, 5.191112961711042e-08, 3.832620976140788e-08, 3.324789332737055e-08, 2.7997872464879947e-08, 0.0, 3.247727065058825e-08, 1.881737432540831e-08, 4.03794047088013e-08, 4.77916977104087e-08, 3.4049644881406493e-08, 1.077238831470595e-08, 2.2910972674594632e-08, 4.5341973731183316e-08, 2.6491898452718488e-08, 4.700535427559771e-08, 3.2054081611221363e-09, 3.430327311093606e-08, 4.959155752715105e-09, 4.459066360595898e-08, 0.0, 1.7558470233325352e-08, 0.0, 2.7366210630930254e-08, 4.1732363342816825e-08, 2.4498442385834096e-08, 0.0, 3.3845243052610385e-08, 3.99991222366225e-08, 3.562502115528332e-08, 5.336281194701087e-09, 6.610272862417332e-08, 2.9986448879526506e-08, 3.12753947184774e-08, 1.713093311650482e-08, 2.862298842387645e-08, 5.110863909862928e-08, 2.5167437911477464e-08, 3.454949037973165e-08, 3.787193136872702e-08], "Unc_Flux_History": [[-1.4396439595998345e-08, 1.5757873228494645e-08], [null, 1.3214957128582228e-08], [null, 1.4350593602330264e-08], [-1.610273514529581e-08, 1.7358207315965046e-08], [-1.4069447829001547e-08, 1.5984923606993107e-08], [-1.3500866202775796e-08, 1.5214435933330606e-08], [-1.5107987749729546e-08, 1.6643129541193957e-08], [-1.6009714443043777e-08, 1.6747637943126392e-08], [-1.0947506012826125e-08, 1.4168609396847387e-08], [-1.554164619221865e-08, 1.691797990588384e-08], [-1.51311052576375e-08, 1.6674450264986262e-08], [-1.4503186207548424e-08, 1.5610408965471834e-08], [-1.4009287063743159e-08, 1.578854025297005e-08], [null, 1.5139464792923718e-08], [-1.5996329594258896e-08, 1.7739971269747912e-08], [-1.1699584412383501e-08, 1.4282852234259735e-08], [-1.7282722808431572e-08, 1.8543506286050615e-08], [-1.5031009326094136e-08, 1.678742478361528e-08], [-1.6893825005581675e-08, 1.871317145685225e-08], [-9.802278988502167e-09, 1.3724033465223329e-08], [-1.3184969560597892e-08, 1.4944461668164877e-08], [-1.6475176778385503e-08, 1.8018027958532912e-08], [-1.3603445481180643e-08, 1.5521724350264776e-08], [-1.689570794383144e-08, 1.8819546809822896e-08], [null, 1.3471578519386185e-08], [-1.6998020768710376e-08, 1.8831164183552573e-08], [null, 1.313808972724928e-08], [-1.4324114339103744e-08, 1.57882809048715e-08], [null, 1.6067680519427086e-08], [-1.1148570067121e-08, 1.4105670409492177e-08], [null, 1.2415538819254834e-08], [-1.2312082908749744e-08, 1.4103871848192284e-08], [-1.456856679737939e-08, 1.648573011436838e-08], [-1.2196558429877769e-08, 1.4380123758428454e-08], [null, 1.2639342017450872e-08], [-1.6695381077624916e-08, 1.911642577567818e-08], [-1.6274119829517986e-08, 1.75745000774441e-08], [-1.7340147095978864e-08, 1.86755322317822e-08], [null, 1.4114981183865893e-08], [-1.7780866556904584e-08, 1.888477996203619e-08], [-1.4661996061704485e-08, 1.6204959152332776e-08], [-1.474731181616562e-08, 1.6708009198396212e-08], [-1.151725559367378e-08, 1.3872154092098299e-08], [-1.5871728820116004e-08, 1.6142507774929982e-08], [-1.662508175570565e-08, 1.833518936678047e-08], [-1.1911263975150632e-08, 1.3808072019116935e-08], [-1.5803713893092208e-08, 1.8196461226693827e-08], [-1.6634697175277324e-08, 1.943408456384077e-08]], "Extended_Source_Name": "                  ", "0FGL_Name": "                 ", "1FGL_Name": "1FGL J2115.5+2937 ", "2FGL_Name": "2FGL J2115.3+2932 ", "1FHL_Name": "1FHL J2115.6+2935 ", "ASSOC_GAM1": "               ", "ASSOC_GAM2": "              ", "ASSOC_GAM3": "               ", "TEVCAT_FLAG": "N", "ASSOC_TEV": "                     ", "CLASS1": "fsrq ", "ASSOC1": "B2 2113+29                ", "ASSOC2": "                          ", "Flags": 0, "source_id": 2747}