{"Source_Name": "3FHL J1904.1+3627 ", "RAJ2000": 286.0357360839844, "DEJ2000": 36.45155715942383, "GLON": 67.29264831542969, "GLAT": 13.37096881866455, "Conf_95_SemiMajor": 0.031291279941797256, "Conf_95_SemiMinor": 0.031291279941797256, "Conf_95_PosAng": null, "ROI_num": 166, "Signif_Avg": 9.574746131896973, "Pivot_Energy": 26.924694061279297, "Flux_Density": 8.800503728534359e-13, "Unc_Flux_Density": 2.0671218371997452e-13, "Flux": 6.354273357489504e-11, "Unc_Flux": 1.5017171534070783e-11, "Energy_Flux": 4.2394356254693566e-12, "Unc_Energy_Flux": 1.6467327718441838e-12, "Signif_Curve": 0.1103043258190155, "SpectrumType": "PowerLaw   ", "Spectral_Index": 2.0711090564727783, "Unc_Spectral_Index": 0.4102793335914612, "beta": 0.010078094899654388, "Unc_beta": 0.20761273801326752, "PowerLaw_Index": 2.0844886302948, "Unc_PowerLaw_Index": 0.26596561074256897, "Flux_Band": [2.9798979256367986e-11, 1.8443493260411614e-11, 1.1674842516351536e-11, 2.871816283042672e-12, 9.46161347443892e-24], "Unc_Flux_Band": [[-9.743393591943317e-12, 1.2137203568574062e-11], [-6.753068156756248e-12, 8.660974715191117e-12], [-5.023288209005106e-12, 7.050718515977383e-12], [-2.0252176671786692e-12, 4.0216393583369925e-12], [null, 4.973673382868693e-12]], "nuFnu": [9.515594692408036e-13, 9.791594618446808e-13, 1.3911074982914107e-12, 9.760920370582848e-13, 9.973671765487836e-24], "Sqrt_TS_Band": [5.421921730041504, 5.9836626052856445, 5.792716979980469, 2.5644211769104004, 0.0], "Npred": 21.49473762512207, "HEP_Energy": 170.15499877929688, "HEP_Prob": 0.9821416735649109, "Variability_BayesBlocks": 1, "Extended_Source_Name": "                  ", "ASSOC_GAM": "3FGL J1904.5+3627 ", "TEVCAT_FLAG": "N", "ASSOC_TEV": "                     ", "CLASS": "bcu    ", "ASSOC1": "MG2 J190411+3627          ", "ASSOC2": "                          ", "ASSOC_PROB_BAY": 0.9996221661567688, "ASSOC_PROB_LR": 0.9685152769088745, "Redshift": null, "NuPeak_obs": 2.1627140315283456e+16, "catalog_row_index": 1270}