{"Source_Name": "3FGL J1050.4+0435 ", "RAJ2000": 162.61680603027344, "DEJ2000": 4.599400043487549, "GLON": 245.5504150390625, "GLAT": 53.4128532409668, "Conf_68_SemiMajor": 0.054333675652742386, "Conf_68_SemiMinor": 0.04304756224155426, "Conf_68_PosAng": 4.369999885559082, "Conf_95_SemiMajor": 0.08810000121593475, "Conf_95_SemiMinor": 0.0697999969124794, "Conf_95_PosAng": 4.369999885559082, "ROI_num": 391, "Signif_Avg": 17.13955307006836, "Pivot_Energy": 587.05126953125, "Flux_Density": 5.830443332993651e-12, "Unc_Flux_Density": 4.1608429483981635e-13, "Flux1000": 1.0632354996431559e-09, "Unc_Flux1000": 1.0852440474051761e-10, "Energy_Flux100": 1.5125086946787825e-11, "Unc_Energy_Flux100": 1.0816373838262727e-12, "Signif_Curve": 2.7434160709381104, "SpectrumType": "PowerLaw        ", "Spectral_Index": 2.470104455947876, "Unc_Spectral_Index": 0.060477375984191895, "beta": null, "Unc_beta": null, "Cutoff": null, "Unc_Cutoff": null, "Exp_Index": null, "Unc_Exp_Index": null, "PowerLaw_Index": 2.470104455947876, "Flux30_100": null, "Unc_Flux30_100": null, "nuFnu30_100": null, "Sqrt_TS30_100": null, "Flux100_300": 2.4262655884399464e-08, "Unc_Flux100_300": [-3.5565623779376665e-09, 3.610454601954416e-09], "nuFnu100_300": 5.570679334487849e-12, "Sqrt_TS100_300": 7.120082378387451, "Flux300_1000": 5.090836197041426e-09, "Unc_Flux300_1000": [-5.804334235470776e-10, 5.957750959240116e-10], "nuFnu300_1000": 3.310454341209912e-12, "Sqrt_TS300_1000": 10.02308177947998, "Flux1000_3000": 1.0072352951695507e-09, "Unc_Flux1000_3000": [-1.357485651665158e-10, 1.4358109146073161e-10], "nuFnu1000_3000": 2.312601065507236e-12, "Sqrt_TS1000_3000": 10.126385688781738, "Flux3000_10000": 1.224766399410271e-10, "Unc_Flux3000_10000": [-3.5351811755734985e-11, 4.1347786305934164e-11], "nuFnu3000_10000": 7.964375686730918e-13, "Sqrt_TS3000_10000": 5.35648775100708, "Flux10000_100000": 1.525524498391384e-11, "Unc_Flux10000_100000": [-1.0959857153769459e-11, 1.7434326551879487e-11], "nuFnu10000_100000": 2.2714673837600369e-13, "Sqrt_TS10000_100000": 1.9090057611465454, "Variability_Index": 371.2713317871094, "Signif_Peak": 17.14444351196289, "Flux_Peak": 2.4157583311534836e-07, "Unc_Flux_Peak": 2.2886341710659508e-08, "Time_Peak": 343215008.0, "Peak_Interval": 2630000.0, "Flux_History": [0.0, 1.0549690898642439e-08, 3.3441157398783616e-08, 0.0, 0.0, 8.921009708728889e-09, 1.5279001175372287e-08, 3.013754223957221e-08, 0.0, 0.0, 1.3517716723754347e-08, 1.4766777134411768e-08, 3.237323653593194e-08, 6.576097888455479e-09, 2.0468112538196692e-08, 0.0, 0.0, 1.2358927214961568e-08, 1.0306835385165414e-08, 1.0797648108962221e-08, 2.937091236887568e-09, 4.075742410236671e-09, 2.2228416440839283e-08, 2.7616119169238118e-08, 0.0, 4.3263366222845434e-08, 3.067838960646441e-08, 1.3402498666437168e-08, 7.341338648103601e-09, 3.721292607394844e-09, 3.377689239414394e-08, 2.0356959851142165e-07, 3.555272698463341e-08, 4.023238986405886e-08, 3.134958248551811e-08, 2.4547917476525072e-08, 3.4519562319701436e-08, 4.242938800302909e-08, 1.1171583480518166e-07, 2.4157583311534836e-07, 3.2357601043031536e-08, 2.3794006764887854e-08, 4.384003915447465e-08, 3.431565787082036e-08, 7.911430088825e-08, 7.023155745855547e-08, 3.284223737409775e-08, 6.535875485269571e-08], "Unc_Flux_History": [[null, 7.661263623504055e-09], [null, 1.1984769621165015e-08], [-1.406710037343828e-08, 1.531438087454262e-08], [null, 1.2315716446664737e-08], [null, 1.0445853959595297e-08], [null, 1.2979890939845973e-08], [-1.075511768533488e-08, 1.2165474849723523e-08], [-1.4017335736582481e-08, 1.5929932928315793e-08], [null, 8.929037953464558e-09], [null, 1.164500407213609e-08], [-9.531136768714532e-09, 1.1671789756917406e-08], [-9.352670637952087e-09, 1.1734098137594628e-08], [-1.4015530069855231e-08, 1.5824685561938168e-08], [null, 1.7002060204163172e-08], [-1.4433471307029322e-08, 1.6780917988512556e-08], [null, 1.1144653200290122e-08], [null, 1.3483229643895811e-08], [null, 1.7155446840888544e-08], [null, 1.623554268803673e-08], [-8.688735064765751e-09, 1.3093786499496218e-08], [null, 1.5495640326435023e-08], [null, 1.422120288196993e-08], [-1.3857689218355063e-08, 1.5619351145801375e-08], [-1.6104911182424075e-08, 1.8231860465789396e-08], [null, 1.1015763412558499e-08], [-1.676891159263505e-08, 1.9216264135479832e-08], [-1.6225969901029202e-08, 1.8260303491501872e-08], [null, 1.526770532223054e-08], [null, 1.7395588969293385e-08], [null, 1.5747234627383477e-08], [-1.592411180695308e-08, 1.8293505377187103e-08], [-2.570893542497288e-08, 2.7097103227902153e-08], [-1.630878898595256e-08, 1.8679065405535766e-08], [-1.6757827125957192e-08, 1.8603072859946224e-08], [-1.3721884961626074e-08, 1.6184761975068795e-08], [-1.499119406389582e-08, 1.759445744653476e-08], [-1.6508931111047787e-08, 1.8384191946552164e-08], [-1.676979444198423e-08, 1.8717280170221784e-08], [-1.9770187265066852e-08, 2.0889432406079322e-08], [-2.2886341710659508e-08, 2.2886341710659508e-08], [-1.3079596961063089e-08, 1.4748563259558978e-08], [-1.341185473791029e-08, 1.4986017760065806e-08], [-1.7935089857701314e-08, 1.989683795500241e-08], [-1.574266939030622e-08, 1.7763383652891207e-08], [-1.9295880449021752e-08, 2.0834031388972107e-08], [-1.8605577523089778e-08, 2.0064504724359722e-08], [-1.6211297193535756e-08, 1.8140184465664788e-08], [-2.0223581032041693e-08, 2.2407187216799684e-08]], "Extended_Source_Name": "                  ", "0FGL_Name": "                 ", "1FGL_Name": "                  ", "2FGL_Name": "                  ", "1FHL_Name": "                  ", "ASSOC_GAM1": "               ", "ASSOC_GAM2": "              ", "ASSOC_GAM3": "               ", "TEVCAT_FLAG": "N", "ASSOC_TEV": "                     ", "CLASS1": "     ", "ASSOC1": "                          ", "ASSOC2": "                          ", "Flags": 0, "catalog_row_index": 1258}