{"Source_Name": "3FGL J1853.2+0006 ", "RAJ2000": 283.3013000488281, "DEJ2000": 0.10859999805688858, "GLON": 33.23048782348633, "GLAT": -0.3439411222934723, "Conf_68_SemiMajor": 0.09078226238489151, "Conf_68_SemiMinor": 0.04890647530555725, "Conf_68_PosAng": -29.579999923706055, "Conf_95_SemiMajor": 0.14720000326633453, "Conf_95_SemiMinor": 0.07930000126361847, "Conf_95_PosAng": -29.579999923706055, "ROI_num": 31, "Signif_Avg": 12.235078811645508, "Pivot_Energy": 1244.30126953125, "Flux_Density": 5.807406638913548e-12, "Unc_Flux_Density": 5.258770307235705e-13, "Flux1000": 5.393736124403858e-09, "Unc_Flux1000": 5.525090385205544e-10, "Energy_Flux100": 5.317124518455785e-11, "Unc_Energy_Flux100": 5.501796501022893e-12, "Signif_Curve": 6.561698913574219, "SpectrumType": "LogParabola     ", "Spectral_Index": 2.741515874862671, "Unc_Spectral_Index": 0.16709770262241364, "beta": 0.39211729168891907, "Unc_beta": 0.10060624033212662, "Cutoff": null, "Unc_Cutoff": null, "Exp_Index": null, "Unc_Exp_Index": null, "PowerLaw_Index": 2.4521753787994385, "Flux30_100": null, "Unc_Flux30_100": null, "nuFnu30_100": null, "Sqrt_TS30_100": null, "Flux100_300": 7.686010405905108e-08, "Unc_Flux100_300": [-2.593077574886138e-08, 2.7256463752678428e-08], "nuFnu100_300": 2.0012855955764408e-11, "Sqrt_TS100_300": 2.8918702602386475, "Flux300_1000": 2.2632752560980407e-08, "Unc_Flux300_1000": [-3.665271641750678e-09, 3.6849867601773667e-09], "nuFnu300_1000": 1.5360795968533125e-11, "Sqrt_TS300_1000": 6.310585975646973, "Flux1000_3000": 3.4917309044146805e-09, "Unc_Flux1000_3000": [-6.191446244585563e-10, 6.303382815708858e-10], "nuFnu1000_3000": 7.636648258202428e-12, "Sqrt_TS1000_3000": 5.928843021392822, "Flux3000_10000": 3.2483354894807803e-10, "Unc_Flux3000_10000": [-1.341479566319137e-10, 1.407541860842798e-10], "nuFnu3000_10000": 1.8333817537047326e-12, "Sqrt_TS3000_10000": 2.5689778327941895, "Flux10000_100000": 7.745860897134804e-11, "Unc_Flux10000_100000": [-3.2178842923613615e-11, 3.937821943522657e-11], "nuFnu10000_100000": 7.17674021339515e-13, "Sqrt_TS10000_100000": 3.214383363723755, "Variability_Index": 48.30537796020508, "Signif_Peak": null, "Flux_Peak": null, "Unc_Flux_Peak": null, "Time_Peak": null, "Peak_Interval": null, "Flux_History": [5.3703793412296363e-08, 7.683826908078117e-08, 7.91258472077061e-08, 5.4806807980867234e-08, 1.104154705444671e-07, 8.48930596930586e-08, 3.443024354510271e-08, 8.308850851790339e-08, 9.17383786713799e-08, 1.245363847601766e-07, 9.460532623961626e-08, 9.355465380167516e-08, 8.580261834367775e-08, 5.98027014575564e-08, 1.4754819233075978e-07, 5.464107033503751e-08, 1.3513552232780057e-07, 1.1194332927288997e-07, 1.1409314026877837e-07, 1.1052614468098909e-07, 2.4306823220854312e-08, 1.5936721808884613e-07, 1.2569014984364912e-07, 1.1175839631505369e-07, 7.819930658570229e-08, 4.79294186561674e-08, 3.147858151919536e-08, 1.3438112489438936e-07, 9.322029370650853e-08, 1.5026657251837605e-08, 9.167112580144021e-08, 1.3799686371385178e-07, 1.0238220227165584e-07, 1.0517943138665942e-07, 1.130254858594526e-07, 1.1523605536467585e-07, 2.533067799959099e-07, 0.0, 1.639549225274095e-07, 1.9517645455380261e-07, 5.1142393431291566e-08, 7.002710589176786e-08, 1.0572848907486332e-07, 7.913391897318434e-08, 3.340531762319188e-08, 1.56646734694732e-07, 6.824323861565063e-08, 1.8547122238032898e-07], "Unc_Flux_History": [[-3.678491466985179e-08, 3.9165907850247095e-08], [-4.112931151212251e-08, 4.2623490514870355e-08], [-3.905503120904541e-08, 4.05210478504614e-08], [-4.186049906707012e-08, 4.367933925664147e-08], [-4.090628635822213e-08, 4.169521261587761e-08], [-3.6450199303317277e-08, 3.762151123964941e-08], [null, 4.1072048873047606e-08], [-4.431585765019008e-08, 4.688375199179973e-08], [-3.9645101423957385e-08, 4.196432357161939e-08], [-4.148225229982927e-08, 4.270536635431199e-08], [-4.448166990300706e-08, 4.703896649971284e-08], [-4.164304812093178e-08, 4.3806146265978896e-08], [-4.4341376792544906e-08, 4.708354950366811e-08], [-4.0188037786492714e-08, 4.275140241816189e-08], [-4.51804922363408e-08, 4.6667992137372494e-08], [-5.309313166890206e-08, 5.618741738544486e-08], [-4.698702937844246e-08, 4.84191353677943e-08], [-6.036011512833284e-08, 6.334474988989314e-08], [-5.0272209506374566e-08, 5.216880083480646e-08], [-4.6596639435847464e-08, 4.8888090020682284e-08], [null, 4.4280810129748716e-08], [-4.718528145986056e-08, 4.961611921316944e-08], [-5.17304599156887e-08, 5.4845607166953414e-08], [-4.565008993040465e-08, 4.7632415345333357e-08], [-4.867404612696191e-08, 5.103712652498871e-08], [-4.2887922546697155e-08, 4.5968132411644547e-08], [null, 3.93867338743803e-08], [-4.908080342147514e-08, 5.081805909412651e-08], [-4.7070741970856034e-08, 4.956443433457025e-08], [null, 5.4061963794538315e-08], [-4.224969174515536e-08, 4.338395598324496e-08], [-4.941101394706493e-08, 5.189484042489312e-08], [-4.5856776154096224e-08, 4.75421799706055e-08], [-4.5547700722181617e-08, 4.778900120072649e-08], [-5.3154515455844376e-08, 5.372461941988149e-08], [-5.220784871085016e-08, 5.337583885989261e-08], [-5.4763649615097165e-08, 5.762179711155113e-08], [null, 5.0190170242103704e-08], [-5.2742766598612434e-08, 5.474894848589429e-08], [-5.1919702315217364e-08, 5.480368159282989e-08], [-5.02151245029836e-08, 5.4077005984254356e-08], [-4.746508608377553e-08, 4.981309231766318e-08], [-4.324004265754411e-08, 4.628783045745877e-08], [-4.4551637046197357e-08, 4.688604349212255e-08], [null, 3.94143846449424e-08], [-5.2195122890452694e-08, 5.629724952882498e-08], [-4.9217089070907605e-08, 5.2031925434903314e-08], [-5.195350993858483e-08, 5.339681052873857e-08]], "Extended_Source_Name": "                  ", "0FGL_Name": "                 ", "1FGL_Name": "1FGL J1853.1+0032c", "2FGL_Name": "                  ", "1FHL_Name": "                  ", "ASSOC_GAM1": "               ", "ASSOC_GAM2": "              ", "ASSOC_GAM3": "               ", "TEVCAT_FLAG": "N", "ASSOC_TEV": "                     ", "CLASS1": "psr  ", "ASSOC1": "PSR J1853-0004            ", "ASSOC2": "                          ", "Flags": 12, "catalog_row_index": 2435}