{"Source_Name": "3FGL J1641.5-2856 ", "RAJ2000": 250.39210510253906, "DEJ2000": -28.947999954223633, "GLON": 351.79193115234375, "GLAT": 11.382842063903809, "Conf_68_SemiMajor": 0.1036718562245369, "Conf_68_SemiMinor": 0.06771665811538696, "Conf_68_PosAng": -67.69000244140625, "Conf_95_SemiMajor": 0.1680999994277954, "Conf_95_SemiMinor": 0.10980000346899033, "Conf_95_PosAng": -67.69000244140625, "ROI_num": 503, "Signif_Avg": 5.049908638000488, "Pivot_Energy": 1225.69970703125, "Flux_Density": 5.016609415202378e-13, "Unc_Flux_Density": 1.0025928519471691e-13, "Flux1000": 6.059273638392426e-10, "Unc_Flux1000": 1.2736514620748096e-10, "Energy_Flux100": 7.503690377386185e-12, "Unc_Energy_Flux100": 1.517127027304832e-12, "Signif_Curve": 2.3734130859375, "SpectrumType": "PowerLaw        ", "Spectral_Index": 2.3268377780914307, "Unc_Spectral_Index": 0.12102120369672775, "beta": null, "Unc_beta": null, "Cutoff": null, "Unc_Cutoff": null, "Exp_Index": null, "Unc_Exp_Index": null, "PowerLaw_Index": 2.3268377780914307, "Flux30_100": null, "Unc_Flux30_100": null, "nuFnu30_100": null, "Sqrt_TS30_100": null, "Flux100_300": 1.3919290609010204e-08, "Unc_Flux100_300": [-5.4034625662779945e-09, 5.437126304741469e-09], "nuFnu100_300": 3.2398701776958916e-12, "Sqrt_TS100_300": 2.6035287380218506, "Flux300_1000": 3.797703485020065e-09, "Unc_Flux300_1000": [-8.874102008782359e-10, 9.064520800627918e-10], "nuFnu300_1000": 2.5100501104685646e-12, "Sqrt_TS300_1000": 4.447239398956299, "Flux1000_3000": 6.451398304463396e-10, "Unc_Flux1000_3000": [-1.8449251848462467e-10, 1.9469638401492517e-10], "nuFnu1000_3000": 1.501634970882404e-12, "Sqrt_TS1000_3000": 3.8325998783111572, "Flux3000_10000": 5.072236033965005e-11, "Unc_Flux3000_10000": [-4.2193370325405155e-11, 4.6172388828980004e-11], "nuFnu3000_10000": 3.352438498246263e-13, "Sqrt_TS3000_10000": 1.3839430809020996, "Flux10000_100000": 1.9536610176840163e-11, "Unc_Flux10000_100000": [-1.2490146937549351e-11, 1.8980424870695956e-11], "nuFnu10000_100000": 3.06223633689956e-13, "Sqrt_TS10000_100000": 2.194025754928589, "Variability_Index": 45.001155853271484, "Signif_Peak": null, "Flux_Peak": null, "Unc_Flux_Peak": null, "Time_Peak": null, "Peak_Interval": null, "Flux_History": [0.0, 8.482664348719027e-09, 5.722704088384489e-08, 5.1067971185148053e-08, 0.0, 0.0, 2.222868644707887e-08, 2.0465341421527228e-08, 1.7700090282346537e-08, 2.472904370165452e-08, 3.223709743593872e-09, 4.724407887124471e-08, 0.0, 6.787562512045042e-09, 2.2190979720448922e-08, 2.399018050880386e-08, 3.249213875733403e-08, 8.65287042017826e-09, 2.1264368044171533e-09, 1.0541262085439485e-08, 5.1478403761962e-09, 0.0, 1.1661296817067068e-08, 1.7721340839216282e-08, 7.309281357947839e-08, 3.5241569662503025e-09, 2.9432531079010005e-08, 0.0, 1.4283104698975535e-09, 0.0, 2.3810910576571587e-08, 0.0, 2.5776925483000923e-08, 3.563746187040806e-09, 2.9111029142825373e-09, 1.2998346399228922e-08, 1.6730215435245555e-08, 1.9339625012548822e-08, 8.437314846787558e-09, 2.2215404626990676e-08, 1.814166061819833e-08, 0.0, 1.3463105297262246e-08, 2.8203933410964055e-08, 5.168016681267318e-09, 1.8381830502178786e-09, 3.3517842723540525e-08, 0.0], "Unc_Flux_History": [[null, 1.6808826330816373e-08], [null, 1.825574713620881e-08], [-2.072814098141862e-08, 2.2506196017957336e-08], [-2.11397157556803e-08, 2.328638615267664e-08], [null, 1.0291660856864837e-08], [null, 1.3117515962335347e-08], [-1.6662269786138495e-08, 1.8899347864476113e-08], [-1.7961840015345842e-08, 2.047871916488475e-08], [null, 1.8548011126995334e-08], [-1.8507043009208246e-08, 2.054655112715409e-08], [null, 1.935491944493606e-08], [-1.7904222104903056e-08, 1.972493990365365e-08], [null, 1.7533697160843076e-08], [null, 1.7989110645544315e-08], [-1.7215366909795193e-08, 1.982818353951643e-08], [null, 2.541277588363755e-08], [-1.7482339131902336e-08, 1.9245986138116677e-08], [null, 2.0510723786060225e-08], [null, 1.6451330964173394e-08], [null, 2.540463306388574e-08], [null, 1.7931025553252766e-08], [null, 1.4392108838023887e-08], [null, 2.1449006126772474e-08], [-1.3256943098838292e-08, 1.6444435146922842e-08], [-2.6782547735137996e-08, 2.8874188373606557e-08], [null, 1.61096913586789e-08], [-2.2402602439797192e-08, 2.5294699668165777e-08], [null, 1.37189646309821e-08], [null, 1.956840200989518e-08], [null, 2.277117516769067e-08], [-1.786827930061463e-08, 1.9923936278587462e-08], [null, 1.9144319907127283e-08], [-1.5841756351164804e-08, 1.9772757653413464e-08], [null, 2.4623117766964242e-08], [null, 1.8720911043601518e-08], [null, 2.027150891592555e-08], [null, 2.3109915758823263e-08], [-1.4829971028973432e-08, 1.7421655229554744e-08], [null, 2.6603661495983033e-08], [-1.783606151661843e-08, 1.9374308379838112e-08], [null, 2.5121353885992903e-08], [null, 1.660923842905504e-08], [null, 1.9125863559565914e-08], [-1.959707418563994e-08, 2.222673778362605e-08], [null, 1.4548579230222458e-08], [null, 2.134405185927335e-08], [-1.5694959998313607e-08, 1.8272405810648706e-08], [null, 1.748949074453776e-08]], "Extended_Source_Name": "                  ", "0FGL_Name": "                 ", "1FGL_Name": "                  ", "2FGL_Name": "                  ", "1FHL_Name": "                  ", "ASSOC_GAM1": "               ", "ASSOC_GAM2": "              ", "ASSOC_GAM3": "               ", "TEVCAT_FLAG": "N", "ASSOC_TEV": "                     ", "CLASS1": "     ", "ASSOC1": "                          ", "ASSOC2": "                          ", "Flags": 1, "catalog_row_index": 2039}