{"Source_Name": "3FGL J0023.9-7203 ", "RAJ2000": 5.981900215148926, "DEJ2000": -72.06520080566406, "GLON": 305.9163513183594, "GLAT": -44.90336608886719, "Conf_68_SemiMajor": 0.01696000061929226, "Conf_68_SemiMinor": 0.01640494540333748, "Conf_68_PosAng": -35.59000015258789, "Conf_95_SemiMajor": 0.027499999850988388, "Conf_95_SemiMinor": 0.026599999517202377, "Conf_95_PosAng": -35.59000015258789, "ROI_num": 526, "Signif_Avg": 46.378379821777344, "Pivot_Energy": 856.451904296875, "Flux_Density": 7.138174166337885e-12, "Unc_Flux_Density": 2.996526366882274e-13, "Flux1000": 4.148744014997874e-09, "Unc_Flux1000": 1.8169224458297606e-10, "Energy_Flux100": 2.6073978046103896e-11, "Unc_Energy_Flux100": 1.2609710367886273e-12, "Signif_Curve": 10.370752334594727, "SpectrumType": "LogParabola     ", "Spectral_Index": 1.7730473279953003, "Unc_Spectral_Index": 0.06677469611167908, "beta": 0.33644941449165344, "Unc_beta": 0.04443839192390442, "Cutoff": null, "Unc_Cutoff": null, "Exp_Index": null, "Unc_Exp_Index": null, "PowerLaw_Index": 2.0946664810180664, "Flux30_100": null, "Unc_Flux30_100": null, "nuFnu30_100": null, "Sqrt_TS30_100": null, "Flux100_300": 1.09439657336452e-08, "Unc_Flux100_300": [-2.1870143473989856e-09, 2.219207928533251e-09], "nuFnu100_300": 2.992280468544495e-12, "Sqrt_TS100_300": 5.319690227508545, "Flux300_1000": 9.251479582417232e-09, "Unc_Flux300_1000": [-5.268888103593383e-10, 5.268888103593383e-10], "nuFnu300_1000": 6.764962288269283e-12, "Sqrt_TS300_1000": 24.07035255432129, "Flux1000_3000": 3.647951274388106e-09, "Unc_Flux1000_3000": [-1.937036919752444e-10, 1.937036919752444e-10], "nuFnu1000_3000": 8.556749059307478e-12, "Sqrt_TS1000_3000": 34.30107879638672, "Flux3000_10000": 6.278621511590643e-10, "Unc_Flux3000_10000": [-6.70701688632036e-11, 7.18333240112834e-11], "nuFnu3000_10000": 3.847109696780704e-12, "Sqrt_TS3000_10000": 19.235050201416016, "Flux10000_100000": 1.8815709407205006e-11, "Unc_Flux10000_100000": [-9.677860943191341e-12, 1.4222333380442542e-11], "nuFnu10000_100000": 1.8924931879851087e-13, "Sqrt_TS10000_100000": 3.2741057872772217, "Variability_Index": 37.37942886352539, "Signif_Peak": null, "Flux_Peak": null, "Unc_Flux_Peak": null, "Time_Peak": null, "Peak_Interval": null, "Flux_History": [2.9250090349819402e-08, 2.710656055171512e-08, 2.317455383149536e-08, 1.988132325436709e-08, 2.3695704953752283e-08, 1.9218360236550325e-08, 1.3491131767295883e-08, 2.075550931124326e-08, 2.1065689637111973e-08, 1.5902550387636438e-08, 2.6110829054459828e-08, 2.4861604330794762e-08, 2.2967110879790198e-08, 1.513765646166121e-08, 2.0609331130572173e-08, 1.9755340474603145e-08, 2.5268665382327526e-08, 3.197026643420031e-08, 1.965814355742168e-08, 2.9407216217691712e-08, 2.1424648721790618e-08, 2.6701391320216317e-08, 2.1675116812502893e-08, 2.4645229856901096e-08, 1.8071308005573883e-08, 3.238273293959537e-08, 2.5600327191455108e-08, 1.852732189888684e-08, 2.0260637612068422e-08, 1.7929066231658908e-08, 1.5016054177863225e-08, 2.2668746879617174e-08, 1.7977765054411066e-08, 2.1083609524907843e-08, 2.0388700505691304e-08, 1.6781088518769138e-08, 3.32403935487946e-08, 2.1617054812850256e-08, 2.6821767917795114e-08, 2.0416118573507447e-08, 2.868225301710936e-08, 2.5487764787612832e-08, 1.5609570525043637e-08, 2.4018426358907163e-08, 2.480794236703332e-08, 2.3564783901974806e-08, 2.3733084830723783e-08, 3.683970817291993e-08], "Unc_Flux_History": [[-6.680195063779593e-09, 7.470048579705235e-09], [-6.2587028892835406e-09, 6.986243139550652e-09], [-5.744173137145481e-09, 6.421893239405563e-09], [-5.642640577008251e-09, 6.546689412800788e-09], [-6.492699267113267e-09, 7.391152134772483e-09], [-5.368653077653107e-09, 6.120612905391454e-09], [-4.8840891331281e-09, 5.81552495049209e-09], [-6.457287149430613e-09, 7.364789222918944e-09], [-5.623410626043324e-09, 6.437685051707831e-09], [-4.998351066376472e-09, 5.765934840695763e-09], [-6.1093410330670395e-09, 6.482154368825377e-09], [-6.0538360990847195e-09, 6.753791303992784e-09], [-5.2891597768223164e-09, 5.954068793556644e-09], [-4.654719276686592e-09, 5.382450485313939e-09], [-4.666371733463848e-09, 5.231258093374436e-09], [-5.118693469086111e-09, 5.763056698526725e-09], [-5.074851205932873e-09, 5.589806839623179e-09], [-5.834028371509703e-09, 6.303975563781705e-09], [-5.124540347622997e-09, 5.820035564596537e-09], [-5.2972897179870415e-09, 5.770941946536823e-09], [-5.244883638511055e-09, 5.944847281114107e-09], [-5.170960548639414e-09, 5.662304847220412e-09], [-5.243163236912096e-09, 6.013539444182925e-09], [-5.1780495446962505e-09, 5.715489415081265e-09], [-4.615173576638654e-09, 5.2213366963371755e-09], [-6.741585956149265e-09, 7.486836928194407e-09], [-4.877120485247133e-09, 5.343034015226067e-09], [-5.102602340656404e-09, 5.822699655766428e-09], [-4.662878527739167e-09, 5.236772793182354e-09], [-4.8227777327269905e-09, 5.482743148377267e-09], [-4.168046796593217e-09, 4.831721245324161e-09], [-5.419341420065393e-09, 6.11473049971778e-09], [-5.516318957177191e-09, 6.344761160903545e-09], [-4.9555359815656175e-09, 5.503499878045659e-09], [-5.215650578094255e-09, 5.877464293035928e-09], [-4.265279685000678e-09, 4.859307622950837e-09], [-6.332823598853565e-09, 6.948464914557917e-09], [-5.102502420584187e-09, 5.7474407455515575e-09], [-4.895980509900255e-09, 5.384960921617221e-09], [-4.925499119678989e-09, 5.563609573044914e-09], [-5.1253641331072686e-09, 5.592017071620603e-09], [-5.450856210842403e-09, 6.121015250215578e-09], [-4.144425247432082e-09, 4.754940885476344e-09], [-5.888726839486935e-09, 6.601956314966628e-09], [-5.327595697934839e-09, 5.863125984717499e-09], [-5.086384202712679e-09, 5.5673523569055305e-09], [-5.359794830184228e-09, 6.0296647674817905e-09], [-6.317165901492672e-09, 6.866093471558088e-09]], "Extended_Source_Name": "                  ", "0FGL_Name": "0FGL J0025.1-7202", "1FGL_Name": "1FGL J0023.9-7204 ", "2FGL_Name": "2FGL J0023.9-7204 ", "1FHL_Name": "                  ", "ASSOC_GAM1": "               ", "ASSOC_GAM2": "              ", "ASSOC_GAM3": "               ", "TEVCAT_FLAG": "N", "ASSOC_TEV": "                     ", "CLASS1": "glc  ", "ASSOC1": "47 Tuc                    ", "ASSOC2": "                          ", "Flags": 0, "source_id": 57}