{"Source_Name": "3FHL J0141.4-0928 ", "RAJ2000": 25.354719161987305, "DEJ2000": -9.46848201751709, "GLON": 159.02713012695312, "GLAT": -68.76166534423828, "Conf_95_SemiMajor": 0.02751772850751877, "Conf_95_SemiMinor": 0.02751772850751877, "Conf_95_PosAng": null, "ROI_num": 15, "Signif_Avg": 14.164409637451172, "Pivot_Energy": 21.061203002929688, "Flux_Density": 3.0803703771759006e-12, "Unc_Flux_Density": 5.545339036051866e-13, "Flux": 1.3121247144365356e-10, "Unc_Flux": 2.3629072656849992e-11, "Energy_Flux": 6.332017809390633e-12, "Unc_Energy_Flux": 1.8330092218382665e-12, "Signif_Curve": 0.4655775725841522, "SpectrumType": "PowerLaw   ", "Spectral_Index": 2.2430171966552734, "Unc_Spectral_Index": 0.38443413376808167, "beta": 0.10472966730594635, "Unc_beta": 0.23916827142238617, "PowerLaw_Index": 2.3773388862609863, "Unc_PowerLaw_Index": 0.2458384484052658, "Flux_Band": [7.11643521889016e-11, 4.730070155001265e-11, 1.192461494131658e-11, 9.328615307302293e-20, 6.52318351642891e-25], "Unc_Flux_Band": [[-1.6437953428982688e-11, 1.91450397202253e-11], [-1.2529166072694498e-11, 1.509650217335068e-11], [-5.568946779416217e-12, 8.339866124085216e-12], [null, 5.677052144353878e-12], [null, 6.354615184750445e-12]], "nuFnu": [2.2463576138109786e-12, 2.461522305430286e-12, 1.3810863260313444e-12, 3.065100634591625e-20, 6.578356941178133e-25], "Sqrt_TS_Band": [10.203105926513672, 9.120068550109863, 5.432248592376709, 0.0, 0.0], "Npred": 34.423797607421875, "HEP_Energy": 145.093994140625, "HEP_Prob": 0.9985179901123047, "Variability_BayesBlocks": 1, "Extended_Source_Name": "                  ", "ASSOC_GAM": "3FGL J0141.4-0929 ", "TEVCAT_FLAG": "N", "ASSOC_TEV": "                     ", "CLASS": "bll    ", "ASSOC1": "PKS 0139-09               ", "ASSOC2": "                          ", "ASSOC_PROB_BAY": 0.9998787045478821, "ASSOC_PROB_LR": 0.9977417588233948, "Redshift": 0.7300000190734863, "NuPeak_obs": 6309576441856.0, "catalog_row_index": 101}