{"Source_Name": "3FHL J1540.7+1448 ", "RAJ2000": 235.19496154785156, "DEJ2000": 14.815681457519531, "GLON": 24.347612380981445, "GLAT": 48.81775665283203, "Conf_95_SemiMajor": 0.06832285225391388, "Conf_95_SemiMinor": 0.06832285225391388, "Conf_95_PosAng": null, "ROI_num": 272, "Signif_Avg": 4.3098063468933105, "Pivot_Energy": 33.319061279296875, "Flux_Density": 2.3149115003368026e-13, "Unc_Flux_Density": 9.358461813650798e-14, "Flux": 2.4560114358918028e-11, "Unc_Flux": 9.928962166338984e-12, "Energy_Flux": 2.658538320043924e-12, "Unc_Energy_Flux": 1.975381446958635e-12, "Signif_Curve": 0.44527506828308105, "SpectrumType": "PowerLaw   ", "Spectral_Index": 1.8979485034942627, "Unc_Spectral_Index": 0.5298671722412109, "beta": -0.10670112818479538, "Unc_beta": 0.21944931149482727, "PowerLaw_Index": 1.744368076324463, "Unc_PowerLaw_Index": 0.40464282035827637, "Flux_Band": [9.632922064184424e-12, 9.544981992293256e-12, 6.647547657276251e-17, 5.104326249866231e-12, 5.605447582102412e-21], "Unc_Flux_Band": [[-5.574437612898553e-12, 7.839318603986012e-12], [-4.646115957240848e-12, 6.484690388830483e-12], [null, 5.907207882571708e-12], [-3.3078683021880995e-12, 5.754403030466815e-12], [null, 5.44540801339366e-12]], "nuFnu": [3.117960533857711e-13, 5.188113393755911e-13, 8.19218089258531e-18, 1.8062888424569268e-12, 6.231364811863631e-21], "Sqrt_TS_Band": [2.3915228843688965, 4.541875839233398, 0.0, 1.9441149234771729, 0.0], "Npred": 7.806731224060059, "HEP_Energy": 40.93069839477539, "HEP_Prob": 0.9946452975273132, "Variability_BayesBlocks": 1, "Extended_Source_Name": "                  ", "ASSOC_GAM": "3FGL J1540.8+1449 ", "TEVCAT_FLAG": "N", "ASSOC_TEV": "                     ", "CLASS": "bll    ", "ASSOC1": "4C +14.60                 ", "ASSOC2": "                          ", "ASSOC_PROB_BAY": 0.9993375539779663, "ASSOC_PROB_LR": 0.9954580664634705, "Redshift": 0.6050000190734863, "NuPeak_obs": 21134881849344.0, "source_id": 1020}