{"Source_Name": "3FHL J0721.8+7120 ", "RAJ2000": 110.47433471679688, "DEJ2000": 71.34196472167969, "GLON": 143.98272705078125, "GLAT": 28.018022537231445, "Conf_95_SemiMajor": 0.009739403612911701, "Conf_95_SemiMinor": 0.009739403612911701, "Conf_95_PosAng": null, "ROI_num": 521, "Signif_Avg": 73.71171569824219, "Pivot_Energy": 16.075538635253906, "Flux_Density": 6.112788053513896e-11, "Unc_Flux_Density": 2.8619621863373856e-12, "Flux": 1.2997305454121033e-09, "Unc_Flux": 5.582822745764382e-11, "Energy_Flux": 5.209680950524209e-11, "Unc_Energy_Flux": 3.325219656916123e-12, "Signif_Curve": 2.739015579223633, "SpectrumType": "LogParabola", "Spectral_Index": 2.152427911758423, "Unc_Spectral_Index": 0.12130652368068695, "beta": 0.2224501520395279, "Unc_beta": 0.07875064760446548, "PowerLaw_Index": 2.4683425426483154, "Unc_PowerLaw_Index": 0.06368852406740189, "Flux_Band": [8.199344536663489e-10, 3.5251793151225286e-10, 1.1642750652463008e-10, 1.1081137743507163e-11, 3.161001745495617e-22], "Unc_Flux_Band": [[-4.447528456630323e-11, 4.447528456630323e-11], [-2.8983624528189367e-11, 2.8983624528189367e-11], [-1.5796270541601487e-11, 1.7299908033896472e-11], [-4.3986095148162985e-12, 5.9572759052162194e-12], [null, 3.664589031532328e-12]], "nuFnu": [2.617131164561748e-11, 1.8251164468630066e-11, 1.2844346246321248e-11, 3.2661549246443267e-12, 2.611465335482811e-22], "Sqrt_TS_Band": [57.716400146484375, 39.13590621948242, 23.51487922668457, 6.315922260284424, 0.0], "Npred": 559.2410888671875, "HEP_Energy": 207.25100708007812, "HEP_Prob": 0.9989064335823059, "Variability_BayesBlocks": 15, "Extended_Source_Name": "                  ", "ASSOC_GAM": "3FGL J0721.9+7120 ", "TEVCAT_FLAG": "P", "ASSOC_TEV": "S5 0716+71           ", "CLASS": "BLL    ", "ASSOC1": "S5 0716+71                ", "ASSOC2": "                          ", "ASSOC_PROB_BAY": 0.9999940991401672, "ASSOC_PROB_LR": 0.9999018311500549, "Redshift": 0.12700000405311584, "NuPeak_obs": 87096274452480.0, "source_id": 449}