{"Source_Name": "3FGL J0621.0+2514 ", "RAJ2000": 95.27279663085938, "DEJ2000": 25.242000579833984, "GLON": 187.10386657714844, "GLAT": 5.058525085449219, "Conf_68_SemiMajor": 0.04508276656270027, "Conf_68_SemiMinor": 0.04243084043264389, "Conf_68_PosAng": 28.760000228881836, "Conf_95_SemiMajor": 0.0731000006198883, "Conf_95_SemiMinor": 0.06880000233650208, "Conf_95_PosAng": 28.760000228881836, "ROI_num": 193, "Signif_Avg": 8.619720458984375, "Pivot_Energy": 1721.40087890625, "Flux_Density": 3.525622990167149e-13, "Unc_Flux_Density": 4.774434360778172e-14, "Flux1000": 9.749203666586936e-10, "Unc_Flux1000": 1.3421637412580623e-10, "Energy_Flux100": 1.1035437320894292e-11, "Unc_Energy_Flux100": 1.495312988014641e-12, "Signif_Curve": 3.708314895629883, "SpectrumType": "PowerLaw        ", "Spectral_Index": 2.1704955101013184, "Unc_Spectral_Index": 0.08605310320854187, "beta": null, "Unc_beta": null, "Cutoff": null, "Unc_Cutoff": null, "Exp_Index": null, "Unc_Exp_Index": null, "PowerLaw_Index": 2.1704955101013184, "Flux30_100": null, "Unc_Flux30_100": null, "nuFnu30_100": null, "Sqrt_TS30_100": null, "Flux100_300": 1.5592784008422456e-11, "Unc_Flux100_300": [null, 4.876917980567441e-09], "nuFnu100_300": 3.6847682328598145e-15, "Sqrt_TS100_300": 0.0, "Flux300_1000": 3.414052818229152e-09, "Unc_Flux300_1000": [-8.749433955124175e-10, 8.903416337524561e-10], "nuFnu300_1000": 2.2975822633330978e-12, "Sqrt_TS300_1000": 4.057722568511963, "Flux1000_3000": 7.95150112420373e-10, "Unc_Flux1000_3000": [-1.6633383559394588e-10, 1.761743806394378e-10], "nuFnu1000_3000": 1.8790381577094006e-12, "Sqrt_TS1000_3000": 5.575129508972168, "Flux3000_10000": 2.988730651853899e-10, "Unc_Flux3000_10000": [-5.858973028960435e-11, 6.427994941882176e-11], "nuFnu3000_10000": 2.0113498540308417e-12, "Sqrt_TS3000_10000": 7.380187511444092, "Flux10000_100000": 5.414270160680745e-12, "Unc_Flux10000_100000": [null, 1.8293807441116527e-11], "nuFnu10000_100000": 9.0042848123386e-14, "Sqrt_TS10000_100000": 0.6515870094299316, "Variability_Index": 43.667503356933594, "Signif_Peak": null, "Flux_Peak": null, "Unc_Flux_Peak": null, "Time_Peak": null, "Peak_Interval": null, "Flux_History": [1.9506513737610476e-08, 5.6940594461707406e-09, 2.306309632160719e-08, 1.795938864290747e-08, 9.181078119979702e-09, 6.450645795297305e-09, 1.4070300480284459e-08, 4.5777539980917936e-08, 6.146545050711438e-09, 0.0, 2.7280643521976344e-08, 0.0, 0.0, 2.3182026964718716e-08, 3.706026818761643e-09, 1.5533403896483833e-08, 3.274386983775912e-08, 4.559240807111564e-08, 5.023702787099182e-09, 3.1478592177336395e-08, 3.5105804929713713e-09, 1.704072083441588e-08, 8.21144219287362e-09, 1.660049875340519e-09, 2.6174902245656995e-08, 5.305661687771135e-09, 4.6039932755093105e-08, 7.584109340541545e-09, 2.0769030939504773e-08, 8.696900977156474e-09, 0.0, 1.0403287120652749e-08, 1.1187305304360962e-08, 2.7692838244774975e-08, 1.3189308312178127e-08, 6.29323837486595e-09, 3.204224796604649e-08, 9.113470866850548e-09, 3.73579354118192e-08, 1.1458588744517328e-08, 0.0, 1.6507007316590716e-08, 2.8622771708342043e-08, 6.712966182931268e-09, 6.651063255702638e-09, 2.430387091578723e-08, 0.0, 2.8283425379527216e-08], "Unc_Flux_History": [[-1.1252251574944694e-08, 1.3376543428478271e-08], [null, 1.346347922037694e-08], [-1.4246096746717285e-08, 1.534124827173855e-08], [-1.0243090819983536e-08, 1.2636552249034594e-08], [null, 1.4151504856840802e-08], [null, 1.3602635462461876e-08], [-1.0693724128429949e-08, 1.3351053596011297e-08], [-2.0737106254387072e-08, 1.9615681523532658e-08], [-5.713898243442372e-09, 9.520314314670486e-09], [null, 1.094035351201228e-08], [-1.232213708846075e-08, 1.2819560524235385e-08], [null, 1.527099158238343e-08], [null, 1.7156926546135765e-08], [-1.4563616979046401e-08, 1.629187451612779e-08], [null, 1.4787131519256036e-08], [-1.3283201205638306e-08, 1.6421445536707324e-08], [-1.3581488822467236e-08, 1.5331993452605275e-08], [-1.8754292341327528e-08, 1.8258610623433924e-08], [null, 1.8597642537088177e-08], [-1.6657047297030658e-08, 1.764759538502858e-08], [null, 1.4491724265042194e-08], [-1.1323811222041513e-08, 1.4112379709274592e-08], [null, 1.8973359772189724e-08], [null, 1.802698257336033e-08], [-1.4080079324685357e-08, 1.709835473207022e-08], [null, 1.5003609021846387e-08], [-1.675457994565477e-08, 2.081219463434536e-08], [null, 1.2230067625296215e-08], [-1.3599198211977637e-08, 1.691670625802999e-08], [null, 1.5176112810877385e-08], [null, 8.81820039211334e-09], [null, 1.8297351189744404e-08], [null, 1.795382509328647e-08], [-1.558053774886048e-08, 1.59328141791093e-08], [-9.290426206121083e-09, 1.1796160492849594e-08], [null, 1.5019191224041606e-08], [-1.3583810520856332e-08, 1.6144932502015763e-08], [null, 1.5087495697230224e-08], [-1.5196519598248415e-08, 1.7810748431656975e-08], [null, 1.4269645909337214e-08], [null, 1.4857676866597558e-08], [-9.97156579529701e-09, 1.2723857523155857e-08], [-1.3702984524854855e-08, 1.4687539184876641e-08], [-5.3145248202213224e-09, 9.790237953666292e-09], [null, 1.5313487367052403e-08], [-1.5653151663741482e-08, 1.648670533427321e-08], [null, 1.3896269024371577e-08], [-1.2856814279871287e-08, 1.511324398961733e-08]], "Extended_Source_Name": "                  ", "0FGL_Name": "                 ", "1FGL_Name": "1FGL J0621.5+2508 ", "2FGL_Name": "2FGL J0621.2+2508 ", "1FHL_Name": "                  ", "ASSOC_GAM1": "               ", "ASSOC_GAM2": "              ", "ASSOC_GAM3": "               ", "TEVCAT_FLAG": "N", "ASSOC_TEV": "                     ", "CLASS1": "PSR  ", "ASSOC1": "PSR J0621+2514            ", "ASSOC2": "                          ", "Flags": 0, "catalog_row_index": 703}