{"Source_Name": "3FHL J1002.6+2216 ", "RAJ2000": 150.6599578857422, "DEJ2000": 22.272438049316406, "GLON": 210.654541015625, "GLAT": 51.531036376953125, "Conf_95_SemiMajor": 0.04478349909186363, "Conf_95_SemiMinor": 0.04478349909186363, "Conf_95_PosAng": null, "ROI_num": 160, "Signif_Avg": 4.909024238586426, "Pivot_Energy": 29.837854385375977, "Flux_Density": 3.4876236013753337e-13, "Unc_Flux_Density": 1.3332835269858068e-13, "Flux": 3.050127511672329e-11, "Unc_Flux": 1.1694468310397e-11, "Energy_Flux": 2.5096448356964896e-12, "Unc_Energy_Flux": 1.571376709308403e-12, "Signif_Curve": 0.5453912615776062, "SpectrumType": "PowerLaw   ", "Spectral_Index": 1.7088818550109863, "Unc_Spectral_Index": 0.5871200561523438, "beta": 0.19049637019634247, "Unc_beta": 0.3700040876865387, "PowerLaw_Index": 1.928285002708435, "Unc_PowerLaw_Index": 0.37119656801223755, "Flux_Band": [1.1554154334680877e-11, 1.0904181203807983e-11, 8.990232169825418e-12, 4.8395161396172416e-20, 5.614569057813399e-18], "Unc_Flux_Band": [[-6.265475985256508e-12, 8.817990608533943e-12], [-5.769877631234266e-12, 8.272982993107192e-12], [-4.843220009070892e-12, 7.443079139135556e-12], [null, 5.065830133849092e-12], [null, 5.821711602377322e-12]], "nuFnu": [3.712506918638475e-13, 5.851725354277804e-13, 1.0878483443915732e-12, 1.6754683863342224e-20, 6.063621010540368e-18], "Sqrt_TS_Band": [2.5691215991973877, 3.717073440551758, 4.064727306365967, 0.0, 0.0], "Npred": 8.937862396240234, "HEP_Energy": 129.74099731445312, "HEP_Prob": 0.9968779683113098, "Variability_BayesBlocks": 1, "Extended_Source_Name": "                  ", "ASSOC_GAM": "3FGL J1002.3+2220 ", "TEVCAT_FLAG": "N", "ASSOC_TEV": "                     ", "CLASS": "bll    ", "ASSOC1": "1RXS J100235.8+221609     ", "ASSOC2": "                          ", "ASSOC_PROB_BAY": 0.9998369812965393, "ASSOC_PROB_LR": 0.849250078201294, "Redshift": null, "NuPeak_obs": 4466832022962176.0, "source_id": 617}