{"Source_Name": "3FHL J0904.9-5735 ", "RAJ2000": 136.23580932617188, "DEJ2000": -57.5931396484375, "GLON": 276.1278991699219, "GLAT": -7.040599346160889, "Conf_95_SemiMajor": 0.027367155998945236, "Conf_95_SemiMinor": 0.027367155998945236, "Conf_95_PosAng": null, "ROI_num": 240, "Signif_Avg": 13.514906883239746, "Pivot_Energy": 21.067981719970703, "Flux_Density": 3.23934260491876e-12, "Unc_Flux_Density": 5.254263820905769e-13, "Flux": 1.3808601484477379e-10, "Unc_Flux": 2.2406023217347304e-11, "Energy_Flux": 6.669869084124924e-12, "Unc_Energy_Flux": 1.7716509682907944e-12, "Signif_Curve": 0.7324212193489075, "SpectrumType": "PowerLaw   ", "Spectral_Index": 2.205212116241455, "Unc_Spectral_Index": 0.3577987551689148, "beta": 0.16714459657669067, "Unc_beta": 0.26162630319595337, "PowerLaw_Index": 2.3763678073883057, "Unc_PowerLaw_Index": 0.22781528532505035, "Flux_Band": [8.781080723663237e-11, 3.876266668756401e-11, 6.7076131975152276e-12, 5.892094971648998e-12, 1.2190930957780378e-16], "Unc_Flux_Band": [[-1.7086337553151587e-11, 1.933975202206284e-11], [-1.0457419652443178e-11, 1.2529464445132366e-11], [-3.7033770147743006e-12, 5.768272144657249e-12], [-3.442057619831851e-12, 5.921981655054864e-12], [null, 5.392013224803094e-12]], "nuFnu": [2.771921581157244e-12, 2.017336601586872e-12, 7.769352652550743e-13, 1.936177997444166e-12, 1.2295812165496182e-16], "Sqrt_TS_Band": [10.947478294372559, 7.613868713378906, 3.825631856918335, 2.7715394496917725, 0.0], "Npred": 46.406681060791016, "HEP_Energy": 151.0070037841797, "HEP_Prob": 0.9351065158843994, "Variability_BayesBlocks": 1, "Extended_Source_Name": "                  ", "ASSOC_GAM": "3FGL J0904.8-5734 ", "TEVCAT_FLAG": "N", "ASSOC_TEV": "                     ", "CLASS": "bcu    ", "ASSOC1": "PKS 0903-57               ", "ASSOC2": "                          ", "ASSOC_PROB_BAY": 0.9999905228614807, "ASSOC_PROB_LR": 0.0, "Redshift": null, "NuPeak_obs": 461317102108672.0, "catalog_row_index": 569}