{"Source_Name": "3FHL J2255.2+2410 ", "RAJ2000": 343.8055419921875, "DEJ2000": 24.180694580078125, "GLON": 91.61581420898438, "GLAT": -31.530593872070312, "Conf_95_SemiMajor": 0.03583367168903351, "Conf_95_SemiMinor": 0.03583367168903351, "Conf_95_PosAng": null, "ROI_num": 198, "Signif_Avg": 9.691566467285156, "Pivot_Energy": 24.341175079345703, "Flux_Density": 1.4497209856190185e-12, "Unc_Flux_Density": 3.227134813717225e-13, "Flux": 8.490053798881902e-11, "Unc_Flux": 1.8910102650426808e-11, "Energy_Flux": 5.3126049566476485e-12, "Unc_Energy_Flux": 2.0115647429014283e-12, "Signif_Curve": 0.9920182228088379, "SpectrumType": "PowerLaw   ", "Spectral_Index": 1.8330905437469482, "Unc_Spectral_Index": 0.4452175796031952, "beta": 0.265087366104126, "Unc_beta": 0.29490771889686584, "PowerLaw_Index": 2.1363673210144043, "Unc_PowerLaw_Index": 0.2609948217868805, "Flux_Band": [4.2751146372976834e-11, 3.002783091621275e-11, 1.4330636503856464e-11, 9.495466335781212e-23, 2.106051635832884e-17], "Unc_Flux_Band": [[-1.3209203696129546e-11, 1.4108505162757634e-11], [-9.555612377754041e-12, 1.1970785473991441e-11], [-6.362119164826652e-12, 8.667468652523436e-12], [null, 5.103295824121501e-12], [null, 5.799259510108623e-12]], "nuFnu": [1.3623532640547054e-12, 1.5884991889578148e-12, 1.6989037130224482e-12, 3.207853961705121e-23, 2.2024170191424543e-17], "Sqrt_TS_Band": [6.974355697631836, 6.649820327758789, 4.463265419006348, 0.0, 0.0], "Npred": 24.59428596496582, "HEP_Energy": 108.77100372314453, "HEP_Prob": 0.9979391098022461, "Variability_BayesBlocks": 1, "Extended_Source_Name": "                  ", "ASSOC_GAM": "3FGL J2255.1+2411 ", "TEVCAT_FLAG": "N", "ASSOC_TEV": "                     ", "CLASS": "bll    ", "ASSOC1": "MG3 J225517+2409          ", "ASSOC2": "                          ", "ASSOC_PROB_BAY": 0.9997731447219849, "ASSOC_PROB_LR": 0.95576411485672, "Redshift": null, "NuPeak_obs": 89125050908672.0, "source_id": 1493}