{"Source_Name": "3FGL J2001.8+7041 ", "RAJ2000": 300.4576110839844, "DEJ2000": 70.69229888916016, "GLON": 103.34090423583984, "GLAT": 19.960294723510742, "Conf_68_SemiMajor": 0.029972946271300316, "Conf_68_SemiMinor": 0.02725934609770775, "Conf_68_PosAng": 77.3499984741211, "Conf_95_SemiMajor": 0.04859999939799309, "Conf_95_SemiMinor": 0.044199999421834946, "Conf_95_PosAng": 77.3499984741211, "ROI_num": 414, "Signif_Avg": 10.772594451904297, "Pivot_Energy": 2597.955322265625, "Flux_Density": 1.0889057803229255e-13, "Unc_Flux_Density": 1.4072922176005219e-14, "Flux1000": 7.296643844689754e-10, "Unc_Flux1000": 9.43689362764566e-11, "Energy_Flux100": 8.11016098029027e-12, "Unc_Energy_Flux100": 1.0521875254757007e-12, "Signif_Curve": 1.6511608362197876, "SpectrumType": "PowerLaw        ", "Spectral_Index": 2.081726312637329, "Unc_Spectral_Index": 0.08964933454990387, "beta": null, "Unc_beta": null, "Cutoff": null, "Unc_Cutoff": null, "Exp_Index": null, "Unc_Exp_Index": null, "PowerLaw_Index": 2.081726312637329, "Flux30_100": null, "Unc_Flux30_100": null, "nuFnu30_100": null, "Sqrt_TS30_100": null, "Flux100_300": 6.4821069518938845e-12, "Unc_Flux100_300": [null, 5.307491335315717e-09], "nuFnu100_300": 1.5451603611174917e-15, "Sqrt_TS100_300": 0.0, "Flux300_1000": 1.8150662084437386e-09, "Unc_Flux300_1000": [-6.305518329696724e-10, 6.46884046329177e-10], "nuFnu300_1000": 1.2342333101725278e-12, "Sqrt_TS300_1000": 2.950564384460449, "Flux1000_3000": 3.937868087167118e-10, "Unc_Flux1000_3000": [-1.0730286104099207e-10, 1.1458412690901199e-10], "nuFnu1000_3000": 9.386820747775415e-13, "Sqrt_TS1000_3000": 4.156337738037109, "Flux3000_10000": 1.9552254260091217e-10, "Unc_Flux3000_10000": [-3.8731066964725613e-11, 4.312841403453227e-11], "nuFnu3000_10000": 1.3295406442459523e-12, "Sqrt_TS3000_10000": 7.877695083618164, "Flux10000_100000": 5.361444621598821e-11, "Unc_Flux10000_100000": [-1.7062132956491283e-11, 2.1034583796986084e-11], "nuFnu10000_100000": 9.233670685698803e-13, "Sqrt_TS10000_100000": 5.766463756561279, "Variability_Index": 40.16851043701172, "Signif_Peak": null, "Flux_Peak": null, "Unc_Flux_Peak": null, "Time_Peak": null, "Peak_Interval": null, "Flux_History": [1.689955952954847e-09, 1.6792169432733317e-08, 0.0, 1.7414485853350925e-08, 2.055122516608776e-09, 5.951313220009524e-09, 1.9756855706987153e-08, 7.0273751262561746e-09, 1.210343647528589e-08, 9.7608339189037e-09, 9.522794108818289e-09, 4.8422013065874125e-09, 0.0, 1.6658397994362417e-09, 3.962908223797967e-09, 1.4042819351800517e-08, 4.838529132911162e-09, 2.493630857358653e-09, 1.7792867623711572e-08, 3.2348033141005317e-09, 0.0, 6.4123923948500305e-09, 1.0916524573190145e-08, 1.255167614289121e-08, 9.40627398193783e-09, 4.2448151660323674e-09, 1.631043411443045e-09, 9.353532171019197e-09, 1.7359818471618382e-08, 1.7711405675413516e-08, 8.21629519975886e-09, 0.0, 1.1833617641343608e-08, 7.165865234526336e-09, 6.679033770495835e-09, 7.508913490994473e-09, 8.571679366298213e-09, 2.3350342104322408e-08, 4.922120933059659e-09, 2.432750001446493e-08, 1.1452767623154614e-08, 0.0, 3.10318504226359e-09, 7.483648367667683e-09, 3.871948983658058e-09, 8.498342474183573e-09, 0.0, 0.0], "Unc_Flux_History": [[null, 1.2618166955746801e-08], [-8.068991697030015e-09, 1.0211973489049342e-08], [null, 1.0975010233948979e-08], [-1.0220762014512275e-08, 1.1738721994447587e-08], [null, 1.2579634223186531e-08], [null, 1.0898041580276185e-08], [-8.030601073016896e-09, 9.819645541142563e-09], [-6.67318422742369e-09, 8.15421774547076e-09], [-7.528393908273756e-09, 9.106969400818343e-09], [-5.850478768110179e-09, 6.7353238542011695e-09], [-6.01112448705976e-09, 8.395967476815258e-09], [null, 1.0189475929678338e-08], [null, 1.0085237533985492e-08], [null, 8.745099755458341e-09], [null, 9.783481580427633e-09], [-6.5111782632243376e-09, 8.21404810835702e-09], [-4.806273601332123e-09, 6.46336761889188e-09], [null, 7.794403344973944e-09], [-8.233576487270966e-09, 9.681918378134924e-09], [null, 8.608964208178804e-09], [null, 6.389976103804429e-09], [null, 9.279661483674317e-09], [-9.592496574839515e-09, 1.0426886021264181e-08], [-6.325688417518904e-09, 7.986741046295265e-09], [-6.946891506487418e-09, 8.523001859828128e-09], [null, 9.482484131240199e-09], [null, 7.925664569086166e-09], [-5.562264870917488e-09, 7.3115424825687114e-09], [-7.345219543708481e-09, 8.847012011869992e-09], [-7.666487000790312e-09, 9.087202101909497e-09], [-4.720334789709568e-09, 6.703400945440308e-09], [null, 7.185715134028214e-09], [-6.503426686066405e-09, 8.662935258030302e-09], [-6.1697029707374895e-09, 8.121456396281701e-09], [null, 8.768453518825936e-09], [-6.470425972793237e-09, 8.391827677201036e-09], [-6.022460308230393e-09, 7.56824736214412e-09], [-9.74744551740514e-09, 1.1057719184748294e-08], [-4.222351801530522e-09, 5.9108273831043334e-09], [-8.749818647402208e-09, 1.004620653333177e-08], [-8.788064498332915e-09, 1.0282762197277862e-08], [null, 7.659023637529572e-09], [null, 7.446571359537302e-09], [-6.7427610161985285e-09, 7.946825419935521e-09], [-3.480261412391883e-09, 6.0235247900664035e-09], [-6.594319756914047e-09, 8.056053601990243e-09], [null, 5.0226063308400626e-09], [null, 7.94484567023801e-09]], "Extended_Source_Name": "                  ", "0FGL_Name": "                 ", "1FGL_Name": "1FGL J2001.9+7040 ", "2FGL_Name": "2FGL J2001.7+7042 ", "1FHL_Name": "                  ", "ASSOC_GAM1": "               ", "ASSOC_GAM2": "              ", "ASSOC_GAM3": "               ", "TEVCAT_FLAG": "N", "ASSOC_TEV": "                     ", "CLASS1": "bll  ", "ASSOC1": "TXS 2001+705              ", "ASSOC2": "                          ", "Flags": 0, "source_id": 2578}