{"Source_Name": "3FGL J0038.0+0012 ", "RAJ2000": 9.522600173950195, "DEJ2000": 0.2094999998807907, "GLON": 115.69730377197266, "GLAT": -62.47456741333008, "Conf_68_SemiMajor": 0.055135421454906464, "Conf_68_SemiMinor": 0.04354094713926315, "Conf_68_PosAng": 63.77000045776367, "Conf_95_SemiMajor": 0.08940000087022781, "Conf_95_SemiMinor": 0.0706000030040741, "Conf_95_PosAng": 63.77000045776367, "ROI_num": 804, "Signif_Avg": 7.453297138214111, "Pivot_Energy": 1550.148193359375, "Flux_Density": 1.8904833482078637e-13, "Unc_Flux_Density": 3.267597984183378e-14, "Flux1000": 4.187414026635139e-10, "Unc_Flux1000": 7.5295117363261e-11, "Energy_Flux100": 4.718570586342841e-12, "Unc_Energy_Flux100": 8.1773276301364e-13, "Signif_Curve": 0.69720858335495, "SpectrumType": "PowerLaw        ", "Spectral_Index": 2.1565473079681396, "Unc_Spectral_Index": 0.12315543740987778, "beta": null, "Unc_beta": null, "Cutoff": null, "Unc_Cutoff": null, "Exp_Index": null, "Unc_Exp_Index": null, "PowerLaw_Index": 2.1565473079681396, "Flux30_100": null, "Unc_Flux30_100": null, "nuFnu30_100": null, "Sqrt_TS30_100": null, "Flux100_300": 2.8774949090148993e-09, "Unc_Flux100_300": [-2.5638609013611813e-09, 2.5829642869013014e-09], "nuFnu100_300": 6.809134419499818e-13, "Sqrt_TS100_300": 1.1248793601989746, "Flux300_1000": 1.3831820133702877e-09, "Unc_Flux300_1000": [-3.907881795939261e-10, 4.124461883137087e-10], "nuFnu300_1000": 9.323641034578167e-13, "Sqrt_TS300_1000": 3.8885116577148438, "Flux1000_3000": 2.285614891794907e-10, "Unc_Flux1000_3000": [-7.946960450810892e-11, 8.956359265344105e-11], "nuFnu1000_3000": 5.408544705848284e-13, "Sqrt_TS1000_3000": 3.4896421432495117, "Flux3000_10000": 1.1330789084773585e-10, "Unc_Flux3000_10000": [-3.380193347446436e-11, 4.0505421933234587e-11], "nuFnu3000_10000": 7.637766287482695e-13, "Sqrt_TS3000_10000": 5.201889991760254, "Flux10000_100000": 2.263198135843414e-11, "Unc_Flux10000_100000": [-1.2210676914037322e-11, 1.8315836694537957e-11], "nuFnu10000_100000": 3.7843499492949684e-13, "Sqrt_TS10000_100000": 3.4426116943359375, "Variability_Index": 33.36717987060547, "Signif_Peak": null, "Flux_Peak": null, "Unc_Flux_Peak": null, "Time_Peak": null, "Peak_Interval": null, "Flux_History": [1.164088558880394e-08, 2.575952118277769e-09, 3.3960636525165455e-09, 9.839549619528043e-09, 1.2771809165812442e-09, 6.434718535786033e-09, 2.2151942502546262e-09, 0.0, 0.0, 7.639814114668297e-09, 1.6127457147518953e-09, 1.1820339373969091e-08, 2.558107281558364e-09, 1.7342889790938898e-08, 2.026162349011429e-08, 1.7937690444114196e-08, 0.0, 1.899602786181731e-08, 4.0798351363946495e-09, 1.5248920348653883e-08, 1.8434194615224442e-08, 0.0, 9.591604843706136e-09, 1.0598755650903513e-08, 3.798713343883264e-09, 7.562666937133145e-09, 1.1501521512968793e-08, 8.996988931642136e-09, 4.260732211491813e-09, 1.1833388491311325e-08, 2.413462762973495e-09, 1.1128126864434762e-08, 7.2382428939476995e-09, 7.682801950181783e-09, 8.805438156400669e-09, 0.0, 8.329128498019145e-09, 1.445133612776317e-08, 0.0, 5.095398769583426e-09, 0.0, 0.0, 3.798056980031106e-09, 4.316729196318647e-09, 1.4216148258583416e-08, 4.9621289299750515e-09, 6.070423053117224e-10, 8.092785996893781e-09], "Unc_Flux_History": [[-6.915919836814055e-09, 8.423619135555782e-09], [null, 9.120697974651648e-09], [null, 8.276938245899146e-09], [-7.495762233133973e-09, 8.902567572022235e-09], [null, 1.0070475120471656e-08], [-6.26474649934039e-09, 7.898535159256426e-09], [null, 6.159596388499722e-09], [null, 6.450113776423905e-09], [null, 8.286781927324682e-09], [-5.259184643335857e-09, 7.740601049022189e-09], [null, 6.780791483862458e-09], [-7.283481373576706e-09, 9.280770818520523e-09], [null, 8.323123523723552e-09], [-9.863764027784327e-09, 1.2071926569490188e-08], [-1.098282620404234e-08, 1.3159790590577813e-08], [-1.0773472780556403e-08, 1.2397470605662875e-08], [null, 8.598243894653024e-09], [-1.0969612773692461e-08, 1.2410463767764668e-08], [null, 9.049569982266803e-09], [-7.439045823787183e-09, 9.453088978261803e-09], [-1.0065272171289052e-08, 1.1831261303996143e-08], [null, 6.9228196508674955e-09], [-6.587836942628655e-09, 9.274851109353222e-09], [-7.200496643378074e-09, 9.613819074161256e-09], [null, 7.662922740792055e-09], [-7.350386965754296e-09, 9.852303861634937e-09], [-6.053363588165439e-09, 8.172889920388116e-09], [-5.842870187677818e-09, 8.328892242559505e-09], [null, 7.015367398111039e-09], [-9.285500368605426e-09, 1.103128077772908e-08], [null, 8.675800522439658e-09], [-7.258392997755436e-09, 1.0029276964473866e-08], [-6.892819648385284e-09, 9.826988112138224e-09], [-5.700951266618404e-09, 7.2832300190839305e-09], [-7.375045907309641e-09, 9.489820484986922e-09], [null, 7.869574325525264e-09], [-7.360359433050689e-09, 9.726146998900731e-09], [-7.234820742496595e-09, 9.502656439508428e-09], [null, 6.4890772755177295e-09], [null, 1.1269745137099108e-08], [null, 9.602120876195386e-09], [null, 6.721976752999126e-09], [null, 8.408095553136263e-09], [null, 9.32064558867296e-09], [-7.999558349069957e-09, 1.0461000066186443e-08], [null, 1.0561135965758695e-08], [null, 7.096626841729403e-09], [-5.7436526645915364e-09, 7.75670905284187e-09]], "Extended_Source_Name": "                  ", "0FGL_Name": "                 ", "1FGL_Name": "                  ", "2FGL_Name": "2FGL J0038.1+0015 ", "1FHL_Name": "                  ", "ASSOC_GAM1": "               ", "ASSOC_GAM2": "              ", "ASSOC_GAM3": "               ", "TEVCAT_FLAG": "N", "ASSOC_TEV": "                     ", "CLASS1": "bll  ", "ASSOC1": "NVSS J003808+001336       ", "ASSOC2": "                          ", "Flags": 0, "source_id": 81}