{"Source_Name": "3FGL J1254.1+6240 ", "RAJ2000": 193.5426025390625, "DEJ2000": 62.6776008605957, "GLON": 122.39276123046875, "GLAT": 54.447837829589844, "Conf_68_SemiMajor": 0.046562910079956055, "Conf_68_SemiMinor": 0.04187578335404396, "Conf_68_PosAng": 35.720001220703125, "Conf_95_SemiMajor": 0.0754999965429306, "Conf_95_SemiMinor": 0.06790000200271606, "Conf_95_PosAng": 35.720001220703125, "ROI_num": 395, "Signif_Avg": 7.06976318359375, "Pivot_Energy": 3008.98095703125, "Flux_Density": 2.9463641270689733e-14, "Unc_Flux_Density": 5.786020229288976e-15, "Flux1000": 2.6135463238041723e-10, "Unc_Flux1000": 5.138382774827477e-11, "Energy_Flux100": 3.023133176086046e-12, "Unc_Energy_Flux100": 6.258787433634228e-13, "Signif_Curve": 1.4905414581298828, "SpectrumType": "PowerLaw        ", "Spectral_Index": 1.9022396802902222, "Unc_Spectral_Index": 0.15052250027656555, "beta": null, "Unc_beta": null, "Cutoff": null, "Unc_Cutoff": null, "Exp_Index": null, "Unc_Exp_Index": null, "PowerLaw_Index": 1.9022396802902222, "Flux30_100": null, "Unc_Flux30_100": null, "nuFnu30_100": null, "Sqrt_TS30_100": null, "Flux100_300": 6.468964903680319e-13, "Unc_Flux100_300": [null, 1.9946178042573592e-09], "nuFnu100_300": 1.5695783886929222e-16, "Sqrt_TS100_300": 0.0, "Flux300_1000": 2.936868248593072e-10, "Unc_Flux300_1000": [-2.3076940358635056e-10, 2.4199986459194633e-10], "nuFnu300_1000": 2.0398151212835253e-13, "Sqrt_TS300_1000": 1.2879995107650757, "Flux1000_3000": 2.367745166598212e-10, "Unc_Flux1000_3000": [-5.745752484909161e-11, 6.33538776995124e-11], "nuFnu1000_3000": 5.744909214143445e-13, "Sqrt_TS1000_3000": 5.439096450805664, "Flux3000_10000": 6.116374073883435e-11, "Unc_Flux3000_10000": [-2.1243706446738564e-11, 2.6516405390863973e-11], "nuFnu3000_10000": 4.24815537565168e-13, "Sqrt_TS3000_10000": 4.2830610275268555, "Flux10000_100000": 2.9105540894081017e-11, "Unc_Flux10000_100000": [-1.2058821823035526e-11, 1.631220332420913e-11], "nuFnu10000_100000": 5.393300823303138e-13, "Sqrt_TS10000_100000": 4.277558326721191, "Variability_Index": 44.89386749267578, "Signif_Peak": null, "Flux_Peak": null, "Unc_Flux_Peak": null, "Time_Peak": null, "Peak_Interval": null, "Flux_History": [4.8190931245528645e-09, 4.261418329321032e-09, 0.0, 2.9773348231287855e-09, 6.143753505938321e-09, 0.0, 7.549540437246094e-10, 0.0, 5.251669321637564e-09, 0.0, 0.0, 1.5259057351002525e-09, 0.0, 2.622280614872352e-09, 4.697313205070941e-09, 0.0, 0.0, 2.8166444732136142e-09, 0.0, 3.0331626099666664e-10, 4.453783564173364e-09, 1.6545144143620405e-09, 4.754881821611434e-09, 5.586483720065871e-09, 0.0, 2.6878577141786764e-09, 2.952833089153728e-09, 0.0, 0.0, 0.0, 5.8115228185329215e-09, 0.0, 0.0, 1.2940584159792934e-09, 0.0, 3.3817615374687193e-09, 7.931051371201647e-09, 8.608980750501871e-10, 0.0, 3.1022384661127944e-09, 6.316729916910901e-10, 3.2069473743234767e-09, 2.1148143236615624e-09, 1.0943649542127787e-08, 5.571783034952205e-09, 7.1354819830560245e-09, 0.0, 0.0], "Unc_Flux_History": [[-2.9365088138888495e-09, 4.285861443520389e-09], [-2.6262960695078164e-09, 3.628088718343747e-09], [null, 3.520871150186622e-09], [-2.9144460178542886e-09, 4.4681072175478675e-09], [-3.196476194844422e-09, 3.762416600494589e-09], [null, 4.9190700401879894e-09], [null, 6.059519552792381e-09], [null, 5.761425114769736e-09], [-3.0310536303090885e-09, 4.23100532387366e-09], [null, 3.9633696324870016e-09], [null, 4.646546702957721e-09], [null, 4.052664426268393e-09], [null, 3.7878695735571455e-09], [-1.81957882094963e-09, 3.2073483868799713e-09], [-2.976678459276627e-09, 4.079037996262969e-09], [null, 2.547630773008791e-09], [null, 3.3416724942725295e-09], [-2.2128656684827774e-09, 3.472954146488405e-09], [null, 4.2541921096983515e-09], [null, 3.24434545895258e-09], [-3.0132081274558686e-09, 4.323545965689846e-09], [null, 4.110181528460544e-09], [-3.187208497124061e-09, 4.168793310554975e-09], [-3.2938411997918138e-09, 4.400889874744962e-09], [null, 3.2604630106902732e-09], [-2.1631876290229e-09, 3.734920372977513e-09], [-2.140565502628533e-09, 3.320829167208217e-09], [null, 2.96137225852533e-09], [null, 2.904341434017965e-09], [null, 2.9235505127900296e-09], [-3.454836416949547e-09, 4.396971675646455e-09], [null, 4.32305835573743e-09], [null, 4.004066855856081e-09], [null, 3.688720662253786e-09], [null, 3.8919925060554306e-09], [-2.353133909949179e-09, 3.310675955603415e-09], [-3.6961500526899727e-09, 4.819094012731284e-09], [null, 3.6064904396226893e-09], [null, 2.9251054911583196e-09], [-2.026419698708537e-09, 3.097622380821008e-09], [null, 3.373389345640021e-09], [-3.146722882263475e-09, 4.377266993316198e-09], [-1.7011685393697462e-09, 3.3223916950930743e-09], [-4.544115306259755e-09, 5.509939171588485e-09], [-2.980929059148707e-09, 3.924734759408466e-09], [-4.144303122899373e-09, 4.722488622377341e-09], [null, 2.9633491216429775e-09], [null, 4.537359821199516e-09]], "Extended_Source_Name": "                  ", "0FGL_Name": "                 ", "1FGL_Name": "1FGL J1254.0+6236 ", "2FGL_Name": "2FGL J1254.1+6237 ", "1FHL_Name": "                  ", "ASSOC_GAM1": "               ", "ASSOC_GAM2": "              ", "ASSOC_GAM3": "               ", "TEVCAT_FLAG": "N", "ASSOC_TEV": "                     ", "CLASS1": "bll  ", "ASSOC1": "1RXS J125400.1+624303     ", "ASSOC2": "                          ", "Flags": 0, "catalog_row_index": 1542}