{"Source_Name": "3FHL J0148.2+5201 ", "RAJ2000": 27.06205177307129, "DEJ2000": 52.0216178894043, "GLON": 131.7472686767578, "GLAT": -9.875096321105957, "Conf_95_SemiMajor": 0.024138521403074265, "Conf_95_SemiMinor": 0.024138521403074265, "Conf_95_PosAng": null, "ROI_num": 412, "Signif_Avg": 12.873512268066406, "Pivot_Energy": 23.562467575073242, "Flux_Density": 1.851977555686335e-12, "Unc_Flux_Density": 3.3147199178171216e-13, "Flux": 1.0138762052136485e-10, "Unc_Flux": 1.8176614727249962e-11, "Energy_Flux": 5.801053214182783e-12, "Unc_Energy_Flux": 1.7274325416274938e-12, "Signif_Curve": 0.8255234360694885, "SpectrumType": "PowerLaw   ", "Spectral_Index": 2.011354684829712, "Unc_Spectral_Index": 0.36341923475265503, "beta": 0.16944070160388947, "Unc_beta": 0.2268524467945099, "PowerLaw_Index": 2.213082790374756, "Unc_PowerLaw_Index": 0.22141826152801514, "Flux_Band": [5.095421654055521e-11, 3.306248677614754e-11, 1.7238281982412396e-11, 4.115523317705302e-17, 9.319340706242755e-21], "Unc_Flux_Band": [[-1.2357210740776559e-11, 1.4406608718486869e-11], [-9.018558469464644e-12, 1.0857562245114583e-11], [-6.321550487936589e-12, 8.320511814263742e-12], [null, 4.086446458995141e-12], [null, 4.544808973605541e-12]], "nuFnu": [1.6188437309411219e-12, 1.7398760383813272e-12, 2.028385272245803e-12, 1.3779962119851485e-17, 9.632494807166566e-21], "Sqrt_TS_Band": [8.031852722167969, 8.768875122070312, 6.389858245849609, 0.0, 0.0], "Npred": 37.08930206298828, "HEP_Energy": 107.7239990234375, "HEP_Prob": 0.9971877336502075, "Variability_BayesBlocks": 1, "Extended_Source_Name": "                  ", "ASSOC_GAM": "3FGL J0148.3+5200 ", "TEVCAT_FLAG": "N", "ASSOC_TEV": "                     ", "CLASS": "bll    ", "ASSOC1": "GB6 J0148+5202            ", "ASSOC2": "                          ", "ASSOC_PROB_BAY": 0.9998329281806946, "ASSOC_PROB_LR": 0.9449259042739868, "Redshift": null, "NuPeak_obs": 1.0, "source_id": 105}