{"Source_Name": "3FGL J1325.2-5411 ", "RAJ2000": 201.31430053710938, "DEJ2000": -54.1859016418457, "GLON": 307.92108154296875, "GLAT": 8.357874870300293, "Conf_68_SemiMajor": 0.0642629861831665, "Conf_68_SemiMinor": 0.05618385598063469, "Conf_68_PosAng": 56.130001068115234, "Conf_95_SemiMajor": 0.10419999808073044, "Conf_95_SemiMinor": 0.09109999984502792, "Conf_95_PosAng": 56.130001068115234, "ROI_num": 125, "Signif_Avg": 7.005683422088623, "Pivot_Energy": 960.7992553710938, "Flux_Density": 1.2249414807138925e-12, "Unc_Flux_Density": 1.8074028330841013e-13, "Flux1000": 7.518491385027914e-10, "Unc_Flux1000": 1.2349454792115466e-10, "Energy_Flux100": 1.0750720626229171e-11, "Unc_Energy_Flux100": 1.6528091829198788e-12, "Signif_Curve": 2.549102544784546, "SpectrumType": "PowerLaw        ", "Spectral_Index": 2.4746484756469727, "Unc_Spectral_Index": 0.10143305361270905, "beta": null, "Unc_beta": null, "Cutoff": null, "Unc_Cutoff": null, "Exp_Index": null, "Unc_Exp_Index": null, "PowerLaw_Index": 2.4746484756469727, "Flux30_100": null, "Unc_Flux30_100": null, "nuFnu30_100": null, "Sqrt_TS30_100": null, "Flux100_300": 7.464529439005219e-09, "Unc_Flux100_300": [null, 7.001671242790053e-09], "nuFnu100_300": 1.713110122508743e-12, "Sqrt_TS100_300": 0.9444025158882141, "Flux300_1000": 3.91000209987169e-09, "Unc_Flux300_1000": [-9.137202106046516e-10, 9.4549779117159e-10], "nuFnu300_1000": 2.541285975057872e-12, "Sqrt_TS300_1000": 4.421695232391357, "Flux1000_3000": 8.803456852390923e-10, "Unc_Flux1000_3000": [-1.7365622828613425e-10, 1.842833663445731e-10], "nuFnu1000_3000": 2.0203942685537157e-12, "Sqrt_TS1000_3000": 5.811818599700928, "Flux3000_10000": 1.0213651452373185e-10, "Unc_Flux3000_10000": [-3.673206183663069e-11, 4.354694729813424e-11], "nuFnu3000_10000": 6.638311319910606e-13, "Sqrt_TS3000_10000": 3.713237762451172, "Flux10000_100000": 9.45045353042582e-16, "Unc_Flux10000_100000": [null, 1.5698988983792184e-11], "nuFnu10000_100000": 1.4049264003157924e-17, "Sqrt_TS10000_100000": 0.0, "Variability_Index": 31.68678092956543, "Signif_Peak": null, "Flux_Peak": null, "Unc_Flux_Peak": null, "Time_Peak": null, "Peak_Interval": null, "Flux_History": [0.0, 1.2821783634819894e-08, 2.6395358787567602e-08, 2.8140101804297046e-08, 2.0534299594032746e-08, 2.653984410017074e-08, 3.091497502438756e-09, 0.0, 3.4257972458817676e-08, 1.4175578044728354e-08, 1.8144746150028368e-08, 0.0, 1.5589845858698936e-08, 5.974785555196149e-09, 2.7740320263092144e-08, 1.4492075983696395e-08, 3.1018860369158574e-08, 1.3672032395106726e-08, 2.9182526617432814e-08, 2.3698730089449782e-08, 2.6683009579642203e-08, 0.0, 2.8982608313299352e-08, 1.6489693166477082e-08, 0.0, 1.6999743834844594e-08, 3.508957746589658e-08, 2.7378346700857037e-08, 1.8605376794766926e-08, 2.8659780326734108e-08, 7.514273647757364e-08, 7.986502481571733e-08, 0.0, 3.8075896213740634e-08, 3.448681340501025e-08, 2.9810550472575414e-08, 2.2089258422397506e-08, 1.4580924911911097e-08, 3.6767211497590324e-08, 1.4104708512263642e-08, 2.527220921422213e-08, 3.30697922379386e-08, 2.931957610030622e-08, 2.3672299676036346e-08, 3.6184140128625586e-08, 3.522543678968759e-08, 2.015066868921167e-08, 1.6187570395231887e-08], "Unc_Flux_History": [[null, 1.9163474362926536e-08], [null, 2.8717160205360415e-08], [-2.2734504057098093e-08, 2.5784837376363612e-08], [-2.314656555313377e-08, 2.6411042242102667e-08], [-1.5114174800601177e-08, 2.0871320671744797e-08], [-2.4489319017106936e-08, 2.8685352759794114e-08], [null, 2.5048404239669253e-08], [null, 2.8805095197981245e-08], [-1.947599770346642e-08, 2.3717172226156435e-08], [null, 2.8364699034000296e-08], [null, 2.6533310659715426e-08], [null, 1.1930986865138493e-08], [null, 2.760678441404707e-08], [null, 2.4372658558036164e-08], [-1.8424522352233907e-08, 2.2128922694264475e-08], [null, 1.968003715546729e-08], [-1.8983902450031565e-08, 2.163475620875488e-08], [null, 2.1501664448919655e-08], [-1.7425566767315104e-08, 1.913411296072809e-08], [-2.0497608943514933e-08, 2.3514084901421484e-08], [-1.9573386467186538e-08, 2.1411210582300555e-08], [null, 2.456101810821565e-08], [-2.235071328016147e-08, 2.39059456674795e-08], [-1.492324663843192e-08, 1.7743269964398678e-08], [null, 1.9694198272190988e-08], [null, 2.0768172959151343e-08], [-2.021713108035783e-08, 2.4424007705192707e-08], [-1.6693785909183134e-08, 1.927793569223013e-08], [null, 2.1832171626101626e-08], [-1.9713731091997033e-08, 2.192246917331886e-08], [-2.4877762072605947e-08, 2.6207771952613257e-08], [-2.5528244407269085e-08, 2.7304622562951408e-08], [null, 1.8681170388390456e-08], [-2.537048260364827e-08, 2.830092249439531e-08], [-1.822761497294323e-08, 1.967277363235098e-08], [-2.1202847477752584e-08, 2.5863526431635364e-08], [-1.4233161316212772e-08, 1.8628652398433587e-08], [null, 2.2415067135739264e-08], [-2.4324704028799715e-08, 2.6609138004118904e-08], [null, 1.9416237506675316e-08], [-2.3675267968314984e-08, 2.6116875773141146e-08], [-1.937879190450076e-08, 2.120609288169817e-08], [-2.530520148980031e-08, 2.7085366838264235e-08], [-2.2351352768623656e-08, 2.452082625836738e-08], [-1.8423456538130267e-08, 2.1675370831530927e-08], [-2.349010230773274e-08, 2.544333987941627e-08], [-1.7339129243509888e-08, 1.9193649336557428e-08], [null, 2.5450235696666823e-08]], "Extended_Source_Name": "                  ", "0FGL_Name": "                 ", "1FGL_Name": "                  ", "2FGL_Name": "2FGL J1324.4-5411 ", "1FHL_Name": "                  ", "ASSOC_GAM1": "               ", "ASSOC_GAM2": "              ", "ASSOC_GAM3": "               ", "TEVCAT_FLAG": "N", "ASSOC_TEV": "                     ", "CLASS1": "     ", "ASSOC1": "                          ", "ASSOC2": "                          ", "Flags": 0, "source_id": 1624}