{"Source_Name": "3FGL J1855.1-2243 ", "RAJ2000": 283.7959899902344, "DEJ2000": -22.716899871826172, "GLON": 12.87044620513916, "GLAT": -10.924384117126465, "Conf_68_SemiMajor": 0.04551447182893753, "Conf_68_SemiMinor": 0.04280087351799011, "Conf_68_PosAng": -20.469999313354492, "Conf_95_SemiMajor": 0.0737999975681305, "Conf_95_SemiMinor": 0.06939999759197235, "Conf_95_PosAng": -20.469999313354492, "ROI_num": 819, "Signif_Avg": 4.3208818435668945, "Pivot_Energy": 5914.81591796875, "Flux_Density": 1.0409408117374383e-14, "Unc_Flux_Density": 2.9848793081036894e-15, "Flux1000": 3.1537239486567614e-10, "Unc_Flux1000": 9.870012446233645e-11, "Energy_Flux100": 3.836703958010057e-12, "Unc_Energy_Flux100": 1.1012515769084907e-12, "Signif_Curve": 2.8644134998321533, "SpectrumType": "PowerLaw        ", "Spectral_Index": 1.8210036754608154, "Unc_Spectral_Index": 0.18815357983112335, "beta": null, "Unc_beta": null, "Cutoff": null, "Unc_Cutoff": null, "Exp_Index": null, "Unc_Exp_Index": null, "PowerLaw_Index": 1.8210036754608154, "Flux30_100": null, "Unc_Flux30_100": null, "nuFnu30_100": null, "Sqrt_TS30_100": null, "Flux100_300": 6.635036964297569e-11, "Unc_Flux100_300": [null, 3.617544486189672e-09], "nuFnu100_300": 1.62291495753265e-14, "Sqrt_TS100_300": 0.0, "Flux300_1000": 1.862925612383659e-11, "Unc_Flux300_1000": [null, 6.611332037387285e-10], "nuFnu300_1000": 1.3064711564382634e-14, "Sqrt_TS300_1000": 0.0, "Flux1000_3000": 1.6480966591458923e-10, "Unc_Flux1000_3000": [-1.2068383792307458e-10, 1.3469714232883234e-10], "nuFnu1000_3000": 4.0312070630384167e-13, "Sqrt_TS1000_3000": 1.4033602476119995, "Flux3000_10000": 1.3317624780739834e-10, "Unc_Flux3000_10000": [-4.2107772130206556e-11, 4.987664448119489e-11], "nuFnu3000_10000": 9.33966012167664e-13, "Sqrt_TS3000_10000": 4.374977111816406, "Flux10000_100000": 2.8720614428379143e-11, "Unc_Flux10000_100000": [-1.4528916264522351e-11, 2.0092592520337682e-11], "nuFnu10000_100000": 5.506203674433829e-13, "Sqrt_TS10000_100000": 2.862292766571045, "Variability_Index": 43.505313873291016, "Signif_Peak": null, "Flux_Peak": null, "Unc_Flux_Peak": null, "Time_Peak": null, "Peak_Interval": null, "Flux_History": [3.6565275252087304e-09, 5.898776578305842e-09, 3.3896419004975087e-09, 0.0, 5.8582072526291995e-09, 0.0, 0.0, 1.8156093295473852e-09, 6.3513758696842615e-09, 2.2747945749301834e-09, 0.0, 0.0, 0.0, 0.0, 0.0, 7.117504807752084e-09, 0.0, 0.0, 0.0, 4.153379418170289e-09, 0.0, 1.1928460885712866e-08, 0.0, 1.3896006123559346e-08, 0.0, 2.2215251860302487e-09, 0.0, 3.651636104606837e-09, 0.0, 0.0, 7.711978611268933e-09, 0.0, 4.544638443348958e-09, 0.0, 0.0, 5.020406312894465e-09, 4.518461160785137e-09, 6.5499192736240275e-09, 2.2522934628455005e-08, 0.0, 0.0, 0.0, 5.80234615910058e-09, 0.0, 0.0, 1.4835237927002254e-08, 9.72997016290833e-10, 0.0], "Unc_Flux_History": [[null, 8.188446365409163e-09], [-4.0430045977757345e-09, 6.264574636816178e-09], [-2.7688018544580473e-09, 4.146720300468587e-09], [null, 5.6320983432556204e-09], [-4.482202164979299e-09, 6.423711340630689e-09], [null, 6.765954463361368e-09], [null, 4.842116929637541e-09], [null, 7.138179380916654e-09], [-4.471663483940347e-09, 6.699249155417419e-09], [null, 5.7558402488666616e-09], [null, 5.4971898144628994e-09], [null, 4.299248512751319e-09], [null, 6.156035237125934e-09], [null, 7.000922064293036e-09], [null, 3.6960356997184363e-09], [-4.302512124354507e-09, 6.642488781238853e-09], [null, 6.803280605538475e-09], [null, 7.070709351353344e-09], [null, 5.9073026470457535e-09], [-3.916853508201257e-09, 6.682444819716693e-09], [null, 7.694119119605602e-09], [-5.625563570532677e-09, 7.353729625236838e-09], [null, 5.888917353757961e-09], [-7.131385260095158e-09, 9.205594508898685e-09], [null, 8.93412632763102e-09], [null, 8.158520081735787e-09], [null, 8.362719405852204e-09], [null, 7.345738239905586e-09], [null, 6.650891393178426e-09], [null, 7.534301182943182e-09], [-5.513228540365844e-09, 7.453558659165083e-09], [null, 8.469631218588347e-09], [-3.770968870497882e-09, 6.169159849633843e-09], [null, 5.5528159847995084e-09], [null, 6.198211721653024e-09], [-4.509539852648459e-09, 7.037173954671516e-09], [null, 8.009138241504843e-09], [-5.70010394440601e-09, 8.139057428024898e-09], [-9.629014030565486e-09, 1.1857420822991571e-08], [null, 7.30882243615838e-09], [null, 8.913615623384885e-09], [null, 6.692507437122686e-09], [-4.046844637173308e-09, 6.498172666624669e-09], [null, 1.2478349020739188e-08], [null, 5.9910307825816744e-09], [-1.0435091013505371e-08, 1.2753544886834334e-08], [null, 6.057993218178126e-09], [null, 5.328665952930578e-09]], "Extended_Source_Name": "                  ", "0FGL_Name": "                 ", "1FGL_Name": "                  ", "2FGL_Name": "                  ", "1FHL_Name": "                  ", "ASSOC_GAM1": "               ", "ASSOC_GAM2": "              ", "ASSOC_GAM3": "               ", "TEVCAT_FLAG": "N", "ASSOC_TEV": "                     ", "CLASS1": "glc  ", "ASSOC1": "NGC 6717                  ", "ASSOC2": "                          ", "Flags": 0, "source_id": 2437}