{"Source_Name": "3FGL J1912.6-1223 ", "RAJ2000": 288.16448974609375, "DEJ2000": -12.397500038146973, "GLON": 24.169939041137695, "GLAT": -10.268911361694336, "Conf_68_SemiMajor": 0.06167272850871086, "Conf_68_SemiMinor": 0.052236802875995636, "Conf_68_PosAng": 0.029999999329447746, "Conf_95_SemiMajor": 0.10000000149011612, "Conf_95_SemiMinor": 0.08470000326633453, "Conf_95_PosAng": 0.029999999329447746, "ROI_num": 522, "Signif_Avg": 10.797496795654297, "Pivot_Energy": 715.9200439453125, "Flux_Density": 3.788117822894899e-12, "Unc_Flux_Density": 3.8452143487528734e-13, "Flux1000": 1.1031847657605454e-09, "Unc_Flux1000": 1.4707030038252356e-10, "Energy_Flux100": 1.6096559848910452e-11, "Unc_Energy_Flux100": 1.6518441345661494e-12, "Signif_Curve": 0.7325480580329895, "SpectrumType": "PowerLaw        ", "Spectral_Index": 2.4921202659606934, "Unc_Spectral_Index": 0.0865405946969986, "beta": null, "Unc_beta": null, "Cutoff": null, "Unc_Cutoff": null, "Exp_Index": null, "Unc_Exp_Index": null, "PowerLaw_Index": 2.4921202659606934, "Flux30_100": null, "Unc_Flux30_100": null, "nuFnu30_100": null, "Sqrt_TS30_100": null, "Flux100_300": 3.2788072701350757e-08, "Unc_Flux100_300": [-5.215852194595527e-09, 5.326619589851589e-09], "nuFnu100_300": 7.51243685315206e-12, "Sqrt_TS100_300": 5.915102005004883, "Flux300_1000": 5.011491666095935e-09, "Unc_Flux300_1000": [-9.40628575030189e-10, 9.56233092708203e-10], "nuFnu300_1000": 3.2508093439354013e-12, "Sqrt_TS300_1000": 5.594232082366943, "Flux1000_3000": 8.452507582745739e-10, "Unc_Flux1000_3000": [-1.81287582168288e-10, 1.9353704749924816e-10], "nuFnu1000_3000": 1.9366470233039834e-12, "Sqrt_TS1000_3000": 5.2688889503479, "Flux3000_10000": 1.9504071968601266e-10, "Unc_Flux3000_10000": [-5.482529361056088e-11, 6.173853789315231e-11], "nuFnu3000_10000": 1.2651726454676604e-12, "Sqrt_TS3000_10000": 4.728518009185791, "Flux10000_100000": 5.1873297324256384e-11, "Unc_Flux10000_100000": [-2.2135956262436807e-11, 2.8273543228873876e-11], "nuFnu10000_100000": 7.665101734756485e-13, "Sqrt_TS10000_100000": 3.3284249305725098, "Variability_Index": 84.03363037109375, "Signif_Peak": 3.762474536895752, "Flux_Peak": 1.0813470652237811e-07, "Unc_Flux_Peak": 3.3434790935871206e-08, "Time_Peak": 340584992.0, "Peak_Interval": 2630000.0, "Flux_History": [2.726786085816002e-08, 9.73557376937606e-08, 0.0, 2.9665012668544932e-09, 4.075061355024445e-08, 2.1696937579918085e-08, 1.6725090645763885e-08, 3.179276575338008e-08, 2.61536179380073e-08, 1.228371981909504e-08, 0.0, 3.5027099443141196e-08, 1.851766207039418e-08, 0.0, 1.137417182661693e-08, 7.074503827197987e-08, 4.12058875909338e-09, 5.140897130218036e-08, 2.0232956643440048e-08, 4.630458860788167e-08, 0.0, 0.0, 5.16355562751869e-08, 1.2295950035934311e-08, 3.205933296612784e-08, 0.0, 1.0670997419026662e-08, 1.9267140771717095e-08, 3.47220279195426e-08, 9.200438455536641e-08, 7.003478685874143e-08, 1.4632933087455058e-08, 4.549842813617033e-08, 7.081533226482861e-08, 2.6404888942010984e-08, 4.4243169128321824e-09, 6.74520421739544e-08, 4.4906858676085903e-08, 1.0813470652237811e-07, 5.275002479265822e-08, 4.891236216053585e-08, 7.590158723758123e-09, 6.046962397476818e-08, 1.0542654393930206e-07, 3.8180413497457266e-08, 7.769260434997705e-08, 1.0572208708481412e-07, 5.267538938369398e-08], "Unc_Flux_History": [[-2.0739888029197573e-08, 2.248752828393208e-08], [-2.5058879415951196e-08, 2.6713568246350405e-08], [null, 1.5171288225701574e-08], [null, 2.205118576625864e-08], [-1.875043409427235e-08, 2.0972347414272008e-08], [null, 2.193867132405103e-08], [-1.4755540789224142e-08, 1.8434455739679834e-08], [-2.4123188779867633e-08, 2.4869850179243258e-08], [-2.3425402062571266e-08, 2.5190573182953813e-08], [null, 1.922800052511775e-08], [null, 1.4732527198191292e-08], [-2.0278241308346878e-08, 2.2515003195167083e-08], [-1.4469736520084098e-08, 1.802022708830009e-08], [null, 2.6928089980060577e-08], [null, 1.996484932931253e-08], [-3.101756007595213e-08, 3.340572618526494e-08], [null, 2.3326531817247087e-08], [-3.417254745841092e-08, 3.684989025032337e-08], [null, 2.4166183720808476e-08], [-2.7007294178815755e-08, 2.9612987617610997e-08], [null, 2.8961308018438103e-08], [null, 1.7051785761168503e-08], [-3.314297813972189e-08, 3.6027486771672557e-08], [null, 2.1743730371781567e-08], [-2.1882373246739917e-08, 2.6555936116778867e-08], [null, 2.283734801267201e-08], [null, 2.258236442287398e-08], [null, 2.1445840658884663e-08], [-2.2197992777250874e-08, 2.3790221348463092e-08], [-3.211803800695634e-08, 3.476296228654974e-08], [-2.3754346045734565e-08, 2.5584126817079778e-08], [null, 2.518853747801586e-08], [-2.1463939958721312e-08, 2.3690423844868747e-08], [-2.3765984735746315e-08, 2.6108695649895708e-08], [-2.2269793120699433e-08, 2.6711553857694526e-08], [null, 2.292637546474907e-08], [-2.91882518155262e-08, 3.2906910973906633e-08], [-2.332930826298707e-08, 2.60352024383792e-08], [-3.3434790935871206e-08, 3.616002075546021e-08], [-2.4176383561780312e-08, 2.5912518353266023e-08], [-2.118929209871112e-08, 2.430830647881521e-08], [null, 2.608502391865386e-08], [-2.3734106235906438e-08, 2.555198541642767e-08], [-2.821609257352975e-08, 3.066693921027763e-08], [-1.9075454105177414e-08, 2.097373474896358e-08], [-3.015514948856435e-08, 3.2814167383321546e-08], [-2.654135045077055e-08, 2.787895070355262e-08], [-2.6241904649282333e-08, 2.8933218487736667e-08]], "Extended_Source_Name": "                  ", "0FGL_Name": "                 ", "1FGL_Name": "                  ", "2FGL_Name": "                  ", "1FHL_Name": "                  ", "ASSOC_GAM1": "               ", "ASSOC_GAM2": "              ", "ASSOC_GAM3": "               ", "TEVCAT_FLAG": "N", "ASSOC_TEV": "                     ", "CLASS1": "bcu  ", "ASSOC1": "TXS 1909-124              ", "ASSOC2": "                          ", "Flags": 0, "source_id": 2479}