{"Source_Name": "3FHL J0556.4-4351 ", "RAJ2000": 89.11322021484375, "DEJ2000": -43.85782241821289, "GLON": 250.4873046875, "GLAT": -27.93236541748047, "Conf_95_SemiMajor": 0.04182180017232895, "Conf_95_SemiMinor": 0.04182180017232895, "Conf_95_PosAng": null, "ROI_num": 252, "Signif_Avg": 5.7560954093933105, "Pivot_Energy": 19.15961456298828, "Flux_Density": 1.0817765953852199e-12, "Unc_Flux_Density": 3.6548300735676775e-13, "Flux": 3.675418303039635e-11, "Unc_Flux": 1.2450685447917831e-11, "Energy_Flux": 1.40496381889621e-12, "Unc_Energy_Flux": 6.584940925868921e-13, "Signif_Curve": 1.0798505544662476, "SpectrumType": "PowerLaw   ", "Spectral_Index": 2.0973074436187744, "Unc_Spectral_Index": 0.8100413680076599, "beta": 0.8859078884124756, "Unc_beta": 0.8513773083686829, "PowerLaw_Index": 2.6653850078582764, "Unc_PowerLaw_Index": 0.5180857181549072, "Flux_Band": [2.793750127072503e-11, 6.222293080088148e-12, 3.1889666688572627e-12, 7.093678057710519e-16, 1.749718109812801e-17], "Unc_Flux_Band": [[-9.894651938069376e-12, 1.2420980043115204e-11], [-3.863005401671948e-12, 6.034935138427011e-12], [-2.228032211851194e-12, 4.361892357723773e-12], [null, 5.359936453008807e-12], [null, 5.340525330993495e-12]], "nuFnu": [8.720211510347686e-13, 3.176357560221582e-13, 3.5945600879508377e-13, 2.2569886387816397e-16, 1.692581767053558e-17], "Sqrt_TS_Band": [5.218214988708496, 2.5054521560668945, 3.2425830364227295, 0.0, 0.0], "Npred": 11.260110855102539, "HEP_Energy": 51.69810104370117, "HEP_Prob": 0.9977377653121948, "Variability_BayesBlocks": 1, "Extended_Source_Name": "                  ", "ASSOC_GAM": "3FGL J0556.0-4353 ", "TEVCAT_FLAG": "N", "ASSOC_TEV": "                     ", "CLASS": "bll    ", "ASSOC1": "SUMSS J055618-435146      ", "ASSOC2": "                          ", "ASSOC_PROB_BAY": 0.9994274377822876, "ASSOC_PROB_LR": 0.0, "Redshift": null, "NuPeak_obs": 123026922274816.0, "source_id": 372}