{"Source_Name": "3FHL J1031.3+5053 ", "RAJ2000": 157.8328399658203, "DEJ2000": 50.88592529296875, "GLON": 161.44667053222656, "GLAT": 54.44602966308594, "Conf_95_SemiMajor": 0.02009773813188076, "Conf_95_SemiMinor": 0.02009773813188076, "Conf_95_PosAng": null, "ROI_num": 541, "Signif_Avg": 18.831472396850586, "Pivot_Energy": 28.761938095092773, "Flux_Density": 1.8903904049766274e-12, "Unc_Flux_Density": 2.6592958521018395e-13, "Flux": 1.5414315657213962e-10, "Unc_Flux": 2.1718331993936246e-11, "Energy_Flux": 1.241200892065919e-11, "Unc_Energy_Flux": 2.9893045504214566e-12, "Signif_Curve": 2.6876773834228516, "SpectrumType": "PowerLaw   ", "Spectral_Index": 1.5369657278060913, "Unc_Spectral_Index": 0.2522110939025879, "beta": 0.4481397867202759, "Unc_beta": 0.20248867571353912, "PowerLaw_Index": 1.9435945749282837, "Unc_PowerLaw_Index": 0.14526766538619995, "Flux_Band": [6.11824896301627e-11, 6.629932020052465e-11, 2.3435017815209847e-11, 2.871886973024318e-12, 1.266130596199798e-19], "Unc_Flux_Band": [[-1.3240891022503476e-11, 1.5305057568526514e-11], [-1.2923283103372096e-11, 1.4804442394211748e-11], [-7.376172589390606e-12, 9.245835000393221e-12], [-2.0341566972503777e-12, 3.692890177681152e-12], [null, 4.697391781105509e-12]], "nuFnu": [1.964679504154465e-12, 3.5541840737868258e-12, 2.8314221627023795e-12, 9.924618635595572e-13, 1.3641306900250473e-19], "Sqrt_TS_Band": [10.244540214538574, 14.05074691772461, 7.7695746421813965, 3.579380512237549, 0.0], "Npred": 55.46266555786133, "HEP_Energy": 167.45199584960938, "HEP_Prob": 0.9998230934143066, "Variability_BayesBlocks": 1, "Extended_Source_Name": "                  ", "ASSOC_GAM": "3FGL J1031.2+5053 ", "TEVCAT_FLAG": "C", "ASSOC_TEV": "                     ", "CLASS": "bll    ", "ASSOC1": "1ES 1028+511              ", "ASSOC2": "                          ", "ASSOC_PROB_BAY": 0.9999083876609802, "ASSOC_PROB_LR": 0.9957935214042664, "Redshift": 0.3610000014305115, "NuPeak_obs": 1.2092064669053747e+17, "source_id": 646}