{"Source_Name": "3FGL J1444.0-3907 ", "RAJ2000": 221.00900268554688, "DEJ2000": -39.12990188598633, "GLON": 325.6635437011719, "GLAT": 18.720731735229492, "Conf_68_SemiMajor": 0.010916072875261307, "Conf_68_SemiMinor": 0.010484364815056324, "Conf_68_PosAng": -70.77999877929688, "Conf_95_SemiMajor": 0.01769999973475933, "Conf_95_SemiMinor": 0.017000000923871994, "Conf_95_PosAng": -70.77999877929688, "ROI_num": 733, "Signif_Avg": 33.98975372314453, "Pivot_Energy": 2752.6767578125, "Flux_Density": 4.291353784911106e-13, "Unc_Flux_Density": 2.3123491240274047e-14, "Flux1000": 3.2323992371630084e-09, "Unc_Flux1000": 1.746538469404868e-10, "Energy_Flux100": 3.9619436204008096e-11, "Unc_Energy_Flux100": 2.50263156552355e-12, "Signif_Curve": 3.056013345718384, "SpectrumType": "PowerLaw        ", "Spectral_Index": 1.8110154867172241, "Unc_Spectral_Index": 0.03790415823459625, "beta": null, "Unc_beta": null, "Cutoff": null, "Unc_Cutoff": null, "Exp_Index": null, "Unc_Exp_Index": null, "PowerLaw_Index": 1.8110154867172241, "Flux30_100": null, "Unc_Flux30_100": null, "nuFnu30_100": null, "Sqrt_TS30_100": null, "Flux100_300": 1.197314336565114e-08, "Unc_Flux100_300": [-6.003806340970641e-09, 6.015046238871946e-09], "nuFnu100_300": 2.9315157072662412e-12, "Sqrt_TS100_300": 2.0102851390838623, "Flux300_1000": 4.2865795357727166e-09, "Unc_Flux300_1000": [-6.211001157829799e-10, 6.350437953273058e-10], "nuFnu300_1000": 3.0097640959375616e-12, "Sqrt_TS300_1000": 6.976924419403076, "Flux1000_3000": 2.0706889536370454e-09, "Unc_Flux1000_3000": [-1.8598890483279007e-10, 1.8598890483279007e-10], "nuFnu1000_3000": 5.0698941572724365e-12, "Sqrt_TS1000_3000": 16.76833152770996, "Flux3000_10000": 9.721016214214728e-10, "Unc_Flux3000_10000": [-9.363011060914417e-11, 9.363011060914417e-11], "nuFnu3000_10000": 6.825480718813948e-12, "Sqrt_TS3000_10000": 21.76588249206543, "Flux10000_100000": 4.1270620254607593e-10, "Unc_Flux10000_100000": [-5.55865770079933e-11, 6.076121550346869e-11], "nuFnu10000_100000": 7.94567016348946e-12, "Sqrt_TS10000_100000": 19.401199340820312, "Variability_Index": 53.92339324951172, "Signif_Peak": null, "Flux_Peak": null, "Unc_Flux_Peak": null, "Time_Peak": null, "Peak_Interval": null, "Flux_History": [2.364882689676051e-08, 2.5419359062084368e-08, 2.6599311198083342e-08, 2.519630193376088e-08, 2.296319223660248e-08, 1.3903642681611927e-08, 1.4060711706065376e-08, 1.9668650708126734e-08, 2.9504207077479805e-08, 3.662231051748677e-08, 2.473738902608602e-08, 2.442103586020039e-08, 1.6978525252397958e-08, 3.9194937073716574e-08, 1.2384003156284962e-08, 2.99743163623134e-08, 2.0802319866675134e-08, 2.0880678519574758e-08, 9.91348514389756e-09, 1.4906492040722696e-08, 1.2391602410843916e-08, 1.2934392223939994e-08, 1.3979906121619479e-08, 7.939443769089394e-09, 1.4486629673626794e-08, 1.7806275565135365e-08, 1.4000359094268333e-08, 2.5706956563453787e-08, 1.3592737602152738e-08, 2.2027066393093264e-08, 1.674444405352915e-08, 3.943609883094723e-08, 1.591984144511116e-08, 1.5852155144102653e-08, 2.545980848367435e-08, 3.553904903697003e-08, 3.696305128642052e-08, 1.2038060326347022e-08, 2.314418878768265e-08, 2.200225601711736e-08, 1.8252915623406807e-08, 2.2950359834794654e-08, 1.9986922339398916e-08, 1.0142564121906616e-08, 1.9589949218357106e-08, 2.7657300449845934e-08, 1.534521310020409e-08, 5.589799734195822e-09], "Unc_Flux_History": [[-8.138532514578856e-09, 9.447774118598318e-09], [-7.578262462004659e-09, 8.998533473913994e-09], [-7.384903355500683e-09, 8.427190500981396e-09], [-7.849995320441394e-09, 9.052683935806272e-09], [-7.201317320237877e-09, 7.79864706146327e-09], [-7.471016694182708e-09, 8.949247565226415e-09], [-5.30798560660628e-09, 6.5016116934657475e-09], [-7.342521257669432e-09, 8.772644832788501e-09], [-7.8835658001708e-09, 8.98669849647149e-09], [-9.062420147643024e-09, 1.0103883951728676e-08], [-7.76675257441184e-09, 8.887514724165158e-09], [-6.435671551230371e-09, 7.353631037432251e-09], [-8.421467079244849e-09, 9.130808109603095e-09], [-7.883278030362817e-09, 8.749208468827874e-09], [-5.862899499220475e-09, 7.503377474904482e-09], [-8.539835505416704e-09, 9.577665771587363e-09], [-7.57156648489854e-09, 8.93430218695812e-09], [-7.54097140287513e-09, 8.826927633265313e-09], [-4.361869976321486e-09, 5.57567636505496e-09], [-6.3926979265716e-09, 8.210780499950943e-09], [-5.266593827712995e-09, 6.6387562114300636e-09], [-7.619357589305764e-09, 9.021569269407337e-09], [-5.449361406562048e-09, 6.903507099309536e-09], [-4.477413106940276e-09, 5.949676751271227e-09], [-7.456442574493849e-09, 9.026976499626471e-09], [-5.925966384268122e-09, 7.069277607740787e-09], [-6.169855293336468e-09, 7.859378037267106e-09], [-6.604197189119532e-09, 7.560788439775479e-09], [-5.7749294235520665e-09, 7.240023691679198e-09], [-7.400331458740084e-09, 8.555680608424154e-09], [-5.52408119247616e-09, 6.586976297739966e-09], [-9.637287412544993e-09, 1.1081907835830407e-08], [-6.24324458797787e-09, 7.742833041390895e-09], [-6.818239750572275e-09, 8.497063497259205e-09], [-6.6360761330486184e-09, 7.464953988289835e-09], [-8.336230372663067e-09, 9.360473285369153e-09], [-8.40760083775649e-09, 9.381528442986564e-09], [-5.594089635962973e-09, 7.327622508768172e-09], [-7.790015743580625e-09, 9.144822676887543e-09], [-6.4792615717124136e-09, 7.31030258549481e-09], [-7.362243703568083e-09, 8.66305782665222e-09], [-6.474654146160219e-09, 7.555725822783188e-09], [-7.466692153457188e-09, 8.720788535754309e-09], [-4.8141708397508864e-09, 6.159697640839568e-09], [-6.382297801366121e-09, 7.497732212868868e-09], [-8.944208040873036e-09, 1.0146702145164e-08], [-6.673920083244411e-09, 7.746350227932908e-09], [-3.895362699068983e-09, 6.4600720328655825e-09]], "Extended_Source_Name": "                  ", "0FGL_Name": "                 ", "1FGL_Name": "1FGL J1444.0-3906 ", "2FGL_Name": "2FGL J1443.9-3908 ", "1FHL_Name": "1FHL J1444.0-3908 ", "ASSOC_GAM1": "               ", "ASSOC_GAM2": "              ", "ASSOC_GAM3": "               ", "TEVCAT_FLAG": "N", "ASSOC_TEV": "                     ", "CLASS1": "bll  ", "ASSOC1": "PKS 1440-389              ", "ASSOC2": "                          ", "Flags": 0, "source_id": 1787}