{"Source_Name": "3FHL J1233.9-5735 ", "RAJ2000": 188.49496459960938, "DEJ2000": -57.594696044921875, "GLON": 300.58489990234375, "GLAT": 5.197474479675293, "Conf_95_SemiMajor": 0.022109854966402054, "Conf_95_SemiMinor": 0.022109854966402054, "Conf_95_PosAng": null, "ROI_num": 115, "Signif_Avg": 14.276468276977539, "Pivot_Energy": 17.3621883392334, "Flux_Density": 6.01579550063569e-12, "Unc_Flux_Density": 9.20035206873615e-13, "Flux": 1.5672359243712464e-10, "Unc_Flux": 2.3957839184740592e-11, "Energy_Flux": 5.3777511957453505e-12, "Unc_Energy_Flux": 1.1373704712422383e-12, "Signif_Curve": 1.598653793334961, "SpectrumType": "PowerLaw   ", "Spectral_Index": 2.389425039291382, "Unc_Spectral_Index": 0.4541148841381073, "beta": 0.5941482782363892, "Unc_beta": 0.46869009733200073, "PowerLaw_Index": 2.8418686389923096, "Unc_PowerLaw_Index": 0.2712460160255432, "Flux_Band": [1.0698938956998916e-10, 4.7106273742825167e-11, 1.6882405846560533e-12, 4.984713621155815e-18, 2.4133206417045906e-21], "Unc_Flux_Band": [[-1.892320154739391e-11, 2.1149330550751522e-11], [-1.1689352610866344e-11, 1.384221817030129e-11], [null, 6.446292284689736e-12], [null, 4.40856465916406e-12], [null, 4.787011065321423e-12]], "nuFnu": [3.316870649666681e-12, 2.3770809539497284e-12, 1.8725078182891403e-13, 1.5560941328887105e-18, 2.278330864577367e-21], "Sqrt_TS_Band": [11.6415433883667, 9.274073600769043, 0.5702666640281677, 0.0, 0.0], "Npred": 52.98588180541992, "HEP_Energy": 49.24340057373047, "HEP_Prob": 0.9779210686683655, "Variability_BayesBlocks": 1, "Extended_Source_Name": "                  ", "ASSOC_GAM": "3FGL J1233.9-5736 ", "TEVCAT_FLAG": "N", "ASSOC_TEV": "                     ", "CLASS": "bcu    ", "ASSOC1": "AT20G J123407-573552      ", "ASSOC2": "                          ", "ASSOC_PROB_BAY": 0.9978396892547607, "ASSOC_PROB_LR": 0.0, "Redshift": null, "NuPeak_obs": 501187015081984.0, "catalog_row_index": 806}