{"Source_Name": "3FGL J2334.1+0732 ", "RAJ2000": 353.543212890625, "DEJ2000": 7.541100025177002, "GLON": 91.82291412353516, "GLAT": -50.604427337646484, "Conf_68_SemiMajor": 0.06247447431087494, "Conf_68_SemiMinor": 0.048289746046066284, "Conf_68_PosAng": 7.150000095367432, "Conf_95_SemiMajor": 0.10130000114440918, "Conf_95_SemiMinor": 0.07829999923706055, "Conf_95_PosAng": 7.150000095367432, "ROI_num": 762, "Signif_Avg": 11.330078125, "Pivot_Energy": 615.1174926757812, "Flux_Density": 3.485212769424595e-12, "Unc_Flux_Density": 3.4981634017446084e-13, "Flux1000": 6.853363432313131e-10, "Unc_Flux1000": 9.446741305874085e-11, "Energy_Flux100": 1.0150921769813692e-11, "Unc_Energy_Flux100": 1.0197468954323274e-12, "Signif_Curve": 0.8849326968193054, "SpectrumType": "PowerLaw        ", "Spectral_Index": 2.5047621726989746, "Unc_Spectral_Index": 0.08251169323921204, "beta": null, "Unc_beta": null, "Cutoff": null, "Unc_Cutoff": null, "Exp_Index": null, "Unc_Exp_Index": null, "PowerLaw_Index": 2.5047621726989746, "Flux30_100": null, "Unc_Flux30_100": null, "nuFnu30_100": null, "Sqrt_TS30_100": null, "Flux100_300": 1.9315722354917852e-08, "Unc_Flux100_300": [-3.6109004675211054e-09, 3.829860872883728e-09], "nuFnu100_300": 4.420356875672882e-12, "Sqrt_TS100_300": 5.418329238891602, "Flux300_1000": 3.756114530517607e-09, "Unc_Flux300_1000": [-5.658463142488301e-10, 5.91363014113e-10], "nuFnu300_1000": 2.433033375465188e-12, "Sqrt_TS300_1000": 7.3401970863342285, "Flux1000_3000": 5.329013341714983e-10, "Unc_Flux1000_3000": [-1.1007524752804088e-10, 1.1891804208019607e-10], "nuFnu1000_3000": 1.2195319623944934e-12, "Sqrt_TS1000_3000": 6.0677571296691895, "Flux3000_10000": 3.990987401669699e-11, "Unc_Flux3000_10000": [-2.4212940680223838e-11, 3.175259707943745e-11], "nuFnu3000_10000": 2.5851727442766093e-13, "Sqrt_TS3000_10000": 1.9368566274642944, "Flux10000_100000": 3.509207160967698e-11, "Unc_Flux10000_100000": [-1.636089180800937e-11, 2.2215618233900614e-11], "nuFnu10000_100000": 5.162911114256485e-13, "Sqrt_TS10000_100000": 3.6594810485839844, "Variability_Index": 73.06684875488281, "Signif_Peak": 5.621859550476074, "Flux_Peak": 7.975460647458021e-08, "Unc_Flux_Peak": 1.7927243689541683e-08, "Time_Peak": 243275008.0, "Peak_Interval": 2630000.0, "Flux_History": [3.715435781259657e-08, 7.975460647458021e-08, 1.1249710496485932e-08, 3.81700004936647e-08, 2.4254077857222e-08, 4.3682252481858086e-08, 6.46827018613294e-08, 5.279955672676806e-08, 3.9305316335003226e-08, 9.855380511680778e-09, 3.0383688898183436e-09, 1.4239954992945059e-08, 4.3387498038782724e-08, 0.0, 4.381238483119887e-08, 2.3146036198795628e-08, 2.460757464461949e-08, 3.0844493181803045e-08, 0.0, 2.3905331048013068e-08, 1.6047520645656732e-08, 7.109968613860929e-09, 1.3143846011587357e-08, 0.0, 1.6703760152836367e-08, 1.8335738261043844e-08, 1.2489409506599713e-08, 9.449090399016313e-09, 3.089293443281349e-08, 5.442290529344973e-08, 2.9702789561270038e-08, 3.8221916298653014e-08, 3.402166726118594e-08, 0.0, 1.54762211934667e-08, 2.2999500970399822e-08, 9.352839613896435e-10, 1.550755790447056e-08, 1.1159049684295042e-08, 1.5949083831401367e-08, 2.223935169354263e-08, 0.0, 0.0, 4.848633050613671e-09, 2.198007464926377e-08, 7.368960996956275e-09, 3.584352370467059e-08, 1.760417811524917e-09], "Unc_Flux_History": [[-1.4667251413413851e-08, 1.6035636818401144e-08], [-1.7927243689541683e-08, 1.853514319805072e-08], [-8.892124370163401e-09, 1.1332897287275046e-08], [-1.2936980375855e-08, 1.437954377792039e-08], [-1.252365944282019e-08, 1.4234682765845719e-08], [-1.3229624507005155e-08, 1.4176437801438624e-08], [-1.7883493796944094e-08, 1.9133976181251455e-08], [-1.549621408969415e-08, 1.693956974690991e-08], [-1.4600428421829292e-08, 1.5928540264553703e-08], [null, 1.3913781238272804e-08], [null, 1.3796994657866435e-08], [-1.2804090232521048e-08, 1.4742910892096006e-08], [-1.4900208178403318e-08, 1.5988147694656618e-08], [null, 1.826315632058595e-08], [-1.874726862638454e-08, 2.0552462842715613e-08], [-1.650631809013703e-08, 1.8369389565009442e-08], [-1.2331804910559185e-08, 1.4391259739454654e-08], [-1.6013425252481284e-08, 1.7838797106151105e-08], [null, 1.8018843306322196e-08], [-1.5108188478052398e-08, 1.7728419621221292e-08], [-1.3785135699606599e-08, 1.5881004955531353e-08], [null, 1.5639910699860593e-08], [-1.3143846011587357e-08, 1.5563395905360267e-08], [null, 1.3290736511351042e-08], [-1.4440432849482931e-08, 1.6455912188462207e-08], [-1.2635240409508697e-08, 1.6435278027415734e-08], [-1.1451768422432451e-08, 1.4395974190506422e-08], [null, 1.458162657286266e-08], [-1.4938748904569366e-08, 1.641903146776258e-08], [-1.8643646626514965e-08, 2.045846692055875e-08], [-1.522354331484621e-08, 1.732573906565449e-08], [-1.9933823480755564e-08, 2.1385744730650913e-08], [-1.658711212826347e-08, 1.9033921105915397e-08], [null, 1.4838007267314879e-08], [-1.330386645292947e-08, 1.4530480818564229e-08], [-1.3353560035511691e-08, 1.5637031225423925e-08], [null, 1.793945614281256e-08], [-9.817366475317613e-09, 1.3743433058266419e-08], [null, 1.8267424906071028e-08], [-1.5718336854320114e-08, 1.6934968982695864e-08], [-1.718608722001136e-08, 1.8882188257407506e-08], [null, 1.4087286892561224e-08], [null, 1.153517548146965e-08], [null, 1.4195379982595568e-08], [-1.4217657273718487e-08, 1.7055421963618755e-08], [null, 1.5373762707326932e-08], [-1.478711908475816e-08, 1.6484648313053185e-08], [null, 1.648724357039555e-08]], "Extended_Source_Name": "                  ", "0FGL_Name": "                 ", "1FGL_Name": "1FGL J2334.3+0735 ", "2FGL_Name": "2FGL J2334.3+0734 ", "1FHL_Name": "                  ", "ASSOC_GAM1": "               ", "ASSOC_GAM2": "              ", "ASSOC_GAM3": "               ", "TEVCAT_FLAG": "N", "ASSOC_TEV": "                     ", "CLASS1": "fsrq ", "ASSOC1": "TXS 2331+073              ", "ASSOC2": "                          ", "Flags": 0, "catalog_row_index": 2980}