{"Source_Name": "3FGL J0333.4+4003 ", "RAJ2000": 53.36840057373047, "DEJ2000": 40.05189895629883, "GLON": 153.6127471923828, "GLAT": -12.975786209106445, "Conf_68_SemiMajor": 0.060254257172346115, "Conf_68_SemiMinor": 0.051866766065359116, "Conf_68_PosAng": 6.610000133514404, "Conf_95_SemiMajor": 0.09769999980926514, "Conf_95_SemiMinor": 0.08410000056028366, "Conf_95_PosAng": 6.610000133514404, "ROI_num": 777, "Signif_Avg": 5.0316948890686035, "Pivot_Energy": 1804.48828125, "Flux_Density": 1.355280362762279e-13, "Unc_Flux_Density": 2.918000720610395e-14, "Flux1000": 4.0900058340120893e-10, "Unc_Flux1000": 8.880118168574924e-11, "Energy_Flux100": 4.7704938957449095e-12, "Unc_Energy_Flux100": 1.0527343970515024e-12, "Signif_Curve": 2.5955255031585693, "SpectrumType": "PowerLaw        ", "Spectral_Index": 2.237670660018921, "Unc_Spectral_Index": 0.14065924286842346, "beta": null, "Unc_beta": null, "Cutoff": null, "Unc_Cutoff": null, "Exp_Index": null, "Unc_Exp_Index": null, "PowerLaw_Index": 2.237670660018921, "Flux30_100": null, "Unc_Flux30_100": null, "nuFnu30_100": null, "Sqrt_TS30_100": null, "Flux100_300": 1.1526809238007751e-13, "Unc_Flux100_300": [null, 4.423235999695407e-09], "nuFnu100_300": 2.7061959856584823e-17, "Sqrt_TS100_300": 0.0, "Flux300_1000": 8.175277677047177e-10, "Unc_Flux300_1000": [-6.426333354347946e-10, 6.552708931018003e-10], "nuFnu300_1000": 5.459079911208919e-13, "Sqrt_TS300_1000": 1.2775191068649292, "Flux1000_3000": 5.671593195089031e-10, "Unc_Flux1000_3000": [-1.1911512054485485e-10, 1.2418389927493223e-10], "nuFnu1000_3000": 1.3315429488180985e-12, "Sqrt_TS1000_3000": 5.878428936004639, "Flux3000_10000": 8.10766037639965e-11, "Unc_Flux3000_10000": [-2.918842945121014e-11, 3.589680983018262e-11], "nuFnu3000_10000": 5.413928853836847e-13, "Sqrt_TS3000_10000": 3.949190855026245, "Flux10000_100000": 4.561408793268915e-15, "Unc_Flux10000_100000": [null, 1.4894436378698472e-11], "nuFnu10000_100000": 7.392476076694966e-17, "Sqrt_TS10000_100000": 0.0, "Variability_Index": 44.94699478149414, "Signif_Peak": null, "Flux_Peak": null, "Unc_Flux_Peak": null, "Time_Peak": null, "Peak_Interval": null, "Flux_History": [1.2051589060035894e-08, 3.3539140353866514e-09, 2.5022893979098626e-08, 0.0, 0.0, 0.0, 2.415420752299724e-08, 6.711832867267731e-09, 3.847403817758277e-08, 1.452719100569766e-08, 7.585609473892418e-09, 3.597472320038264e-09, 0.0, 3.8877545627258314e-09, 0.0, 0.0, 9.204324413758513e-09, 1.5963783628336614e-09, 8.568923348661883e-09, 8.934707196317504e-09, 2.8644270955169304e-08, 1.1505361996455576e-08, 5.3191628879289965e-09, 7.4398873728398485e-09, 2.779252383788844e-09, 2.2648004360803498e-08, 3.3014604383652113e-09, 4.192555635995632e-09, 0.0, 5.677735614995072e-09, 0.0, 9.458777761039983e-09, 1.025717466518472e-08, 3.050893582212666e-08, 0.0, 1.1200506300212965e-08, 4.275860110425356e-09, 0.0, 1.077866773613323e-08, 0.0, 3.658652270033258e-09, 0.0, 0.0, 1.8295212456109766e-08, 1.1429834856357957e-08, 2.1585369935905874e-08, 1.0284913365410375e-08, 2.656365438724606e-08], "Unc_Flux_History": [[-7.800029067084324e-09, 1.0138265338355268e-08], [null, 1.1393583854157896e-08], [-1.207343114373316e-08, 1.3892447192631607e-08], [null, 1.3807447629687886e-08], [null, 1.2847636732260526e-08], [null, 1.0016681706304098e-08], [-1.189148512992233e-08, 1.3681787258690292e-08], [null, 1.3623630223946748e-08], [-1.2779544533714216e-08, 1.424611362210726e-08], [-9.002261158741476e-09, 1.1532153010307411e-08], [null, 1.0835129238273566e-08], [null, 1.0987086795921641e-08], [null, 1.3381974639514738e-08], [null, 1.139155614282572e-08], [null, 9.740499962163085e-09], [null, 1.1881404304858734e-08], [-8.778086701966004e-09, 1.1573144220733411e-08], [null, 1.1720509007773217e-08], [null, 1.3378692820253946e-08], [null, 1.3439125368108762e-08], [-1.2459576481660406e-08, 1.453945319696004e-08], [-8.962111941457351e-09, 1.3254685349295414e-08], [null, 1.1554009304859392e-08], [-5.3976960678880914e-09, 9.143387380561308e-09], [null, 1.3142688715106488e-08], [-1.2083457789913155e-08, 1.336943800112067e-08], [null, 1.3064937576245939e-08], [null, 1.3317088765063545e-08], [null, 1.2549153716179262e-08], [-4.297556976951e-09, 7.197304974226881e-09], [null, 1.1511494868443606e-08], [null, 1.4519506486010414e-08], [-8.376993321235204e-09, 1.1128186372388882e-08], [-1.335137156388555e-08, 1.557614837111032e-08], [null, 7.799401124941596e-09], [-7.457968465018894e-09, 1.0206123945977197e-08], [null, 9.347373541856996e-09], [null, 8.644830629123135e-09], [-1.0594371602223873e-08, 1.37751223761029e-08], [null, 1.1325518300964177e-08], [null, 1.403250227127728e-08], [null, 8.205776502734352e-09], [null, 1.289356177380796e-08], [-1.0521474358426985e-08, 1.2685378969479189e-08], [-1.1429834856357957e-08, 1.4093470390719176e-08], [-1.3657072805983717e-08, 1.5729380464790665e-08], [-7.2330150757693445e-09, 9.535766842816429e-09], [-1.1808905853172291e-08, 1.3341668214650326e-08]], "Extended_Source_Name": "                  ", "0FGL_Name": "                 ", "1FGL_Name": "                  ", "2FGL_Name": "                  ", "1FHL_Name": "                  ", "ASSOC_GAM1": "               ", "ASSOC_GAM2": "              ", "ASSOC_GAM3": "               ", "TEVCAT_FLAG": "N", "ASSOC_TEV": "                     ", "CLASS1": "bcu  ", "ASSOC1": "B3 0330+399               ", "ASSOC2": "                          ", "Flags": 0, "catalog_row_index": 407}