{"Source_Name": "3FHL J1520.7-0348 ", "RAJ2000": 230.19583129882812, "DEJ2000": -3.8115715980529785, "GLON": 358.1116943359375, "GLAT": 42.5118522644043, "Conf_95_SemiMajor": 0.025247829034924507, "Conf_95_SemiMinor": 0.025247829034924507, "Conf_95_PosAng": null, "ROI_num": 689, "Signif_Avg": 14.146565437316895, "Pivot_Energy": 18.3900203704834, "Flux_Density": 5.150138128462434e-12, "Unc_Flux_Density": 8.21124960560804e-13, "Flux": 1.5684797904924608e-10, "Unc_Flux": 2.4996518743769514e-11, "Energy_Flux": 6.050555455966444e-12, "Unc_Energy_Flux": 1.4354844353123286e-12, "Signif_Curve": 1.9098016023635864, "SpectrumType": "PowerLaw   ", "Spectral_Index": 2.0434882640838623, "Unc_Spectral_Index": 0.45554327964782715, "beta": 0.7918788194656372, "Unc_beta": 0.4938240647315979, "PowerLaw_Index": 2.6520779132843018, "Unc_PowerLaw_Index": 0.2569708526134491, "Flux_Band": [9.559484454024769e-11, 5.778764272657e-11, 3.8836971832934e-12, 2.8696484783307497e-21, 6.719506063316194e-19], "Unc_Flux_Band": [[-1.845793136390217e-11, 2.074952362707272e-11], [-1.3669393741921887e-11, 1.6372229960648355e-11], [-2.7900162648947235e-12, 5.234061448144978e-12], [null, 4.917565920442568e-12], [null, 5.496987413866616e-12]], "nuFnu": [2.9853667281309892e-12, 2.9525377368694317e-12, 4.383049099446895e-13, 9.143643585948014e-22, 6.512275089392698e-19], "Sqrt_TS_Band": [11.247964859008789, 9.323457717895508, 2.2293059825897217, 0.0, 0.0], "Npred": 46.880741119384766, "HEP_Energy": 62.414100646972656, "HEP_Prob": 0.9856066107749939, "Variability_BayesBlocks": 1, "Extended_Source_Name": "                  ", "ASSOC_GAM": "3FGL J1520.8-0348 ", "TEVCAT_FLAG": "N", "ASSOC_TEV": "                     ", "CLASS": "bll    ", "ASSOC1": "NVSS J152048-034850       ", "ASSOC2": "                          ", "ASSOC_PROB_BAY": 0.9999064803123474, "ASSOC_PROB_LR": 0.9537995457649231, "Redshift": null, "NuPeak_obs": 1745820588179456.0, "source_id": 998}