{"Source_Name": "3FGL J0209.4-5229 ", "RAJ2000": 32.37070083618164, "DEJ2000": -52.49789810180664, "GLON": 278.3457946777344, "GLAT": -60.744449615478516, "Conf_68_SemiMajor": 0.01615825481712818, "Conf_68_SemiMinor": 0.01381469052284956, "Conf_68_PosAng": 84.62999725341797, "Conf_95_SemiMajor": 0.026200000196695328, "Conf_95_SemiMinor": 0.02239999920129776, "Conf_95_PosAng": 84.62999725341797, "ROI_num": 306, "Signif_Avg": 28.073148727416992, "Pivot_Energy": 2850.37939453125, "Flux_Density": 2.1277126111343692e-13, "Unc_Flux_Density": 1.4680144849298776e-14, "Flux1000": 1.7087066206400436e-09, "Unc_Flux1000": 1.181040126807531e-10, "Energy_Flux100": 2.1131832395049344e-11, "Unc_Energy_Flux100": 1.7331249282936945e-12, "Signif_Curve": 0.9069885611534119, "SpectrumType": "PowerLaw        ", "Spectral_Index": 1.79950749874115, "Unc_Spectral_Index": 0.05057959258556366, "beta": null, "Unc_beta": null, "Cutoff": null, "Unc_Cutoff": null, "Exp_Index": null, "Unc_Exp_Index": null, "PowerLaw_Index": 1.79950749874115, "Flux30_100": null, "Unc_Flux30_100": null, "nuFnu30_100": null, "Sqrt_TS30_100": null, "Flux100_300": 2.7187494477942664e-09, "Unc_Flux100_300": [null, 2.5651698543072143e-09], "nuFnu100_300": 6.664241641168855e-13, "Sqrt_TS100_300": 0.8757936358451843, "Flux300_1000": 3.0760940461505015e-09, "Unc_Flux300_1000": [-4.431955358263906e-10, 4.587860924498699e-10], "nuFnu300_1000": 2.1628055249522937e-12, "Sqrt_TS300_1000": 8.200484275817871, "Flux1000_3000": 9.303257053616676e-10, "Unc_Flux1000_3000": [-1.1361697693779149e-10, 1.1999187754518914e-10], "nuFnu1000_3000": 2.2804291007622046e-12, "Sqrt_TS1000_3000": 12.77702808380127, "Flux3000_10000": 5.5513593721912e-10, "Unc_Flux3000_10000": [-6.417373576983465e-11, 6.932566326556255e-11], "nuFnu3000_10000": 3.9031677195877634e-12, "Sqrt_TS3000_10000": 18.090852737426758, "Flux10000_100000": 2.0992441118750094e-10, "Unc_Flux10000_100000": [-3.6936245728647066e-11, 4.16782545975547e-11], "nuFnu10000_100000": 4.061303376934333e-12, "Sqrt_TS10000_100000": 14.95356559753418, "Variability_Index": 88.11141204833984, "Signif_Peak": 10.290379524230957, "Flux_Peak": 4.37912639483784e-08, "Unc_Flux_Peak": 8.755397296056344e-09, "Time_Peak": 361624992.0, "Peak_Interval": 2630000.0, "Flux_History": [1.476377864406686e-08, 1.9237761605950254e-08, 5.674338332539719e-09, 1.243826730501496e-08, 1.6313514095145365e-08, 1.6255903290129936e-08, 1.4362385059030203e-08, 8.321067390681947e-09, 1.2374091973299528e-08, 5.582450057772803e-09, 1.1397055743600504e-08, 0.0, 1.249611436549003e-08, 0.0, 2.1111330461565103e-09, 1.4781097457117198e-09, 1.4479288878987973e-08, 1.2265990889659406e-08, 9.342095097508718e-09, 7.834086268587725e-09, 1.287003281724708e-09, 5.989785112348045e-09, 8.303889131866526e-09, 5.8576437034219e-09, 1.769575952437208e-08, 5.756335852424854e-09, 9.54485646076364e-09, 3.2515803383148523e-09, 1.1209293937497478e-08, 6.724405476887796e-09, 7.080092068179056e-09, 1.053218223745489e-08, 0.0, 6.8620003013109e-09, 1.3067988469117608e-08, 2.3583920594205665e-08, 7.84156828359528e-09, 1.1596186233475692e-08, 1.1875633809665942e-08, 7.307699778635879e-09, 2.3078388977637587e-08, 1.0756974866410474e-08, 9.85741621661873e-09, 1.7093960025249544e-08, 1.4779691248634208e-08, 1.8126650402905398e-08, 4.37912639483784e-08, 1.578904829102612e-08], "Unc_Flux_History": [[-5.903101119031362e-09, 7.289487236050718e-09], [-6.466060131771201e-09, 7.769187959638657e-09], [-3.55353146908044e-09, 5.417872817048419e-09], [-4.77669326315322e-09, 5.688900905909122e-09], [-7.47462713945879e-09, 8.834535769608465e-09], [-5.785596002283455e-09, 6.9579351169579695e-09], [-5.651549450647053e-09, 7.074040020427219e-09], [-4.88856066738208e-09, 6.066192437259588e-09], [-5.0973278931110144e-09, 6.251200446172334e-09], [-3.851775343122199e-09, 5.502983402294603e-09], [-4.441337075888896e-09, 5.505617739487434e-09], [null, 4.953553123243637e-09], [-4.423839072842384e-09, 5.6531717085306354e-09], [null, 4.6591068780799105e-09], [null, 4.122653773919183e-09], [null, 4.2227372709646716e-09], [-4.775998263539805e-09, 5.7800417785358604e-09], [-4.207106218956369e-09, 5.1092192698831695e-09], [-4.94501328773822e-09, 6.329122559378675e-09], [-3.0421125618573797e-09, 3.986231345010083e-09], [null, 7.9239663719477e-09], [-3.912051571575148e-09, 5.259217061848176e-09], [-3.724795361037536e-09, 4.868388803203061e-09], [-3.016500382813092e-09, 4.2018357682138685e-09], [-5.235217148680249e-09, 6.0909242094453475e-09], [-4.445719792300906e-09, 6.179255773730574e-09], [-3.920488822473089e-09, 4.871266501282889e-09], [-2.2478565675498885e-09, 4.041101231422317e-09], [-4.631640848629104e-09, 5.659431145943472e-09], [-3.4612201993411418e-09, 4.654563845463144e-09], [-3.5243876705948196e-09, 4.696074196175459e-09], [-4.489610905267227e-09, 5.6679274607063235e-09], [null, 4.485562143941024e-09], [-4.420853905173772e-09, 5.469177111194767e-09], [-4.7786374857139435e-09, 6.062062851697192e-09], [-5.848848516620819e-09, 6.669809149428829e-09], [-4.18071355312577e-09, 5.750036446983131e-09], [-5.010627468493567e-09, 6.450923351053461e-09], [-4.3742649502576114e-09, 5.484730891680556e-09], [-4.763682337483033e-09, 6.361112969699434e-09], [-5.780715461867203e-09, 6.530899376855359e-09], [-4.407455289623385e-09, 5.61669866172565e-09], [-4.3848058517426125e-09, 5.405094150034984e-09], [-5.5542463961444355e-09, 6.657760565076387e-09], [-5.2903592617781214e-09, 6.652068229584529e-09], [-5.017620985370286e-09, 5.842400341293796e-09], [-8.755397296056344e-09, 9.754542062978544e-09], [-5.049101581278137e-09, 5.988714857352306e-09]], "Extended_Source_Name": "                  ", "0FGL_Name": "                 ", "1FGL_Name": "1FGL J0209.3-5229 ", "2FGL_Name": "2FGL J0209.5-5229 ", "1FHL_Name": "1FHL J0209.6-5230 ", "ASSOC_GAM1": "               ", "ASSOC_GAM2": "              ", "ASSOC_GAM3": "               ", "TEVCAT_FLAG": "N", "ASSOC_TEV": "                     ", "CLASS1": "bll  ", "ASSOC1": "1RXS J020922.2-522920     ", "ASSOC2": "                          ", "Flags": 0, "source_id": 246}