{"Source_Name": "3FGL J2232.5+1143 ", "RAJ2000": 338.1393127441406, "DEJ2000": 11.72029972076416, "GLON": 77.41796875, "GLAT": -38.582759857177734, "Conf_68_SemiMajor": 0.015849890187382698, "Conf_68_SemiMinor": 0.015479855239391327, "Conf_68_PosAng": -60.77000045776367, "Conf_95_SemiMajor": 0.025699999183416367, "Conf_95_SemiMinor": 0.025100000202655792, "Conf_95_PosAng": -60.77000045776367, "ROI_num": 830, "Signif_Avg": 72.19849395751953, "Pivot_Energy": 308.3376159667969, "Flux_Density": 1.6762298493677719e-10, "Unc_Flux_Density": 3.923113136433676e-12, "Flux1000": 5.01908958838726e-09, "Unc_Flux1000": 1.8953517921804774e-10, "Energy_Flux100": 7.261238138545067e-11, "Unc_Energy_Flux100": 1.6345948032625568e-12, "Signif_Curve": 6.0006327629089355, "SpectrumType": "LogParabola     ", "Spectral_Index": 2.3391623497009277, "Unc_Spectral_Index": 0.03275572508573532, "beta": 0.12977752089500427, "Unc_beta": 0.018479757010936737, "Cutoff": null, "Unc_Cutoff": null, "Exp_Index": null, "Unc_Exp_Index": null, "PowerLaw_Index": 2.5203113555908203, "Flux30_100": null, "Unc_Flux30_100": null, "nuFnu30_100": null, "Sqrt_TS30_100": null, "Flux100_300": 1.2439151930720982e-07, "Unc_Flux100_300": [-4.380824147887097e-09, 4.380824147887097e-09], "nuFnu100_300": 2.934096715589973e-11, "Sqrt_TS100_300": 32.8034782409668, "Flux300_1000": 3.0307361953418877e-08, "Unc_Flux300_1000": [-9.123783950570896e-10, 9.123783950570896e-10], "nuFnu300_1000": 1.966794435648289e-11, "Sqrt_TS300_1000": 47.02264404296875, "Flux1000_3000": 4.5062882314539365e-09, "Unc_Flux1000_3000": [-2.3144543226383263e-10, 2.3144543226383263e-10], "nuFnu1000_3000": 1.0045997020369235e-11, "Sqrt_TS1000_3000": 33.48565673828125, "Flux3000_10000": 4.967746769501957e-10, "Unc_Flux3000_10000": [-6.433042987197268e-11, 6.985057671160533e-11], "nuFnu3000_10000": 3.0239946831323028e-12, "Sqrt_TS3000_10000": 14.634689331054688, "Flux10000_100000": 6.551152675893235e-11, "Unc_Flux10000_100000": [-2.0813352777371286e-11, 2.601912088562308e-11], "nuFnu10000_100000": 7.319089453429461e-13, "Sqrt_TS10000_100000": 6.8872222900390625, "Variability_Index": 1602.2786865234375, "Signif_Peak": 32.40821075439453, "Flux_Peak": 6.255542643884837e-07, "Unc_Flux_Peak": 3.2231078250788414e-08, "Time_Peak": 358995008.0, "Peak_Interval": 2630000.0, "Flux_History": [1.269968805672761e-07, 1.5325727531489974e-07, 1.8156063674723555e-07, 1.2714829722426657e-07, 7.291326653557917e-08, 8.919105454197052e-08, 1.666116276055618e-07, 1.3909343010709563e-07, 1.7056127887826733e-07, 1.4913331369825755e-07, 9.585171767412248e-08, 7.782909960951656e-08, 5.73275400483908e-08, 3.37428289753916e-08, 4.55575914770634e-08, 6.896988935523041e-08, 6.295540799783339e-08, 5.988328410921895e-08, 7.36539362833355e-08, 1.1339552408173859e-08, 4.222477656412593e-08, 2.947143507014971e-08, 1.0021385321579146e-07, 8.456968458858682e-08, 6.542173736079349e-08, 1.307975026065833e-07, 9.380822518778587e-08, 5.5835208456755936e-08, 5.24304617499638e-08, 1.1600469917993905e-07, 1.0524860272198566e-07, 9.925734900662064e-08, 2.4737627768445236e-07, 4.618030118308525e-07, 5.489320642482198e-07, 2.1935747440693376e-07, 3.611861529861926e-07, 1.9994681110802048e-07, 1.391728687849536e-07, 2.1306519215613662e-07, 1.5960671362336143e-07, 1.2504814606018044e-07, 1.0634759917138581e-07, 1.331139571902895e-07, 4.154808266321197e-07, 6.255542643884837e-07, 4.0781603161121893e-07, 3.528310514866462e-07], "Unc_Flux_History": [[-1.8119759914725364e-08, 1.906457036682241e-08], [-2.0141825984865136e-08, 2.0949070034248507e-08], [-1.891478618176734e-08, 1.9696432929094954e-08], [-1.740937882743765e-08, 1.8239862953350894e-08], [-1.5330696712112513e-08, 1.6378816525275397e-08], [-1.5371144357345656e-08, 1.6108314682128366e-08], [-2.0801072864173875e-08, 2.1562387431117713e-08], [-1.8986652250418956e-08, 1.9823945152097622e-08], [-2.02213090716441e-08, 2.1093999436061495e-08], [-1.892965428851312e-08, 1.9727822930803995e-08], [-1.663470783341836e-08, 1.761617518525327e-08], [-1.609918243161701e-08, 1.7197139712266107e-08], [-1.571310548342808e-08, 1.6930973956164053e-08], [-1.651288705772913e-08, 1.8402687373964e-08], [-1.618655964819027e-08, 1.778679958874818e-08], [-1.7151974063267517e-08, 1.8694265691010514e-08], [-1.7141722707947338e-08, 1.8594944251049128e-08], [-1.7605676916332413e-08, 1.9300399500821186e-08], [-1.9912116400178093e-08, 2.1518330228786908e-08], [null, 1.703307361822226e-08], [-1.6580738559923702e-08, 1.7995505530166156e-08], [-1.560917795018213e-08, 1.7173656274849236e-08], [-1.934698090622078e-08, 2.058907888624617e-08], [-1.9043012500219447e-08, 2.0579120629804493e-08], [-1.817770289846976e-08, 1.9583236365861012e-08], [-2.275388588657279e-08, 2.4216896932216514e-08], [-2.00670555727811e-08, 2.1276779449408423e-08], [-1.6017624560049626e-08, 1.772756164086786e-08], [-1.6219324550093006e-08, 1.786707315432068e-08], [-2.1751109358092435e-08, 2.3223993395049547e-08], [-2.08851709260216e-08, 2.232337870111678e-08], [-1.8983891791890528e-08, 2.012937017070726e-08], [-2.5060161945589243e-08, 2.627244910513582e-08], [-2.8792593198545546e-08, 2.8792593198545546e-08], [-3.2361722190898945e-08, 3.2361722190898945e-08], [-2.4746373838979707e-08, 2.5786492940937933e-08], [-3.0371374748483504e-08, 3.0371374748483504e-08], [-2.555523792580061e-08, 2.6653586004954377e-08], [-2.11792237081454e-08, 2.2447103731337847e-08], [-2.4415214738837676e-08, 2.53904115510295e-08], [-2.203333160366583e-08, 2.3212571420572203e-08], [-2.090339279448017e-08, 2.1942181405165684e-08], [-2.012099287185265e-08, 2.147502264904233e-08], [-2.0999433303359183e-08, 2.225967321578537e-08], [-2.87621091388246e-08, 2.87621091388246e-08], [-3.2231078250788414e-08, 3.2231078250788414e-08], [-2.809762023048279e-08, 2.809762023048279e-08], [-2.9511618038213783e-08, 2.9511618038213783e-08]], "Extended_Source_Name": "                  ", "0FGL_Name": "0FGL J2232.4+1141", "1FGL_Name": "1FGL J2232.5+1144 ", "2FGL_Name": "2FGL J2232.4+1143 ", "1FHL_Name": "                  ", "ASSOC_GAM1": "               ", "ASSOC_GAM2": "3EG J2232+1147", "ASSOC_GAM3": "               ", "TEVCAT_FLAG": "N", "ASSOC_TEV": "                     ", "CLASS1": "FSRQ ", "ASSOC1": "CTA 102                   ", "ASSOC2": "                          ", "Flags": 0, "catalog_row_index": 2872}