{"Source_Name": "3FGL J1952.9+3253 ", "RAJ2000": 298.25, "DEJ2000": 32.8931999206543, "GLON": 68.78184509277344, "GLAT": 2.825655698776245, "Conf_68_SemiMajor": 0.009250909090042114, "Conf_68_SemiMinor": 0.008819200098514557, "Conf_68_PosAng": 63.400001525878906, "Conf_95_SemiMajor": 0.014999999664723873, "Conf_95_SemiMinor": 0.014299999922513962, "Conf_95_PosAng": 63.400001525878906, "ROI_num": 82, "Signif_Avg": 85.610595703125, "Pivot_Energy": 674.5111694335938, "Flux_Density": 5.7025557886891676e-11, "Unc_Flux_Density": 1.082046670146386e-12, "Flux1000": 2.0314924853437333e-08, "Unc_Flux1000": 4.344418713664311e-10, "Energy_Flux100": 1.5116893847810786e-10, "Unc_Energy_Flux100": 2.7821174183872976e-12, "Signif_Curve": 19.309059143066406, "SpectrumType": "PLExpCutoff     ", "Spectral_Index": 1.672237753868103, "Unc_Spectral_Index": 0.03382476791739464, "beta": null, "Unc_beta": null, "Cutoff": 3288.300048828125, "Unc_Cutoff": 235.52952575683594, "Exp_Index": 1.0, "Unc_Exp_Index": null, "PowerLaw_Index": 2.1723732948303223, "Flux30_100": null, "Unc_Flux30_100": null, "nuFnu30_100": null, "Sqrt_TS30_100": null, "Flux100_300": 1.1595988524959466e-07, "Unc_Flux100_300": [-6.1999316791627734e-09, 6.1999316791627734e-09], "nuFnu100_300": 2.8636433502260417e-11, "Sqrt_TS100_300": 20.177412033081055, "Flux300_1000": 5.7239294193323076e-08, "Unc_Flux300_1000": [-1.5063590375063995e-09, 1.5063590375063995e-09], "nuFnu300_1000": 4.0056891831286023e-11, "Sqrt_TS300_1000": 47.472496032714844, "Flux1000_3000": 1.727899245906883e-08, "Unc_Flux1000_3000": [-4.791769758760722e-10, 4.791769758760722e-10], "nuFnu1000_3000": 4.071934109339814e-11, "Sqrt_TS1000_3000": 56.6326789855957, "Flux3000_10000": 2.9894422493015327e-09, "Unc_Flux3000_10000": [-1.641264207874471e-10, 1.641264207874471e-10], "nuFnu3000_10000": 1.7750528477633587e-11, "Sqrt_TS3000_10000": 34.32659912109375, "Flux10000_100000": 1.5176568335384388e-10, "Unc_Flux10000_100000": [-3.461300690510427e-11, 3.9835773568697164e-11], "nuFnu10000_100000": 1.4061484181898676e-12, "Sqrt_TS10000_100000": 8.377665519714355, "Variability_Index": 49.12492752075195, "Signif_Peak": null, "Flux_Peak": null, "Unc_Flux_Peak": null, "Time_Peak": null, "Peak_Interval": null, "Flux_History": [1.5556911137082352e-07, 2.2114593889455136e-07, 2.0518756116416625e-07, 2.1992489962485706e-07, 1.605825303840902e-07, 1.9478460444588563e-07, 2.0889847007765638e-07, 1.979683190711512e-07, 2.0827630464737013e-07, 2.0320027260822826e-07, 1.9855869481943955e-07, 2.1607512223908998e-07, 1.7497038129477005e-07, 1.7902053173202148e-07, 2.1701117702832562e-07, 2.248417132477698e-07, 1.984640505270363e-07, 1.965529463632265e-07, 2.1958170748348493e-07, 2.432001622310054e-07, 1.4777749868244427e-07, 2.2175071023866622e-07, 2.2703883928443247e-07, 2.187596237490652e-07, 1.6494789178977953e-07, 2.24131355253121e-07, 2.2044190473025083e-07, 2.1144221307167754e-07, 2.476731140177435e-07, 2.097490607866348e-07, 1.8293449954853713e-07, 1.9147017837894964e-07, 2.3840971152822021e-07, 2.424561955649551e-07, 1.8864216144720558e-07, 2.1503841196590656e-07, 2.1282299655922543e-07, 2.3381267055810895e-07, 1.5963854593792348e-07, 2.2375296282461932e-07, 2.3709365848390007e-07, 2.0115180632274132e-07, 1.7370931004734302e-07, 2.1396979832388752e-07, 2.1918658887898346e-07, 1.856152920254317e-07, 2.1347860013065656e-07, 2.196083244143665e-07], "Unc_Flux_History": [[-2.0520086962960704e-08, 2.1492573054615605e-08], [-2.4137792209444342e-08, 2.5161543959484334e-08], [-2.082981609419221e-08, 2.1557728047127966e-08], [-2.2893985374139447e-08, 2.3764231471545827e-08], [-2.0112397081106792e-08, 2.1046226095222664e-08], [-2.1017250162458367e-08, 2.187676884091161e-08], [-2.3539310944897807e-08, 2.445895042058055e-08], [-2.389152520265725e-08, 2.489072770117673e-08], [-2.323799819237138e-08, 2.420737388320049e-08], [-2.235273477424471e-08, 2.318545178070508e-08], [-2.2503483521063572e-08, 2.3411237393133888e-08], [-2.214774141862108e-08, 2.3006030858141457e-08], [-2.174256508169492e-08, 2.2733516402695386e-08], [-2.2080614670016985e-08, 2.3082858291445518e-08], [-2.339769800130398e-08, 2.4382782015663906e-08], [-2.3956188144325097e-08, 2.4843075152602978e-08], [-2.398739695763652e-08, 2.5046512419635292e-08], [-2.2902227669874264e-08, 2.3871539411857157e-08], [-2.4001209908419696e-08, 2.504846818851547e-08], [-2.5251818414062654e-08, 2.622186556777706e-08], [-2.1541504580113724e-08, 2.253704955990088e-08], [-2.4450637070572157e-08, 2.541198185213034e-08], [-2.358168771365854e-08, 2.4483895799676247e-08], [-2.550426536629402e-08, 2.655266406748069e-08], [-2.1734873456580317e-08, 2.2792754350575706e-08], [-2.5066842823662228e-08, 2.615679406403615e-08], [-2.3402103366265692e-08, 2.432021695142339e-08], [-2.2995433113237596e-08, 2.3928649284243875e-08], [-2.6024178367833883e-08, 2.700221735096875e-08], [-2.327089987375075e-08, 2.4227974293467014e-08], [-2.4972344192519813e-08, 2.6087292326337774e-08], [-2.1124536786487624e-08, 2.1955713691568235e-08], [-2.6114932438758842e-08, 2.7111985545502648e-08], [-2.4104560125692842e-08, 2.4104560125692842e-08], [-2.2631070351053495e-08, 2.3642751756369762e-08], [-2.5498529510059598e-08, 2.6603855118878528e-08], [-2.351276329193297e-08, 2.44596289888932e-08], [-2.893540340664913e-08, 3.0170941300866616e-08], [-2.1545169204273407e-08, 2.2563355628335557e-08], [-2.465733395240477e-08, 2.566654444535743e-08], [-2.4672219822718944e-08, 2.564649292935428e-08], [-2.415412225786895e-08, 2.516333630353529e-08], [-2.2678847244606004e-08, 2.3792116721210732e-08], [-2.2666021948225534e-08, 2.352499350877224e-08], [-2.3517602087963496e-08, 2.440791568858458e-08], [-2.1626219037784722e-08, 2.2503860108713525e-08], [-2.393050202442737e-08, 2.4914347918070234e-08], [-2.6010440024037962e-08, 2.709882984675005e-08]], "Extended_Source_Name": "                  ", "0FGL_Name": "0FGL J1953.2+3249", "1FGL_Name": "1FGL J1952.9+3252 ", "2FGL_Name": "2FGL J1953.0+3253 ", "1FHL_Name": "1FHL J1953.3+3251 ", "ASSOC_GAM1": "               ", "ASSOC_GAM2": "              ", "ASSOC_GAM3": "               ", "TEVCAT_FLAG": "N", "ASSOC_TEV": "                     ", "CLASS1": "PSR  ", "ASSOC1": "PSR J1952+3252            ", "ASSOC2": "                          ", "Flags": 0, "catalog_row_index": 2550}