{"Source_Name": "3FGL J1703.9-4843 ", "RAJ2000": 255.99009704589844, "DEJ2000": -48.72370147705078, "GLON": 339.1062316894531, "GLAT": -4.4356689453125, "Conf_68_SemiMajor": 0.07912611216306686, "Conf_68_SemiMinor": 0.059329163283109665, "Conf_68_PosAng": -52.7400016784668, "Conf_95_SemiMajor": 0.1282999962568283, "Conf_95_SemiMinor": 0.09619999676942825, "Conf_95_PosAng": -52.7400016784668, "ROI_num": 76, "Signif_Avg": 7.196321964263916, "Pivot_Energy": 1085.2811279296875, "Flux_Density": 1.4927346468282532e-12, "Unc_Flux_Density": 2.109429709899746e-13, "Flux1000": 1.2314104180788377e-09, "Unc_Flux1000": 1.847909464336439e-10, "Energy_Flux100": 1.7809276622871018e-11, "Unc_Energy_Flux100": 2.666011075097563e-12, "Signif_Curve": 3.6042611598968506, "SpectrumType": "PowerLaw        ", "Spectral_Index": 2.4845402240753174, "Unc_Spectral_Index": 0.08635138720273972, "beta": null, "Unc_beta": null, "Cutoff": null, "Unc_Cutoff": null, "Exp_Index": null, "Unc_Exp_Index": null, "PowerLaw_Index": 2.4845402240753174, "Flux30_100": null, "Unc_Flux30_100": null, "nuFnu30_100": null, "Sqrt_TS30_100": null, "Flux100_300": 3.206611154382699e-08, "Unc_Flux100_300": [-1.3335539783554395e-08, 1.4095598466212778e-08], "nuFnu100_300": 7.352288916573357e-12, "Sqrt_TS100_300": 1.9565261602401733, "Flux300_1000": 5.2876725220585286e-09, "Unc_Flux300_1000": [-1.487333811667213e-09, 1.4904180112296217e-09], "nuFnu300_1000": 3.4328787642395886e-12, "Sqrt_TS300_1000": 3.6508235931396484, "Flux1000_3000": 1.5487552351700629e-09, "Unc_Flux1000_3000": [-2.5134100356538625e-10, 2.6309415757097554e-10], "nuFnu1000_3000": 3.551068293583537e-12, "Sqrt_TS1000_3000": 7.00803804397583, "Flux3000_10000": 1.226828499900634e-10, "Unc_Flux3000_10000": [-5.291295873677271e-11, 6.100638744177544e-11], "nuFnu3000_10000": 7.964853819888984e-13, "Sqrt_TS3000_10000": 2.718806266784668, "Flux10000_100000": 1.139788404717207e-13, "Unc_Flux10000_100000": [null, 1.9362291284186206e-11], "nuFnu10000_100000": 1.6886340839760957e-15, "Sqrt_TS10000_100000": 0.0, "Variability_Index": 41.402469635009766, "Signif_Peak": null, "Flux_Peak": null, "Unc_Flux_Peak": null, "Time_Peak": null, "Peak_Interval": null, "Flux_History": [9.857755500775056e-09, 3.992133912333884e-08, 5.883864773181813e-08, 1.932070947674447e-09, 2.1091061341849127e-08, 3.950387039708403e-08, 0.0, 2.9184867855747143e-08, 0.0, 3.398285741695872e-08, 4.7921766110903263e-08, 7.573733995513976e-08, 3.899827305531289e-08, 2.6505226458084508e-08, 5.109647815970675e-09, 4.0239360288296666e-08, 0.0, 4.4778740715401e-08, 2.4344792848296493e-08, 2.9094756825998047e-08, 6.295915255805085e-08, 1.3270262222420115e-08, 2.2580193714816232e-08, 7.736014850934225e-08, 4.3545863803728935e-08, 1.4820403571036422e-08, 5.399406788342276e-08, 2.4198206105552345e-08, 1.3428631007172953e-07, 0.0, 0.0, 7.879495456108998e-08, 2.4042776658461662e-08, 4.473817227790278e-08, 3.276386095762973e-08, 6.497308646657984e-08, 1.867887711171079e-08, 1.5030712674501956e-08, 0.0, 2.290481759814611e-08, 0.0, 7.130605439442661e-08, 1.3328516068611407e-08, 4.6166249489942857e-08, 3.2604265953750655e-08, 6.27331218083782e-08, 4.777024287250242e-08, 0.0], "Unc_Flux_History": [[null, 4.099259243162123e-08], [-3.075815158126716e-08, 3.894997746556328e-08], [-3.3279885514048146e-08, 3.684233718104224e-08], [null, 3.395037850850713e-08], [null, 3.056726072259153e-08], [-2.965172285485096e-08, 3.579499718853185e-08], [null, 2.7697124593828448e-08], [null, 3.5943578780006646e-08], [null, 3.179128427177602e-08], [-3.012378257949422e-08, 3.440351292738342e-08], [-3.5901638995028406e-08, 3.896721523233282e-08], [-3.196837283780951e-08, 3.719475927255189e-08], [-3.046548613383493e-08, 3.6582772366955396e-08], [null, 2.9349813246426493e-08], [null, 3.092172917718017e-08], [-3.012205596064632e-08, 3.377429180773106e-08], [null, 3.4106893309626685e-08], [-3.081640187474477e-08, 3.6162106198389665e-08], [-2.056109416059826e-08, 2.5762696864717327e-08], [-2.9094756825998047e-08, 3.736758102945714e-08], [-3.3999555171249085e-08, 3.858012931345911e-08], [null, 3.717110530487844e-08], [null, 3.428920791748169e-08], [-3.4674350501973095e-08, 3.6135986647423124e-08], [-3.677579130112463e-08, 4.095532091241694e-08], [null, 2.9938735934820215e-08], [-4.055905833411089e-08, 4.212846249629365e-08], [null, 2.92417450253879e-08], [-3.470783482839579e-08, 3.6695507077411094e-08], [null, 3.033501272398098e-08], [null, 3.2493883139750324e-08], [-4.200080283567331e-08, 4.634996031427363e-08], [null, 3.123103198277022e-08], [-3.422369587724461e-08, 3.734664844046165e-08], [-2.5218829691198152e-08, 2.860607395405168e-08], [-3.452647945323406e-08, 3.788375479985007e-08], [null, 3.342364252034713e-08], [null, 3.101019530049598e-08], [null, 2.872608817483524e-08], [null, 2.683567323913394e-08], [null, 2.8450260813883688e-08], [-2.894769757233462e-08, 3.139270887686507e-08], [null, 3.2936551264128866e-08], [-4.092625971452435e-08, 4.0411833879261394e-08], [-2.4732727865739434e-08, 2.798353193611547e-08], [-3.8199196694677084e-08, 4.1273281681242224e-08], [-2.8271220031683697e-08, 2.970085333231509e-08], [null, 3.623667410579401e-08]], "Extended_Source_Name": "                  ", "0FGL_Name": "                 ", "1FGL_Name": "                  ", "2FGL_Name": "                  ", "1FHL_Name": "                  ", "ASSOC_GAM1": "               ", "ASSOC_GAM2": "              ", "ASSOC_GAM3": "               ", "TEVCAT_FLAG": "N", "ASSOC_TEV": "                     ", "CLASS1": "     ", "ASSOC1": "                          ", "ASSOC2": "                          ", "Flags": 0, "catalog_row_index": 2102}