{"Source_Name": "3FGL J1855.1-6008 ", "RAJ2000": 283.77978515625, "DEJ2000": -60.14189910888672, "GLON": 335.8751220703125, "GLAT": -23.73935317993164, "Conf_68_SemiMajor": 0.04853643849492073, "Conf_68_SemiMinor": 0.042184147983789444, "Conf_68_PosAng": 84.58999633789062, "Conf_95_SemiMajor": 0.0786999985575676, "Conf_95_SemiMinor": 0.06840000301599503, "Conf_95_PosAng": 84.58999633789062, "ROI_num": 278, "Signif_Avg": 4.206340789794922, "Pivot_Energy": 5165.13232421875, "Flux_Density": 7.89235399988519e-15, "Unc_Flux_Density": 2.4227795622180264e-15, "Flux1000": 1.8600994355910672e-10, "Unc_Flux1000": 6.005503733197415e-11, "Energy_Flux100": 2.276861425093424e-12, "Unc_Energy_Flux100": 7.063243761575022e-13, "Signif_Curve": 2.0816853046417236, "SpectrumType": "PowerLaw        ", "Spectral_Index": 1.8127814531326294, "Unc_Spectral_Index": 0.1913541555404663, "beta": null, "Unc_beta": null, "Cutoff": null, "Unc_Cutoff": null, "Exp_Index": null, "Unc_Exp_Index": null, "PowerLaw_Index": 1.8127814531326294, "Flux30_100": null, "Unc_Flux30_100": null, "nuFnu30_100": null, "Sqrt_TS30_100": null, "Flux100_300": 4.432580604646352e-12, "Unc_Flux100_300": [null, 2.410771138272594e-09], "nuFnu100_300": 1.085086474882438e-15, "Sqrt_TS100_300": 0.0, "Flux300_1000": 1.8456897121765792e-10, "Unc_Flux300_1000": [null, 3.925736957732795e-10], "nuFnu300_1000": 1.295653309033723e-13, "Sqrt_TS300_1000": 0.49508360028266907, "Flux1000_3000": 9.38303185149536e-11, "Unc_Flux1000_3000": [-6.54913831499293e-11, 7.588823319748528e-11], "nuFnu1000_3000": 2.296946541389261e-13, "Sqrt_TS1000_3000": 1.4985647201538086, "Flux3000_10000": 6.972707827790359e-11, "Unc_Flux3000_10000": [-2.6777554132384473e-11, 3.312156104939845e-11], "nuFnu3000_10000": 4.894761896148681e-13, "Sqrt_TS3000_10000": 3.539541482925415, "Flux10000_100000": 2.4181009625201533e-11, "Unc_Flux10000_100000": [-1.1316701048480482e-11, 1.580119715627326e-11], "nuFnu10000_100000": 4.652003066617227e-13, "Sqrt_TS10000_100000": 3.6217775344848633, "Variability_Index": 31.533620834350586, "Signif_Peak": null, "Flux_Peak": null, "Unc_Flux_Peak": null, "Time_Peak": null, "Peak_Interval": null, "Flux_History": [2.8890596581732098e-09, 1.358322565536696e-09, 0.0, 3.85932574786807e-09, 2.636322937732416e-09, 0.0, 0.0, 0.0, 6.4061667082171425e-09, 0.0, 3.510493007397031e-09, 0.0, 2.6821791454523236e-09, 7.2144268337126505e-09, 2.592292158709597e-09, 4.875176262686409e-09, 0.0, 2.867757364910517e-09, 0.0, 0.0, 0.0, 0.0, 0.0, 2.0965842395526124e-09, 4.7178905226985535e-09, 4.0501602072140486e-09, 3.669742842937751e-10, 5.88342596863356e-10, 6.85718704040994e-10, 0.0, 1.7627361792449392e-09, 0.0, 2.6398023766915912e-09, 3.284931437974592e-09, 0.0, 5.12876630054393e-09, 0.0, 0.0, 6.959469889267211e-09, 0.0, 4.613247117646324e-09, 0.0, 0.0, 0.0, 0.0, 2.545244015550452e-09, 0.0, 0.0], "Unc_Flux_History": [[-2.1339630063010873e-09, 3.5822682598052324e-09], [null, 7.555267522718623e-09], [null, 4.488815985581596e-09], [-3.3414411237941977e-09, 5.056610685727492e-09], [null, 6.751430081664012e-09], [null, 5.69915448167535e-09], [null, 7.12924652646052e-09], [null, 5.077581466395031e-09], [-4.424025146221311e-09, 7.025822146289329e-09], [null, 3.9566492304743406e-09], [null, 6.022748078038376e-09], [null, 3.940517689926537e-09], [null, 5.056013385740243e-09], [-5.017439796972667e-09, 6.323320089762774e-09], [-2.3274473459622413e-09, 3.4625655676023825e-09], [-3.935191728032805e-09, 5.7599427449872564e-09], [null, 3.1909481723602084e-09], [null, 6.331560609140752e-09], [null, 3.0919633520198886e-09], [null, 3.761035038962746e-09], [null, 3.906661660835198e-09], [null, 3.897657752105488e-09], [null, 4.013503751565395e-09], [-1.5844484613225518e-09, 3.03518032929162e-09], [null, 6.508224181800415e-09], [-2.811530119828376e-09, 3.971216244735842e-09], [null, 3.618813027017609e-09], [null, 6.707813859918588e-09], [null, 4.563105449051363e-09], [null, 4.054751645554688e-09], [null, 3.858901198583453e-09], [null, 4.733633929276948e-09], [-1.9360058001183234e-09, 3.4527591896704735e-09], [-2.4393624897811605e-09, 4.107296280864148e-09], [null, 3.997727926474681e-09], [-2.9694982028871664e-09, 4.1367287373361705e-09], [null, 3.996741160250394e-09], [null, 3.9889185288188855e-09], [-4.469661973871553e-09, 5.413808956689081e-09], [null, 2.5131086101026767e-09], [-2.735873527726085e-09, 4.0467100781427234e-09], [null, 3.3085003625643594e-09], [null, 3.81314979591707e-09], [null, 7.123835743527707e-09], [null, 3.2627427426490385e-09], [-1.9062929013102803e-09, 3.4982667873606488e-09], [null, 2.7569662108817283e-09], [null, 5.890126608676383e-09]], "Extended_Source_Name": "                  ", "0FGL_Name": "                 ", "1FGL_Name": "                  ", "2FGL_Name": "                  ", "1FHL_Name": "                  ", "ASSOC_GAM1": "               ", "ASSOC_GAM2": "              ", "ASSOC_GAM3": "               ", "TEVCAT_FLAG": "N", "ASSOC_TEV": "                     ", "CLASS1": "bcu  ", "ASSOC1": "PMN J1854-6009            ", "ASSOC2": "                          ", "Flags": 0, "catalog_row_index": 2436}