{"Source_Name": "3FGL J1136.6-6826 ", "RAJ2000": 174.1732940673828, "DEJ2000": -68.4384994506836, "GLON": 296.12579345703125, "GLAT": -6.560157299041748, "Conf_68_SemiMajor": 0.0689501091837883, "Conf_68_SemiMinor": 0.06117934733629227, "Conf_68_PosAng": -76.45999908447266, "Conf_95_SemiMajor": 0.11180000007152557, "Conf_95_SemiMinor": 0.09920000284910202, "Conf_95_PosAng": -76.45999908447266, "ROI_num": 171, "Signif_Avg": 7.790802001953125, "Pivot_Energy": 574.8504638671875, "Flux_Density": 4.7296524335882495e-12, "Unc_Flux_Density": 6.030684306969347e-13, "Flux1000": 6.165449817352453e-10, "Unc_Flux1000": 1.0877056200175872e-10, "Energy_Flux100": 1.212264316707845e-11, "Unc_Energy_Flux100": 1.6279573175626005e-12, "Signif_Curve": 0.7626601457595825, "SpectrumType": "PowerLaw        ", "Spectral_Index": 2.710660696029663, "Unc_Spectral_Index": 0.10740144550800323, "beta": null, "Unc_beta": null, "Cutoff": null, "Unc_Cutoff": null, "Exp_Index": null, "Unc_Exp_Index": null, "PowerLaw_Index": 2.710660696029663, "Flux30_100": null, "Unc_Flux30_100": null, "nuFnu30_100": null, "Sqrt_TS30_100": null, "Flux100_300": 2.731780135434292e-08, "Unc_Flux100_300": [-6.467081981043066e-09, 6.441714273108801e-09], "nuFnu100_300": 6.132782216089483e-12, "Sqrt_TS100_300": 4.256760597229004, "Flux300_1000": 4.284783639008083e-09, "Unc_Flux300_1000": [-8.132552964390527e-10, 8.8290325050977e-10], "nuFnu300_1000": 2.7131521855572327e-12, "Sqrt_TS300_1000": 5.369748592376709, "Flux1000_3000": 3.4405250870506165e-10, "Unc_Flux1000_3000": [-1.3551350319662703e-10, 1.4077437826554018e-10], "nuFnu1000_3000": 7.723897476469288e-13, "Sqrt_TS1000_3000": 2.727510929107666, "Flux3000_10000": 9.109947518570749e-11, "Unc_Flux3000_10000": [-3.341783447186053e-11, 4.070999093386263e-11], "nuFnu3000_10000": 5.768476516766763e-13, "Sqrt_TS3000_10000": 3.3305275440216064, "Flux10000_100000": 1.451613655667483e-11, "Unc_Flux10000_100000": [-1.1210942764405818e-11, 1.688679404643345e-11], "nuFnu10000_100000": 1.9964330752811343e-13, "Sqrt_TS10000_100000": 1.4585248231887817, "Variability_Index": 43.542091369628906, "Signif_Peak": null, "Flux_Peak": null, "Unc_Flux_Peak": null, "Time_Peak": null, "Peak_Interval": null, "Flux_History": [6.867045243552639e-08, 1.728998810790472e-08, 3.2771282576504746e-08, 3.697611816733115e-08, 0.0, 2.5169676121095108e-08, 3.555793881560021e-08, 2.5822259885899257e-08, 7.235020405005343e-08, 5.6029481498853784e-08, 4.660576991000198e-08, 4.812391196651333e-08, 3.584904817444112e-08, 7.654516132049594e-09, 0.0, 3.270623238904591e-08, 7.540828761420926e-08, 3.5312204715864937e-08, 2.8974364241207695e-08, 5.6124104474974956e-08, 2.9282718472245506e-08, 0.0, 2.45243167995568e-08, 3.0992115540584564e-08, 3.346593757669325e-08, 3.6466023090042654e-08, 2.1376074244017218e-08, 1.764606061271934e-08, 2.182466296574148e-08, 4.433894673638861e-08, 1.973186414261363e-08, 0.0, 1.849352848637409e-08, 0.0, 3.602661280410757e-08, 1.3735416359850205e-08, 1.5405181130745405e-08, 4.9438604321494495e-08, 1.7437772115158623e-08, 1.1883267703183265e-08, 0.0, 1.3457262859617458e-08, 4.193147606912362e-09, 0.0, 7.587872552505814e-09, 0.0, 0.0, 0.0], "Unc_Flux_History": [[-3.0598425126981965e-08, 3.465070719244068e-08], [null, 3.015079386159414e-08], [-3.191193087559441e-08, 3.4553416128346726e-08], [-2.902351958766758e-08, 2.9645004673284348e-08], [null, 2.1919051462759853e-08], [null, 2.9817712743351876e-08], [-2.820549127591221e-08, 2.823111167060688e-08], [null, 2.6567668953703105e-08], [-2.9248093724731916e-08, 3.2287292839328074e-08], [-2.6907338579462703e-08, 3.193771647147514e-08], [-2.510951624401514e-08, 2.9270047718910064e-08], [-2.9484455765782513e-08, 2.8746606872687153e-08], [-2.5749086418613842e-08, 3.0501102088464904e-08], [null, 2.121595166215684e-08], [null, 2.3585421615734958e-08], [-1.8682737135122807e-08, 2.2574033309297192e-08], [-2.4570894652242714e-08, 2.6633120597807647e-08], [-2.176741453752129e-08, 2.317236358351238e-08], [-2.1108206738063018e-08, 2.31892443025572e-08], [-2.592926229283421e-08, 3.0798528172226725e-08], [-2.230617113241351e-08, 2.561035650217036e-08], [null, 2.1768521207832237e-08], [-1.935752358406262e-08, 2.1310444964228736e-08], [-2.7799414326068472e-08, 2.639119323077921e-08], [-2.1599484867351748e-08, 2.2346620554003493e-08], [-2.6666738150993297e-08, 3.0076400037160056e-08], [null, 2.3923284686588886e-08], [null, 1.9102815329574696e-08], [null, 2.7326645835046293e-08], [-1.9941847284599135e-08, 2.25281642229902e-08], [-1.894064638463533e-08, 2.290111389413596e-08], [null, 2.4363503214885895e-08], [null, 2.0934525224447498e-08], [null, 2.6021025334443948e-08], [-2.0703748049299975e-08, 2.21690719115486e-08], [null, 3.013408189644906e-08], [null, 2.3466553145112812e-08], [-2.6681872711264987e-08, 2.8247242767065472e-08], [null, 1.9160641073767692e-08], [null, 2.246551389362139e-08], [null, 2.781550811903344e-08], [null, 2.226828854645646e-08], [null, 2.3447116248576094e-08], [null, 1.5845134981873343e-08], [null, 2.5525812574755946e-08], [null, 2.0670491096552723e-08], [null, 2.0771905084870923e-08], [null, 2.4383407293271375e-08]], "Extended_Source_Name": "                  ", "0FGL_Name": "                 ", "1FGL_Name": "                  ", "2FGL_Name": "2FGL J1135.2-6829 ", "1FHL_Name": "                  ", "ASSOC_GAM1": "               ", "ASSOC_GAM2": "              ", "ASSOC_GAM3": "               ", "TEVCAT_FLAG": "N", "ASSOC_TEV": "                     ", "CLASS1": "bcu  ", "ASSOC1": "PKS 1133-681              ", "ASSOC2": "                          ", "Flags": 0, "catalog_row_index": 1375}