{"Source_Name": "3FHL J2033.7+6309 ", "RAJ2000": 308.4391784667969, "DEJ2000": 63.15421676635742, "GLON": 98.16748809814453, "GLAT": 13.49196720123291, "Conf_95_SemiMajor": 0.04865529015660286, "Conf_95_SemiMinor": 0.04865529015660286, "Conf_95_PosAng": null, "ROI_num": 485, "Signif_Avg": 5.435981750488281, "Pivot_Energy": 19.207578659057617, "Flux_Density": 9.900535252738152e-13, "Unc_Flux_Density": 3.1522538485734275e-13, "Flux": 3.373687440522133e-11, "Unc_Flux": 1.0739931513570333e-11, "Energy_Flux": 1.388887811183681e-12, "Unc_Energy_Flux": 6.571029527793759e-13, "Signif_Curve": 1.0599085092544556, "SpectrumType": "PowerLaw   ", "Spectral_Index": 2.0207629203796387, "Unc_Spectral_Index": 0.7888068556785583, "beta": 0.635690450668335, "Unc_beta": 0.7505863904953003, "PowerLaw_Index": 2.5628111362457275, "Unc_PowerLaw_Index": 0.4658285081386566, "Flux_Band": [2.536932296182126e-11, 3.9119892221439745e-12, 4.9974230482974225e-12, 7.401948680236224e-19, 2.7461749067931196e-18], "Unc_Flux_Band": [[-8.254105732241612e-12, 1.0204071962394146e-11], [-2.7204757543919378e-12, 4.791229479134129e-12], [-3.1222940899411356e-12, 4.941723245888152e-12], [null, 3.656517363198608e-12], [null, 4.0129670419997154e-12]], "nuFnu": [7.950184022394169e-13, 2.010618098879577e-13, 5.687103349014122e-13, 2.3818477037887193e-19, 2.6954923098910768e-18], "Sqrt_TS_Band": [5.439932823181152, 2.461660146713257, 2.4971232414245605, 0.0, 0.0], "Npred": 13.746794700622559, "HEP_Energy": 68.45819854736328, "HEP_Prob": 0.9246963262557983, "Variability_BayesBlocks": 1, "Extended_Source_Name": "                  ", "ASSOC_GAM": "3FGL J2033.6+6309 ", "TEVCAT_FLAG": "N", "ASSOC_TEV": "                     ", "CLASS": "bcu    ", "ASSOC1": "87GB 203249.5+625814      ", "ASSOC2": "                          ", "ASSOC_PROB_BAY": 0.9982300400733948, "ASSOC_PROB_LR": 0.9662064909934998, "Redshift": null, "NuPeak_obs": 17782794092544.0, "catalog_row_index": 1369}