{"Source_Name": "3FGL J0533.8-3754 ", "RAJ2000": 83.4635009765625, "DEJ2000": -37.90530014038086, "GLON": 242.79339599609375, "GLAT": -30.886550903320312, "Conf_68_SemiMajor": 0.05846574902534485, "Conf_68_SemiMinor": 0.03213149309158325, "Conf_68_PosAng": 11.529999732971191, "Conf_95_SemiMajor": 0.09480000287294388, "Conf_95_SemiMinor": 0.05209999904036522, "Conf_95_PosAng": 11.529999732971191, "ROI_num": 549, "Signif_Avg": 7.238630294799805, "Pivot_Energy": 1087.729736328125, "Flux_Density": 4.76164355341091e-13, "Unc_Flux_Density": 7.518720482367972e-14, "Flux1000": 4.309486656417505e-10, "Unc_Flux1000": 7.646381444681438e-11, "Energy_Flux100": 5.4085737624665065e-12, "Unc_Energy_Flux100": 8.630061726008775e-13, "Signif_Curve": 0.21398435533046722, "SpectrumType": "PowerLaw        ", "Spectral_Index": 2.343245506286621, "Unc_Spectral_Index": 0.12452664971351624, "beta": null, "Unc_beta": null, "Cutoff": null, "Unc_Cutoff": null, "Exp_Index": null, "Unc_Exp_Index": null, "PowerLaw_Index": 2.343245506286621, "Flux30_100": null, "Unc_Flux30_100": null, "nuFnu30_100": null, "Sqrt_TS30_100": null, "Flux100_300": 5.644525291614855e-09, "Unc_Flux100_300": [-3.589748276411342e-09, 3.6997231944724263e-09], "nuFnu100_300": 1.3117563675904553e-12, "Sqrt_TS100_300": 1.577157974243164, "Flux300_1000": 2.2331336779757294e-09, "Unc_Flux300_1000": [-4.542921872019434e-10, 4.803184516788406e-10], "nuFnu300_1000": 1.4731975405204989e-12, "Sqrt_TS300_1000": 5.370293140411377, "Flux1000_3000": 2.680520527764685e-10, "Unc_Flux1000_3000": [-8.274056439994126e-11, 9.281578283726333e-11], "nuFnu1000_3000": 6.229380618109903e-13, "Sqrt_TS1000_3000": 3.8584682941436768, "Flux3000_10000": 4.317881122095635e-11, "Unc_Flux3000_10000": [-2.3541175953045723e-11, 3.037596563171263e-11], "nuFnu3000_10000": 2.848504852132061e-13, "Sqrt_TS3000_10000": 2.146515130996704, "Flux10000_100000": 3.179448718193534e-11, "Unc_Flux10000_100000": [-1.5059262864491885e-11, 2.0600195160813684e-11], "nuFnu10000_100000": 4.953629195204867e-13, "Sqrt_TS10000_100000": 3.602742910385132, "Variability_Index": 57.44618225097656, "Signif_Peak": null, "Flux_Peak": null, "Unc_Flux_Peak": null, "Time_Peak": null, "Peak_Interval": null, "Flux_History": [1.4529021319376056e-09, 6.732242541218625e-10, 7.923456557534792e-09, 0.0, 1.1394558629973517e-09, 4.402700426453521e-10, 6.465867397054126e-09, 1.7192432366641697e-08, 1.597949683684874e-08, 2.2429615498253952e-08, 1.584955633404661e-08, 1.7601930579758118e-08, 0.0, 3.684778482337947e-09, 0.0, 8.067836176905985e-09, 0.0, 0.0, 3.9611336433154065e-09, 1.0708216535704196e-08, 1.2161659235232491e-08, 0.0, 0.0, 2.7420567150215902e-08, 1.6622453413717153e-09, 0.0, 8.33799962407511e-09, 4.398856390253059e-09, 0.0, 8.609872814702157e-09, 0.0, 0.0, 2.8866544710126618e-08, 7.365934528991147e-09, 7.272076718578546e-09, 1.8176679050796452e-09, 1.4375225454443807e-08, 2.390894060511073e-08, 3.682597693455136e-08, 1.817675965298804e-08, 3.0775606063571104e-08, 1.524804282837522e-08, 0.0, 0.0, 3.1944814793405385e-08, 1.1072406991274875e-08, 2.4926871233788006e-08, 0.0], "Unc_Flux_History": [[null, 1.682666450619763e-08], [null, 9.939743250697575e-09], [null, 1.5745074577466767e-08], [null, 8.124602324244279e-09], [null, 1.1280879341768468e-08], [null, 1.4053200381169972e-08], [null, 1.0944750883368215e-08], [-1.5054201440989345e-08, 1.680341910059724e-08], [-8.750265401147317e-09, 1.0311353548786428e-08], [-1.1229154495140392e-08, 1.3360706319076598e-08], [-1.0239713965631836e-08, 1.1466279481453512e-08], [-9.622496577321726e-09, 1.1361509066887265e-08], [null, 9.768773345797399e-09], [null, 1.1128266308446655e-08], [null, 1.2412892935742548e-08], [-7.061911500017004e-09, 9.165429304403006e-09], [null, 1.3773340690192981e-08], [null, 8.10845879328781e-09], [null, 1.1324832627224168e-08], [-7.934018775301865e-09, 9.987020987978212e-09], [-7.122273437687454e-09, 9.766561781532346e-09], [null, 1.2580430031050582e-08], [null, 7.500147169992033e-09], [-1.2137393312627864e-08, 1.4153166638664061e-08], [null, 9.967759950768595e-09], [null, 1.1920799458664533e-08], [null, 1.013897144019893e-08], [-4.157989952346952e-09, 7.452698902454813e-09], [null, 1.0740714984081023e-08], [null, 1.1814377920416064e-08], [null, 8.701164233571035e-09], [null, 9.830308123071063e-09], [-1.4840536799454185e-08, 1.665416604623715e-08], [null, 9.917670240611187e-09], [-5.962386140367926e-09, 9.374503839865156e-09], [null, 1.22970496008179e-08], [-7.629453513402495e-09, 9.390318744806336e-09], [-1.3396384446195952e-08, 1.5628302207915112e-08], [-1.1687640188995374e-08, 1.2842542140845126e-08], [-1.3044410884788249e-08, 1.5661417052115212e-08], [-1.0383098825172965e-08, 1.17344214345394e-08], [-8.386155769812831e-09, 1.0687049467605902e-08], [null, 9.216710949999651e-09], [null, 1.0504656700049964e-08], [-1.55425681214183e-08, 1.741630306639763e-08], [-8.46944736565547e-09, 1.0469338285190588e-08], [-1.3286901356934777e-08, 1.6225218502086136e-08], [null, 7.823896197578506e-09]], "Extended_Source_Name": "                  ", "0FGL_Name": "                 ", "1FGL_Name": "                  ", "2FGL_Name": "                  ", "1FHL_Name": "                  ", "ASSOC_GAM1": "               ", "ASSOC_GAM2": "              ", "ASSOC_GAM3": "               ", "TEVCAT_FLAG": "N", "ASSOC_TEV": "                     ", "CLASS1": "     ", "ASSOC1": "                          ", "ASSOC2": "                          ", "Flags": 256, "catalog_row_index": 617}