{"Source_Name": "3FHL J0350.4-5143 ", "RAJ2000": 57.606597900390625, "DEJ2000": -51.72884750366211, "GLON": 261.7350769042969, "GLAT": -48.546451568603516, "Conf_95_SemiMajor": 0.06857191026210785, "Conf_95_SemiMinor": 0.06857191026210785, "Conf_95_PosAng": null, "ROI_num": 528, "Signif_Avg": 4.323392868041992, "Pivot_Energy": 26.813295364379883, "Flux_Density": 2.8575877558320584e-13, "Unc_Flux_Density": 1.1931028268217375e-13, "Flux": 2.039475185955375e-11, "Unc_Flux": 8.538326295992604e-12, "Energy_Flux": 1.4241332722472744e-12, "Unc_Energy_Flux": 9.94403344389827e-13, "Signif_Curve": 0.7347351312637329, "SpectrumType": "PowerLaw   ", "Spectral_Index": 1.6966490745544434, "Unc_Spectral_Index": 0.7471520900726318, "beta": 0.34823745489120483, "Unc_beta": 0.5591595768928528, "PowerLaw_Index": 2.0489399433135986, "Unc_PowerLaw_Index": 0.45507144927978516, "Flux_Band": [7.776770546974454e-12, 9.478542083163344e-12, 3.044182961264852e-12, 1.2796915244089631e-18, 8.054444224742795e-21], "Unc_Flux_Band": [[-4.48719490384053e-12, 6.829475353298253e-12], [-4.714339162104064e-12, 6.5480073620227675e-12], [-2.1508873241510296e-12, 4.182874532854264e-12], [null, 4.6446071814976175e-12], [null, 5.211357387291393e-12]], "nuFnu": [2.4868301862213116e-13, 5.044454979598323e-13, 3.6399615960247544e-13, 4.367693029075334e-19, 8.537035449714296e-21], "Sqrt_TS_Band": [2.647411584854126, 3.865601062774658, 2.624046802520752, 0.0, 0.0], "Npred": 6.561612129211426, "HEP_Energy": 90.3292007446289, "HEP_Prob": 0.9875926971435547, "Variability_BayesBlocks": 1, "Extended_Source_Name": "                  ", "ASSOC_GAM": "                  ", "TEVCAT_FLAG": "N", "ASSOC_TEV": "                     ", "CLASS": "       ", "ASSOC1": "                          ", "ASSOC2": "                          ", "ASSOC_PROB_BAY": 0.0, "ASSOC_PROB_LR": 0.0, "Redshift": null, "NuPeak_obs": null, "catalog_row_index": 248}