{"Source_Name": "3FGL J1418.5+3543 ", "RAJ2000": 214.64990234375, "DEJ2000": 35.71860122680664, "GLON": 63.19020080566406, "GLAT": 69.57845306396484, "Conf_68_SemiMajor": 0.016898328438401222, "Conf_68_SemiMinor": 0.01523316465318203, "Conf_68_PosAng": -22.59000015258789, "Conf_95_SemiMajor": 0.027400000020861626, "Conf_95_SemiMinor": 0.024700000882148743, "Conf_95_PosAng": -22.59000015258789, "ROI_num": 257, "Signif_Avg": 36.31809997558594, "Pivot_Energy": 1220.978515625, "Flux_Density": 1.775722364288912e-12, "Unc_Flux_Density": 8.206923909990366e-14, "Flux1000": 2.5116171364913953e-09, "Unc_Flux1000": 1.329843596353797e-10, "Energy_Flux100": 2.78989574498123e-11, "Unc_Energy_Flux100": 1.4825989828187724e-12, "Signif_Curve": 2.2686219215393066, "SpectrumType": "PowerLaw        ", "Spectral_Index": 2.058424949645996, "Unc_Spectral_Index": 0.0364331416785717, "beta": null, "Unc_beta": null, "Cutoff": null, "Unc_Cutoff": null, "Exp_Index": null, "Unc_Exp_Index": null, "PowerLaw_Index": 2.058424949645996, "Flux30_100": null, "Unc_Flux30_100": null, "nuFnu30_100": null, "Sqrt_TS30_100": null, "Flux100_300": 2.0194001137952e-08, "Unc_Flux100_300": [-3.313211038857844e-09, 3.3720544134752117e-09], "nuFnu100_300": 4.824735229391752e-12, "Sqrt_TS100_300": 6.342443466186523, "Flux300_1000": 6.064726498777873e-09, "Unc_Flux300_1000": [-5.006548509101094e-10, 5.006548509101094e-10], "nuFnu300_1000": 4.135270251226508e-12, "Sqrt_TS300_1000": 15.665302276611328, "Flux1000_3000": 1.8055800188321314e-09, "Unc_Flux1000_3000": [-1.4477204157703483e-10, 1.4477204157703483e-10], "nuFnu1000_3000": 4.313877813993949e-12, "Sqrt_TS1000_3000": 21.388381958007812, "Flux3000_10000": 6.632233651160391e-10, "Unc_Flux3000_10000": [-6.98610128080368e-11, 7.463030193832765e-11], "nuFnu3000_10000": 4.522228078118751e-12, "Sqrt_TS3000_10000": 20.912256240844727, "Flux10000_100000": 1.3153669820020752e-10, "Unc_Flux10000_100000": [-2.984634761560301e-11, 3.395820777352121e-11], "nuFnu10000_100000": 2.2865897543467018e-12, "Sqrt_TS10000_100000": 9.893333435058594, "Variability_Index": 905.9412841796875, "Signif_Peak": 24.335298538208008, "Flux_Peak": 2.3209821620184812e-07, "Unc_Flux_Peak": 1.93294393824317e-08, "Time_Peak": 361624992.0, "Peak_Interval": 2630000.0, "Flux_History": [4.242156403932995e-09, 0.0, 4.406093712105985e-09, 6.086719128717277e-09, 9.671399237021205e-10, 0.0, 7.1812631396994675e-09, 5.003911951462214e-09, 0.0, 0.0, 4.1659768967861055e-09, 1.5415403398222338e-09, 0.0, 2.120689401863274e-09, 7.124648870870942e-09, 0.0, 8.179321664414374e-10, 0.0, 6.060820734177241e-09, 0.0, 1.3556408440251744e-08, 3.095540268560626e-09, 0.0, 1.4024165828629975e-08, 9.033063186336676e-09, 0.0, 0.0, 0.0, 3.224555067404822e-10, 1.2490529499586955e-08, 3.455757280335092e-08, 2.5338508180539066e-08, 3.6032258066143186e-08, 6.77223397360649e-08, 6.57453753660775e-08, 3.614980315091998e-08, 2.79883529685776e-08, 5.198659280836182e-08, 2.8029177201460698e-08, 6.641800354145744e-08, 3.941477544344707e-08, 4.162853883826756e-08, 2.374139107530482e-08, 8.956361341461161e-08, 6.203385538583461e-08, 1.401326272798542e-07, 2.3209821620184812e-07, 1.5079358206548932e-07], "Unc_Flux_History": [[null, 7.579345151498273e-09], [null, 8.0941529034817e-09], [-4.269323117256363e-09, 6.110381089996508e-09], [-6.0444738103626605e-09, 7.55121920548163e-09], [null, 7.050798611629716e-09], [null, 5.3013358147779854e-09], [-4.843847545288327e-09, 6.434952126710414e-09], [-4.915507112457362e-09, 7.16647630127909e-09], [null, 6.490033399586537e-09], [null, 4.979956891304482e-09], [null, 7.58646390153217e-09], [null, 6.60488286285954e-09], [null, 5.8297087157654914e-09], [null, 5.932739188807545e-09], [-5.6870401721198505e-09, 7.715822647469395e-09], [null, 6.179053269050883e-09], [null, 8.387540439969143e-09], [null, 5.314161111158455e-09], [-4.903009553913762e-09, 7.127074042045933e-09], [null, 4.3156913598352276e-09], [-6.827538978626535e-09, 8.44977599001595e-09], [null, 7.920570865849186e-09], [null, 7.975812899019274e-09], [-6.632976834453075e-09, 8.113766547523937e-09], [-6.435968202822551e-09, 7.889916275871656e-09], [null, 5.32717958634521e-09], [null, 5.938998182131172e-09], [null, 7.872887231030745e-09], [null, 6.927682427715354e-09], [-6.256932749693078e-09, 7.701747684052407e-09], [-9.102413933703701e-09, 1.022607687417576e-08], [-8.751483981939145e-09, 1.003655203390963e-08], [-1.1485125739341129e-08, 1.3088079064971225e-08], [-1.0546811424205771e-08, 1.134624216803104e-08], [-1.1901391872015665e-08, 1.3194298986718422e-08], [-8.950140184538213e-09, 1.0083739176991457e-08], [-9.346508456076208e-09, 1.0832619246059494e-08], [-1.2498962753682008e-08, 1.3675067300766841e-08], [-7.63681651250181e-09, 8.721786848298052e-09], [-1.1231520602450473e-08, 1.2596987453150632e-08], [-9.159183633755674e-09, 1.0143421214081627e-08], [-9.468603678897125e-09, 1.0651818094231658e-08], [-7.3854011795049246e-09, 8.545286256378404e-09], [-1.284916351096399e-08, 1.362581691921605e-08], [-1.1273624700436358e-08, 1.2293680740071977e-08], [-1.4638025014335199e-08, 1.5400912545260326e-08], [-1.93294393824317e-08, 1.93294393824317e-08], [-1.4960162886268336e-08, 1.4960162886268336e-08]], "Extended_Source_Name": "                  ", "0FGL_Name": "                 ", "1FGL_Name": "                  ", "2FGL_Name": "                  ", "1FHL_Name": "                  ", "ASSOC_GAM1": "               ", "ASSOC_GAM2": "              ", "ASSOC_GAM3": "               ", "TEVCAT_FLAG": "N", "ASSOC_TEV": "                     ", "CLASS1": "BCU  ", "ASSOC1": "NVSS J141828+354250       ", "ASSOC2": "                          ", "Flags": 0, "catalog_row_index": 1736}