{"Source_Name": "3FHL J0440.3-2457 ", "RAJ2000": 70.08362579345703, "DEJ2000": -24.964330673217773, "GLON": 224.1977081298828, "GLAT": -38.993648529052734, "Conf_95_SemiMajor": 0.045364756137132645, "Conf_95_SemiMinor": 0.045364756137132645, "Conf_95_PosAng": null, "ROI_num": 88, "Signif_Avg": 6.60441255569458, "Pivot_Energy": 24.766490936279297, "Flux_Density": 6.784659097557044e-13, "Unc_Flux_Density": 2.2000847324510353e-13, "Flux": 4.1452175025824545e-11, "Unc_Flux": 1.3528850782706936e-11, "Energy_Flux": 2.3861030339078493e-12, "Unc_Energy_Flux": 1.2346649310573943e-12, "Signif_Curve": 0.1115126684308052, "SpectrumType": "PowerLaw   ", "Spectral_Index": 2.209369421005249, "Unc_Spectral_Index": 0.5781883597373962, "beta": 0.010012136772274971, "Unc_beta": 0.30587419867515564, "PowerLaw_Index": 2.207735300064087, "Unc_PowerLaw_Index": 0.38996100425720215, "Flux_Band": [2.6070796563248955e-11, 4.53243432368966e-12, 1.1191333450233376e-11, 1.2803879898052175e-17, 1.331222215093162e-22], "Unc_Flux_Band": [[-9.943908543808e-12, 1.2205800606346351e-11], [-3.210960143607e-12, 5.749011943584348e-12], [-5.282146681856448e-12, 7.740598093053386e-12], [null, 5.259021083198201e-12], [null, 5.8879281658597016e-12]], "nuFnu": [8.284585582656045e-13, 2.386013749858945e-13, 1.3175405861806655e-12, 4.2897677556867396e-18, 1.3770714419933315e-22], "Sqrt_TS_Band": [4.856207370758057, 2.4017205238342285, 5.370821475982666, 0.0, 0.0], "Npred": 11.775531768798828, "HEP_Energy": 68.28780364990234, "HEP_Prob": 0.9930816888809204, "Variability_BayesBlocks": 1, "Extended_Source_Name": "                  ", "ASSOC_GAM": "3FGL J0440.3-2500 ", "TEVCAT_FLAG": "N", "ASSOC_TEV": "                     ", "CLASS": "bll    ", "ASSOC1": "RBS 0570                  ", "ASSOC2": "                          ", "ASSOC_PROB_BAY": 0.9997761845588684, "ASSOC_PROB_LR": 0.9309519529342651, "Redshift": 0.6000000238418579, "NuPeak_obs": 4.315193155990323e+16, "catalog_row_index": 295}