{"Source_Name": "3FGL J0132.1-5340 ", "RAJ2000": 23.0447998046875, "DEJ2000": -53.673500061035156, "GLON": 289.8602294921875, "GLAT": -62.40861129760742, "Conf_68_SemiMajor": 0.09139899164438248, "Conf_68_SemiMinor": 0.08726690709590912, "Conf_68_PosAng": 64.44000244140625, "Conf_95_SemiMajor": 0.14820000529289246, "Conf_95_SemiMinor": 0.14149999618530273, "Conf_95_PosAng": 64.44000244140625, "ROI_num": 324, "Signif_Avg": 4.540870189666748, "Pivot_Energy": 1242.8343505859375, "Flux_Density": 1.935702032690445e-13, "Unc_Flux_Density": 4.3617097645253997e-14, "Flux1000": 2.42426939633944e-10, "Unc_Flux1000": 5.9951425768201e-11, "Energy_Flux100": 2.9847370235092097e-12, "Unc_Energy_Flux100": 6.869729394717861e-13, "Signif_Curve": 0.5829375982284546, "SpectrumType": "PowerLaw        ", "Spectral_Index": 2.3194029331207275, "Unc_Spectral_Index": 0.19263428449630737, "beta": null, "Unc_beta": null, "Cutoff": null, "Unc_Cutoff": null, "Exp_Index": null, "Unc_Exp_Index": null, "PowerLaw_Index": 2.3194029331207275, "Flux30_100": null, "Unc_Flux30_100": null, "nuFnu30_100": null, "Sqrt_TS30_100": null, "Flux100_300": 1.1663304766429405e-09, "Unc_Flux100_300": [null, 2.6127449093138466e-09], "nuFnu100_300": 2.716707067640378e-13, "Sqrt_TS100_300": 0.4554069936275482, "Flux300_1000": 1.1408465283579972e-09, "Unc_Flux300_1000": [-3.5035660483906383e-10, 3.6588054808106563e-10], "nuFnu300_1000": 7.546723120553656e-13, "Sqrt_TS300_1000": 3.4483230113983154, "Flux1000_3000": 2.009030580785165e-10, "Unc_Flux1000_3000": [-6.925530288137693e-11, 7.69314473236804e-11], "nuFnu1000_3000": 4.679588964592862e-13, "Sqrt_TS1000_3000": 3.360811471939087, "Flux3000_10000": 3.495229800032362e-11, "Unc_Flux3000_10000": [-1.938025261105647e-11, 2.5447652665655518e-11], "nuFnu3000_10000": 2.3121017904068064e-13, "Sqrt_TS3000_10000": 2.331709623336792, "Flux10000_100000": 1.024623094703081e-11, "Unc_Flux10000_100000": [-7.974156057688475e-12, 1.4464777466083323e-11], "nuFnu10000_100000": 1.610442194096423e-13, "Sqrt_TS10000_100000": 1.597938895225525, "Variability_Index": 34.90000534057617, "Signif_Peak": null, "Flux_Peak": null, "Unc_Flux_Peak": null, "Time_Peak": null, "Peak_Interval": null, "Flux_History": [8.989532673808753e-09, 1.0588599330674242e-08, 7.2076176138580195e-09, 4.117130636416277e-09, 0.0, 2.917282193592996e-09, 0.0, 5.138074410382387e-09, 0.0, 1.6544959846598317e-10, 0.0, 0.0, 1.4088549882274037e-08, 1.1342262240532364e-08, 5.197116070831953e-09, 0.0, 1.2448558628364026e-08, 9.020429736494862e-09, 1.3617421856793044e-08, 7.086582876070224e-09, 1.0200051470121707e-08, 1.1627072638020763e-08, 0.0, 6.647542072357737e-09, 0.0, 3.5072116322254487e-09, 1.3325032632849343e-08, 0.0, 8.982354415820737e-09, 1.2279770977841054e-08, 1.0120125182311313e-08, 0.0, 1.4368276346488074e-08, 2.5223629407378212e-08, 1.2807990223961951e-08, 0.0, 0.0, 0.0, 0.0, 7.333046170288071e-09, 0.0, 7.14094472442639e-09, 0.0, 5.225710086875779e-09, 1.7311433397892984e-09, 2.460138093240971e-09, 4.197401093364306e-09, 0.0], "Unc_Flux_History": [[null, 1.139161742713668e-08], [-6.7190217833967836e-09, 9.437765235986717e-09], [-5.84899417788165e-09, 7.54748530340521e-09], [null, 9.539034451222506e-09], [null, 9.186410743211582e-09], [null, 9.927926036823465e-09], [null, 6.398998220191743e-09], [-4.624585159263006e-09, 7.50812478855778e-09], [null, 9.076580376188303e-09], [null, 8.070002444071633e-09], [null, 1.0914663839400873e-08], [null, 6.5712653096738904e-09], [-8.23762302815112e-09, 9.961323321761029e-09], [-8.508004967211491e-09, 1.011192907185432e-08], [null, 9.92616389083878e-09], [null, 9.849766335889854e-09], [-9.496891273386154e-09, 1.0461405075545827e-08], [-8.302646570257366e-09, 9.630785058334368e-09], [-9.608098316959968e-09, 1.1501605889918665e-08], [-6.86410173145191e-09, 8.257697636793182e-09], [-9.655476418402031e-09, 1.1468960003924167e-08], [-7.737168239430048e-09, 9.096805975161715e-09], [null, 1.0404510142336676e-08], [-4.352339821878104e-09, 6.6296843570512465e-09], [null, 7.005140023608192e-09], [null, 1.1069613670144918e-08], [-7.371260046795669e-09, 8.706609655462216e-09], [null, 7.804072943429219e-09], [-6.071679603536495e-09, 7.871829410532882e-09], [-8.360198755497095e-09, 1.1027561974685796e-08], [-6.3342358025408885e-09, 8.051299182909588e-09], [null, 8.812471641306274e-09], [-1.1035497848865816e-08, 1.3026655310000024e-08], [-9.117056443130878e-09, 1.051156850451207e-08], [-8.832174991368902e-09, 1.0769538150157132e-08], [null, 9.09000963389417e-09], [null, 1.1750151962530708e-08], [null, 9.579042448137898e-09], [null, 5.33090993570795e-09], [null, 9.355391128451629e-09], [null, 7.787025246841495e-09], [-5.214909837292225e-09, 8.191426204007257e-09], [null, 5.329800156772535e-09], [-5.203562913891346e-09, 7.98246269084757e-09], [null, 9.659308908283037e-09], [null, 7.970500703891048e-09], [null, 1.1366881658148031e-08], [null, 9.437886028251796e-09]], "Extended_Source_Name": "                  ", "0FGL_Name": "                 ", "1FGL_Name": "                  ", "2FGL_Name": "                  ", "1FHL_Name": "                  ", "ASSOC_GAM1": "               ", "ASSOC_GAM2": "              ", "ASSOC_GAM3": "               ", "TEVCAT_FLAG": "N", "ASSOC_TEV": "                     ", "CLASS1": "     ", "ASSOC1": "                          ", "ASSOC2": "                          ", "Flags": 0, "source_id": 182}