{"Source_Name": "3FGL J1748.5-3912 ", "RAJ2000": 267.13128662109375, "DEJ2000": -39.206298828125, "GLON": 351.49835205078125, "GLAT": -5.813875198364258, "Conf_68_SemiMajor": 0.059144146740436554, "Conf_68_SemiMinor": 0.04705629497766495, "Conf_68_PosAng": 29.059999465942383, "Conf_95_SemiMajor": 0.09589999914169312, "Conf_95_SemiMinor": 0.0763000026345253, "Conf_95_PosAng": 29.059999465942383, "ROI_num": 229, "Signif_Avg": 9.257635116577148, "Pivot_Energy": 1216.6358642578125, "Flux_Density": 1.1114103344242454e-12, "Unc_Flux_Density": 1.3149735206968716e-13, "Flux1000": 1.3365418771726922e-09, "Unc_Flux1000": 1.7076799696535971e-10, "Energy_Flux100": 1.6259993351752655e-11, "Unc_Energy_Flux100": 1.9387852868285593e-12, "Signif_Curve": 2.793227195739746, "SpectrumType": "PowerLaw        ", "Spectral_Index": 2.3035268783569336, "Unc_Spectral_Index": 0.08636371046304703, "beta": null, "Unc_beta": null, "Cutoff": null, "Unc_Cutoff": null, "Exp_Index": null, "Unc_Exp_Index": null, "PowerLaw_Index": 2.3035268783569336, "Flux30_100": null, "Unc_Flux30_100": null, "nuFnu30_100": null, "Sqrt_TS30_100": null, "Flux100_300": 2.4796230846391154e-08, "Unc_Flux100_300": [-6.90257584423648e-09, 8.491690905998439e-09], "nuFnu100_300": 5.7845672696288375e-12, "Sqrt_TS100_300": 2.9514272212982178, "Flux300_1000": 2.8209810043478e-09, "Unc_Flux300_1000": [-1.0359276769733583e-09, 1.0568029784607802e-09], "nuFnu300_1000": 1.8694859028889343e-12, "Sqrt_TS300_1000": 2.772961139678955, "Flux1000_3000": 1.5873585779146993e-09, "Unc_Flux1000_3000": [-2.3092801282320607e-10, 2.402079091190501e-10], "nuFnu1000_3000": 3.703055657250376e-12, "Sqrt_TS1000_3000": 8.101091384887695, "Flux3000_10000": 2.3732354970107394e-10, "Unc_Flux3000_10000": [-6.414520997699569e-11, 7.166187088181175e-11], "nuFnu3000_10000": 1.5727614523231015e-12, "Sqrt_TS3000_10000": 4.859198570251465, "Flux10000_100000": 1.3069639988316784e-11, "Unc_Flux10000_100000": [null, 2.578964646005044e-11], "nuFnu10000_100000": 2.0663305051391023e-13, "Sqrt_TS10000_100000": 0.8036462068557739, "Variability_Index": 52.00148391723633, "Signif_Peak": null, "Flux_Peak": null, "Unc_Flux_Peak": null, "Time_Peak": null, "Peak_Interval": null, "Flux_History": [1.3421229461130224e-08, 4.309235279720269e-08, 3.362839251508376e-08, 2.4043382396143897e-08, 3.168697304545276e-08, 2.5861240260383056e-08, 4.506083328692512e-08, 4.3118677517384185e-09, 0.0, 2.7516703582364244e-08, 0.0, 1.3639154694544686e-08, 3.091876266125837e-08, 2.2499380136764557e-08, 2.7913056754869103e-08, 2.90853048312556e-08, 2.0526860211589337e-08, 8.505768533950686e-08, 3.172467089029851e-08, 0.0, 2.2147292000340713e-08, 0.0, 1.2444930419519551e-08, 0.0, 0.0, 3.844232310257212e-08, 0.0, 0.0, 3.993400454760376e-08, 3.796945691192377e-08, 4.6829768507450353e-08, 9.172133985657638e-08, 3.216636557112906e-08, 1.7836752519428956e-08, 3.612316845647001e-08, 5.33538369040798e-08, 9.525909661078913e-08, 0.0, 2.358473860653021e-09, 0.0, 0.0, 2.7831474014305968e-08, 3.284973359996002e-08, 1.8925915057366183e-08, 2.2847165936923375e-08, 3.649323332410859e-08, 3.480580090808871e-08, 0.0], "Unc_Flux_History": [[-1.166887653170079e-08, 1.7824483222739218e-08], [-2.3813939264982764e-08, 2.60471093582737e-08], [-2.0157475688620252e-08, 2.2663380505605346e-08], [-1.662635717991634e-08, 2.1351915791001375e-08], [-2.0762044528055412e-08, 2.3418248673579e-08], [-1.7953697195594032e-08, 2.1068951028269112e-08], [-2.541067622985338e-08, 2.7479325481749584e-08], [null, 2.3305743113155586e-08], [null, 2.5778019718813994e-08], [-2.1062938060367742e-08, 2.2286549494765495e-08], [null, 2.755134076437571e-08], [null, 1.9367007553228177e-08], [-1.95218436971345e-08, 2.3807045224089052e-08], [-2.140796695471181e-08, 2.4291994193959e-08], [-1.5496254945901455e-08, 1.8904616538861774e-08], [-2.7319678963522165e-08, 3.0855300536813957e-08], [-1.4987257657139708e-08, 1.8860028205835988e-08], [-2.988607050724568e-08, 3.2388619786161144e-08], [-1.752012401823322e-08, 1.9648510374281614e-08], [null, 1.990934173079495e-08], [-1.7104589744576515e-08, 2.1557612583933405e-08], [null, 1.8389943789998142e-08], [null, 2.543158927892364e-08], [null, 1.7475054292503955e-08], [null, 2.4180884850011353e-08], [-1.8975629956230478e-08, 2.1633905333828807e-08], [null, 2.4468876702599118e-08], [null, 2.079027794366084e-08], [-1.844012231799752e-08, 2.0386481835998893e-08], [-2.4206695314887838e-08, 2.6025833932408204e-08], [-1.9255468330925396e-08, 2.110343189087871e-08], [-2.9419229718996576e-08, 3.2567452734610924e-08], [-2.0000991085566966e-08, 2.2123195719814248e-08], [null, 2.3657111825059474e-08], [-1.8726991513062785e-08, 2.076033389641907e-08], [-2.320929048948983e-08, 2.537456644802205e-08], [-2.7452987438891796e-08, 2.9072777962824148e-08], [null, 1.8588639960626097e-08], [null, 2.9409997992502213e-08], [null, 1.9043026711074162e-08], [null, 1.9878738655165762e-08], [-1.903850410656105e-08, 2.2110166142397247e-08], [-1.9024442465820357e-08, 2.1476134648423795e-08], [null, 2.4115369257060593e-08], [-2.0807442879799964e-08, 2.2800040966330926e-08], [-1.705591223810643e-08, 2.1021200780069194e-08], [-1.7228686033377016e-08, 1.9575436382979206e-08], [null, 2.316347469388802e-08]], "Extended_Source_Name": "                  ", "0FGL_Name": "                 ", "1FGL_Name": "                  ", "2FGL_Name": "                  ", "1FHL_Name": "                  ", "ASSOC_GAM1": "               ", "ASSOC_GAM2": "              ", "ASSOC_GAM3": "               ", "TEVCAT_FLAG": "N", "ASSOC_TEV": "                     ", "CLASS1": "     ", "ASSOC1": "                          ", "ASSOC2": "                          ", "Flags": 4, "catalog_row_index": 2242}