{"Source_Name": "3FHL J1513.4-3721 ", "RAJ2000": 228.37319946289062, "DEJ2000": -37.362518310546875, "GLON": 331.8690490722656, "GLAT": 17.401660919189453, "Conf_95_SemiMajor": 0.044333383440971375, "Conf_95_SemiMinor": 0.044333383440971375, "Conf_95_PosAng": null, "ROI_num": 378, "Signif_Avg": 5.391218185424805, "Pivot_Energy": 23.833200454711914, "Flux_Density": 5.249587656935839e-13, "Unc_Flux_Density": 1.8737171102872763e-13, "Flux": 2.9490378888885616e-11, "Unc_Flux": 1.0557360541341154e-11, "Energy_Flux": 1.672141700277685e-12, "Unc_Energy_Flux": 9.689569025611577e-13, "Signif_Curve": 1.1338940858840942, "SpectrumType": "PowerLaw   ", "Spectral_Index": 1.650359034538269, "Unc_Spectral_Index": 0.7920673489570618, "beta": 0.6506044864654541, "Unc_beta": 0.6979233622550964, "PowerLaw_Index": 2.2211544513702393, "Unc_PowerLaw_Index": 0.43483245372772217, "Flux_Band": [1.218639772426755e-11, 1.3492015664418044e-11, 3.241187700175896e-12, 1.3482652107799154e-18, 2.6437589028054075e-22], "Unc_Flux_Band": [[-6.031866846278877e-12, 8.535165629819375e-12], [-5.7361741225003815e-12, 7.917971833748538e-12], [-2.3402933237159917e-12, 4.5244923259357694e-12], [null, 4.660628220160001e-12], [null, 5.193493204935784e-12]], "nuFnu": [3.870452406923991e-13, 7.096109182029575e-13, 3.8108353820655305e-13, 4.510162481878404e-19, 2.7292550166245366e-22], "Sqrt_TS_Band": [3.2647550106048584, 5.011244773864746, 2.1901962757110596, 0.0, 0.0], "Npred": 9.466696739196777, "HEP_Energy": 62.205501556396484, "HEP_Prob": 0.9614938497543335, "Variability_BayesBlocks": 1, "Extended_Source_Name": "                  ", "ASSOC_GAM": "3FGL J1513.3-3719 ", "TEVCAT_FLAG": "N", "ASSOC_TEV": "                     ", "CLASS": "       ", "ASSOC1": "                          ", "ASSOC2": "                          ", "ASSOC_PROB_BAY": 0.0, "ASSOC_PROB_LR": 0.0, "Redshift": null, "NuPeak_obs": null, "source_id": 988}