{"Source_Name": "3FGL J1733.5-3941 ", "RAJ2000": 263.3846130371094, "DEJ2000": -39.69940185546875, "GLON": 349.5535888671875, "GLAT": -3.610445976257324, "Conf_68_SemiMajor": 0.04569949582219124, "Conf_68_SemiMinor": 0.037990402430295944, "Conf_68_PosAng": -59.650001525878906, "Conf_95_SemiMajor": 0.07410000264644623, "Conf_95_SemiMinor": 0.06159999966621399, "Conf_95_PosAng": -59.650001525878906, "ROI_num": 104, "Signif_Avg": 6.520092487335205, "Pivot_Energy": 2459.870849609375, "Flux_Density": 1.7049781183241242e-13, "Unc_Flux_Density": 2.870388321018873e-14, "Flux1000": 1.0283912610375978e-09, "Unc_Flux1000": 1.7388154804898193e-10, "Energy_Flux100": 1.1945845354577322e-11, "Unc_Energy_Flux100": 2.328428899342483e-12, "Signif_Curve": 1.604560136795044, "SpectrumType": "PowerLaw        ", "Spectral_Index": 2.2300050258636475, "Unc_Spectral_Index": 0.15665191411972046, "beta": null, "Unc_beta": null, "Cutoff": null, "Unc_Cutoff": null, "Exp_Index": null, "Unc_Exp_Index": null, "PowerLaw_Index": 2.2300050258636475, "Flux30_100": null, "Unc_Flux30_100": null, "nuFnu30_100": null, "Sqrt_TS30_100": null, "Flux100_300": 1.8254898037639578e-08, "Unc_Flux100_300": [-8.253414840453388e-09, 8.231268999736585e-09], "nuFnu100_300": 4.2889641491128394e-12, "Sqrt_TS100_300": 2.2241225242614746, "Flux300_1000": 4.903827122149096e-09, "Unc_Flux300_1000": [-1.292340345848686e-09, 1.3127338105434205e-09], "nuFnu300_1000": 3.277457732292488e-12, "Sqrt_TS300_1000": 3.8862154483795166, "Flux1000_3000": 4.602050684976433e-10, "Unc_Flux1000_3000": [-2.1940838035305887e-10, 2.3128303439090558e-10], "nuFnu1000_3000": 1.0812456615813537e-12, "Sqrt_TS1000_3000": 2.1739301681518555, "Flux3000_10000": 2.0531715216876023e-10, "Unc_Flux3000_10000": [-6.580699873914853e-11, 7.284268327412136e-11], "nuFnu3000_10000": 1.3722309963673518e-12, "Sqrt_TS3000_10000": 3.834038734436035, "Flux10000_100000": 7.528540985068943e-11, "Unc_Flux10000_100000": [-2.6774070807644712e-11, 3.326237202339044e-11], "nuFnu10000_100000": 1.2236846735555473e-12, "Sqrt_TS10000_100000": 4.148742198944092, "Variability_Index": 52.43761444091797, "Signif_Peak": null, "Flux_Peak": null, "Unc_Flux_Peak": null, "Time_Peak": null, "Peak_Interval": null, "Flux_History": [0.0, 2.323559122885399e-08, 0.0, 1.6264207758354132e-08, 8.856456901185084e-09, 2.2943066113612076e-08, 9.090043384674118e-09, 0.0, 3.4747298371939905e-08, 0.0, 0.0, 2.1696411334204413e-09, 6.525109341737334e-08, 8.335891976685161e-09, 0.0, 2.27787868567475e-08, 3.910265533590973e-08, 2.530292775304588e-08, 0.0, 0.0, 1.5527838570505992e-08, 2.856911507365112e-08, 0.0, 4.5968103989935116e-08, 6.495061910527511e-08, 2.509284335872053e-08, 6.565117871559778e-08, 0.0, 4.4492615813851444e-08, 2.7804803792719213e-08, 2.075159422076922e-08, 6.352667725195715e-08, 2.1992084597854955e-08, 5.627250487805213e-08, 1.9148430396853655e-08, 3.6857748852980876e-08, 0.0, 4.012171217482319e-08, 0.0, 0.0, 6.944886621340629e-08, 1.8325868822444136e-08, 5.641125344624243e-09, 1.7332000723513374e-08, 2.6151557364073597e-08, 2.596175363578368e-08, 0.0, 2.0578589499109512e-08], "Unc_Flux_History": [[null, 2.2016928724610807e-08], [-2.323559122885399e-08, 2.778395646885201e-08], [null, 1.8039671090264164e-08], [null, 2.6299685984554344e-08], [null, 1.5834668687375597e-08], [-2.182274627671177e-08, 2.8469486323956517e-08], [-7.195066764609237e-09, 1.2633375234827326e-08], [null, 2.4562568867736445e-08], [-2.3947960059444995e-08, 2.646298469244357e-08], [null, 2.3684648908783856e-08], [null, 1.533315874269192e-08], [null, 2.4647423657597756e-08], [-2.562987688747853e-08, 2.7863087836976774e-08], [null, 2.256376241405178e-08], [null, 2.0980289505700966e-08], [null, 3.004721449428871e-08], [-1.951699069024926e-08, 2.2184039494277386e-08], [-2.0666282907200184e-08, 2.725927039648468e-08], [null, 1.4049846619457185e-08], [null, 2.6705066602517036e-08], [null, 2.594051906612549e-08], [-2.248255093206808e-08, 2.5826123462024952e-08], [null, 2.2957696188541377e-08], [-2.099271512179257e-08, 2.3170914076331428e-08], [-2.922652342363108e-08, 3.195546227630075e-08], [-1.277538341781792e-08, 1.823370965325921e-08], [-2.570967083670439e-08, 2.8661535367291435e-08], [null, 2.3228713175171833e-08], [-1.8153732739278894e-08, 2.0816097290321522e-08], [-2.7158998605614215e-08, 3.019832917061649e-08], [-2.075159422076922e-08, 2.4021414191111035e-08], [-3.4508161661506165e-08, 3.746731280784843e-08], [-1.6568444394238213e-08, 1.990024678377722e-08], [-2.460724779496104e-08, 2.8731815149285467e-08], [-1.3953031618996192e-08, 1.8785460298431644e-08], [-2.5666494707365928e-08, 2.7144189118644135e-08], [null, 2.3416525607444783e-08], [-2.181045211102628e-08, 2.436672019712205e-08], [null, 3.1696966829031226e-08], [null, 1.3604719129034493e-08], [-2.6334072700251454e-08, 2.9829472225628706e-08], [null, 2.3623822897889113e-08], [null, 1.8668622203676932e-08], [null, 2.6770942795906194e-08], [-1.9428791020459357e-08, 2.1611397116316766e-08], [-1.904806623542754e-08, 2.674809351788099e-08], [null, 1.5291620414359386e-08], [-1.796149184940532e-08, 2.4878868742916893e-08]], "Extended_Source_Name": "                  ", "0FGL_Name": "                 ", "1FGL_Name": "                  ", "2FGL_Name": "                  ", "1FHL_Name": "                  ", "ASSOC_GAM1": "               ", "ASSOC_GAM2": "              ", "ASSOC_GAM3": "               ", "TEVCAT_FLAG": "N", "ASSOC_TEV": "                     ", "CLASS1": "     ", "ASSOC1": "                          ", "ASSOC2": "                          ", "Flags": 4, "catalog_row_index": 2180}