{"Source_Name": "3FHL J0009.1+0628 ", "RAJ2000": 2.287442922592163, "DEJ2000": 6.481377124786377, "GLON": 104.46371459960938, "GLAT": -54.866886138916016, "Conf_95_SemiMajor": 0.038490667939186096, "Conf_95_SemiMinor": 0.038490667939186096, "Conf_95_PosAng": null, "ROI_num": 402, "Signif_Avg": 6.282303333282471, "Pivot_Energy": 18.917970657348633, "Flux_Density": 1.2690817364005569e-12, "Unc_Flux_Density": 4.369558371814658e-13, "Flux": 4.159714933615888e-11, "Unc_Flux": 1.4316945198822317e-11, "Energy_Flux": 1.6902991593209515e-12, "Unc_Energy_Flux": 8.93723625921411e-13, "Signif_Curve": 0.10490000993013382, "SpectrumType": "PowerLaw   ", "Spectral_Index": 2.5529260635375977, "Unc_Spectral_Index": 0.8363394737243652, "beta": 0.012150160036981106, "Unc_beta": 0.44770050048828125, "PowerLaw_Index": 2.579961061477661, "Unc_PowerLaw_Index": 0.5391178131103516, "Flux_Band": [2.4161058570504323e-11, 1.6651704320969074e-11, 2.4248919598180826e-18, 2.312923913223504e-19, 6.648212400296014e-19], "Unc_Flux_Band": [[-9.546595285125914e-12, 1.25047515744936e-11], [-7.408110583306815e-12, 1.0253611328059353e-11], [null, 7.253510292404286e-12], [null, 5.6022144388767625e-12], [null, 6.287476182059715e-12]], "nuFnu": [7.56649192086567e-13, 8.548600195779077e-13, 2.75511605713057e-19, 7.428533618888825e-20, 6.509505585304294e-19], "Sqrt_TS_Band": [4.678369045257568, 5.474354267120361, 0.0, 0.0, 0.0], "Npred": 10.95081615447998, "HEP_Energy": 45.65359878540039, "HEP_Prob": 0.9975178837776184, "Variability_BayesBlocks": 1, "Extended_Source_Name": "                  ", "ASSOC_GAM": "3FGL J0009.1+0630 ", "TEVCAT_FLAG": "N", "ASSOC_TEV": "                     ", "CLASS": "bll    ", "ASSOC1": "TXS 0006+061              ", "ASSOC2": "                          ", "ASSOC_PROB_BAY": 0.9993144869804382, "ASSOC_PROB_LR": 0.9878114461898804, "Redshift": null, "NuPeak_obs": 663742366875648.0, "source_id": 7}