{"Source_Name": "3FGL J1346.9-2958 ", "RAJ2000": 206.7445068359375, "DEJ2000": -29.97249984741211, "GLON": 317.0247497558594, "GLAT": 31.37476348876953, "Conf_68_SemiMajor": 0.0456378199160099, "Conf_68_SemiMinor": 0.03429003804922104, "Conf_68_PosAng": -20.309999465942383, "Conf_95_SemiMajor": 0.07400000095367432, "Conf_95_SemiMinor": 0.05559999868273735, "Conf_95_PosAng": -20.309999465942383, "ROI_num": 569, "Signif_Avg": 8.246235847473145, "Pivot_Energy": 4641.70849609375, "Flux_Density": 2.7162998141993383e-14, "Unc_Flux_Density": 4.847354410767758e-15, "Flux1000": 5.137893444029373e-10, "Unc_Flux1000": 9.456684046948993e-11, "Energy_Flux100": 6.665785111381606e-12, "Unc_Energy_Flux100": 1.293775199820435e-12, "Signif_Curve": 0.4556221067905426, "SpectrumType": "PowerLaw        ", "Spectral_Index": 1.7440249919891357, "Unc_Spectral_Index": 0.13056208193302155, "beta": null, "Unc_beta": null, "Cutoff": null, "Unc_Cutoff": null, "Exp_Index": null, "Unc_Exp_Index": null, "PowerLaw_Index": 1.7440249919891357, "Flux30_100": null, "Unc_Flux30_100": null, "nuFnu30_100": null, "Sqrt_TS30_100": null, "Flux100_300": 1.4691331484684156e-10, "Unc_Flux100_300": [null, 3.390082659038285e-09], "nuFnu100_300": 3.6211298852029464e-14, "Sqrt_TS100_300": 0.0, "Flux300_1000": 9.107936072005884e-10, "Unc_Flux300_1000": [-4.217901583558614e-10, 4.4630896200992254e-10], "nuFnu300_1000": 6.446389646044826e-13, "Sqrt_TS300_1000": 2.2458364963531494, "Flux1000_3000": 2.6188923252234986e-10, "Unc_Flux1000_3000": [-9.323828514817833e-11, 1.0428157642961011e-10], "nuFnu1000_3000": 6.455064889727968e-13, "Sqrt_TS1000_3000": 3.161914348602295, "Flux3000_10000": 1.58885543610765e-10, "Unc_Flux3000_10000": [-4.0822137337137576e-11, 4.778617085365866e-11], "nuFnu3000_10000": 1.1245556352443287e-12, "Sqrt_TS3000_10000": 5.877058506011963, "Flux10000_100000": 7.580424482567238e-11, "Unc_Flux10000_100000": [-2.5425495042696866e-11, 3.106778723171999e-11], "nuFnu10000_100000": 1.5015171181062548e-12, "Sqrt_TS10000_100000": 5.595812797546387, "Variability_Index": 45.901302337646484, "Signif_Peak": null, "Flux_Peak": null, "Unc_Flux_Peak": null, "Time_Peak": null, "Peak_Interval": null, "Flux_History": [4.193630331883469e-09, 0.0, 2.377926744401293e-09, 0.0, 5.4279243322241655e-09, 8.636201975775748e-09, 0.0, 0.0, 0.0, 2.7515196787675222e-09, 0.0, 0.0, 0.0, 4.733887948304982e-09, 0.0, 4.811145259964178e-09, 2.6432351862837322e-09, 4.846778978162547e-09, 2.1165145192014734e-09, 3.423556327319943e-09, 2.051752101550619e-09, 2.912083685302491e-09, 5.774667855007465e-09, 2.5380091361881796e-09, 5.4066968679933325e-09, 0.0, 1.256607040645008e-09, 8.454717814743162e-09, 7.215657849002355e-09, 0.0, 0.0, 3.420446370583363e-09, 7.623811026924443e-10, 2.9135036605509868e-09, 1.8110105637347829e-09, 4.5202583898174e-09, 0.0, 8.477074597834644e-10, 1.514239045263821e-08, 3.555127969789851e-09, 0.0, 6.025424159616932e-09, 1.2119735437465806e-08, 0.0, 0.0, 0.0, 9.227473007911158e-09, 0.0], "Unc_Flux_History": [[-2.869896098545155e-09, 4.519661978008571e-09], [null, 4.0329997119670224e-09], [null, 5.045399209535617e-09], [null, 5.145464943012712e-09], [-3.6671099490348524e-09, 4.233300820999375e-09], [-3.972291384712889e-09, 5.133970137904953e-09], [null, 4.484458582254547e-09], [null, 5.142416714676301e-09], [null, 4.124832475582707e-09], [-2.4133970377704372e-09, 4.112365559194586e-09], [null, 5.4133906246534025e-09], [null, 3.873318998870445e-09], [null, 5.860579133099009e-09], [-2.9394764400336726e-09, 4.52952875207302e-09], [null, 6.021533938138646e-09], [-3.1734885830303483e-09, 5.1250590438201016e-09], [-2.1395960558834304e-09, 3.654837543720646e-09], [-3.857218544567331e-09, 5.413759218697578e-09], [null, 4.147417076438842e-09], [-3.079854371534907e-09, 5.26646193321767e-09], [null, 4.580141155230422e-09], [-2.5937181291624256e-09, 4.455674051939695e-09], [-3.4147142891072235e-09, 4.798915931303327e-09], [null, 4.5935588666168314e-09], [-3.5789922137041685e-09, 5.289703786104383e-09], [null, 4.650570595288173e-09], [null, 6.911584637947499e-09], [-3.9563357034921864e-09, 5.015792226004123e-09], [-4.53577886361245e-09, 6.505327831973773e-09], [null, 3.4480309718532e-09], [null, 4.714333812216864e-09], [-3.2102080993468007e-09, 5.338597119930455e-09], [null, 7.0481167568914316e-09], [null, 7.228806886416805e-09], [null, 4.132639563891871e-09], [-3.635991729922239e-09, 5.103395483985196e-09], [null, 3.6998650809749734e-09], [null, 6.301323018931271e-09], [-6.113863193490943e-09, 7.546292479787553e-09], [-2.8020366027448063e-09, 4.029611755385076e-09], [null, 5.3802327037999476e-09], [-3.3169418323097943e-09, 4.411326415265648e-09], [-4.897836802797428e-09, 6.113666906060189e-09], [null, 5.19449017133411e-09], [null, 4.3351535694569066e-09], [null, 5.3873532301906835e-09], [-4.136913922536678e-09, 5.311252770923147e-09], [null, 4.545861909122095e-09]], "Extended_Source_Name": "                  ", "0FGL_Name": "                 ", "1FGL_Name": "                  ", "2FGL_Name": "2FGL J1347.0-2956 ", "1FHL_Name": "                  ", "ASSOC_GAM1": "               ", "ASSOC_GAM2": "              ", "ASSOC_GAM3": "               ", "TEVCAT_FLAG": "N", "ASSOC_TEV": "                     ", "CLASS1": "bcu  ", "ASSOC1": "NVSS J134706-295840       ", "ASSOC2": "                          ", "Flags": 0, "source_id": 1677}