{"Source_Name": "3FGL J0208.0-6838 ", "RAJ2000": 32.02479934692383, "DEJ2000": -68.64759826660156, "GLON": 292.84710693359375, "GLAT": -46.95112991333008, "Conf_68_SemiMajor": 0.0582190603017807, "Conf_68_SemiMinor": 0.047488000243902206, "Conf_68_PosAng": -26.549999237060547, "Conf_95_SemiMajor": 0.09440000355243683, "Conf_95_SemiMinor": 0.07699999958276749, "Conf_95_PosAng": -26.549999237060547, "ROI_num": 367, "Signif_Avg": 7.854710578918457, "Pivot_Energy": 1023.9656372070312, "Flux_Density": 4.901945277642483e-13, "Unc_Flux_Density": 7.427180615318663e-14, "Flux1000": 3.6503952638433645e-10, "Unc_Flux1000": 6.30191177020123e-11, "Energy_Flux100": 4.923107060905707e-12, "Unc_Energy_Flux100": 7.751598299875206e-13, "Signif_Curve": 0.6277434229850769, "SpectrumType": "PowerLaw        ", "Spectral_Index": 2.420548915863037, "Unc_Spectral_Index": 0.12302789092063904, "beta": null, "Unc_beta": null, "Cutoff": null, "Unc_Cutoff": null, "Exp_Index": null, "Unc_Exp_Index": null, "PowerLaw_Index": 2.420548915863037, "Flux30_100": null, "Unc_Flux30_100": null, "nuFnu30_100": null, "Sqrt_TS30_100": null, "Flux100_300": 6.802043372999833e-09, "Unc_Flux100_300": [-3.2590523613151845e-09, 3.3168381374792943e-09], "nuFnu100_300": 1.569112353071167e-12, "Sqrt_TS100_300": 2.103367805480957, "Flux300_1000": 1.7130600271642038e-09, "Unc_Flux300_1000": [-3.916639235157504e-10, 4.072626680340363e-10], "nuFnu300_1000": 1.120211128718962e-12, "Sqrt_TS300_1000": 4.755558967590332, "Flux1000_3000": 2.675903387761025e-10, "Unc_Flux1000_3000": [-7.646375893566315e-11, 8.420830699407134e-11], "nuFnu1000_3000": 6.172841101118043e-13, "Sqrt_TS1000_3000": 4.279416561126709, "Flux3000_10000": 7.401493307135354e-11, "Unc_Flux3000_10000": [-2.4776051002484145e-11, 2.9922155031503195e-11], "nuFnu3000_10000": 4.840014565347939e-13, "Sqrt_TS3000_10000": 4.255929946899414, "Flux10000_100000": 1.322710430767815e-11, "Unc_Flux10000_100000": [-7.720048558756964e-12, 1.2282528293050543e-11], "nuFnu10000_100000": 2.0041138345215648e-13, "Sqrt_TS10000_100000": 2.829033374786377, "Variability_Index": 36.913143157958984, "Signif_Peak": null, "Flux_Peak": null, "Unc_Flux_Peak": null, "Time_Peak": null, "Peak_Interval": null, "Flux_History": [2.8513440497590636e-08, 7.082495478982764e-09, 8.302459830744624e-10, 0.0, 6.157818699392692e-09, 2.5390363589394838e-08, 1.2355489964477329e-08, 1.6691019677494978e-09, 0.0, 1.5299628230991402e-08, 2.4715721025359016e-08, 0.0, 1.6450908191245617e-08, 0.0, 5.09289765915355e-09, 3.599818887423112e-09, 8.274571250410645e-09, 0.0, 0.0, 9.046601689988165e-09, 8.773322512922732e-09, 4.641226070134508e-09, 4.313654766718855e-09, 1.4514576207602659e-08, 6.365049820544755e-09, 1.6399280156065288e-08, 0.0, 4.340495518562193e-09, 1.115680436925004e-08, 1.7775562355382135e-08, 0.0, 9.753315488580938e-09, 9.078444662691254e-09, 4.283735588472837e-09, 8.785655758458688e-09, 1.052922193878203e-08, 3.244392843271271e-08, 1.384611802990321e-08, 0.0, 1.0076819378923574e-08, 1.2205751964700084e-08, 6.201454461063349e-09, 3.888405153418262e-09, 9.114932808529375e-09, 4.052780333552164e-09, 3.865874731445729e-09, 1.1143135303370855e-08, 1.2660393622354604e-08], "Unc_Flux_History": [[-1.1073580274967298e-08, 1.3009972654742796e-08], [null, 1.2799883819525348e-08], [null, 1.205239996693308e-08], [null, 1.067476684823987e-08], [null, 1.6282262649269796e-08], [-1.1283582956878035e-08, 1.3456262770716876e-08], [-1.0450293075336958e-08, 1.2399193671797093e-08], [null, 1.416575745594173e-08], [null, 1.1562407919996076e-08], [-1.1562570456646881e-08, 1.3852323732521654e-08], [-1.3094362039112184e-08, 1.450891318199865e-08], [null, 1.3816509714104086e-08], [-9.79290959435275e-09, 1.1838268143549158e-08], [null, 9.764216990504337e-09], [null, 9.98889504444378e-09], [null, 1.179273745322007e-08], [-5.4645483693605e-09, 7.641101973376863e-09], [null, 9.114523358277893e-09], [null, 9.863028616052816e-09], [-6.574242927825935e-09, 8.826940955941609e-09], [-8.65633875690719e-09, 1.154539575054514e-08], [null, 1.119175507824366e-08], [null, 9.868599271101175e-09], [-8.947998786368316e-09, 1.095308910237236e-08], [-6.287928400183773e-09, 8.215398139554964e-09], [-8.610450130674963e-09, 1.0864887656225619e-08], [null, 7.288337933175626e-09], [null, 1.2504549395941922e-08], [-7.468862861514936e-09, 9.242657306174351e-09], [-1.0772638781020305e-08, 1.205714195151586e-08], [null, 9.623774666067675e-09], [null, 1.1252079268331272e-08], [null, 1.3038131463360969e-08], [null, 1.0434406227943782e-08], [-8.623348257685848e-09, 1.0632445146541158e-08], [-7.441284033404827e-09, 9.957400237681213e-09], [-1.0485054602327182e-08, 1.2138017702056914e-08], [-1.0119012294751428e-08, 1.1639118113748737e-08], [null, 8.773879400791884e-09], [-7.659817669036784e-09, 1.0015843265875901e-08], [-7.745081020971156e-09, 8.9502973921185e-09], [null, 9.837003211998763e-09], [null, 8.277629248709673e-09], [-8.48443093559581e-09, 1.0018815110868218e-08], [null, 7.930846201986697e-09], [null, 8.178486332610646e-09], [null, 1.3203853121979137e-08], [-7.705922122624997e-09, 9.252214994148744e-09]], "Extended_Source_Name": "                  ", "0FGL_Name": "                 ", "1FGL_Name": "                  ", "2FGL_Name": "2FGL J0207.9-6832 ", "1FHL_Name": "                  ", "ASSOC_GAM1": "               ", "ASSOC_GAM2": "              ", "ASSOC_GAM3": "               ", "TEVCAT_FLAG": "N", "ASSOC_TEV": "                     ", "CLASS1": "bll  ", "ASSOC1": "PKS 0206-688              ", "ASSOC2": "                          ", "Flags": 0, "source_id": 244}