{"Source_Name": "3FHL J2030.5-1439 ", "RAJ2000": 307.6327209472656, "DEJ2000": -14.660564422607422, "GLON": 30.298633575439453, "GLAT": -28.43712615966797, "Conf_95_SemiMajor": 0.04028034955263138, "Conf_95_SemiMinor": 0.04028034955263138, "Conf_95_PosAng": null, "ROI_num": 151, "Signif_Avg": 5.994725227355957, "Pivot_Energy": 16.043935775756836, "Flux_Density": 1.968115991360375e-12, "Unc_Flux_Density": 6.599650838844118e-13, "Flux": 4.062551683947646e-11, "Unc_Flux": 1.3618505628754107e-11, "Energy_Flux": 1.260769808865414e-12, "Unc_Energy_Flux": 5.582214378241357e-13, "Signif_Curve": 0.45009782910346985, "SpectrumType": "PowerLaw   ", "Spectral_Index": 2.672792911529541, "Unc_Spectral_Index": 1.0846179723739624, "beta": 0.387644499540329, "Unc_beta": 0.9525595307350159, "PowerLaw_Index": 3.0484888553619385, "Unc_PowerLaw_Index": 0.6516716480255127, "Flux_Band": [3.281185392833841e-11, 8.266600078077335e-12, 1.1229220006507441e-17, 3.565641770620876e-17, 2.781019218012668e-19], "Unc_Flux_Band": [[-1.0354186258387799e-11, 1.4047693563945529e-11], [-5.589153272145264e-12, 7.115732482410042e-12], [null, 4.930535580510709e-12], [null, 4.984506297295299e-12], [null, 5.4984055503082274e-12]], "nuFnu": [1.0092627688446099e-12, 4.1166270153998596e-13, 1.2228382635348513e-18, 1.0893923172389684e-17, 2.554767484397457e-19], "Sqrt_TS_Band": [6.218012809753418, 2.954279899597168, 0.0, 0.0, 0.0], "Npred": 11.959447860717773, "HEP_Energy": 43.85850143432617, "HEP_Prob": 0.994400680065155, "Variability_BayesBlocks": 1, "Extended_Source_Name": "                  ", "ASSOC_GAM": "3FGL J2030.5-1439 ", "TEVCAT_FLAG": "N", "ASSOC_TEV": "                     ", "CLASS": "bcu    ", "ASSOC1": "NVSS J203028-143918       ", "ASSOC2": "                          ", "ASSOC_PROB_BAY": 0.0, "ASSOC_PROB_LR": 0.8658319711685181, "Redshift": null, "NuPeak_obs": null, "source_id": 1366}