{"Source_Name": "3FHL J1127.8+3615 ", "RAJ2000": 171.96873474121094, "DEJ2000": 36.25527572631836, "GLON": 180.4876251220703, "GLAT": 70.07852935791016, "Conf_95_SemiMajor": 0.050262678414583206, "Conf_95_SemiMinor": 0.050262678414583206, "Conf_95_PosAng": null, "ROI_num": 213, "Signif_Avg": 6.297670841217041, "Pivot_Energy": 16.271554946899414, "Flux_Density": 1.956606101097269e-12, "Unc_Flux_Density": 6.133028113142203e-13, "Flux": 4.2207508321734366e-11, "Unc_Flux": 1.3238482358957082e-11, "Energy_Flux": 1.367542255652221e-12, "Unc_Energy_Flux": 6.241466219726599e-13, "Signif_Curve": 0.0, "SpectrumType": "PowerLaw   ", "Spectral_Index": 2.9242186546325684, "Unc_Spectral_Index": 0.9289225339889526, "beta": 0.003402058267965913, "Unc_beta": 0.5611991286277771, "PowerLaw_Index": 2.953580856323242, "Unc_PowerLaw_Index": 0.65827876329422, "Flux_Band": [3.232948284082049e-11, 5.1018317175077765e-12, 5.383874769615549e-12, 2.3465512556463492e-17, 1.5525822648966956e-21], "Unc_Flux_Band": [[-1.0145874591860338e-11, 1.3056901913832686e-11], [-3.4349695397090096e-12, 5.694239784553856e-12], [-3.39448586426927e-12, 5.705255712307178e-12], [null, 4.815244123573814e-12], [null, 5.2800693504939655e-12]], "nuFnu": [9.98009509235731e-13, 2.5560264083242246e-13, 5.912109994274384e-13, 7.239785814807068e-18, 1.444020666002471e-21], "Sqrt_TS_Band": [6.253265380859375, 2.875293731689453, 2.124443292617798, 0.0, 0.0], "Npred": 12.99077033996582, "HEP_Energy": 20.872100830078125, "HEP_Prob": 0.9958834648132324, "Variability_BayesBlocks": 1, "Extended_Source_Name": "                  ", "ASSOC_GAM": "3FGL J1127.8+3618 ", "TEVCAT_FLAG": "N", "ASSOC_TEV": "                     ", "CLASS": "       ", "ASSOC1": "                          ", "ASSOC2": "                          ", "ASSOC_PROB_BAY": 0.0, "ASSOC_PROB_LR": 0.0, "Redshift": null, "NuPeak_obs": 3019948425216.0, "source_id": 721}