{"Source_Name": "3FHL J1923.5-2102 ", "RAJ2000": 290.89276123046875, "DEJ2000": -21.041677474975586, "GLON": 17.214468002319336, "GLAT": -16.248302459716797, "Conf_95_SemiMajor": 0.06801787763834, "Conf_95_SemiMinor": 0.06801787763834, "Conf_95_PosAng": null, "ROI_num": 279, "Signif_Avg": 5.330129623413086, "Pivot_Energy": 13.769097328186035, "Flux_Density": 3.695317923185781e-12, "Unc_Flux_Density": 1.1446029670944546e-12, "Flux": 4.4315513064718814e-11, "Unc_Flux": 1.3702493133205262e-11, "Energy_Flux": 1.0416373709756788e-12, "Unc_Energy_Flux": 3.5838985858877015e-13, "Signif_Curve": 0.01630975678563118, "SpectrumType": "PowerLaw   ", "Spectral_Index": 4.133317947387695, "Unc_Spectral_Index": 1.5297781229019165, "beta": 0.009946106933057308, "Unc_beta": 1.3918370008468628, "PowerLaw_Index": 4.133558750152588, "Unc_PowerLaw_Index": 1.0123416185379028, "Flux_Band": [3.734497433516282e-11, 7.026054217595945e-12, 5.016353589778698e-19, 2.724021303928936e-19, 3.49227134659579e-18], "Unc_Flux_Band": [[-1.145731426399621e-11, 1.3898130042655499e-11], [-4.189525896342028e-12, 6.628875833664116e-12], [null, 4.721232085835858e-12], [null, 4.7567960854977276e-12], [null, 5.081211926910578e-12]], "nuFnu": [1.1046126036431958e-12, 3.283291878392741e-13, 5.016448780172627e-20, 7.546201999729054e-20, 2.846389492365144e-18], "Sqrt_TS_Band": [5.552984714508057, 2.820681095123291, 0.0, 0.0, 0.0], "Npred": 13.72338581085205, "HEP_Energy": 25.907699584960938, "HEP_Prob": 0.9720737934112549, "Variability_BayesBlocks": 1, "Extended_Source_Name": "                  ", "ASSOC_GAM": "3FGL J1923.5-2104 ", "TEVCAT_FLAG": "N", "ASSOC_TEV": "                     ", "CLASS": "fsrq   ", "ASSOC1": "TXS 1920-211              ", "ASSOC2": "                          ", "ASSOC_PROB_BAY": 0.9988148212432861, "ASSOC_PROB_LR": 0.9979612827301025, "Redshift": 0.8740000128746033, "NuPeak_obs": 25118841503744.0, "source_id": 1291}