{"Source_Name": "3FGL J2329.2+3754 ", "RAJ2000": 352.3183898925781, "DEJ2000": 37.91400146484375, "GLON": 105.54010772705078, "GLAT": -22.167076110839844, "Conf_68_SemiMajor": 0.02078370936214924, "Conf_68_SemiMinor": 0.019673600792884827, "Conf_68_PosAng": 48.790000915527344, "Conf_95_SemiMajor": 0.03370000049471855, "Conf_95_SemiMinor": 0.03189999982714653, "Conf_95_PosAng": 48.790000915527344, "ROI_num": 271, "Signif_Avg": 13.175630569458008, "Pivot_Energy": 3108.627197265625, "Flux_Density": 8.871368402255456e-14, "Unc_Flux_Density": 1.0799423590904678e-14, "Flux1000": 8.395761863511098e-10, "Unc_Flux1000": 1.0262369426472517e-10, "Energy_Flux100": 9.598505150421044e-12, "Unc_Energy_Flux100": 1.199490159975447e-12, "Signif_Curve": 0.933722198009491, "SpectrumType": "PowerLaw        ", "Spectral_Index": 1.9274441003799438, "Unc_Spectral_Index": 0.09277239441871643, "beta": null, "Unc_beta": null, "Cutoff": null, "Unc_Cutoff": null, "Exp_Index": null, "Unc_Exp_Index": null, "PowerLaw_Index": 1.9274441003799438, "Flux30_100": null, "Unc_Flux30_100": null, "nuFnu30_100": null, "Sqrt_TS30_100": null, "Flux100_300": 5.1163100422968455e-09, "Unc_Flux100_300": [-2.819838140766251e-09, 2.9041387072936686e-09], "nuFnu100_300": 1.2382845400102371e-12, "Sqrt_TS100_300": 1.790016531944275, "Flux300_1000": 2.13210382682405e-09, "Unc_Flux300_1000": [-4.975156397968306e-10, 5.117569146229073e-10], "nuFnu300_1000": 1.4764406060588375e-12, "Sqrt_TS300_1000": 4.556854724884033, "Flux1000_3000": 3.5311498169932065e-10, "Unc_Flux1000_3000": [-1.0377651515902642e-10, 1.1149803302856753e-10], "nuFnu1000_3000": 8.546332044834237e-13, "Sqrt_TS1000_3000": 4.00130033493042, "Flux3000_10000": 1.8745857643942543e-10, "Unc_Flux3000_10000": [-4.174082607333318e-11, 4.691487129337979e-11], "nuFnu3000_10000": 1.2981142853349392e-12, "Sqrt_TS3000_10000": 7.220763683319092, "Flux10000_100000": 1.2457769538176677e-10, "Unc_Flux10000_100000": [-2.9232848780536e-11, 3.417009383777092e-11], "nuFnu10000_100000": 2.284432842544759e-12, "Sqrt_TS10000_100000": 9.724952697753906, "Variability_Index": 53.18916702270508, "Signif_Peak": null, "Flux_Peak": null, "Unc_Flux_Peak": null, "Time_Peak": null, "Peak_Interval": null, "Flux_History": [0.0, 8.80596751073881e-09, 0.0, 5.998723295874697e-09, 2.522567754681404e-08, 8.392780692645374e-09, 1.0695334395904865e-08, 2.0947446444097295e-08, 1.8380790223204713e-08, 1.406649130508697e-09, 9.266909906102683e-09, 1.015436978946127e-08, 5.659641644228941e-09, 4.196420988478167e-09, 0.0, 7.13282899411638e-09, 9.13141473546375e-09, 8.04006994314932e-09, 1.4102679912753047e-08, 7.690061920584412e-09, 3.3861711212779255e-09, 6.774042216051157e-09, 4.14351175592742e-09, 0.0, 8.17438561284689e-09, 3.732224751473723e-09, 0.0, 2.3972213103462536e-09, 1.672830229892952e-08, 0.0, 1.0983561615773851e-08, 0.0, 9.871554684792727e-10, 5.492118315686412e-09, 5.391871837900908e-09, 0.0, 7.5035631041942e-09, 2.6561652877177266e-09, 7.597662943226169e-09, 6.946633934745705e-09, 3.271981796615364e-09, 1.344626721078157e-08, 1.038631403105228e-08, 1.7578873467982703e-08, 1.8556628234023265e-08, 0.0, 5.985573370281827e-09, 0.0], "Unc_Flux_History": [[null, 6.169857513782517e-09], [-4.688367472027721e-09, 6.537166807873973e-09], [null, 6.862496793047512e-09], [-4.8576831446212054e-09, 6.362362636735952e-09], [-9.15128950396138e-09, 1.1273714406456747e-08], [-5.507771572155207e-09, 6.658623874500336e-09], [-5.211161280271881e-09, 7.013391201127206e-09], [-7.790311506994385e-09, 9.054421212795205e-09], [-6.3401652816708065e-09, 7.916336919322475e-09], [null, 9.865705585809792e-09], [-6.181730238807859e-09, 7.478837993346588e-09], [-5.5542432875199665e-09, 7.1720873684455455e-09], [-5.386287416087043e-09, 7.3679178314023375e-09], [-3.20661208697004e-09, 5.33979616079705e-09], [null, 4.990290403128483e-09], [-4.9001642743462526e-09, 7.007858293661684e-09], [-6.183956902106047e-09, 8.008209206877837e-09], [-4.828126343170425e-09, 6.563271703896589e-09], [-5.335507591297528e-09, 6.68799193803693e-09], [-5.9807350183405106e-09, 8.177256205499361e-09], [-2.315930114349385e-09, 3.940201498409124e-09], [null, 8.278534302519347e-09], [-3.808058757215349e-09, 5.882420772707064e-09], [null, 8.058199441052238e-09], [-7.132991974856395e-09, 8.131330275773507e-09], [null, 9.234965681059748e-09], [null, 6.690902054629078e-09], [null, 6.42290753916086e-09], [-8.097271297913267e-09, 9.26436882764392e-09], [null, 7.1771757426120075e-09], [-6.029832633203114e-09, 7.950692548774896e-09], [null, 5.277091208455431e-09], [null, 9.681875745570778e-09], [-4.689245436395595e-09, 6.501765348332356e-09], [-3.3130584942142605e-09, 4.875911230328711e-09], [null, 7.226550025052347e-09], [-4.942988685030514e-09, 7.272393798274379e-09], [-2.2877024719036854e-09, 4.300622524766595e-09], [-5.937826230706378e-09, 7.263047496763875e-09], [-6.083003878387672e-09, 7.448157202105676e-09], [-2.7956741366352844e-09, 4.841251399767543e-09], [-6.330306501212135e-09, 7.612641184095992e-09], [-5.720168783085455e-09, 7.441603777635919e-09], [-6.664732765671033e-09, 7.643764732279124e-09], [-6.796004203835082e-09, 7.96788857115871e-09], [null, 5.0193369460771464e-09], [-4.144476317691215e-09, 5.8662545932008925e-09], [null, 8.80667716529615e-09]], "Extended_Source_Name": "                  ", "0FGL_Name": "                 ", "1FGL_Name": "1FGL J2329.2+3755 ", "2FGL_Name": "2FGL J2329.2+3755 ", "1FHL_Name": "1FHL J2329.1+3754 ", "ASSOC_GAM1": "               ", "ASSOC_GAM2": "              ", "ASSOC_GAM3": "               ", "TEVCAT_FLAG": "N", "ASSOC_TEV": "                     ", "CLASS1": "bll  ", "ASSOC1": "NVSS J232914+375414       ", "ASSOC2": "                          ", "Flags": 0, "source_id": 2971}