{"Source_Name": "3FGL J1333.7+5057 ", "RAJ2000": 203.42559814453125, "DEJ2000": 50.9541015625, "GLON": 107.15442657470703, "GLAT": 64.85981750488281, "Conf_68_SemiMajor": 0.037990402430295944, "Conf_68_SemiMinor": 0.03651025518774986, "Conf_68_PosAng": 54.47999954223633, "Conf_95_SemiMajor": 0.06159999966621399, "Conf_95_SemiMinor": 0.05920000001788139, "Conf_95_PosAng": 54.47999954223633, "ROI_num": 740, "Signif_Avg": 14.895943641662598, "Pivot_Energy": 721.3809204101562, "Flux_Density": 2.3410351348424063e-12, "Unc_Flux_Density": 1.960164750782964e-13, "Flux1000": 6.919809725225434e-10, "Unc_Flux1000": 7.569549848041035e-11, "Energy_Flux100": 1.0145569280528566e-11, "Unc_Energy_Flux100": 8.607027308753235e-13, "Signif_Curve": 0.09802723675966263, "SpectrumType": "PowerLaw        ", "Spectral_Index": 2.496218204498291, "Unc_Spectral_Index": 0.07115568965673447, "beta": null, "Unc_beta": null, "Cutoff": null, "Unc_Cutoff": null, "Exp_Index": null, "Unc_Exp_Index": null, "PowerLaw_Index": 2.496218204498291, "Flux30_100": null, "Unc_Flux30_100": null, "nuFnu30_100": null, "Sqrt_TS30_100": null, "Flux100_300": 1.5522978458193393e-08, "Unc_Flux100_300": [-3.3593574588763886e-09, 3.4052045627674943e-09], "nuFnu100_300": 3.555263722310187e-12, "Sqrt_TS100_300": 4.734901428222656, "Flux300_1000": 3.599524900366191e-09, "Unc_Flux300_1000": [-4.2382006237851044e-10, 4.3670486671310016e-10], "nuFnu300_1000": 2.33383494821493e-12, "Sqrt_TS300_1000": 9.852302551269531, "Flux1000_3000": 4.862389380022591e-10, "Unc_Flux1000_3000": [-8.447649524345735e-11, 9.088910180032883e-11], "nuFnu1000_3000": 1.1136442245804345e-12, "Sqrt_TS1000_3000": 7.833626747131348, "Flux3000_10000": 1.3696958844899854e-10, "Unc_Flux3000_10000": [-3.268179130100357e-11, 3.7621090270834046e-11], "nuFnu3000_10000": 8.88073848400589e-13, "Sqrt_TS3000_10000": 6.77650785446167, "Flux10000_100000": 1.9379957708065554e-11, "Unc_Flux10000_100000": [-9.708830094046217e-12, 1.416733310527496e-11], "nuFnu10000_100000": 2.859655058324445e-13, "Sqrt_TS10000_100000": 3.5021462440490723, "Variability_Index": 166.84169006347656, "Signif_Peak": 8.948822975158691, "Flux_Peak": 1.311175736873338e-07, "Unc_Flux_Peak": 1.997313603396833e-08, "Time_Peak": 240644992.0, "Peak_Interval": 2630000.0, "Flux_History": [1.311175736873338e-07, 7.339662744243469e-08, 3.598944431359996e-08, 3.997573827518863e-08, 5.47641292314438e-08, 5.853997464555505e-08, 1.6758566090402383e-08, 8.510320781418557e-10, 3.091852551762031e-09, 9.14868092394272e-09, 1.7596406109987583e-08, 1.0807205796936614e-08, 3.6994702412584957e-08, 1.2270493066068866e-08, 7.359234555082139e-09, 6.005963282262883e-09, 4.373250561684472e-08, 5.807299885418615e-08, 4.382885165910011e-08, 2.1918398207532164e-09, 3.1634176167472106e-08, 1.1173710845469031e-08, 6.6446323998548e-09, 6.023439969027322e-09, 1.869001309273699e-08, 3.8562436799338684e-08, 2.2723858350559567e-08, 5.640726996603007e-09, 0.0, 1.624490764129405e-08, 1.105577496218757e-08, 0.0, 1.1957317802568923e-08, 7.747368080401884e-09, 1.5235901429377918e-08, 8.785343119654954e-09, 1.1042037506570068e-08, 8.117893912640284e-09, 0.0, 1.5186746082918035e-08, 0.0, 9.600664263587078e-09, 2.3512327640418107e-09, 2.014433730934684e-09, 1.0259096683284952e-08, 1.943399929871248e-08, 0.0, 2.2169019953111047e-09], "Unc_Flux_History": [[-1.997313603396833e-08, 2.1381408643605937e-08], [-1.4571945428087929e-08, 1.530202986543827e-08], [-1.0787295501302196e-08, 1.1969193636218733e-08], [-1.4399620162919291e-08, 1.5821726151443727e-08], [-1.3363904649565939e-08, 1.4373810586221225e-08], [-1.3534491749567223e-08, 1.4832894024152665e-08], [-1.1256116927427229e-08, 1.311181918595139e-08], [null, 1.540235494701392e-08], [null, 1.1731334126352522e-08], [null, 1.1066474847609697e-08], [-1.0062072952621293e-08, 1.2015553885191821e-08], [-7.900690768281038e-09, 9.586108795645032e-09], [-1.1283917800142262e-08, 1.236431046436337e-08], [-8.638881610067983e-09, 1.0957194263028214e-08], [-6.239103012006808e-09, 8.031144638209753e-09], [null, 1.2157245876665002e-08], [-1.2038411156822804e-08, 1.3342463134335958e-08], [-1.2416258243774791e-08, 1.3366722839691647e-08], [-1.2629813639364329e-08, 1.3519094288483302e-08], [null, 9.711185633420882e-09], [-1.1418098466720039e-08, 1.2691096173966798e-08], [-9.34795174600822e-09, 1.0515473825023491e-08], [null, 1.12890186088066e-08], [null, 1.1781684960965322e-08], [-8.426804143368827e-09, 9.974838732773605e-09], [-1.3498847373227818e-08, 1.462872045721042e-08], [-9.316860172248198e-09, 1.04469091155579e-08], [null, 1.1479473371878157e-08], [null, 1.1195184335122121e-08], [-1.0243934589482251e-08, 1.1327303539587774e-08], [-9.120364019565841e-09, 1.0723480770025162e-08], [null, 9.484633523015873e-09], [-9.191281513665217e-09, 1.115618353253467e-08], [-6.709255817582971e-09, 8.308457921657464e-09], [-9.621078156385465e-09, 1.1857983039931241e-08], [-7.624977094167207e-09, 9.748920781760262e-09], [-9.868806216672965e-09, 1.213029765523288e-08], [-6.232088622937226e-09, 9.148893198585029e-09], [null, 9.869221884173385e-09], [-9.820168678231767e-09, 1.1125473875495118e-08], [null, 9.465779271522479e-09], [-7.054373529769009e-09, 1.0031407704502726e-08], [null, 1.0833901775697541e-08], [null, 1.0002838557454652e-08], [-6.502117955164977e-09, 8.796267714217265e-09], [-1.1259505328098385e-08, 1.2897149126445129e-08], [null, 1.1476039674107597e-08], [null, 1.0242999337606307e-08]], "Extended_Source_Name": "                  ", "0FGL_Name": "0FGL J1333.3+5058", "1FGL_Name": "1FGL J1333.2+5056 ", "2FGL_Name": "2FGL J1333.5+5058 ", "1FHL_Name": "                  ", "ASSOC_GAM1": "               ", "ASSOC_GAM2": "              ", "ASSOC_GAM3": "               ", "TEVCAT_FLAG": "N", "ASSOC_TEV": "                     ", "CLASS1": "fsrq ", "ASSOC1": "CLASS J1333+5057          ", "ASSOC2": "                          ", "Flags": 0, "catalog_row_index": 1649}