{"Source_Name": "3FHL J0506.9+0323 ", "RAJ2000": 76.72785949707031, "DEJ2000": 3.394984245300293, "GLON": 197.15670776367188, "GLAT": -21.363948822021484, "Conf_95_SemiMajor": 0.0399269200861454, "Conf_95_SemiMinor": 0.0399269200861454, "Conf_95_PosAng": null, "ROI_num": 120, "Signif_Avg": 6.203102111816406, "Pivot_Energy": 25.819530487060547, "Flux_Density": 6.20904749056711e-13, "Unc_Flux_Density": 2.0708749385450753e-13, "Flux": 4.116779139806681e-11, "Unc_Flux": 1.3778284069232427e-11, "Energy_Flux": 2.643671956695237e-12, "Unc_Energy_Flux": 1.4147184942622792e-12, "Signif_Curve": 1.3615541458129883, "SpectrumType": "PowerLaw   ", "Spectral_Index": 1.633318543434143, "Unc_Spectral_Index": 0.6033098101615906, "beta": 0.6340768933296204, "Unc_beta": 0.5695841908454895, "PowerLaw_Index": 2.115121841430664, "Unc_PowerLaw_Index": 0.3634170889854431, "Flux_Band": [2.3734231593963706e-11, 1.4216678181910858e-11, 3.29992782231725e-12, 3.018473251868532e-18, 1.4229105201979552e-24], "Unc_Flux_Band": [[-9.541248000011215e-12, 1.233826409097194e-11], [-6.304134297918651e-12, 9.382722029882551e-12], [-2.403523343894043e-12, 4.903216287849288e-12], [null, 5.4657203242547414e-12], [null, 6.117353585494145e-12]], "nuFnu": [7.569766753527662e-13, 7.531722099295146e-13, 3.9202189129443343e-13, 1.0222653697593714e-18, 1.4928712412231595e-24], "Sqrt_TS_Band": [4.712399482727051, 4.869309902191162, 2.0387744903564453, 0.0, 0.0], "Npred": 11.392261505126953, "HEP_Energy": 97.01290130615234, "HEP_Prob": 0.9678962230682373, "Variability_BayesBlocks": 1, "Extended_Source_Name": "                  ", "ASSOC_GAM": "3FGL J0506.9+0321 ", "TEVCAT_FLAG": "N", "ASSOC_TEV": "                     ", "CLASS": "       ", "ASSOC1": "                          ", "ASSOC2": "                          ", "ASSOC_PROB_BAY": 0.0, "ASSOC_PROB_LR": 0.0, "Redshift": null, "NuPeak_obs": null, "catalog_row_index": 324}