{"Source_Name": "3FGL J1932.2+1916 ", "RAJ2000": 293.05810546875, "DEJ2000": 19.26759910583496, "GLON": 54.64145278930664, "GLAT": 0.09777109324932098, "Conf_68_SemiMajor": 0.029171200469136238, "Conf_68_SemiMinor": 0.026765964925289154, "Conf_68_PosAng": 83.8499984741211, "Conf_95_SemiMajor": 0.04729999974370003, "Conf_95_SemiMinor": 0.04340000078082085, "Conf_95_PosAng": 83.8499984741211, "ROI_num": 60, "Signif_Avg": 24.815776824951172, "Pivot_Energy": 1365.3624267578125, "Flux_Density": 6.566649567857352e-12, "Unc_Flux_Density": 3.6367748547892764e-13, "Flux1000": 7.83407205773301e-09, "Unc_Flux1000": 4.2105910424972137e-10, "Energy_Flux100": 6.56762352835294e-11, "Unc_Energy_Flux100": 3.695330499930982e-12, "Signif_Curve": 11.507108688354492, "SpectrumType": "PLExpCutoff     ", "Spectral_Index": 1.4824165105819702, "Unc_Spectral_Index": 0.12783966958522797, "beta": null, "Unc_beta": null, "Cutoff": 1344.1744384765625, "Unc_Cutoff": 217.3089599609375, "Exp_Index": 1.0, "Unc_Exp_Index": null, "PowerLaw_Index": 2.410205602645874, "Flux30_100": null, "Unc_Flux30_100": null, "nuFnu30_100": null, "Sqrt_TS30_100": null, "Flux100_300": 8.550028240961183e-08, "Unc_Flux100_300": [-1.2188491993470052e-08, 1.0807537087487162e-08], "nuFnu100_300": 2.1355523252553077e-11, "Sqrt_TS100_300": 6.842911720275879, "Flux300_1000": 3.393920167127362e-08, "Unc_Flux300_1000": [-2.2267183652502354e-09, 2.2267183652502354e-09], "nuFnu300_1000": 2.3607213406329208e-11, "Sqrt_TS300_1000": 16.489402770996094, "Flux1000_3000": 6.449056400015252e-09, "Unc_Flux1000_3000": [-4.843551115740752e-10, 4.843551115740752e-10], "nuFnu1000_3000": 1.439822133048052e-11, "Sqrt_TS1000_3000": 15.859040260314941, "Flux3000_10000": 6.650344164249589e-10, "Unc_Flux3000_10000": [-1.1343742611913399e-10, 1.2160941698091676e-10], "nuFnu3000_10000": 3.4718217883922264e-12, "Sqrt_TS3000_10000": 7.288663387298584, "Flux10000_100000": 2.979052074469912e-11, "Unc_Flux10000_100000": [-1.7679311140050835e-11, 2.4202882753510124e-11], "nuFnu10000_100000": 2.7601689380277183e-13, "Sqrt_TS10000_100000": 2.0912363529205322, "Variability_Index": 47.9342155456543, "Signif_Peak": null, "Flux_Peak": null, "Unc_Flux_Peak": null, "Time_Peak": null, "Peak_Interval": null, "Flux_History": [1.0570441588697577e-07, 1.3149059441275313e-07, 6.782564554441706e-08, 1.2332323251484922e-07, 1.0447168818927821e-07, 1.2385029890538135e-07, 1.5123593755106413e-07, 1.1336592820043734e-07, 1.5614014614584448e-07, 1.0027826391478811e-07, 7.390459444422959e-08, 1.4771693201964808e-07, 1.3607009918814583e-07, 9.820588076081549e-08, 1.2018793427159835e-07, 1.1109769815220716e-07, 1.0833451824510121e-07, 1.2928254022881447e-07, 1.3639171925206028e-07, 5.957465987194155e-08, 1.42345015774481e-07, 7.477566299485261e-08, 1.2508715485637367e-07, 9.712357496027835e-08, 1.0222897373068918e-07, 3.537817860888026e-08, 1.021413069679511e-07, 1.511177600832525e-07, 1.6893297072329005e-07, 1.4630627731548884e-07, 5.454931084614145e-08, 1.0693867835698256e-07, 9.884149676508969e-08, 6.738505931025429e-08, 1.3970965540011093e-07, 1.4503299894386146e-07, 8.722444277964314e-08, 8.780589411117035e-08, 5.3270206024080835e-08, 9.626126029615989e-08, 9.665322409091459e-08, 1.5505061412568466e-07, 7.802388068967048e-08, 1.319896654194963e-07, 1.425445930181013e-07, 1.3289817957229388e-07, 1.601732719791471e-07, 1.2451098996280052e-07], "Unc_Flux_History": [[-2.7947743674872072e-08, 2.929567699538893e-08], [-3.2172284392117945e-08, 3.2579567488255634e-08], [-2.48391582857721e-08, 2.6249272977452165e-08], [-2.9327921424737724e-08, 3.111872359795598e-08], [-2.7567491400759536e-08, 2.8776367955174464e-08], [-3.179454566293316e-08, 3.192169373278375e-08], [-3.14528172395967e-08, 3.314951868560456e-08], [-2.8935975393551416e-08, 3.034902107401649e-08], [-3.2701883867503057e-08, 3.403907911092574e-08], [-2.647930408272714e-08, 2.8345771951876486e-08], [-2.8849219901871948e-08, 3.098542578072738e-08], [-2.8912632288324858e-08, 3.0518574334337245e-08], [-2.939507481869441e-08, 3.028610606747861e-08], [-3.025338912721054e-08, 3.225954614549664e-08], [-3.2980217667955e-08, 3.4780413216140005e-08], [-3.133961001822172e-08, 3.342491439184414e-08], [-3.2823852080809957e-08, 3.506090706650866e-08], [-3.448895924407225e-08, 3.625514466421009e-08], [-3.4456718367437134e-08, 3.628385769616216e-08], [-3.1037188819027506e-08, 3.345182975067473e-08], [-3.215579980064831e-08, 3.342032783848481e-08], [-3.062421782829006e-08, 3.271878767918679e-08], [-3.5303973078271156e-08, 3.7020715382141134e-08], [-3.244608848262942e-08, 3.397649805947367e-08], [-3.114488933420034e-08, 3.2816508621635876e-08], [-2.9037119375630027e-08, 3.2155725193661056e-08], [-2.95266726624277e-08, 3.103968992945738e-08], [-3.335107834345763e-08, 3.5361608752282336e-08], [-3.587147290318171e-08, 3.860125019627958e-08], [-3.19381427971166e-08, 3.341668630696404e-08], [-3.233279599612615e-08, 3.5836954737078486e-08], [-3.0765175296210145e-08, 3.16283781387483e-08], [-3.238839596519938e-08, 3.404055703981612e-08], [-2.7964384585743574e-08, 2.9521524780307118e-08], [-3.3680034761118804e-08, 3.518213986808405e-08], [-3.2229330315658444e-08, 3.402412573905167e-08], [-3.19936468429205e-08, 3.365709133618111e-08], [-3.511716073489879e-08, 3.733600451027996e-08], [-2.9203764739804683e-08, 3.196914732939149e-08], [-3.049679975219988e-08, 3.226532641065205e-08], [-3.0708431353332344e-08, 3.302059070620089e-08], [-3.391853908851772e-08, 3.6310854767407363e-08], [-3.0980498166854886e-08, 3.323847153069437e-08], [-3.3245886044142026e-08, 3.487203414920259e-08], [-3.156263872483578e-08, 3.270463011517677e-08], [-3.210370280726238e-08, 3.3432336010719155e-08], [-3.426155359420591e-08, 3.6042948181602696e-08], [-3.379953028570526e-08, 3.573567042280956e-08]], "Extended_Source_Name": "                  ", "0FGL_Name": "                 ", "1FGL_Name": "1FGL J1932.1+1914c", "2FGL_Name": "2FGL J1932.1+1913 ", "1FHL_Name": "                  ", "ASSOC_GAM1": "               ", "ASSOC_GAM2": "              ", "ASSOC_GAM3": "               ", "TEVCAT_FLAG": "N", "ASSOC_TEV": "                     ", "CLASS1": "PSR  ", "ASSOC1": "LAT PSR J1932+1916        ", "ASSOC2": "                          ", "Flags": 4, "catalog_row_index": 2515}