{"Source_Name": "3FGL J1311.8-6230 ", "RAJ2000": 197.96820068359375, "DEJ2000": -62.507198333740234, "GLON": 305.2882995605469, "GLAT": 0.2709760367870331, "Conf_68_SemiMajor": 0.046192873269319534, "Conf_68_SemiMinor": 0.03786705434322357, "Conf_68_PosAng": 20.799999237060547, "Conf_95_SemiMajor": 0.07490000128746033, "Conf_95_SemiMinor": 0.061400000005960464, "Conf_95_PosAng": 20.799999237060547, "ROI_num": 13, "Signif_Avg": 9.279635429382324, "Pivot_Energy": 1141.623046875, "Flux_Density": 2.7659140169195018e-12, "Unc_Flux_Density": 3.0333941196565573e-13, "Flux1000": 2.624279904495097e-09, "Unc_Flux1000": 3.0526264849228824e-10, "Energy_Flux100": 3.684774360634968e-11, "Unc_Energy_Flux100": 4.296260829733667e-12, "Signif_Curve": 0.7782720923423767, "SpectrumType": "PowerLaw        ", "Spectral_Index": 2.4584250450134277, "Unc_Spectral_Index": 0.07104121148586273, "beta": null, "Unc_beta": null, "Cutoff": null, "Unc_Cutoff": null, "Exp_Index": null, "Unc_Exp_Index": null, "PowerLaw_Index": 2.4584250450134277, "Flux30_100": null, "Unc_Flux30_100": null, "nuFnu30_100": null, "Sqrt_TS30_100": null, "Flux100_300": 6.893439774557919e-08, "Unc_Flux100_300": [-1.0885772283586448e-08, 1.1005150568621502e-08], "nuFnu100_300": 1.5844797696118462e-11, "Sqrt_TS100_300": 4.150630950927734, "Flux300_1000": 1.7095732829375265e-08, "Unc_Flux300_1000": [-2.765218720668372e-09, 2.721599390298479e-09], "nuFnu300_1000": 1.1131591308444211e-11, "Sqrt_TS300_1000": 6.378974437713623, "Flux1000_3000": 2.1194048738237825e-09, "Unc_Flux1000_3000": [-4.413637233469103e-10, 4.4166251211841256e-10], "nuFnu1000_3000": 4.871522456262323e-12, "Sqrt_TS1000_3000": 5.10784912109375, "Flux3000_10000": 4.771855688368021e-10, "Unc_Flux3000_10000": [-1.0906942710109391e-10, 1.1774844987932909e-10], "nuFnu3000_10000": 3.1071113563985175e-12, "Sqrt_TS3000_10000": 5.122361660003662, "Flux10000_100000": 6.855828404983555e-11, "Unc_Flux10000_100000": [-2.922247513414966e-11, 3.5762667133232284e-11], "nuFnu10000_100000": 1.0249848929680394e-12, "Sqrt_TS10000_100000": 3.2232108116149902, "Variability_Index": 46.18796157836914, "Signif_Peak": null, "Flux_Peak": null, "Unc_Flux_Peak": null, "Time_Peak": null, "Peak_Interval": null, "Flux_History": [1.2837308815960569e-07, 5.4133519000743036e-08, 4.14383904967508e-08, 7.070181595736358e-08, 1.578227113441244e-07, 0.0, 4.410217080419443e-09, 1.089067538373456e-07, 3.5538104015131466e-08, 3.966465911275918e-08, 1.783413239309084e-07, 4.6900726857757036e-08, 0.0, 1.0133619809948868e-07, 3.715398433357109e-09, 5.454715434893842e-08, 6.769218430235924e-08, 3.8217823572495035e-08, 6.698293475437822e-08, 8.187119959757183e-08, 6.5539396132408e-08, 6.008267661172795e-08, 4.5246601132475917e-08, 3.1546033341101065e-08, 4.4680362520921335e-08, 8.083186742169346e-08, 2.6339630920801937e-08, 6.376428984822269e-08, 8.408251517266763e-08, 1.322992773111764e-07, 1.8821634739651927e-07, 9.556716662473264e-08, 9.513834164920354e-09, 3.9604966417527976e-08, 8.504999016167858e-08, 4.9310678207348246e-08, 1.0855219301220131e-07, 7.998271911446864e-08, 4.690065225076978e-09, 1.3723580138957914e-07, 2.9352470676258235e-08, 2.1675226946626935e-08, 5.673345526702178e-08, 1.3674176102540514e-07, 5.1967766978577856e-08, 9.318553395587514e-08, 4.0089911834684244e-08, 3.513291702006427e-08], "Unc_Flux_History": [[-5.7051845914202204e-08, 6.101811322878348e-08], [-5.209523479265954e-08, 5.477646070062292e-08], [null, 4.955666810246839e-08], [-5.1081919139051024e-08, 5.2154540242099756e-08], [-5.380936940468928e-08, 5.66456712647323e-08], [null, 5.559154914180908e-08], [null, 5.352735854557977e-08], [-5.520153933957772e-08, 6.018587583866974e-08], [null, 4.665242769874567e-08], [null, 5.323479967955791e-08], [-5.3444185965645374e-08, 5.560506366464324e-08], [null, 4.882537041339674e-08], [null, 3.8321758211168344e-08], [-4.1806227812912766e-08, 4.35933635856145e-08], [null, 4.618788551624675e-08], [-4.328099478811964e-08, 4.621339755317422e-08], [-4.2192716875888436e-08, 4.357525895670733e-08], [null, 4.177615053890804e-08], [-3.851268459698076e-08, 4.1283705343175825e-08], [-5.286687709826765e-08, 5.465027896889296e-08], [-4.4666439436014116e-08, 4.610721049402855e-08], [-4.583570145655358e-08, 5.120609003483878e-08], [-3.477906673765574e-08, 3.890675870366067e-08], [null, 3.502888645812163e-08], [null, 4.521530527767936e-08], [-4.7904226363471025e-08, 4.9190376216756704e-08], [null, 4.496320471503168e-08], [-3.8818754433123104e-08, 4.178906465313048e-08], [-4.963107969047087e-08, 5.035211003701079e-08], [-4.461204028416432e-08, 4.680215326402504e-08], [-4.6852573376554574e-08, 4.825571764399683e-08], [-5.1559190694661083e-08, 5.2877968670372866e-08], [null, 4.436052236655996e-08], [null, 4.711796464107465e-08], [-3.708763074428134e-08, 3.940784054634605e-08], [-4.0872158990623575e-08, 4.611318615843629e-08], [-4.112881413220748e-08, 4.2440124303766424e-08], [-5.079270692931459e-08, 5.2589012256021306e-08], [null, 4.700508426935812e-08], [-4.1448885212957975e-08, 4.155943145178753e-08], [null, 5.313506434845294e-08], [null, 3.421404315417931e-08], [-4.990419455452866e-08, 5.168110206454912e-08], [-4.952349641484943e-08, 5.0580776900233104e-08], [-4.260487074247976e-08, 4.746333814864556e-08], [-4.120971297538745e-08, 4.4015788347451235e-08], [null, 3.755799582449981e-08], [null, 4.9942851632067686e-08]], "Extended_Source_Name": "                  ", "0FGL_Name": "                 ", "1FGL_Name": "                  ", "2FGL_Name": "                  ", "1FHL_Name": "                  ", "ASSOC_GAM1": "               ", "ASSOC_GAM2": "              ", "ASSOC_GAM3": "               ", "TEVCAT_FLAG": "N", "ASSOC_TEV": "                     ", "CLASS1": "     ", "ASSOC1": "                          ", "ASSOC2": "                          ", "Flags": 0, "source_id": 1595}