{"Source_Name": "3FHL J1330.5+7002 ", "RAJ2000": 202.63648986816406, "DEJ2000": 70.04463195800781, "GLON": 118.08309173583984, "GLAT": 46.71369934082031, "Conf_95_SemiMajor": 0.04199836775660515, "Conf_95_SemiMinor": 0.04199836775660515, "Conf_95_PosAng": null, "ROI_num": 546, "Signif_Avg": 7.998027324676514, "Pivot_Energy": 21.563810348510742, "Flux_Density": 9.26268176743017e-13, "Unc_Flux_Density": 2.4446910424844037e-13, "Flux": 4.162672637142428e-11, "Unc_Flux": 1.0983638477901625e-11, "Energy_Flux": 2.185395744577767e-12, "Unc_Energy_Flux": 9.522803552652892e-13, "Signif_Curve": 2.5818140506744385, "SpectrumType": "PowerLaw   ", "Spectral_Index": 1.521609902381897, "Unc_Spectral_Index": 0.49352359771728516, "beta": 0.9954448938369751, "Unc_beta": 0.06970138102769852, "PowerLaw_Index": 2.2925848960876465, "Unc_PowerLaw_Index": 0.33595868945121765, "Flux_Band": [2.1338427552697325e-11, 2.1870352751029998e-11, 8.677745112114871e-23, 3.7929728405186193e-17, 4.691252480493693e-19], "Unc_Flux_Band": [[-6.867202553134666e-12, 8.55924445902767e-12], [-7.177820404019597e-12, 8.904904591489071e-12], [null, 3.903999953175363e-12], [null, 3.8318818604277105e-12], [null, 3.900379585281e-12]], "nuFnu": [6.758117286273513e-13, 1.1446858001404325e-12, 1.0132587005983704e-23, 1.2583968141940664e-17, 4.791087493562132e-19], "Sqrt_TS_Band": [6.563907146453857, 6.192457675933838, 0.0, 0.0, 0.0], "Npred": 17.62080955505371, "HEP_Energy": 48.684898376464844, "HEP_Prob": 0.9891096949577332, "Variability_BayesBlocks": 1, "Extended_Source_Name": "                  ", "ASSOC_GAM": "3FGL J1330.6+7002 ", "TEVCAT_FLAG": "N", "ASSOC_TEV": "                     ", "CLASS": "bll    ", "ASSOC1": "NVSS J133025+700141       ", "ASSOC2": "                          ", "ASSOC_PROB_BAY": 0.999630331993103, "ASSOC_PROB_LR": 0.9462776780128479, "Redshift": null, "NuPeak_obs": 208929472643072.0, "source_id": 871}