{"Source_Name": "3FGL J0907.0-4802 ", "RAJ2000": 136.75390625, "DEJ2000": -48.042999267578125, "GLON": 269.2234191894531, "GLAT": -0.4163619875907898, "Conf_68_SemiMajor": 0.0822097510099411, "Conf_68_SemiMinor": 0.05630720406770706, "Conf_68_PosAng": 26.389999389648438, "Conf_95_SemiMajor": 0.13330000638961792, "Conf_95_SemiMinor": 0.09130000323057175, "Conf_95_PosAng": 26.389999389648438, "ROI_num": 6, "Signif_Avg": 7.929419040679932, "Pivot_Energy": 1372.85693359375, "Flux_Density": 1.8155804550751276e-12, "Unc_Flux_Density": 2.455363386569265e-13, "Flux1000": 2.199251669665614e-09, "Unc_Flux1000": 2.9618690833288497e-10, "Energy_Flux100": 1.5928746169291408e-11, "Unc_Energy_Flux100": 2.7871058325829035e-12, "Signif_Curve": 5.362691879272461, "SpectrumType": "LogParabola     ", "Spectral_Index": 2.6750664710998535, "Unc_Spectral_Index": 0.20625004172325134, "beta": 0.5446641445159912, "Unc_beta": 0.14587347209453583, "Cutoff": null, "Unc_Cutoff": null, "Exp_Index": null, "Unc_Exp_Index": null, "PowerLaw_Index": 2.4190332889556885, "Flux30_100": null, "Unc_Flux30_100": null, "nuFnu30_100": null, "Sqrt_TS30_100": null, "Flux100_300": 4.1243777056804154e-13, "Unc_Flux100_300": [null, 1.0288651708378893e-08], "nuFnu100_300": 1.1578201882115398e-16, "Sqrt_TS100_300": 0.0, "Flux300_1000": 8.715402621817248e-09, "Unc_Flux300_1000": [-1.9004338103201235e-09, 1.9418933128179106e-09], "nuFnu300_1000": 6.220417844010617e-12, "Sqrt_TS300_1000": 4.742694854736328, "Flux1000_3000": 1.4131423808905197e-09, "Unc_Flux1000_3000": [-3.3204594629410167e-10, 3.4250050018336253e-10], "nuFnu1000_3000": 3.1105827549143816e-12, "Sqrt_TS1000_3000": 4.5501837730407715, "Flux3000_10000": 1.8466859985633022e-10, "Unc_Flux3000_10000": [-6.798065582680479e-11, 7.565434390066628e-11], "nuFnu3000_10000": 1.0192922894614043e-12, "Sqrt_TS3000_10000": 3.1278462409973145, "Flux10000_100000": 4.099371378783008e-15, "Unc_Flux10000_100000": [null, 2.0798985797543246e-11], "nuFnu10000_100000": 3.798173490465863e-17, "Sqrt_TS10000_100000": 0.0, "Variability_Index": 40.75498580932617, "Signif_Peak": null, "Flux_Peak": null, "Unc_Flux_Peak": null, "Time_Peak": null, "Peak_Interval": null, "Flux_History": [2.3334209231506975e-08, 2.882089455980008e-09, 0.0, 1.1469195593249992e-09, 9.247806964651772e-09, 2.300767754093158e-08, 7.231591769851775e-09, 1.9907776760419438e-08, 3.637272882883735e-08, 1.4018414873362417e-08, 3.628178646408742e-08, 1.8040465121771376e-08, 1.715998720897005e-08, 0.0, 2.74372755626473e-08, 1.5480786430543958e-08, 4.8526864304676565e-08, 1.529296866920049e-08, 0.0, 3.794884051444569e-08, 1.5830051935949996e-08, 1.6546305658948768e-08, 2.8124144790808714e-08, 1.330211585326424e-08, 2.592970638204406e-08, 3.5059294134498487e-08, 2.645294294723044e-08, 2.7519668321929203e-08, 1.778309766109487e-08, 1.2750909661463083e-08, 1.8311651084346181e-09, 5.359259702686359e-09, 7.713503435979874e-08, 1.0860300214687868e-08, 2.1584366294291613e-08, 2.224998674194012e-08, 3.9129151474526225e-08, 4.8708246325190885e-09, 3.702227502344613e-08, 2.383998243260521e-08, 2.5879723253297016e-08, 1.6890973952854438e-08, 2.3649260327829325e-08, 3.644404955593927e-08, 1.6920164824796302e-08, 3.78713984616752e-08, 0.0, 3.19633635115224e-08], "Unc_Flux_History": [[-1.8605149421091483e-08, 2.0753114782223747e-08], [null, 1.4627642208608904e-08], [null, 1.7295393561767014e-08], [null, 1.7043879196876333e-08], [null, 1.662893645004715e-08], [-1.646271563515711e-08, 1.7858958756278298e-08], [null, 1.5004168574250798e-08], [-1.5662184438269833e-08, 1.8603330431687937e-08], [-1.6724820639524296e-08, 1.8130064560750725e-08], [-1.3914522867253254e-08, 1.6870778551947296e-08], [-1.610774447158292e-08, 1.814609973393999e-08], [-1.482047196077474e-08, 1.7117709916192325e-08], [-1.4930277458802266e-08, 1.726169607252359e-08], [null, 1.3651958674643083e-08], [-1.713342001607998e-08, 1.9160633968340335e-08], [-1.0908086878202994e-08, 1.2599963739035047e-08], [-1.9986307719932483e-08, 2.1759127832865488e-08], [-1.389285309016941e-08, 1.5884813464595027e-08], [null, 1.0209229017732468e-08], [-1.7184476064358023e-08, 1.903032753602929e-08], [-1.285114858973202e-08, 1.4587578256453071e-08], [-1.3772384122034964e-08, 1.6459237528465565e-08], [-1.4458464647759683e-08, 1.5796823404912175e-08], [null, 1.606328048353589e-08], [-1.4598615649674684e-08, 1.6262776014741576e-08], [-1.7531569085349474e-08, 1.96651956940741e-08], [-1.759425849456875e-08, 1.9604103229653447e-08], [-1.3991653169398433e-08, 1.5133048592019804e-08], [-1.6311792805367986e-08, 1.840683339082716e-08], [-1.128398441352374e-08, 1.273397920442676e-08], [null, 1.6938757951834305e-08], [null, 1.3427742473481885e-08], [-2.331355020146475e-08, 2.4865297376663875e-08], [null, 1.4232107936607008e-08], [-1.3455641045823086e-08, 1.4656881930363852e-08], [-1.876743560558225e-08, 2.152558131740534e-08], [-1.5465888125731908e-08, 1.716331254897341e-08], [null, 1.8806137092042263e-08], [-1.5152535226548025e-08, 1.6343516762162835e-08], [-1.4832870931513753e-08, 1.633420332325386e-08], [-1.670644955709122e-08, 1.8524305644973538e-08], [-1.293564810822545e-08, 1.503534718949595e-08], [-1.995856280245789e-08, 2.2728483983769365e-08], [-1.5737342096144857e-08, 1.7123952034125978e-08], [null, 1.958951756364513e-08], [-1.5348605941767346e-08, 1.6808147762503722e-08], [null, 1.6202655217512074e-08], [-2.1141179473715965e-08, 2.2714763403541838e-08]], "Extended_Source_Name": "                  ", "0FGL_Name": "                 ", "1FGL_Name": "                  ", "2FGL_Name": "                  ", "1FHL_Name": "                  ", "ASSOC_GAM1": "               ", "ASSOC_GAM2": "              ", "ASSOC_GAM3": "               ", "TEVCAT_FLAG": "N", "ASSOC_TEV": "                     ", "CLASS1": "     ", "ASSOC1": "                          ", "ASSOC2": "                          ", "Flags": 285, "source_id": 1035}