{"Source_Name": "3FGL J0534.0+6759 ", "RAJ2000": 83.50370025634766, "DEJ2000": 67.99980163574219, "GLON": 144.77392578125, "GLAT": 18.19688606262207, "Conf_68_SemiMajor": 0.02836945466697216, "Conf_68_SemiMinor": 0.025470836088061333, "Conf_68_PosAng": 21.600000381469727, "Conf_95_SemiMajor": 0.04600000008940697, "Conf_95_SemiMinor": 0.04129999876022339, "Conf_95_PosAng": 21.600000381469727, "ROI_num": 547, "Signif_Avg": 18.33897590637207, "Pivot_Energy": 1362.4395751953125, "Flux_Density": 8.304230783920397e-13, "Unc_Flux_Density": 7.279522443821504e-14, "Flux1000": 1.3974826851281819e-09, "Unc_Flux1000": 1.1573185465518776e-10, "Energy_Flux100": 9.569860529023977e-12, "Unc_Energy_Flux100": 8.917794887958186e-13, "Signif_Curve": 4.999042510986328, "SpectrumType": "PLExpCutoff     ", "Spectral_Index": 1.5524303913116455, "Unc_Spectral_Index": 0.16083621978759766, "beta": null, "Unc_beta": null, "Cutoff": 5620.818359375, "Unc_Cutoff": 1697.2725830078125, "Exp_Index": 1.0, "Unc_Exp_Index": null, "PowerLaw_Index": 2.089755058288574, "Flux30_100": null, "Unc_Flux30_100": null, "nuFnu30_100": null, "Sqrt_TS30_100": null, "Flux100_300": 8.9402298897312e-09, "Unc_Flux100_300": [-2.635899942760034e-09, 2.603591564565022e-09], "nuFnu100_300": 2.2392831946355107e-12, "Sqrt_TS100_300": 3.4316654205322266, "Flux300_1000": 2.2023594059561447e-09, "Unc_Flux300_1000": [-4.116972873724478e-10, 4.2340098094229006e-10], "nuFnu300_1000": 1.5764553291247596e-12, "Sqrt_TS300_1000": 5.637248992919922, "Flux1000_3000": 1.0479856982215097e-09, "Unc_Flux1000_3000": [-1.1957186629718564e-10, 1.2516890302016748e-10], "nuFnu1000_3000": 2.5532837562985966e-12, "Sqrt_TS1000_3000": 12.00428295135498, "Flux3000_10000": 3.415130123141097e-10, "Unc_Flux3000_10000": [-4.854190660541491e-11, 5.256738447312337e-11], "nuFnu3000_10000": 2.2066955467775484e-12, "Sqrt_TS3000_10000": 12.239791870117188, "Flux10000_100000": 2.5886603624569737e-11, "Unc_Flux10000_100000": [-1.193242379904369e-11, 1.5860935828615474e-11], "nuFnu10000_100000": 2.398460932900165e-13, "Sqrt_TS10000_100000": 3.3760178089141846, "Variability_Index": 60.01959991455078, "Signif_Peak": null, "Flux_Peak": null, "Unc_Flux_Peak": null, "Time_Peak": null, "Peak_Interval": null, "Flux_History": [6.541924335579097e-09, 1.90346245432238e-08, 6.960505505304582e-09, 1.8830027315175357e-08, 1.2059491183435966e-08, 9.03417607389656e-09, 1.0177586773352232e-08, 1.5832476663035777e-08, 0.0, 7.141881752659174e-09, 8.770673076696767e-10, 6.5481331468220105e-09, 6.572936861459766e-09, 7.859052075787076e-09, 1.1792425702594755e-08, 5.436764816124651e-09, 8.004223950308642e-09, 1.1710232783457286e-08, 4.6688986010678946e-09, 4.80065320829226e-09, 2.755906836071631e-09, 2.0396779376596896e-08, 1.58693751473038e-08, 1.3445125901512256e-08, 1.4872369114016237e-08, 1.0862104993236699e-08, 1.1561905211010526e-08, 6.051104062265722e-09, 4.720762891707864e-09, 6.068419544646986e-09, 1.1494870832962079e-08, 2.849136926386109e-09, 3.2245861536495113e-09, 1.7562900467282816e-08, 2.135255305901751e-09, 5.992740081950387e-09, 1.3824841715859293e-08, 7.953361524926095e-09, 3.31029070821387e-09, 5.6434359407830925e-09, 0.0, 1.2029812701541687e-08, 6.450894485254821e-09, 2.038468061016374e-09, 1.61156830102982e-08, 8.64582272441794e-09, 8.279368302055445e-09, 8.453920230522272e-09], "Unc_Flux_History": [[-4.308786216711269e-09, 5.647675216380321e-09], [-5.930175017709871e-09, 6.8237229200462934e-09], [-4.0094501052578835e-09, 4.512803908340857e-09], [-5.664318791787082e-09, 6.447212097526744e-09], [-5.3884043893503986e-09, 6.469802471542607e-09], [-4.295289901534716e-09, 5.4336730670456745e-09], [-5.022819493660791e-09, 5.59187895987634e-09], [-6.297645960273712e-09, 7.361427911689589e-09], [null, 3.795874281564693e-09], [-4.3216954459524e-09, 5.560794047454465e-09], [null, 5.082615217588682e-09], [-3.5610294712995483e-09, 4.618183613303017e-09], [-3.3944638211380607e-09, 4.419176580228168e-09], [-3.78394560129891e-09, 4.741999237722894e-09], [-5.1924171629025295e-09, 5.982686790417802e-09], [-2.9583087091111793e-09, 4.007112419657233e-09], [-3.663409353649172e-09, 4.303247091996809e-09], [-4.664229891204741e-09, 5.499652289131518e-09], [-3.1289033586290316e-09, 4.069925729766055e-09], [-4.220654936659685e-09, 5.2276867279488215e-09], [null, 4.769217021305394e-09], [-5.45832889997655e-09, 6.139423636142283e-09], [-5.029390237609732e-09, 5.8109659306637695e-09], [-4.285124699521248e-09, 4.948329301868171e-09], [-5.417322590517415e-09, 6.251491768693995e-09], [-5.211000964067125e-09, 6.162904853113105e-09], [-4.525480434836027e-09, 5.295163862939489e-09], [-3.263765924188533e-09, 4.037689294023039e-09], [-3.2061324706234018e-09, 4.231991201919527e-09], [-4.0006353785315696e-09, 5.137500647123261e-09], [-4.959946675597848e-09, 5.687373239027238e-09], [null, 4.649799656419873e-09], [-3.1321911730941565e-09, 4.3508694425042904e-09], [-5.502998945416948e-09, 6.2315934634682435e-09], [null, 4.980962309275583e-09], [-3.6552476601059425e-09, 4.538586395597122e-09], [-5.117553047995216e-09, 5.988567419734636e-09], [-4.082127968985105e-09, 5.091481458663338e-09], [-2.812148514053092e-09, 3.859837338637817e-09], [-3.12748671404961e-09, 3.936470260867964e-09], [null, 3.672149917477441e-09], [-4.461281566392472e-09, 5.2254773841298174e-09], [-3.3445755054373194e-09, 4.0615515395359125e-09], [null, 5.217123177914118e-09], [-5.239550571189966e-09, 6.002696117946016e-09], [-4.143974940973294e-09, 5.0512563021243295e-09], [-3.85464637986388e-09, 4.77106532059679e-09], [-4.5351278288308094e-09, 5.526516133613768e-09]], "Extended_Source_Name": "                  ", "0FGL_Name": "                 ", "1FGL_Name": "1FGL J0533.9+6758 ", "2FGL_Name": "2FGL J0533.9+6759 ", "1FHL_Name": "                  ", "ASSOC_GAM1": "               ", "ASSOC_GAM2": "              ", "ASSOC_GAM3": "               ", "TEVCAT_FLAG": "N", "ASSOC_TEV": "                     ", "CLASS1": "PSR  ", "ASSOC1": "PSR J0533+6759            ", "ASSOC2": "                          ", "Flags": 0, "source_id": 618}