{"Source_Name": "3FGL J0332.4+4644 ", "RAJ2000": 53.1234016418457, "DEJ2000": 46.735801696777344, "GLON": 149.4806671142578, "GLAT": -7.666050910949707, "Conf_68_SemiMajor": 0.14659607410430908, "Conf_68_SemiMinor": 0.13463157415390015, "Conf_68_PosAng": 73.38999938964844, "Conf_95_SemiMajor": 0.23770000040531158, "Conf_95_SemiMinor": 0.218299999833107, "Conf_95_PosAng": 73.38999938964844, "ROI_num": 184, "Signif_Avg": 5.491180896759033, "Pivot_Energy": 752.1481323242188, "Flux_Density": 1.4698388990305733e-12, "Unc_Flux_Density": 2.567505669875958e-13, "Flux1000": 4.948947918137492e-10, "Unc_Flux1000": 1.0137236189367016e-10, "Energy_Flux100": 7.031293082493395e-12, "Unc_Energy_Flux100": 1.2350952508996538e-12, "Signif_Curve": 2.50288724899292, "SpectrumType": "PowerLaw        ", "Spectral_Index": 2.4689900875091553, "Unc_Spectral_Index": 0.11156836152076721, "beta": null, "Unc_beta": null, "Cutoff": null, "Unc_Cutoff": null, "Exp_Index": null, "Unc_Exp_Index": null, "PowerLaw_Index": 2.4689900875091553, "Flux30_100": null, "Unc_Flux30_100": null, "nuFnu30_100": null, "Sqrt_TS30_100": null, "Flux100_300": 1.1961839518903616e-08, "Unc_Flux100_300": [-3.810419091365702e-09, 3.821407190685022e-09], "nuFnu100_300": 2.746715181689563e-12, "Sqrt_TS100_300": 3.175203561782837, "Flux300_1000": 3.6571878858637774e-09, "Unc_Flux300_1000": [-7.634990417670906e-10, 7.71396446719308e-10], "nuFnu300_1000": 2.3784839115609246e-12, "Sqrt_TS300_1000": 5.014615535736084, "Flux1000_3000": 3.405138948586739e-10, "Unc_Flux1000_3000": [-1.4073206489051415e-10, 1.5043889745047778e-10], "nuFnu1000_3000": 7.818987970108215e-13, "Sqrt_TS1000_3000": 2.56480073928833, "Flux3000_10000": 5.7205920556135936e-11, "Unc_Flux3000_10000": [-2.9122766698197466e-11, 3.5851748653170645e-11], "nuFnu3000_10000": 3.720436502277491e-13, "Sqrt_TS3000_10000": 2.2848424911499023, "Flux10000_100000": 9.687392381330096e-12, "Unc_Flux10000_100000": [-9.448797647082507e-12, 1.4603682846336952e-11], "nuFnu10000_100000": 1.4429879817076663e-13, "Sqrt_TS10000_100000": 1.0341345071792603, "Variability_Index": 39.38798141479492, "Signif_Peak": null, "Flux_Peak": null, "Unc_Flux_Peak": null, "Time_Peak": null, "Peak_Interval": null, "Flux_History": [2.7700279403575223e-08, 1.2640588131773711e-08, 1.5712373624410247e-08, 4.2994308557808836e-08, 5.96089355653362e-09, 2.003684507201342e-08, 0.0, 2.889203720712885e-08, 3.462693598521582e-08, 0.0, 0.0, 2.3889648037567213e-09, 0.0, 1.141797856263338e-08, 2.926990871898738e-09, 9.25459886502722e-09, 2.510682151068977e-08, 2.3488730960252724e-08, 1.7105296734598596e-08, 3.899215172964432e-08, 2.7328505680657145e-08, 0.0, 2.3506915525217664e-08, 5.835853134072977e-09, 5.2665161121012716e-08, 4.3279182904143454e-08, 7.369280741187367e-09, 2.065385729110858e-08, 3.808274939842704e-08, 2.491314354813312e-08, 3.107538404378829e-08, 0.0, 0.0, 2.603479032359246e-08, 2.1339154443467123e-08, 3.547506466361483e-08, 0.0, 6.272306563026575e-10, 0.0, 3.87588094952207e-09, 2.392960674058031e-08, 1.4336382747615062e-08, 0.0, 2.2692505652344153e-08, 0.0, 0.0, 7.73624542205198e-09, 4.403211129044848e-09], "Unc_Flux_History": [[-1.915375058558766e-08, 2.125282883014279e-08], [null, 1.761409862410801e-08], [null, 1.9465373313209966e-08], [-1.8439999749375602e-08, 2.016911970770252e-08], [null, 2.128223997033274e-08], [-1.7044353484152452e-08, 1.9552194530092493e-08], [null, 1.8187224171128946e-08], [-2.0309400383666798e-08, 2.3314713715194557e-08], [-1.9016454189113574e-08, 2.1343026901377016e-08], [null, 1.6992345308608492e-08], [null, 2.0487144425374026e-08], [null, 2.2094242879688863e-08], [null, 2.0326528016312295e-08], [null, 1.643135050244382e-08], [null, 2.07925889839089e-08], [-8.987103505830873e-09, 1.3566912926421537e-08], [-1.7246158279249357e-08, 2.0046694970687895e-08], [-2.0169673931036414e-08, 2.1387078774637303e-08], [-1.3214012994922086e-08, 1.52581094425841e-08], [-2.1524407145534497e-08, 2.2581899017382057e-08], [-1.9485934643626024e-08, 1.9455008271052066e-08], [null, 1.5779328066400922e-08], [-1.8153160752376607e-08, 1.9858589439536445e-08], [null, 1.6946692937835905e-08], [-1.979477737279467e-08, 2.1109697101451275e-08], [-1.712513153506734e-08, 1.8709791049786872e-08], [null, 1.5996302948906305e-08], [-1.4241036794260253e-08, 1.6689643445033653e-08], [-1.8719555683333056e-08, 2.0875805972764283e-08], [-1.7579489863805975e-08, 1.9772604886725276e-08], [-1.6632261790050507e-08, 1.8984678717970382e-08], [null, 1.4037142115341794e-08], [null, 1.7886595315985687e-08], [-1.9925645133866965e-08, 2.3008238869692832e-08], [-1.5386042662157706e-08, 1.916162695181356e-08], [-1.844326291688958e-08, 2.0065117567469315e-08], [null, 2.0529885347286836e-08], [null, 1.7073308100634677e-08], [null, 1.6343213005143298e-08], [null, 1.6040498707070583e-08], [-1.7338955160539626e-08, 1.9247424987156592e-08], [null, 1.7417173481248938e-08], [null, 1.5429494126806276e-08], [-1.4540235682147795e-08, 1.6922324874713013e-08], [null, 1.6139956926508603e-08], [null, 1.6396054292044937e-08], [null, 1.7201145396938955e-08], [null, 1.7774080873778075e-08]], "Extended_Source_Name": "                  ", "0FGL_Name": "                 ", "1FGL_Name": "                  ", "2FGL_Name": "                  ", "1FHL_Name": "                  ", "ASSOC_GAM1": "               ", "ASSOC_GAM2": "              ", "ASSOC_GAM3": "               ", "TEVCAT_FLAG": "N", "ASSOC_TEV": "                     ", "CLASS1": "     ", "ASSOC1": "                          ", "ASSOC2": "                          ", "Flags": 1, "catalog_row_index": 405}