{"Source_Name": "3FGL J0102.8+5825 ", "RAJ2000": 15.70419979095459, "DEJ2000": 58.42449951171875, "GLON": 124.42593383789062, "GLAT": -4.414191722869873, "Conf_68_SemiMajor": 0.012457890436053276, "Conf_68_SemiMinor": 0.011779490858316422, "Conf_68_PosAng": 1.3600000143051147, "Conf_95_SemiMajor": 0.02019999921321869, "Conf_95_SemiMinor": 0.019099999219179153, "Conf_95_PosAng": 1.3600000143051147, "ROI_num": 170, "Signif_Avg": 51.50125503540039, "Pivot_Energy": 518.06787109375, "Flux_Density": 3.507011001047111e-11, "Unc_Flux_Density": 1.0940118169017188e-12, "Flux1000": 6.179451172982908e-09, "Unc_Flux1000": 2.1852797349453112e-10, "Energy_Flux100": 5.953270515446363e-11, "Unc_Energy_Flux100": 1.922582535882067e-12, "Signif_Curve": 5.2495880126953125, "SpectrumType": "LogParabola     ", "Spectral_Index": 2.0943374633789062, "Unc_Spectral_Index": 0.03461967408657074, "beta": 0.10335959494113922, "Unc_beta": 0.01699885167181492, "Cutoff": null, "Unc_Cutoff": null, "Exp_Index": null, "Unc_Exp_Index": null, "PowerLaw_Index": 2.245248794555664, "Flux30_100": null, "Unc_Flux30_100": null, "nuFnu30_100": null, "Sqrt_TS30_100": null, "Flux100_300": 5.980248829473567e-08, "Unc_Flux100_300": [-4.0241823207054495e-09, 4.0241823207054495e-09], "nuFnu100_300": 1.455960005336543e-11, "Sqrt_TS100_300": 15.911116600036621, "Flux300_1000": 2.1825146134801798e-08, "Unc_Flux300_1000": [-9.004217371710865e-10, 9.004217371710865e-10], "nuFnu300_1000": 1.4799083833394455e-11, "Sqrt_TS300_1000": 29.24420928955078, "Flux1000_3000": 5.125378343961984e-09, "Unc_Flux1000_3000": [-2.518731334610891e-10, 2.518731334610891e-10], "nuFnu1000_3000": 1.1910417097027448e-11, "Sqrt_TS1000_3000": 30.272789001464844, "Flux3000_10000": 9.70009961243079e-10, "Unc_Flux3000_10000": [-8.773125281802407e-11, 8.773125281802407e-11], "nuFnu3000_10000": 6.229567209303788e-12, "Sqrt_TS3000_10000": 20.222885131835938, "Flux10000_100000": 1.776514213513991e-10, "Unc_Flux10000_100000": [-3.275995100193718e-11, 3.686972949168421e-11], "nuFnu10000_100000": 2.281234879816796e-12, "Sqrt_TS10000_100000": 11.39534854888916, "Variability_Index": 1492.6798095703125, "Signif_Peak": 23.648712158203125, "Flux_Peak": 3.5346715776540805e-07, "Unc_Flux_Peak": 2.3300643192669668e-08, "Time_Peak": 345844992.0, "Peak_Interval": 2630000.0, "Flux_History": [3.491166111757593e-08, 2.0740085204806746e-08, 2.438206436750079e-08, 3.6020058047370185e-08, 5.5450055214123495e-08, 1.8525312839301478e-07, 6.736064506185357e-08, 1.391370574310713e-07, 7.89761429587088e-08, 4.3954862860573485e-08, 1.6074936937116036e-08, 3.5412522692013226e-08, 5.0609500590326206e-08, 1.3183412583828158e-08, 3.909504719956658e-09, 2.6722299040216058e-08, 2.9660769840234025e-08, 4.0589572591898104e-08, 6.412048492165923e-08, 5.258873869706804e-08, 4.151894472670392e-08, 2.4748691984655125e-08, 3.7206447700555145e-08, 2.3833774953629927e-09, 1.280633732392289e-08, 1.8312217520133345e-08, 1.899501889113253e-08, 1.9899589531746642e-08, 2.6587729351490452e-08, 8.680851948383861e-08, 4.016188981381674e-08, 2.6160027033483857e-08, 2.771293416969911e-08, 7.141266422650006e-08, 2.8972234389357254e-08, 3.511040702619539e-08, 1.014119774822575e-07, 1.268937808163173e-07, 2.1474012612543447e-07, 2.6976627509611717e-07, 3.5346715776540805e-07, 2.9928233402642945e-07, 3.309252178951283e-07, 3.419224867684534e-07, 2.1142510320260044e-07, 1.3819791888636246e-07, 9.900195863110639e-08, 1.1249129983070816e-07], "Unc_Flux_History": [[-1.3384890529266613e-08, 1.4949080195947317e-08], [-1.0877422518262847e-08, 1.281169570432894e-08], [-1.4614780496913227e-08, 1.6163083316200755e-08], [-1.2782021663326759e-08, 1.413856587362261e-08], [-1.5872943848194154e-08, 1.7304605748336144e-08], [-1.9171659815242492e-08, 1.991564602121798e-08], [-1.6491012999608756e-08, 1.7860090295584996e-08], [-2.04700469907948e-08, 2.153769962376373e-08], [-1.714387387607985e-08, 1.802629689962032e-08], [-1.5669426645104068e-08, 1.6771263489090416e-08], [-1.3091445261181889e-08, 1.447669095711035e-08], [-1.308030395108517e-08, 1.4321480001910913e-08], [-1.4194345254736618e-08, 1.546659156304031e-08], [-9.262572042700867e-09, 1.0811373130081847e-08], [null, 1.003693483880852e-08], [-1.1629817997516056e-08, 1.3115120545137415e-08], [-1.249137326908567e-08, 1.3631682449499749e-08], [-1.3400880405356475e-08, 1.4596426289870124e-08], [-1.3486237016024916e-08, 1.4417992133530788e-08], [-1.4794432345865971e-08, 1.5974832123788474e-08], [-1.1823110490638555e-08, 1.2846653518749918e-08], [-1.1627717455553466e-08, 1.307544561512941e-08], [-1.1731507321144363e-08, 1.2801534055029151e-08], [null, 1.257839343793421e-08], [-1.0166287367496807e-08, 1.2403329030519217e-08], [-1.1908913855052106e-08, 1.360833934427319e-08], [-1.2434498763980173e-08, 1.3794127617927643e-08], [-1.147060935124955e-08, 1.2726730780343587e-08], [-1.1984063519321353e-08, 1.3277873911476945e-08], [-1.5204697945137013e-08, 1.5994817914588566e-08], [-1.2448621689031825e-08, 1.360647505777024e-08], [-1.29909469848144e-08, 1.4318739971486139e-08], [-1.1723098047866642e-08, 1.3062615877856842e-08], [-1.4921978319648588e-08, 1.5891391313971326e-08], [-1.189450671290615e-08, 1.312286812549246e-08], [-1.2044012898115852e-08, 1.326728682471412e-08], [-1.6466815466742446e-08, 1.725939391405973e-08], [-1.758409595709054e-08, 1.8351720143527928e-08], [-2.0173784420762786e-08, 2.0173784420762786e-08], [-2.0262797661985132e-08, 2.0262797661985132e-08], [-2.3300643192669668e-08, 2.3300643192669668e-08], [-2.082194328067999e-08, 2.082194328067999e-08], [-2.3479149291461e-08, 2.3479149291461e-08], [-2.1195253552264148e-08, 2.1195253552264148e-08], [-1.9882481439026378e-08, 1.9882481439026378e-08], [-1.7553757558630423e-08, 1.8330966966573214e-08], [-1.541476279953713e-08, 1.620779421784846e-08], [-1.684514749911159e-08, 1.780407465901135e-08]], "Extended_Source_Name": "                  ", "0FGL_Name": "                 ", "1FGL_Name": "1FGL J0102.8+5827 ", "2FGL_Name": "2FGL J0102.7+5827 ", "1FHL_Name": "                  ", "ASSOC_GAM1": "               ", "ASSOC_GAM2": "              ", "ASSOC_GAM3": "               ", "TEVCAT_FLAG": "N", "ASSOC_TEV": "                     ", "CLASS1": "fsrq ", "ASSOC1": "TXS 0059+581              ", "ASSOC2": "                          ", "Flags": 0, "catalog_row_index": 132}