{"Source_Name": "3FGL J1232.5-3720 ", "RAJ2000": 188.13699340820312, "DEJ2000": -37.34189987182617, "GLON": 298.7780456542969, "GLAT": 25.37739372253418, "Conf_68_SemiMajor": 0.042739205062389374, "Conf_68_SemiMinor": 0.034721747040748596, "Conf_68_PosAng": -3.859999895095825, "Conf_95_SemiMajor": 0.06930000334978104, "Conf_95_SemiMinor": 0.056299999356269836, "Conf_95_PosAng": -3.859999895095825, "ROI_num": 350, "Signif_Avg": 6.424213409423828, "Pivot_Energy": 3936.3056640625, "Flux_Density": 2.2872112190319704e-14, "Unc_Flux_Density": 5.128175478935713e-15, "Flux1000": 3.4084310374105087e-10, "Unc_Flux1000": 7.999387957591253e-11, "Energy_Flux100": 3.9012946519145775e-12, "Unc_Energy_Flux100": 8.767940258384843e-13, "Signif_Curve": 0.8043648600578308, "SpectrumType": "PowerLaw        ", "Spectral_Index": 1.9247106313705444, "Unc_Spectral_Index": 0.19577869772911072, "beta": null, "Unc_beta": null, "Cutoff": null, "Unc_Cutoff": null, "Exp_Index": null, "Unc_Exp_Index": null, "PowerLaw_Index": 1.9247106313705444, "Flux30_100": null, "Unc_Flux30_100": null, "nuFnu30_100": null, "Sqrt_TS30_100": null, "Flux100_300": 6.313792155765441e-09, "Unc_Flux100_300": [-2.795305320546504e-09, 2.762197359729157e-09], "nuFnu100_300": 1.5285211247759167e-12, "Sqrt_TS100_300": 2.290877103805542, "Flux300_1000": 3.384833524577857e-10, "Unc_Flux300_1000": [null, 4.134424191892805e-10], "nuFnu300_1000": 2.344691552459005e-13, "Sqrt_TS300_1000": 0.7801039218902588, "Flux1000_3000": 2.118948766449691e-10, "Unc_Flux1000_3000": [-8.639443327407292e-11, 9.617979329634707e-11], "nuFnu1000_3000": 5.12981367453702e-13, "Sqrt_TS1000_3000": 2.8370749950408936, "Flux3000_10000": 9.217455271270936e-11, "Unc_Flux3000_10000": [-3.1658571597592555e-11, 3.7781132389280714e-11], "nuFnu3000_10000": 6.384978266590902e-13, "Sqrt_TS3000_10000": 4.570751190185547, "Flux10000_100000": 4.742122319822961e-11, "Unc_Flux10000_100000": [-1.8180791941380114e-11, 2.396044473940151e-11], "nuFnu10000_100000": 8.705669648709224e-13, "Sqrt_TS10000_100000": 4.796903610229492, "Variability_Index": 56.4993896484375, "Signif_Peak": null, "Flux_Peak": null, "Unc_Flux_Peak": null, "Time_Peak": null, "Peak_Interval": null, "Flux_History": [1.4662192349135239e-08, 1.3466194381805963e-08, 2.1257071658453697e-09, 1.031374985416278e-08, 0.0, 5.8519695755876455e-09, 3.4939910964482124e-09, 5.781136014348931e-09, 1.4161628536513149e-09, 0.0, 8.617529800858392e-09, 7.924009892690265e-09, 6.419538678414938e-09, 2.1823520768293747e-09, 3.246794832989508e-09, 0.0, 2.6822273291315923e-09, 2.8088977810369897e-09, 0.0, 0.0, 0.0, 0.0, 0.0, 0.0, 0.0, 0.0, 0.0, 2.874365190308481e-09, 0.0, 8.454869693252931e-09, 0.0, 1.3730181436244493e-08, 1.5159045574364427e-08, 0.0, 6.281830611243322e-09, 0.0, 0.0, 1.0852819976037154e-08, 0.0, 1.6389371637615113e-08, 2.142771959867673e-09, 0.0, 0.0, 4.280403587131332e-09, 0.0, 0.0, 0.0, 3.716526419950128e-09], "Unc_Flux_History": [[-7.058583495478388e-09, 8.922235394948075e-09], [-6.227385274115704e-09, 7.726916884109869e-09], [null, 6.220282955382572e-09], [-5.56225998593618e-09, 7.4110273473593224e-09], [null, 7.2476438184310155e-09], [-4.035265011026468e-09, 6.319134993049147e-09], [null, 8.036013632306549e-09], [-5.340297093425761e-09, 7.425940751204507e-09], [null, 6.975013899790383e-09], [null, 8.322938782612255e-09], [-4.266473396796755e-09, 5.78054581978904e-09], [-4.720841495498007e-09, 6.174246003354256e-09], [-3.4592539943645306e-09, 5.458737017960402e-09], [-2.0100567876824016e-09, 3.637504963904803e-09], [null, 1.099384405733872e-08], [null, 4.816122167738968e-09], [null, 8.531039874526414e-09], [null, 6.689780285284996e-09], [null, 3.7072598324527917e-09], [null, 5.956842574761367e-09], [null, 3.4159666206790007e-09], [null, 5.430156324592872e-09], [null, 4.137694631367594e-09], [null, 8.302403209370368e-09], [null, 5.361798116609862e-09], [null, 6.241588135225129e-09], [null, 9.35707689109222e-09], [null, 5.602197816756416e-09], [null, 5.810920633564365e-09], [-4.768509143104893e-09, 6.062232049686145e-09], [null, 5.922026424798332e-09], [-7.417186420610733e-09, 9.23940390862299e-09], [-7.861673978482031e-09, 9.625333419194249e-09], [null, 6.923947193371305e-09], [-4.763657024398071e-09, 5.982519368785688e-09], [null, 7.84428966227324e-09], [null, 4.127092001482424e-09], [-6.181708922525786e-09, 7.79879982815146e-09], [null, 5.29196242382568e-09], [-6.425798115827774e-09, 7.846857386084594e-09], [null, 1.105245850396841e-08], [null, 4.941209219566645e-09], [null, 5.628578492178349e-09], [null, 7.64564234145837e-09], [null, 5.766957134056838e-09], [null, 5.545079062585501e-09], [null, 5.64394619928521e-09], [null, 1.02786792410825e-08]], "Extended_Source_Name": "                  ", "0FGL_Name": "                 ", "1FGL_Name": "                  ", "2FGL_Name": "                  ", "1FHL_Name": "                  ", "ASSOC_GAM1": "               ", "ASSOC_GAM2": "              ", "ASSOC_GAM3": "               ", "TEVCAT_FLAG": "N", "ASSOC_TEV": "                     ", "CLASS1": "     ", "ASSOC1": "                          ", "ASSOC2": "                          ", "Flags": 0, "catalog_row_index": 1503}