{"Source_Name": "3FHL J1243.0+7316 ", "RAJ2000": 190.767333984375, "DEJ2000": 73.27426147460938, "GLON": 123.76654052734375, "GLAT": 43.840423583984375, "Conf_95_SemiMajor": 0.032752275466918945, "Conf_95_SemiMinor": 0.032752275466918945, "Conf_95_PosAng": null, "ROI_num": 307, "Signif_Avg": 4.932821273803711, "Pivot_Energy": 46.64213943481445, "Flux_Density": 1.0119035058660242e-13, "Unc_Flux_Density": 3.997104771192965e-14, "Flux": 1.8579878954816387e-11, "Unc_Flux": 7.417229157258287e-12, "Energy_Flux": 2.5156942501380897e-12, "Unc_Energy_Flux": 1.4878405582216536e-12, "Signif_Curve": 0.3054318130016327, "SpectrumType": "PowerLaw   ", "Spectral_Index": 1.5344702005386353, "Unc_Spectral_Index": 0.39764660596847534, "beta": 0.06904439628124237, "Unc_beta": 0.24016527831554413, "PowerLaw_Index": 1.6035447120666504, "Unc_PowerLaw_Index": 0.30842044949531555, "Flux_Band": [5.012113120372863e-12, 1.0169745254251517e-11, 1.3815981778769748e-12, 2.5341394403972474e-17, 2.6357030707274687e-12], "Unc_Flux_Band": [[-3.2029908239583627e-12, 5.084423767426349e-12], [-4.501397084938352e-12, 6.101809162106786e-12], [null, 4.44455540080102e-12], [null, 3.4854510770621072e-12], [-1.837648956615201e-12, 3.6018150267880245e-12]], "nuFnu": [1.6314578269067959e-13, 5.582179141670751e-13, 1.7267526926552368e-13, 9.120270095244294e-18, 2.996123097884218e-12], "Sqrt_TS_Band": [2.189093589782715, 3.8698019981384277, 0.8046022057533264, 0.0, 4.131335258483887], "Npred": 8.097046852111816, "HEP_Energy": 598.5390014648438, "HEP_Prob": 0.999846339225769, "Variability_BayesBlocks": 1, "Extended_Source_Name": "                  ", "ASSOC_GAM": "                  ", "TEVCAT_FLAG": "N", "ASSOC_TEV": "                     ", "CLASS": "bcu    ", "ASSOC1": "S5 1241+73                ", "ASSOC2": "                          ", "ASSOC_PROB_BAY": 0.99913090467453, "ASSOC_PROB_LR": 0.9965588450431824, "Redshift": 0.07500000298023224, "NuPeak_obs": 104712963620864.0, "catalog_row_index": 812}