{"Source_Name": "3FHL J1423.1+3738 ", "RAJ2000": 215.78802490234375, "DEJ2000": 37.64338302612305, "GLON": 67.30660247802734, "GLAT": 68.0527114868164, "Conf_95_SemiMajor": 0.03339625149965286, "Conf_95_SemiMinor": 0.03339625149965286, "Conf_95_PosAng": null, "ROI_num": 270, "Signif_Avg": 6.2721052169799805, "Pivot_Energy": 19.05024528503418, "Flux_Density": 9.279211513751884e-13, "Unc_Flux_Density": 3.283720409301416e-13, "Flux": 3.095801393016018e-11, "Unc_Flux": 1.095089210284561e-11, "Energy_Flux": 1.2847711176183774e-12, "Unc_Energy_Flux": 7.088429235940774e-13, "Signif_Curve": 0.3434167802333832, "SpectrumType": "PowerLaw   ", "Spectral_Index": 2.7506535053253174, "Unc_Spectral_Index": 0.8076984882354736, "beta": -0.12241977453231812, "Unc_beta": 0.3591657280921936, "PowerLaw_Index": 2.552410364151001, "Unc_PowerLaw_Index": 0.5475375056266785, "Flux_Band": [2.238510765639745e-11, 3.9443804125682824e-12, 4.572615289882842e-12, 5.999862756105393e-18, 1.7299264901684896e-16], "Unc_Flux_Band": [[-7.987004287113297e-12, 1.0520886245535266e-11], [-2.9180139207718447e-12, 5.4687829785515785e-12], [-3.117039612532402e-12, 5.6374458053121135e-12], [null, 4.83509326326681e-12], [null, 5.113596612121851e-12]], "nuFnu": [7.017837916692415e-13, 2.028671149253633e-13, 5.208747929502655e-13, 1.9329080925286933e-18, 1.7005374909234195e-16], "Sqrt_TS_Band": [5.922664642333984, 1.9239708185195923, 3.556393623352051, 0.0, 0.0], "Npred": 9.981095314025879, "HEP_Energy": 101.06700134277344, "HEP_Prob": 0.9981250762939453, "Variability_BayesBlocks": 1, "Extended_Source_Name": "                  ", "ASSOC_GAM": "1FGL J1422.7+3743 ", "TEVCAT_FLAG": "N", "ASSOC_TEV": "                     ", "CLASS": "bll    ", "ASSOC1": "NVSS J142304+373729       ", "ASSOC2": "                          ", "ASSOC_PROB_BAY": 0.9974856972694397, "ASSOC_PROB_LR": 0.8980676531791687, "Redshift": null, "NuPeak_obs": 223872318177280.0, "source_id": 927}