{"Source_Name": "3FHL J0120.4-2701 ", "RAJ2000": 20.115039825439453, "DEJ2000": -27.027128219604492, "GLON": 213.689453125, "GLAT": -83.53982543945312, "Conf_95_SemiMajor": 0.015399384312331676, "Conf_95_SemiMinor": 0.015399384312331676, "Conf_95_PosAng": null, "ROI_num": 44, "Signif_Avg": 28.119279861450195, "Pivot_Energy": 21.425058364868164, "Flux_Density": 8.442674510888981e-12, "Unc_Flux_Density": 8.643113893862242e-13, "Flux": 3.7394076723984426e-10, "Unc_Flux": 3.8279296399323925e-11, "Energy_Flux": 1.904078457404257e-11, "Unc_Energy_Flux": 3.2730909996225854e-12, "Signif_Curve": 1.1679103374481201, "SpectrumType": "PowerLaw   ", "Spectral_Index": 2.1506175994873047, "Unc_Spectral_Index": 0.21946872770786285, "beta": 0.16328656673431396, "Unc_beta": 0.15108883380889893, "PowerLaw_Index": 2.322460174560547, "Unc_PowerLaw_Index": 0.1394003927707672, "Flux_Band": [2.2515948827628307e-10, 1.0916181847342443e-10, 3.210184201796196e-11, 9.18074470612762e-12, 5.067117146983195e-19], "Unc_Flux_Band": [[-2.891647511715778e-11, 3.146575014434383e-11], [-1.8924958822275073e-11, 2.140559084151672e-11], [-9.675339522619009e-12, 1.2082460899842662e-11], [-5.1368384372529885e-12, 7.733872570137024e-12], [null, 6.079245613854756e-12]], "nuFnu": [7.122673111037425e-12, 5.7019111654454946e-12, 3.73760440999793e-12, 3.0354772515006623e-12, 5.151858698811955e-19], "Sqrt_TS_Band": [20.239683151245117, 17.357643127441406, 9.842720985412598, 2.3856654167175293, 0.0], "Npred": 102.35643005371094, "HEP_Energy": 155.70700073242188, "HEP_Prob": 0.8802581429481506, "Variability_BayesBlocks": 1, "Extended_Source_Name": "                  ", "ASSOC_GAM": "3FGL J0120.4-2700 ", "TEVCAT_FLAG": "N", "ASSOC_TEV": "                     ", "CLASS": "bll    ", "ASSOC1": "PKS 0118-272              ", "ASSOC2": "                          ", "ASSOC_PROB_BAY": 0.999321699142456, "ASSOC_PROB_LR": 0.998780369758606, "Redshift": null, "NuPeak_obs": 211348814299136.0, "source_id": 84}