{"Source_Name": "3FHL J1637.8-3448 ", "RAJ2000": 249.47206115722656, "DEJ2000": -34.8150749206543, "GLON": 346.7603759765625, "GLAT": 8.14948558807373, "Conf_95_SemiMajor": 0.020490571856498718, "Conf_95_SemiMinor": 0.020490571856498718, "Conf_95_PosAng": null, "ROI_num": 24, "Signif_Avg": 15.37271785736084, "Pivot_Energy": 21.55324935913086, "Flux_Density": 3.841809249199857e-12, "Unc_Flux_Density": 5.583324059164896e-13, "Flux": 1.726134790658307e-10, "Unc_Flux": 2.5099032227582363e-11, "Energy_Flux": 8.642111332113345e-12, "Unc_Energy_Flux": 2.026289726286823e-12, "Signif_Curve": 1.030151128768921, "SpectrumType": "PowerLaw   ", "Spectral_Index": 2.1273324489593506, "Unc_Spectral_Index": 0.3121747672557831, "beta": 0.19630594551563263, "Unc_beta": 0.21638448536396027, "PowerLaw_Index": 2.339383363723755, "Unc_PowerLaw_Index": 0.19208085536956787, "Flux_Band": [9.442723686303722e-11, 5.5305215268530716e-11, 2.2384495299010432e-11, 1.8036356860134467e-18, 8.127376420111578e-16], "Unc_Flux_Band": [[-1.7852795630712848e-11, 2.009565430727278e-11], [-1.2933161486206046e-11, 1.511397257347724e-11], [-7.481684542731681e-12, 9.498716049827216e-12], [null, 4.7692995386316994e-12], [null, 5.062250531956414e-12]], "nuFnu": [2.985114976386538e-12, 2.8854765798946858e-12, 2.6019813473970865e-12, 5.951916059079369e-19, 8.242463316050612e-16], "Sqrt_TS_Band": [10.694408416748047, 9.661540985107422, 6.90151834487915, 0.0, 0.0], "Npred": 56.5592041015625, "HEP_Energy": 139.76800537109375, "HEP_Prob": 0.8980094194412231, "Variability_BayesBlocks": 1, "Extended_Source_Name": "                  ", "ASSOC_GAM": "3FGL J1637.6-3449 ", "TEVCAT_FLAG": "N", "ASSOC_TEV": "                     ", "CLASS": "bcu    ", "ASSOC1": "NVSS J163750-344915       ", "ASSOC2": "                          ", "ASSOC_PROB_BAY": 0.9991768598556519, "ASSOC_PROB_LR": 0.9856480360031128, "Redshift": null, "NuPeak_obs": 9999999827968.0, "source_id": 1092}