{"Source_Name": "3FGL J2116.2+4422 ", "RAJ2000": 319.0635070800781, "DEJ2000": 44.38050079345703, "GLON": 87.64725494384766, "GLAT": -3.255488634109497, "Conf_68_SemiMajor": 0.12704582512378693, "Conf_68_SemiMinor": 0.10422690957784653, "Conf_68_PosAng": 15.75, "Conf_95_SemiMajor": 0.20600000023841858, "Conf_95_SemiMinor": 0.16899999976158142, "Conf_95_PosAng": 15.75, "ROI_num": 189, "Signif_Avg": 4.2141194343566895, "Pivot_Energy": 416.4378967285156, "Flux_Density": 7.286190747968213e-12, "Unc_Flux_Density": 1.4588295849105037e-12, "Flux1000": 3.0814928386746487e-10, "Unc_Flux1000": 1.302640356692919e-10, "Energy_Flux100": 8.072890446408909e-12, "Unc_Energy_Flux100": 1.7499168347007155e-12, "Signif_Curve": 2.304415702819824, "SpectrumType": "PowerLaw        ", "Spectral_Index": 2.8866961002349854, "Unc_Spectral_Index": 0.26515573263168335, "beta": null, "Unc_beta": null, "Cutoff": null, "Unc_Cutoff": null, "Exp_Index": null, "Unc_Exp_Index": null, "PowerLaw_Index": 2.8866961002349854, "Flux30_100": null, "Unc_Flux30_100": null, "nuFnu30_100": null, "Sqrt_TS30_100": null, "Flux100_300": 2.173723601117672e-08, "Unc_Flux100_300": [-6.097228055779169e-09, 6.133169527799964e-09], "nuFnu100_300": 4.802554621347044e-12, "Sqrt_TS100_300": 3.5914692878723145, "Flux300_1000": 4.541591269724421e-10, "Unc_Flux300_1000": [null, 9.027484870749447e-10], "nuFnu300_1000": 2.8221145581021345e-13, "Sqrt_TS300_1000": 0.4703332483768463, "Flux1000_3000": 3.537199699810145e-10, "Unc_Flux1000_3000": [-1.6525901480601846e-10, 1.7534212970460317e-10], "nuFnu1000_3000": 7.81497479576676e-13, "Sqrt_TS1000_3000": 2.223876476287842, "Flux3000_10000": 5.6686537408534576e-11, "Unc_Flux3000_10000": [-3.704476655985722e-11, 4.391470520559437e-11], "nuFnu3000_10000": 3.522463625036526e-13, "Sqrt_TS3000_10000": 1.626080870628357, "Flux10000_100000": 3.2399766897173166e-11, "Unc_Flux10000_100000": [-1.6182126819086484e-11, 2.1717145443078678e-11], "nuFnu10000_100000": 4.228153471872581e-13, "Sqrt_TS10000_100000": 2.9503650665283203, "Variability_Index": 40.51158142089844, "Signif_Peak": null, "Flux_Peak": null, "Unc_Flux_Peak": null, "Time_Peak": null, "Peak_Interval": null, "Flux_History": [1.1325944626605633e-08, 3.1192893601428295e-08, 3.1824974655592086e-08, 0.0, 3.051118691033139e-09, 2.866463510997619e-08, 4.691336030759885e-08, 0.0, 0.0, 6.766477866904097e-08, 4.9695366044488765e-08, 0.0, 2.3756054901014068e-09, 2.6544558551222508e-08, 7.194493001350111e-09, 2.8233541726763178e-08, 8.84154403024695e-08, 1.501201474241043e-08, 5.138904857204807e-09, 0.0, 5.4346120492709815e-08, 2.4688263877692407e-08, 4.126176378349555e-08, 8.526353667548392e-08, 0.0, 0.0, 3.3361786222485534e-08, 0.0, 0.0, 0.0, 7.09501222218023e-08, 5.083210297129881e-08, 2.327687909087217e-08, 5.07607511579522e-09, 2.313685065757909e-08, 6.175263678187548e-08, 0.0, 1.8462554152165467e-08, 7.039104410466734e-09, 5.336869790539822e-08, 3.644474233510664e-08, 1.0226094637744154e-08, 0.0, 4.62510563181695e-09, 3.6038482420508444e-08, 1.7343630531740928e-08, 0.0, 2.078456162735165e-08], "Unc_Flux_History": [[null, 3.1754368023939605e-08], [null, 3.23076001507161e-08], [null, 3.0246496862673666e-08], [null, 1.8788654188028886e-08], [null, 3.364781875347944e-08], [null, 3.0380853388578544e-08], [-3.2380295778011714e-08, 3.404259985018143e-08], [null, 2.7554575510180257e-08], [null, 2.26517915535851e-08], [-3.180618790565859e-08, 3.360972655741534e-08], [-3.417870786392996e-08, 3.5837672385241603e-08], [null, 3.080378263575767e-08], [null, 3.0623130697904344e-08], [null, 2.927038167399587e-08], [null, 3.4299674211979436e-08], [-2.7725532092404137e-08, 2.9518920641180557e-08], [-3.3617002515029526e-08, 3.6062143493609256e-08], [null, 2.9519140909428643e-08], [null, 3.298499606785299e-08], [null, 3.26602318523328e-08], [-2.8681700570132307e-08, 3.0498370051645907e-08], [null, 3.049559893497644e-08], [-2.5169304862515673e-08, 2.8738904589431513e-08], [-3.639750545403331e-08, 3.71033905821605e-08], [null, 2.7744205155499913e-08], [null, 1.7789416162372618e-08], [-3.221154187826869e-08, 3.441810747517593e-08], [null, 2.4225421668688796e-08], [null, 3.071000520549205e-08], [null, 2.5024913696825024e-08], [-3.3914673736035184e-08, 3.7468545599494973e-08], [-2.949586885847566e-08, 3.08950944827302e-08], [null, 3.154370276092777e-08], [null, 2.9047189542552587e-08], [null, 2.7432646376723824e-08], [-3.313892804612806e-08, 3.491562594604147e-08], [null, 2.873825977189881e-08], [null, 3.539101101068809e-08], [null, 3.3083612294149134e-08], [-3.074067222996746e-08, 3.280529980997926e-08], [-3.1824122004309174e-08, 3.4967779782846264e-08], [null, 2.959126810253565e-08], [null, 2.8266407881005762e-08], [null, 3.092160483220141e-08], [-3.2156702189922726e-08, 3.3879778982282005e-08], [null, 2.5806388137539216e-08], [null, 2.9052044325794668e-08], [null, 3.47518245291667e-08]], "Extended_Source_Name": "                  ", "0FGL_Name": "                 ", "1FGL_Name": "                  ", "2FGL_Name": "                  ", "1FHL_Name": "                  ", "ASSOC_GAM1": "               ", "ASSOC_GAM2": "              ", "ASSOC_GAM3": "               ", "TEVCAT_FLAG": "N", "ASSOC_TEV": "                     ", "CLASS1": "     ", "ASSOC1": "                          ", "ASSOC2": "                          ", "Flags": 24, "catalog_row_index": 2749}