{"Source_Name": "3FHL J1253.1+5300 ", "RAJ2000": 193.29656982421875, "DEJ2000": 53.011680603027344, "GLON": 122.32955932617188, "GLAT": 64.1145248413086, "Conf_95_SemiMajor": 0.01558513380587101, "Conf_95_SemiMinor": 0.01558513380587101, "Conf_95_PosAng": null, "ROI_num": 443, "Signif_Avg": 27.43342399597168, "Pivot_Energy": 18.878257751464844, "Flux_Density": 8.500184063564564e-12, "Unc_Flux_Density": 8.769037470983398e-13, "Flux": 2.7709792793650934e-10, "Unc_Flux": 2.8573943558485304e-11, "Energy_Flux": 1.1317065340410437e-11, "Unc_Energy_Flux": 1.814037310123029e-12, "Signif_Curve": 1.558613657951355, "SpectrumType": "PowerLaw   ", "Spectral_Index": 2.2963664531707764, "Unc_Spectral_Index": 0.2639526128768921, "beta": 0.295296847820282, "Unc_beta": 0.2236338108778, "PowerLaw_Index": 2.5732548236846924, "Unc_PowerLaw_Index": 0.16249069571495056, "Flux_Band": [1.7751031200496925e-10, 8.379568566807549e-11, 1.2805117209635508e-11, 2.525104691314395e-12, 4.0969807919192785e-22], "Unc_Flux_Band": [[-2.1923643456212005e-11, 2.3923760542055028e-11], [-1.447949486005351e-11, 1.6836693497723765e-11], [-5.387641287962763e-12, 7.080292515476705e-12], [-2.042330063747877e-12, 3.5607088024608435e-12], [null, 4.485494007472335e-12]], "nuFnu": [5.560520793812529e-12, 4.303796034832441e-12, 1.4558065039929624e-12, 8.116035512921449e-13, 4.015353504414843e-22], "Sqrt_TS_Band": [22.04181480407715, 15.881916046142578, 5.806037425994873, 1.542494535446167, 0.0], "Npred": 101.10724639892578, "HEP_Energy": 155.625, "HEP_Prob": 0.8895010352134705, "Variability_BayesBlocks": 1, "Extended_Source_Name": "                  ", "ASSOC_GAM": "3FGL J1253.2+5300 ", "TEVCAT_FLAG": "N", "ASSOC_TEV": "                     ", "CLASS": "bll    ", "ASSOC1": "S4 1250+53                ", "ASSOC2": "                          ", "ASSOC_PROB_BAY": 0.9998889565467834, "ASSOC_PROB_LR": 0.9989656805992126, "Redshift": null, "NuPeak_obs": 87096274452480.0, "source_id": 823}