{"Source_Name": "3FGL J0610.2-2059 ", "RAJ2000": 92.5541000366211, "DEJ2000": -20.990800857543945, "GLON": 227.72950744628906, "GLAT": -18.178964614868164, "Conf_68_SemiMajor": 0.047858040779829025, "Conf_68_SemiMinor": 0.04014894738793373, "Conf_68_PosAng": 4.989999771118164, "Conf_95_SemiMajor": 0.07760000228881836, "Conf_95_SemiMinor": 0.06509999930858612, "Conf_95_PosAng": 4.989999771118164, "ROI_num": 378, "Signif_Avg": 13.401902198791504, "Pivot_Energy": 851.0560913085938, "Flux_Density": 1.7951742523059089e-12, "Unc_Flux_Density": 1.6776903759459227e-13, "Flux1000": 9.200850636936764e-10, "Unc_Flux1000": 1.0428075764012945e-10, "Energy_Flux100": 1.1480164041621777e-11, "Unc_Energy_Flux100": 1.0749529521722478e-12, "Signif_Curve": 3.486565351486206, "SpectrumType": "PowerLaw        ", "Spectral_Index": 2.336176633834839, "Unc_Spectral_Index": 0.07132814079523087, "beta": null, "Unc_beta": null, "Cutoff": null, "Unc_Cutoff": null, "Exp_Index": null, "Unc_Exp_Index": null, "PowerLaw_Index": 2.336176633834839, "Flux30_100": null, "Unc_Flux30_100": null, "nuFnu30_100": null, "Sqrt_TS30_100": null, "Flux100_300": 1.1205308680928283e-08, "Unc_Flux100_300": [-3.6409322223818208e-09, 3.745228571716552e-09], "nuFnu100_300": 2.6058200736089887e-12, "Sqrt_TS100_300": 3.1038146018981934, "Flux300_1000": 3.588563002310252e-09, "Unc_Flux300_1000": [-5.568305261327566e-10, 5.790818380368989e-10], "nuFnu300_1000": 2.3692877087339026e-12, "Sqrt_TS300_1000": 7.109652519226074, "Flux1000_3000": 9.812017864874178e-10, "Unc_Flux1000_3000": [-1.3353447514408145e-10, 1.4130402403722542e-10], "nuFnu1000_3000": 2.281807338563868e-12, "Sqrt_TS1000_3000": 9.952990531921387, "Flux3000_10000": 1.3099335505195597e-10, "Unc_Flux3000_10000": [-3.6047401175132165e-11, 4.194359790044011e-11], "nuFnu3000_10000": 8.648614051483261e-13, "Sqrt_TS3000_10000": 5.603137016296387, "Flux10000_100000": 7.464309552396298e-12, "Unc_Flux10000_100000": [null, 1.9261325173713928e-11], "nuFnu10000_100000": 1.1659694477278437e-13, "Sqrt_TS10000_100000": 0.981426477432251, "Variability_Index": 34.995784759521484, "Signif_Peak": null, "Flux_Peak": null, "Unc_Flux_Peak": null, "Time_Peak": null, "Peak_Interval": null, "Flux_History": [1.465670784739359e-08, 2.6321307800003524e-08, 2.8490100945077756e-08, 2.5795108271609024e-08, 9.419209412442342e-09, 1.7422935982835952e-08, 0.0, 2.4260970121758874e-08, 4.092167316116502e-08, 1.53081085585427e-08, 1.0699995556251451e-08, 6.357763648878745e-09, 1.1729431648177524e-08, 1.7666714313691045e-08, 2.6474307190937907e-08, 2.0969125102965336e-08, 1.5055788837869954e-09, 0.0, 1.3306720170191966e-08, 2.2383986220120278e-08, 1.4772211898161913e-08, 3.622328748065229e-08, 1.320766429557807e-08, 2.3823290007385367e-08, 1.412766792441289e-08, 2.1096624891470128e-08, 2.61628603226427e-08, 2.3829684892007208e-08, 3.795270231421455e-08, 2.0547281209815083e-08, 3.6762948241175764e-08, 3.1446905524035174e-08, 2.431029377802929e-09, 2.763065509725493e-08, 0.0, 1.553282302779735e-08, 1.501328128483692e-08, 3.3371080121469276e-08, 1.6551698678313187e-08, 1.5896732818987402e-08, 2.149735500722727e-08, 7.467800600124974e-09, 1.2951648642456348e-08, 1.6760488108502614e-08, 1.5252259899511955e-08, 2.5598584585395656e-08, 1.0110756676340316e-08, 2.9835131698519035e-08], "Unc_Flux_History": [[-1.067132959775563e-08, 1.283334771784439e-08], [-1.1567657942634924e-08, 1.2890672529408675e-08], [-1.2688006201244661e-08, 1.4385096669400355e-08], [-1.101158542127223e-08, 1.2331648591157318e-08], [null, 1.2902710011530871e-08], [-8.269235962643506e-09, 9.90018467206255e-09], [null, 1.0527667626547554e-08], [-1.1721184023372189e-08, 1.413705597030912e-08], [-1.2843580421417755e-08, 1.3588528524621779e-08], [-1.1917975939468306e-08, 1.3771344065105495e-08], [-7.405827950890398e-09, 9.946020007589595e-09], [null, 1.4875936038549753e-08], [-9.366409869926429e-09, 1.0740639488915349e-08], [-1.0972959429977891e-08, 1.2981424823976795e-08], [-1.457994081022207e-08, 1.6601308772123957e-08], [-1.0412684936511596e-08, 1.1981081016188e-08], [null, 1.7346600600376405e-08], [null, 1.0033156527811116e-08], [-1.0591528543102413e-08, 1.4050922203523442e-08], [-1.1427120583107353e-08, 1.2957016792825016e-08], [-1.0348513157509842e-08, 1.2408839289435036e-08], [-1.396722382196458e-08, 1.556652229339761e-08], [-8.433654663519974e-09, 1.0333759625780203e-08], [-1.2715430486309742e-08, 1.602460031335795e-08], [-1.0296913544038944e-08, 1.2105101809822827e-08], [-1.420591999590215e-08, 1.587828357685339e-08], [-1.2107093994018214e-08, 1.3577207802484281e-08], [-1.163339113929851e-08, 1.3749964722364894e-08], [-1.4112456980797106e-08, 1.6442117001247425e-08], [-1.1507525599085966e-08, 1.3677819765689492e-08], [-1.602608001860517e-08, 1.757867629237353e-08], [-1.1763319207602763e-08, 1.3500075723982263e-08], [null, 1.2456021991624766e-08], [-1.239155889010135e-08, 1.3956630517952817e-08], [null, 1.328884824403076e-08], [-1.1313076697661018e-08, 1.4139682313896174e-08], [-9.91434578878625e-09, 1.1436181779345134e-08], [-1.6383493672833538e-08, 1.885931233402971e-08], [-8.657765171449228e-09, 1.0395415195318947e-08], [-8.985895583180081e-09, 1.2130753290762186e-08], [-1.0983038478684648e-08, 1.2581299557723469e-08], [null, 1.3159706213627942e-08], [-1.2584592923303717e-08, 1.4753358534846939e-08], [-9.186411631390001e-09, 1.08628128714372e-08], [-1.3411471933011399e-08, 1.6750972164913946e-08], [-1.1550861600539974e-08, 1.3165912804424806e-08], [null, 1.7742783242624682e-08], [-1.1850415759795396e-08, 1.3726094927335453e-08]], "Extended_Source_Name": "                  ", "0FGL_Name": "                 ", "1FGL_Name": "1FGL J0610.7-2059 ", "2FGL_Name": "2FGL J0610.3-2059 ", "1FHL_Name": "                  ", "ASSOC_GAM1": "               ", "ASSOC_GAM2": "              ", "ASSOC_GAM3": "               ", "TEVCAT_FLAG": "N", "ASSOC_TEV": "                     ", "CLASS1": "PSR  ", "ASSOC1": "PSR J0610-2100            ", "ASSOC2": "                          ", "Flags": 0, "catalog_row_index": 685}