{"Source_Name": "3FHL J0913.4+8132 ", "RAJ2000": 138.35093688964844, "DEJ2000": 81.54898071289062, "GLON": 131.02569580078125, "GLAT": 31.80099105834961, "Conf_95_SemiMajor": 0.03575684875249863, "Conf_95_SemiMinor": 0.03575684875249863, "Conf_95_PosAng": null, "ROI_num": 413, "Signif_Avg": 7.23714542388916, "Pivot_Energy": 22.46772575378418, "Flux_Density": 7.145173125042148e-13, "Unc_Flux_Density": 2.050901901648819e-13, "Flux": 3.524996614046039e-11, "Unc_Flux": 1.012545689654809e-11, "Energy_Flux": 1.8902006695964424e-12, "Unc_Energy_Flux": 8.757340013744452e-13, "Signif_Curve": 1.7142881155014038, "SpectrumType": "PowerLaw   ", "Spectral_Index": 1.5741550922393799, "Unc_Spectral_Index": 0.6362850069999695, "beta": 0.9480810761451721, "Unc_beta": 0.6296530365943909, "PowerLaw_Index": 2.272429943084717, "Unc_PowerLaw_Index": 0.3552304208278656, "Flux_Band": [1.7814250075076643e-11, 1.4945895215889848e-11, 2.2554831266563546e-12, 1.2932666129162393e-17, 5.057527365068674e-22], "Unc_Flux_Band": [[-6.681605355801645e-12, 8.477903275239118e-12], [-5.420926294658068e-12, 7.2092631343834146e-12], [-1.7270039565087103e-12, 3.3257511328210754e-12], [null, 3.479497072411686e-12], [null, 3.849854463000568e-12]], "nuFnu": [5.646452272758951e-13, 7.833353648893648e-13, 2.6387504919837823e-13, 4.300639390477524e-18, 5.180820392320711e-22], "Sqrt_TS_Band": [4.6287617683410645, 6.450724124908447, 1.7434362173080444, 0.0, 0.0], "Npred": 15.129949569702148, "HEP_Energy": 56.79240036010742, "HEP_Prob": 0.948464572429657, "Variability_BayesBlocks": 1, "Extended_Source_Name": "                  ", "ASSOC_GAM": "                  ", "TEVCAT_FLAG": "N", "ASSOC_TEV": "                     ", "CLASS": "bll    ", "ASSOC1": "RXS J09133+8133           ", "ASSOC2": "                          ", "ASSOC_PROB_BAY": 0.9999055862426758, "ASSOC_PROB_LR": 0.9837220907211304, "Redshift": 0.6389999985694885, "NuPeak_obs": null, "catalog_row_index": 580}