{"Source_Name": "3FGL J1027.0+0609 ", "RAJ2000": 156.75750732421875, "DEJ2000": 6.1605000495910645, "GLON": 237.74041748046875, "GLAT": 49.80624771118164, "Conf_68_SemiMajor": 0.041382402181625366, "Conf_68_SemiMinor": 0.033241599798202515, "Conf_68_PosAng": 54.459999084472656, "Conf_95_SemiMajor": 0.06710000336170197, "Conf_95_SemiMinor": 0.05389999970793724, "Conf_95_PosAng": 54.459999084472656, "ROI_num": 273, "Signif_Avg": 6.093128204345703, "Pivot_Energy": 2628.419921875, "Flux_Density": 4.66441359007249e-14, "Unc_Flux_Density": 1.0602322412210392e-14, "Flux1000": 3.205336829292804e-10, "Unc_Flux1000": 7.304051807821565e-11, "Energy_Flux100": 3.5662306441253122e-12, "Unc_Energy_Flux100": 8.217032739996077e-13, "Signif_Curve": 1.4479529857635498, "SpectrumType": "PowerLaw        ", "Spectral_Index": 2.093597173690796, "Unc_Spectral_Index": 0.20429033041000366, "beta": null, "Unc_beta": null, "Cutoff": null, "Unc_Cutoff": null, "Exp_Index": null, "Unc_Exp_Index": null, "PowerLaw_Index": 2.093597173690796, "Flux30_100": null, "Unc_Flux30_100": null, "nuFnu30_100": null, "Sqrt_TS30_100": null, "Flux100_300": 1.1492303109150726e-08, "Unc_Flux100_300": [-2.9168272241975046e-09, 2.9722546646127057e-09], "nuFnu100_300": 2.7362686769172306e-12, "Sqrt_TS100_300": 3.749427080154419, "Flux300_1000": 1.8100669574305783e-10, "Unc_Flux300_1000": [null, 3.990069108450456e-10], "nuFnu300_1000": 1.229122462446594e-13, "Sqrt_TS300_1000": 0.417542964220047, "Flux1000_3000": 2.8840077548331067e-10, "Unc_Flux1000_3000": [-8.18084558429355e-11, 9.07192584942429e-11], "nuFnu1000_3000": 6.866700675949022e-13, "Sqrt_TS1000_3000": 4.382222652435303, "Flux3000_10000": 4.3922823711461945e-11, "Unc_Flux3000_10000": [-2.2496352003464892e-11, 2.920165845243794e-11], "nuFnu3000_10000": 2.9825707875685836e-13, "Sqrt_TS3000_10000": 2.566434383392334, "Flux10000_100000": 2.5964695671287785e-11, "Unc_Flux10000_100000": [-1.319304995112125e-11, 2.0815682510999522e-11], "nuFnu10000_100000": 4.4506444970421333e-13, "Sqrt_TS10000_100000": 3.6257572174072266, "Variability_Index": 46.07247543334961, "Signif_Peak": null, "Flux_Peak": null, "Unc_Flux_Peak": null, "Time_Peak": null, "Peak_Interval": null, "Flux_History": [6.315433065395837e-09, 8.10392641881208e-09, 0.0, 1.3811243704253684e-08, 1.215834632972701e-08, 0.0, 8.161292086583671e-09, 7.254999268013762e-09, 0.0, 1.7985432032574522e-09, 0.0, 2.315367009231295e-09, 2.6766058258687053e-09, 7.2093739866829765e-09, 2.412278377050825e-08, 0.0, 0.0, 4.090922267607766e-09, 1.533781635032483e-08, 1.107375435793756e-08, 0.0, 0.0, 0.0, 0.0, 3.050170782614714e-09, 0.0, 4.549327581315765e-09, 1.129017412893063e-08, 4.395666053369496e-09, 0.0, 0.0, 6.756880832625711e-09, 3.2120954784886635e-08, 0.0, 1.1315125725275266e-08, 0.0, 8.222449388028963e-09, 8.076288082747851e-09, 0.0, 4.686325549840831e-09, 7.812253954853077e-09, 0.0, 0.0, 6.338007008110935e-09, 6.819102615907013e-09, 1.2317683761864373e-08, 0.0, 4.149964816235752e-09], "Unc_Flux_History": [[null, 1.1030936164502236e-08], [-5.537659220067326e-09, 7.418714087492617e-09], [null, 5.519567025658034e-09], [-7.941471480421569e-09, 9.463201777748509e-09], [-6.23788398712577e-09, 7.660177381296762e-09], [null, 7.789731526486321e-09], [-5.635647504220742e-09, 7.400197343798709e-09], [-5.217622778275199e-09, 7.619243902468043e-09], [null, 5.951441117701961e-09], [null, 7.227468401538317e-09], [null, 4.740383197088249e-09], [null, 8.45149727979333e-09], [null, 1.0645866410641247e-08], [null, 1.2294972151494221e-08], [-1.1262764942898684e-08, 1.314750974756862e-08], [null, 7.3421970725462415e-09], [null, 8.378956195542742e-09], [null, 1.0890492951887154e-08], [-9.445049187206678e-09, 1.1186709336641343e-08], [-7.502087839839078e-09, 9.885313012603092e-09], [null, 4.623814664483916e-09], [null, 7.102892052301968e-09], [null, 7.2261112649130155e-09], [null, 8.836926745914297e-09], [null, 8.532687445494958e-09], [null, 9.554756097429618e-09], [-3.2850215880841915e-09, 5.8528284441194955e-09], [-7.288816661343844e-09, 9.539800949198707e-09], [null, 9.695219738148353e-09], [null, 7.084864694917314e-09], [null, 9.179517590496289e-09], [null, 9.680705126413613e-09], [-1.1639528452178638e-08, 1.3754708483304512e-08], [null, 6.238516370160596e-09], [-8.340732549072527e-09, 1.0547978490649257e-08], [null, 6.6633427664442024e-09], [-6.8721637269675284e-09, 1.0610170519953499e-08], [-5.578594031163675e-09, 8.477480051283237e-09], [null, 7.621246744804466e-09], [-3.397934378313039e-09, 5.71464520149334e-09], [-4.753194282614004e-09, 6.855871426125759e-09], [null, 9.266529765739051e-09], [null, 1.0128679228671444e-08], [-5.1394239974911216e-09, 7.3294317282091015e-09], [null, 1.0474763278978116e-08], [-6.941572205931834e-09, 8.884184055091282e-09], [null, 7.993113726456613e-09], [null, 1.1203593608399842e-08]], "Extended_Source_Name": "                  ", "0FGL_Name": "                 ", "1FGL_Name": "                  ", "2FGL_Name": "                  ", "1FHL_Name": "                  ", "ASSOC_GAM1": "               ", "ASSOC_GAM2": "              ", "ASSOC_GAM3": "               ", "TEVCAT_FLAG": "N", "ASSOC_TEV": "                     ", "CLASS1": "bll  ", "ASSOC1": "NVSS J102703+060934       ", "ASSOC2": "                          ", "Flags": 0, "source_id": 1196}