{"Source_Name": "3FGL J1446.1-1628 ", "RAJ2000": 221.5269012451172, "DEJ2000": -16.471799850463867, "GLON": 338.8109436035156, "GLAT": 38.28331756591797, "Conf_68_SemiMajor": 0.07117033004760742, "Conf_68_SemiMinor": 0.05747898295521736, "Conf_68_PosAng": 29.350000381469727, "Conf_95_SemiMajor": 0.11540000140666962, "Conf_95_SemiMinor": 0.09319999814033508, "Conf_95_PosAng": 29.350000381469727, "ROI_num": 342, "Signif_Avg": 5.62275505065918, "Pivot_Energy": 1153.8319091796875, "Flux_Density": 4.3904433582632463e-13, "Unc_Flux_Density": 8.30008465928754e-14, "Flux1000": 4.520283869435815e-10, "Unc_Flux1000": 9.259987915344325e-11, "Energy_Flux100": 5.750703732654294e-12, "Unc_Energy_Flux100": 1.1106331783070078e-12, "Signif_Curve": 0.4043427109718323, "SpectrumType": "PowerLaw        ", "Spectral_Index": 2.3591182231903076, "Unc_Spectral_Index": 0.13544315099716187, "beta": null, "Unc_beta": null, "Cutoff": null, "Unc_Cutoff": null, "Exp_Index": null, "Unc_Exp_Index": null, "PowerLaw_Index": 2.3591182231903076, "Flux30_100": null, "Unc_Flux30_100": null, "nuFnu30_100": null, "Sqrt_TS30_100": null, "Flux100_300": 1.0557265284205641e-08, "Unc_Flux100_300": [-4.102103101644161e-09, 4.146616827682692e-09], "nuFnu100_300": 2.4497164279740913e-12, "Sqrt_TS100_300": 2.553528308868408, "Flux300_1000": 1.453669629114529e-09, "Unc_Flux300_1000": [-5.930746449500646e-10, 6.017059073215592e-10], "nuFnu300_1000": 9.572490369813558e-13, "Sqrt_TS300_1000": 2.5277082920074463, "Flux1000_3000": 3.5190361735715214e-10, "Unc_Flux1000_3000": [-1.2021958428753976e-10, 1.304121255429891e-10], "nuFnu1000_3000": 8.165599815236624e-13, "Sqrt_TS1000_3000": 3.2208259105682373, "Flux3000_10000": 9.092425423684602e-11, "Unc_Flux3000_10000": [-3.4480196475783487e-11, 4.224164767974159e-11], "nuFnu3000_10000": 5.987409461456761e-13, "Sqrt_TS3000_10000": 3.563983201980591, "Flux10000_100000": 1.5522423624236836e-11, "Unc_Flux10000_100000": [-1.0087592219876207e-11, 1.5798333127814423e-11], "nuFnu10000_100000": 2.4044405789319656e-13, "Sqrt_TS10000_100000": 2.0835044384002686, "Variability_Index": 46.66653060913086, "Signif_Peak": null, "Flux_Peak": null, "Unc_Flux_Peak": null, "Time_Peak": null, "Peak_Interval": null, "Flux_History": [1.494447943173327e-08, 0.0, 8.973692011693402e-09, 0.0, 8.300665044203015e-09, 9.214763174725249e-09, 2.4119559682844738e-09, 2.545528010600151e-09, 1.0555893048547205e-08, 8.62666027501291e-09, 0.0, 3.016412719603068e-08, 4.590953395222641e-09, 1.3203365512026721e-08, 3.730781372723868e-08, 1.3150947886231279e-08, 0.0, 3.40173689217238e-09, 1.500045776481329e-08, 1.4630730404974202e-08, 8.503723947228536e-09, 0.0, 2.4586848113017368e-09, 0.0, 3.6713923012854366e-09, 1.6345596876021773e-08, 2.885016492371051e-08, 0.0, 2.6573205857971516e-08, 0.0, 0.0, 3.786745583767015e-09, 1.4178309193368932e-08, 0.0, 2.66848534380415e-08, 0.0, 2.739617199765121e-09, 0.0, 0.0, 4.572301204319729e-09, 5.532934110874521e-08, 2.302157398048621e-08, 1.6336224817337097e-08, 1.4339414988739918e-08, 4.870936542999971e-09, 4.878358694782037e-08, 9.593823513398547e-09, 2.8296307519326547e-08], "Unc_Flux_History": [[-1.2219224743148516e-08, 1.4677462800705143e-08], [null, 1.519099690483472e-08], [null, 1.3337409399127864e-08], [null, 1.1979856218147233e-08], [null, 1.3019353595211669e-08], [-8.901759329660308e-09, 1.2105068059042878e-08], [null, 1.2349024913760331e-08], [null, 1.6879303288419578e-08], [-8.138139051538928e-09, 1.1786354114917685e-08], [null, 1.650059466840048e-08], [null, 1.4199023290473178e-08], [-1.2082844946803561e-08, 1.2998160769939204e-08], [null, 1.3590723213496858e-08], [null, 1.3727860626033817e-08], [-1.5441500522683782e-08, 1.750495570718158e-08], [null, 1.7893501791377275e-08], [null, 9.527346911397672e-09], [null, 1.7685904296627086e-08], [-1.1223068696608607e-08, 1.3303885992854703e-08], [null, 2.1207222644648027e-08], [-8.503723947228536e-09, 1.3010454047446274e-08], [null, 1.4600866293790205e-08], [null, 1.2400374949095294e-08], [null, 9.764580255477995e-09], [null, 1.534562876770451e-08], [-1.0642457581866438e-08, 1.4440026063766709e-08], [-1.5893842686409698e-08, 1.9363548986461865e-08], [null, 1.1799570209802823e-08], [-1.5320951618491563e-08, 1.7037908861539108e-08], [null, 1.2838014207261494e-08], [null, 1.1783405362564281e-08], [null, 1.6786367851295836e-08], [-1.259266912967405e-08, 1.4909877776858593e-08], [null, 1.4555253891046505e-08], [-1.3827380129782796e-08, 1.4987600494009712e-08], [null, 1.8129700407598648e-08], [null, 1.4321037689057903e-08], [null, 1.1714926806405401e-08], [null, 2.1221469026500017e-08], [null, 1.633094726116724e-08], [-1.8609762619803405e-08, 2.0944007417256216e-08], [-1.0405898365206667e-08, 1.1845497027707097e-08], [-1.0703686825763725e-08, 1.4123100910978792e-08], [-1.1191584547987077e-08, 1.4253387803364603e-08], [null, 1.6769833521834698e-08], [-2.1662044602521746e-08, 2.3512683355875197e-08], [null, 1.2872589216783581e-08], [-1.784808389970749e-08, 2.2106616981432126e-08]], "Extended_Source_Name": "                  ", "0FGL_Name": "                 ", "1FGL_Name": "                  ", "2FGL_Name": "                  ", "1FHL_Name": "                  ", "ASSOC_GAM1": "               ", "ASSOC_GAM2": "              ", "ASSOC_GAM3": "               ", "TEVCAT_FLAG": "N", "ASSOC_TEV": "                     ", "CLASS1": "bll  ", "ASSOC1": "PKS B1443-162             ", "ASSOC2": "                          ", "Flags": 0, "catalog_row_index": 1791}