{"Source_Name": "3FGL J1325.4-4301 ", "RAJ2000": 201.36659240722656, "DEJ2000": -43.03049850463867, "GLON": 309.51593017578125, "GLAT": 19.40576171875, "Conf_68_SemiMajor": 0.01850181818008423, "Conf_68_SemiMinor": 0.016528291627764702, "Conf_68_PosAng": 37.56999969482422, "Conf_95_SemiMajor": 0.029999999329447746, "Conf_95_SemiMinor": 0.026799999177455902, "Conf_95_PosAng": 37.56999969482422, "ROI_num": 313, "Signif_Avg": 43.85569763183594, "Pivot_Energy": 481.17034912109375, "Flux_Density": 4.209826237611125e-11, "Unc_Flux_Density": 1.2853614657012957e-12, "Flux1000": 3.4226763645506253e-09, "Unc_Flux1000": 1.681694644650733e-10, "Energy_Flux100": 6.651493245080076e-11, "Unc_Energy_Flux100": 2.0684135827730987e-12, "Signif_Curve": 2.2670884132385254, "SpectrumType": "PowerLaw        ", "Spectral_Index": 2.7029895782470703, "Unc_Spectral_Index": 0.029256170615553856, "beta": null, "Unc_beta": null, "Cutoff": null, "Unc_Cutoff": null, "Exp_Index": null, "Unc_Exp_Index": null, "PowerLaw_Index": 2.7029895782470703, "Flux30_100": null, "Unc_Flux30_100": null, "nuFnu30_100": null, "Sqrt_TS30_100": null, "Flux100_300": 1.4547757132277184e-07, "Unc_Flux100_300": [-8.479498880831216e-09, 8.479498880831216e-09], "nuFnu100_300": 3.2682436618136634e-11, "Sqrt_TS100_300": 20.39000129699707, "Flux300_1000": 2.0594507432747378e-08, "Unc_Flux300_1000": [-1.00075836506619e-09, 1.00075836506619e-09], "nuFnu300_1000": 1.3051445341139e-11, "Sqrt_TS300_1000": 25.421398162841797, "Flux1000_3000": 2.5739388398449137e-09, "Unc_Flux1000_3000": [-2.0629770114410917e-10, 2.0629770114410917e-10], "nuFnu1000_3000": 5.782512489671543e-12, "Sqrt_TS1000_3000": 18.277542114257812, "Flux3000_10000": 4.906431927409471e-10, "Unc_Flux3000_10000": [-6.799685814407042e-11, 7.392777362502656e-11], "nuFnu3000_10000": 3.1093740863324948e-12, "Sqrt_TS3000_10000": 12.697103500366211, "Flux10000_100000": 1.3155819489352183e-10, "Unc_Flux10000_100000": [-3.14627629505182e-11, 3.672675011334725e-11], "nuFnu10000_100000": 1.8136861370393609e-12, "Sqrt_TS10000_100000": 7.9239654541015625, "Variability_Index": 59.32753372192383, "Signif_Peak": null, "Flux_Peak": null, "Unc_Flux_Peak": null, "Time_Peak": null, "Peak_Interval": null, "Flux_History": [1.2690446737906314e-07, 1.0334124311839332e-07, 1.2071826915871497e-07, 1.465309651393909e-07, 1.1795530241442975e-07, 1.3432465095775115e-07, 1.5156659571857745e-07, 2.1145953610357537e-07, 2.2642981889475777e-07, 1.3215938565735996e-07, 9.423774116612549e-08, 1.666001310240972e-07, 1.4322003494271485e-07, 1.5964981514571264e-07, 2.2548573497260804e-07, 1.7008676422847202e-07, 1.3893043160351226e-07, 1.9027567077500862e-07, 1.8224338305117271e-07, 1.5393742103242403e-07, 1.0272109562947662e-07, 1.9258908423580579e-07, 1.367435942256634e-07, 1.1153463219670812e-07, 1.384978531859815e-07, 1.8011451174970716e-07, 1.6064876717791776e-07, 1.5610559955803183e-07, 1.3371020202157524e-07, 1.792004127310065e-07, 1.6662787061250128e-07, 1.3607990467789932e-07, 1.529199664673797e-07, 1.449474069659118e-07, 1.8145928493140673e-07, 1.1808450040007301e-07, 1.1062877547374228e-07, 1.4749254262369504e-07, 1.7260119022921572e-07, 1.6272534253403137e-07, 1.7643324667915294e-07, 1.3970685586173204e-07, 1.477122850701562e-07, 1.7954509701212373e-07, 1.1441928648991961e-07, 1.92707830137806e-07, 1.88250041333049e-07, 1.7795258600017405e-07], "Unc_Flux_History": [[-3.120250013921577e-08, 3.3087612649751463e-08], [-2.9419766178762075e-08, 3.136542758852556e-08], [-3.181438756882926e-08, 3.3297752111138834e-08], [-3.2610991240744625e-08, 3.41184538399375e-08], [-2.7733362273352213e-08, 2.976154078737636e-08], [-3.526956859900565e-08, 3.621791577756994e-08], [-2.9082737995622665e-08, 3.049797570042756e-08], [-4.192581570805487e-08, 4.2468762728731235e-08], [-3.36403509493266e-08, 3.5393423303275995e-08], [-3.323154018630703e-08, 3.4339251442361274e-08], [-3.057570197029236e-08, 3.303961193523719e-08], [-2.9526001199542407e-08, 3.104013401866723e-08], [-3.4332344966969686e-08, 3.6064371045085863e-08], [-2.9341656215819967e-08, 3.017688854356493e-08], [-3.8243417321837114e-08, 3.963146610885815e-08], [-3.083722077690254e-08, 3.215325605765429e-08], [-2.8748994296279307e-08, 3.0344185830699644e-08], [-3.4747362320786124e-08, 3.6614913767607504e-08], [-2.799238707495988e-08, 2.905461471414128e-08], [-3.5126799247109375e-08, 3.7831842547575434e-08], [-2.7597170770832236e-08, 2.906329577001543e-08], [-3.508606738478193e-08, 3.694434269618796e-08], [-2.7902618882080787e-08, 2.9263679479640814e-08], [-2.916029373523088e-08, 3.08060563725121e-08], [-3.543076587675387e-08, 3.6231764255489907e-08], [-3.1819173074154605e-08, 3.2984836195737444e-08], [-3.785208235740356e-08, 4.015282684122212e-08], [-2.462792281221482e-08, 2.5692662219967133e-08], [-3.1686749224490995e-08, 3.322762864854667e-08], [-2.9642109211636125e-08, 3.083550481619568e-08], [-2.9394888301226274e-08, 3.101670742466922e-08], [-3.499845036003535e-08, 3.737619636012823e-08], [-3.159985695333489e-08, 3.335933485004716e-08], [-3.664623804411349e-08, 3.849238083830642e-08], [-2.8470521939993887e-08, 2.9823851832588844e-08], [-3.177398255616026e-08, 3.3821251577137446e-08], [-2.599441906170341e-08, 2.745567151407613e-08], [-3.135157200517824e-08, 3.3135119537064384e-08], [-3.31311618140262e-08, 3.492096212198703e-08], [-2.8318178024733243e-08, 2.9548761659725642e-08], [-3.3091364315396277e-08, 3.475933496588368e-08], [-2.5611717191509342e-08, 2.7264492885592517e-08], [-3.345565957602048e-08, 3.449271446243074e-08], [-2.9207015472820785e-08, 3.0663116490359243e-08], [-2.991680503328098e-08, 3.1071166972651554e-08], [-3.37741177247608e-08, 3.538644222089715e-08], [-2.8367995952294223e-08, 2.9390495370762437e-08], [-3.583297214504455e-08, 3.817897464841735e-08]], "Extended_Source_Name": "                  ", "0FGL_Name": "0FGL J1325.4-4303", "1FGL_Name": "1FGL J1325.6-4300 ", "2FGL_Name": "2FGL J1325.6-4300 ", "1FHL_Name": "1FHL J1326.1-4303 ", "ASSOC_GAM1": "               ", "ASSOC_GAM2": "3EG J1324-4314", "ASSOC_GAM3": "               ", "TEVCAT_FLAG": "P", "ASSOC_TEV": "Centaurus A          ", "CLASS1": "RDG  ", "ASSOC1": "Cen A Core                ", "ASSOC2": "                          ", "Flags": 0, "source_id": 1625}