{"Source_Name": "3FHL J1959.7-4725 ", "RAJ2000": 299.934326171875, "DEJ2000": -47.424163818359375, "GLON": 351.8018493652344, "GLAT": -30.835691452026367, "Conf_95_SemiMajor": 0.02092099003493786, "Conf_95_SemiMinor": 0.02092099003493786, "Conf_95_PosAng": null, "ROI_num": 507, "Signif_Avg": 18.092283248901367, "Pivot_Energy": 18.869409561157227, "Flux_Density": 5.411821164813535e-12, "Unc_Flux_Density": 7.490556027008044e-13, "Flux": 1.7621135106615782e-10, "Unc_Flux": 2.4379404744978572e-11, "Energy_Flux": 7.168597312978697e-12, "Unc_Energy_Flux": 1.5394929255008183e-12, "Signif_Curve": 0.3565426766872406, "SpectrumType": "PowerLaw   ", "Spectral_Index": 2.4885644912719727, "Unc_Spectral_Index": 0.3366227149963379, "beta": 0.0725712925195694, "Unc_beta": 0.21168257296085358, "PowerLaw_Index": 2.5784318447113037, "Unc_PowerLaw_Index": 0.21927739679813385, "Flux_Band": [1.192059784216326e-10, 3.960472227948486e-11, 1.7647029670886383e-11, 5.61100649431271e-20, 1.9871927734238947e-21], "Unc_Flux_Band": [[-1.8998306400286324e-11, 2.1148577680762948e-11], [-1.0592987424729028e-11, 1.2692087832111287e-11], [-6.663159173719846e-12, 8.731658625305005e-12], [null, 4.544974639697497e-12], [null, 5.017295173076475e-12]], "nuFnu": [3.7333820930574024e-12, 2.0334216081774326e-12, 2.005308896366187e-12, 1.802420253963225e-20, 1.9461580719133723e-21], "Sqrt_TS_Band": [15.143027305603027, 8.857189178466797, 6.189981460571289, 0.0, 0.0], "Npred": 57.50708770751953, "HEP_Energy": 148.4320068359375, "HEP_Prob": 0.9992430806159973, "Variability_BayesBlocks": 1, "Extended_Source_Name": "                  ", "ASSOC_GAM": "3FGL J1959.8-4725 ", "TEVCAT_FLAG": "C", "ASSOC_TEV": "                     ", "CLASS": "bll    ", "ASSOC1": "SUMSS J195945-472519      ", "ASSOC2": "                          ", "ASSOC_PROB_BAY": 0.9999666213989258, "ASSOC_PROB_LR": 0.9553658962249756, "Redshift": null, "NuPeak_obs": 2264642034335744.0, "source_id": 1322}