{"Source_Name": "3FGL J2004.4+3338 ", "RAJ2000": 301.10321044921875, "DEJ2000": 33.64509963989258, "GLON": 70.67123413085938, "GLAT": 1.1853595972061157, "Conf_68_SemiMajor": 0.021647129207849503, "Conf_68_SemiMinor": 0.02053701877593994, "Conf_68_PosAng": 42.95000076293945, "Conf_95_SemiMajor": 0.035100001841783524, "Conf_95_SemiMinor": 0.0333000011742115, "Conf_95_PosAng": 42.95000076293945, "ROI_num": 82, "Signif_Avg": 18.464000701904297, "Pivot_Energy": 1090.86767578125, "Flux_Density": 3.786695349644598e-12, "Unc_Flux_Density": 2.4502982650699556e-13, "Flux1000": 3.5588374469597284e-09, "Unc_Flux1000": 2.5265486924830327e-10, "Energy_Flux100": 4.307105019862867e-11, "Unc_Energy_Flux100": 2.7879094432331497e-12, "Signif_Curve": 3.369769334793091, "SpectrumType": "PowerLaw        ", "Spectral_Index": 2.296311140060425, "Unc_Spectral_Index": 0.043495774269104004, "beta": null, "Unc_beta": null, "Cutoff": null, "Unc_Cutoff": null, "Exp_Index": null, "Unc_Exp_Index": null, "PowerLaw_Index": 2.296311140060425, "Flux30_100": null, "Unc_Flux30_100": null, "nuFnu30_100": null, "Sqrt_TS30_100": null, "Flux100_300": 4.9637225885135194e-08, "Unc_Flux100_300": [-8.299193332561572e-09, 8.221563874144522e-09], "nuFnu100_300": 1.1587636232490706e-11, "Sqrt_TS100_300": 6.083497047424316, "Flux300_1000": 1.6417363468690382e-08, "Unc_Flux300_1000": [-1.6694721161059078e-09, 1.6851103845638704e-09], "nuFnu300_1000": 1.0888932984454147e-11, "Sqrt_TS300_1000": 10.301944732666016, "Flux1000_3000": 2.9093039088934347e-09, "Unc_Flux1000_3000": [-3.4299987849983893e-10, 3.52237961021018e-10], "nuFnu1000_3000": 6.791667922501077e-12, "Sqrt_TS1000_3000": 9.706165313720703, "Flux3000_10000": 6.175762123916684e-10, "Unc_Flux3000_10000": [-9.5850591352864e-11, 1.0219992213622575e-10], "nuFnu3000_10000": 4.096117976054581e-12, "Sqrt_TS3000_10000": 8.750815391540527, "Flux10000_100000": 1.224086387807688e-10, "Unc_Flux10000_100000": [-3.2996848309263527e-11, 3.8680173647387406e-11], "nuFnu10000_100000": 1.940503747271949e-12, "Sqrt_TS10000_100000": 6.308043956756592, "Variability_Index": 50.29294204711914, "Signif_Peak": null, "Flux_Peak": null, "Unc_Flux_Peak": null, "Time_Peak": null, "Peak_Interval": null, "Flux_History": [1.0746619949486558e-07, 9.310502946391352e-08, 7.379307476185204e-08, 8.634457060452405e-08, 6.491516302276068e-08, 6.910955363537141e-08, 2.9926678024594366e-08, 5.303126116018575e-08, 1.2404801452703396e-07, 5.485201270971629e-08, 7.320416983702671e-08, 6.386819961790025e-08, 8.337547541259482e-08, 1.4947295312595088e-07, 1.4776267676097632e-07, 8.067463852512446e-08, 7.449861527675239e-08, 1.1229317209426881e-07, 5.956248827487798e-08, 7.338207552720633e-08, 7.653640210492085e-08, 4.24311288327317e-08, 4.936619291129318e-08, 1.139323373422485e-07, 5.8319272966400604e-08, 1.3108611085499433e-07, 7.593838091679572e-08, 2.044200009265751e-08, 1.1664720034332277e-07, 1.0338477807181334e-07, 2.8529850482073016e-08, 1.0593404198289136e-07, 9.190689098659277e-08, 2.8486933700833106e-08, 6.561867849086411e-08, 8.45531644699804e-08, 6.598015289682735e-08, 7.940349178170436e-08, 4.1766426761569164e-08, 6.547300301917858e-08, 1.0352775348110299e-07, 1.596558547589666e-07, 4.956845600645465e-08, 6.170552069306723e-08, 1.0858034471539213e-07, 7.41123642455932e-08, 7.468397456023013e-08, 4.1022975239002335e-08], "Unc_Flux_History": [[-3.069230203323059e-08, 3.2604710042960505e-08], [-3.1551426360465484e-08, 3.4122496828103976e-08], [-2.6774493733228155e-08, 2.9024448622294585e-08], [-3.072698007144936e-08, 3.30668257220168e-08], [-2.968494960953194e-08, 3.206991294746331e-08], [-2.6895895288703286e-08, 2.9525560663046235e-08], [-2.6140375197769572e-08, 3.003755111308237e-08], [-2.8787239259031594e-08, 3.204071319373725e-08], [-3.799727821274246e-08, 3.988564856172161e-08], [-2.7860723506023533e-08, 3.07787573206042e-08], [-3.1063667194075606e-08, 3.338057297241903e-08], [-2.9986242822133136e-08, 3.185881425338266e-08], [-3.334106679631077e-08, 3.505960322058854e-08], [-3.291495431767544e-08, 3.479245336279746e-08], [-3.49815323374969e-08, 3.6934643787844834e-08], [-3.332515419174342e-08, 3.497700262755643e-08], [-3.3658295706118224e-08, 3.6091471145027754e-08], [-3.020958416755093e-08, 3.2477348810289186e-08], [-2.6528800489700188e-08, 2.9521975974944326e-08], [-3.274432103239633e-08, 3.491690492296584e-08], [-3.0357483637999394e-08, 3.26896767433027e-08], [-2.412527244644025e-08, 2.8083183778448984e-08], [-2.627016648659719e-08, 2.8929486362017087e-08], [-3.5945326715136616e-08, 3.848011331797352e-08], [-2.897174766758326e-08, 3.1159661517676795e-08], [-3.500776912801484e-08, 3.7386261197980275e-08], [-3.02977554156314e-08, 3.250239188901105e-08], [null, 2.594229187025121e-08], [-3.543001270145396e-08, 3.735037168439703e-08], [-3.052264219149947e-08, 3.2614636324979074e-08], [-2.1240497360963673e-08, 2.7173902239496783e-08], [-3.109975565962486e-08, 3.278267257655898e-08], [-3.2995490784060166e-08, 3.5224594796545716e-08], [-2.8422302733588367e-08, 3.1490774432541e-08], [-2.935346721244514e-08, 3.1661777200042707e-08], [-3.2929090565403385e-08, 3.53756917093051e-08], [-2.8284015129997897e-08, 3.089941458256362e-08], [-3.7466168834043856e-08, 4.077707416172416e-08], [-1.9139339002549605e-08, 2.338128446410792e-08], [-3.138664084190168e-08, 3.4480379440537945e-08], [-3.283820504407231e-08, 3.4872734033797315e-08], [-3.8644984101665614e-08, 4.027103273074317e-08], [-3.047309249382124e-08, 3.321738617501069e-08], [-2.6347695580852815e-08, 2.8602723745052572e-08], [-2.8468221557886864e-08, 3.081571975371844e-08], [-2.9470061946312853e-08, 3.146016425148446e-08], [-3.004697646247223e-08, 3.267849635335551e-08], [-3.276110760452866e-08, 3.584924357369346e-08]], "Extended_Source_Name": "                  ", "0FGL_Name": "                 ", "1FGL_Name": "1FGL J2004.7+3343 ", "2FGL_Name": "2FGL J2004.4+3339c", "1FHL_Name": "1FHL J2004.4+3339 ", "ASSOC_GAM1": "               ", "ASSOC_GAM2": "              ", "ASSOC_GAM3": "               ", "TEVCAT_FLAG": "N", "ASSOC_TEV": "                     ", "CLASS1": "     ", "ASSOC1": "                          ", "ASSOC2": "                          ", "Flags": 0, "catalog_row_index": 2580}