{"Source_Name": "3FGL J0903.1+4649 ", "RAJ2000": 135.7991943359375, "DEJ2000": 46.8202018737793, "GLON": 173.08248901367188, "GLAT": 41.57990264892578, "Conf_68_SemiMajor": 0.09454429894685745, "Conf_68_SemiMinor": 0.07258880138397217, "Conf_68_PosAng": -71.05999755859375, "Conf_95_SemiMajor": 0.15330000221729279, "Conf_95_SemiMinor": 0.1177000030875206, "Conf_95_PosAng": -71.05999755859375, "ROI_num": 794, "Signif_Avg": 7.747318267822266, "Pivot_Energy": 537.2523803710938, "Flux_Density": 2.406795032369735e-12, "Unc_Flux_Density": 3.307196909992788e-13, "Flux1000": 2.936960952215628e-10, "Unc_Flux1000": 6.11757242086064e-11, "Energy_Flux100": 5.0167868990980136e-12, "Unc_Energy_Flux100": 6.961955968318168e-13, "Signif_Curve": 0.027375081554055214, "SpectrumType": "PowerLaw        ", "Spectral_Index": 2.6145033836364746, "Unc_Spectral_Index": 0.12655724585056305, "beta": null, "Unc_beta": null, "Cutoff": null, "Unc_Cutoff": null, "Exp_Index": null, "Unc_Exp_Index": null, "PowerLaw_Index": 2.6145033836364746, "Flux30_100": null, "Unc_Flux30_100": null, "nuFnu30_100": null, "Sqrt_TS30_100": null, "Flux100_300": 9.941285128434174e-09, "Unc_Flux100_300": [-2.4961732680850446e-09, 2.5075022058729246e-09], "nuFnu100_300": 2.2517478333317076e-12, "Sqrt_TS100_300": 4.098422527313232, "Flux300_1000": 1.88489512886747e-09, "Unc_Flux300_1000": [-3.846922502770411e-10, 3.9827888209664764e-10], "nuFnu300_1000": 1.206149763399722e-12, "Sqrt_TS300_1000": 5.345685958862305, "Flux1000_3000": 1.7182080758182394e-10, "Unc_Flux1000_3000": [-6.57845861118389e-11, 7.253892625458391e-11], "nuFnu1000_3000": 3.89182203174368e-13, "Sqrt_TS1000_3000": 3.026634931564331, "Flux3000_10000": 7.864214141006798e-11, "Unc_Flux3000_10000": [-2.690388710424596e-11, 3.2543027300713234e-11], "nuFnu3000_10000": 5.032333057208849e-13, "Sqrt_TS3000_10000": 4.2260942459106445, "Flux10000_100000": 2.5414567978864107e-14, "Unc_Flux10000_100000": [null, 1.3953029703861475e-11], "nuFnu10000_100000": 3.6042313343832507e-16, "Sqrt_TS10000_100000": 0.0, "Variability_Index": 44.607418060302734, "Signif_Peak": null, "Flux_Peak": null, "Unc_Flux_Peak": null, "Time_Peak": null, "Peak_Interval": null, "Flux_History": [1.612083266877562e-08, 1.1802491428625217e-08, 0.0, 0.0, 1.070159960647743e-08, 1.0136850470132686e-08, 1.0649242376814527e-08, 0.0, 1.3720124591998228e-08, 0.0, 1.5152537002904864e-08, 5.988432150161316e-08, 3.1192303850957614e-08, 2.926085151955249e-08, 7.161060189275759e-09, 1.8506876031665342e-08, 6.929093743224257e-09, 1.434026675184441e-09, 0.0, 1.9140946605489262e-08, 0.0, 1.5519514562356562e-08, 2.618537031651158e-08, 1.715178221672886e-08, 1.2043726016486289e-08, 1.8216573138829517e-08, 7.715325267554363e-09, 1.4916775370465984e-08, 0.0, 8.50534398466607e-09, 1.6468479913100964e-08, 2.000992260775547e-08, 2.0050871185617325e-08, 1.1139975164553562e-08, 7.71668173804585e-10, 1.0690231810883688e-08, 1.3269936260940085e-08, 2.6483292003831593e-08, 1.4373386036936608e-08, 2.416300226570911e-08, 1.968853347023014e-08, 0.0, 1.0403099715006192e-08, 3.969204076526012e-09, 8.817333529975713e-09, 4.555726462740495e-09, 0.0, 9.833403424863718e-09], "Unc_Flux_History": [[-1.2561941709066105e-08, 1.4341265064388153e-08], [-1.0162598762519792e-08, 1.2471448762596538e-08], [null, 7.540443824893828e-09], [null, 1.0236528957818791e-08], [-8.963231934444593e-09, 1.1515204789702693e-08], [-1.0096017355465392e-08, 1.2415596550852115e-08], [null, 1.2579898900355602e-08], [null, 1.3589777303479877e-08], [-1.2071913246813892e-08, 1.35824835822973e-08], [null, 1.2815977612490315e-08], [-1.218275347270037e-08, 1.3576674007254041e-08], [-1.537439509036176e-08, 1.657070569649477e-08], [-1.3418373079332468e-08, 1.4737502773698452e-08], [-1.2149241612746664e-08, 1.3879478899525566e-08], [null, 1.1753825468474588e-08], [-1.0817427842368943e-08, 1.2048051445390229e-08], [null, 1.0852952314621689e-08], [null, 1.0199701527824345e-08], [null, 1.3428820722083401e-08], [-1.040197972201895e-08, 1.2144908190236947e-08], [null, 1.0868769884098128e-08], [-9.287301594440578e-09, 1.0826091134674698e-08], [-1.3333295356687813e-08, 1.4529164538146233e-08], [-1.0641743486416999e-08, 1.1824416112915515e-08], [-9.323143146389157e-09, 1.237994862179903e-08], [-1.2999106679956185e-08, 1.4250758795242291e-08], [null, 1.1253073139982916e-08], [-1.0668031791283283e-08, 1.2543035943224368e-08], [null, 1.1808750421948844e-08], [null, 1.3055933223427019e-08], [-9.335270334531742e-09, 1.0551445939199766e-08], [-1.1875466832123038e-08, 1.29449198027487e-08], [-1.3159966449904914e-08, 1.4863804409515069e-08], [-8.202455603623093e-09, 1.0462947841460846e-08], [null, 1.3107157137426384e-08], [null, 1.2132196580694199e-08], [-8.928010331032965e-09, 1.1456402049248027e-08], [-1.2189107501114904e-08, 1.3910244511805558e-08], [-8.872109269475459e-09, 1.1666441146473971e-08], [-1.2453207354212736e-08, 1.3504442897271929e-08], [-1.0312518838873075e-08, 1.2131820881222666e-08], [null, 1.2393742920835393e-08], [-9.626003993901122e-09, 1.1455139059535213e-08], [null, 1.3509687590840258e-08], [-8.198033363271406e-09, 9.842617387789687e-09], [null, 1.289921858216303e-08], [null, 8.411141116937415e-09], [null, 1.1635062691084386e-08]], "Extended_Source_Name": "                  ", "0FGL_Name": "                 ", "1FGL_Name": "                  ", "2FGL_Name": "2FGL J0903.4+4651 ", "1FHL_Name": "                  ", "ASSOC_GAM1": "               ", "ASSOC_GAM2": "              ", "ASSOC_GAM3": "               ", "TEVCAT_FLAG": "N", "ASSOC_TEV": "                     ", "CLASS1": "fsrq ", "ASSOC1": "S4 0859+47                ", "ASSOC2": "                          ", "Flags": 0, "source_id": 1024}