{"Source_Name": "3FGL J0640.9+0752 ", "RAJ2000": 100.24690246582031, "DEJ2000": 7.881800174713135, "GLON": 204.7301025390625, "GLAT": 1.2806074619293213, "Conf_68_SemiMajor": 0.17774079740047455, "Conf_68_SemiMinor": 0.1013282909989357, "Conf_68_PosAng": -35.380001068115234, "Conf_95_SemiMajor": 0.2881999909877777, "Conf_95_SemiMinor": 0.16429999470710754, "Conf_95_PosAng": -35.380001068115234, "ROI_num": 231, "Signif_Avg": 5.727827072143555, "Pivot_Energy": 947.2596435546875, "Flux_Density": 1.399727122403105e-12, "Unc_Flux_Density": 2.4108295112838796e-13, "Flux1000": 7.830536219444184e-10, "Unc_Flux1000": 1.4849241281034153e-10, "Energy_Flux100": 1.236141831256754e-11, "Unc_Energy_Flux100": 2.2930943168603113e-12, "Signif_Curve": 1.0997395515441895, "SpectrumType": "PowerLaw        ", "Spectral_Index": 2.5558371543884277, "Unc_Spectral_Index": 0.11471627652645111, "beta": null, "Unc_beta": null, "Cutoff": null, "Unc_Cutoff": null, "Exp_Index": null, "Unc_Exp_Index": null, "PowerLaw_Index": 2.5558371543884277, "Flux30_100": null, "Unc_Flux30_100": null, "nuFnu30_100": null, "Sqrt_TS30_100": null, "Flux100_300": 2.271561605482475e-08, "Unc_Flux100_300": [-9.16038178644385e-09, 9.509169451860089e-09], "nuFnu100_300": 5.1734888074916885e-12, "Sqrt_TS100_300": 2.4272732734680176, "Flux300_1000": 5.199900066088503e-09, "Unc_Flux300_1000": [-1.2944776361933918e-09, 1.3159110467952928e-09], "nuFnu300_1000": 3.3491098349464066e-12, "Sqrt_TS300_1000": 4.123991012573242, "Flux1000_3000": 4.637819017716538e-10, "Unc_Flux1000_3000": [-2.030993567769812e-10, 2.1489311718969617e-10], "nuFnu1000_3000": 1.0562647761655497e-12, "Sqrt_TS1000_3000": 2.3916175365448, "Flux3000_10000": 4.759302327239645e-11, "Unc_Flux3000_10000": [-3.312548152445416e-11, 4.1689807855904704e-11], "nuFnu3000_10000": 3.0653333604052646e-13, "Sqrt_TS3000_10000": 1.5825912952423096, "Flux10000_100000": 2.6858520615902215e-11, "Unc_Flux10000_100000": [-1.510091704459704e-11, 2.0831312369518074e-11], "nuFnu10000_100000": 3.883681570782116e-13, "Sqrt_TS10000_100000": 2.3782336711883545, "Variability_Index": 39.26931381225586, "Signif_Peak": null, "Flux_Peak": null, "Unc_Flux_Peak": null, "Time_Peak": null, "Peak_Interval": null, "Flux_History": [2.9052465322365606e-08, 3.458577069181956e-08, 0.0, 4.52237287618118e-08, 8.459236866542597e-09, 3.276970872434504e-08, 9.322915772713714e-09, 0.0, 0.0, 2.9236671750254573e-08, 2.1008846218251165e-08, 3.930095004989198e-08, 1.6539029701334584e-08, 2.767446005691454e-08, 1.680155214955903e-08, 7.729857287586128e-08, 4.588462942933802e-08, 0.0, 6.414820319378123e-08, 2.0681481416318093e-08, 2.883485095139804e-08, 3.7698299593103e-08, 0.0, 0.0, 2.8026201803754702e-08, 2.6433861322061603e-08, 0.0, 2.844302926519049e-08, 0.0, 2.7230466770333805e-08, 2.701630918977571e-08, 8.532039430519944e-08, 0.0, 2.5764979483255956e-08, 0.0, 6.239280025965854e-08, 2.4365727213648825e-09, 2.6384155304981505e-08, 6.043138967015693e-08, 5.551378379209382e-08, 6.25370972784367e-08, 4.287363353228102e-08, 0.0, 0.0, 6.033064892108086e-08, 5.220208709744156e-09, 9.46505167576106e-08, 3.4009236316023816e-08], "Unc_Flux_History": [[-2.817986377579018e-08, 3.5016736177340135e-08], [-2.9443430804576565e-08, 3.107937374124958e-08], [null, 3.3214110572998834e-08], [-2.763639805891671e-08, 2.9315570415633374e-08], [null, 2.918288899422805e-08], [-2.0748110785007157e-08, 2.446096658559327e-08], [null, 2.8066089896583435e-08], [null, 2.087999284583475e-08], [null, 2.170053647887471e-08], [-2.0723829763369395e-08, 2.6213230697180734e-08], [null, 2.3381211633477506e-08], [-2.389028175286967e-08, 2.8714158162301828e-08], [null, 2.8236861737696017e-08], [-2.425159095764684e-08, 2.9967708314870833e-08], [null, 3.496716871609351e-08], [-3.215971489112235e-08, 4.251593921367203e-08], [-3.775741674871824e-08, 3.466495002157899e-08], [null, 3.247564350772336e-08], [-3.234081802361288e-08, 3.522799829625001e-08], [null, 2.661830222905337e-08], [null, 3.0548136464858544e-08], [-3.0765171743496467e-08, 3.3969104862308086e-08], [null, 2.9247919641761655e-08], [null, 3.1096099917249376e-08], [null, 3.294021411193171e-08], [null, 2.6681437503839334e-08], [null, 2.7340446351331593e-08], [null, 3.5919857310773295e-08], [null, 3.420775840368151e-08], [null, 3.1587116922082714e-08], [-2.2240959296482288e-08, 2.7793387147312387e-08], [-3.8467742768943936e-08, 4.004771625432113e-08], [null, 3.57117500016102e-08], [null, 2.9605526918885516e-08], [null, 1.911047675662303e-08], [-3.6041239326323193e-08, 3.7542584152561176e-08], [null, 3.283607341586503e-08], [null, 3.4262058079548297e-08], [-2.5723497998342282e-08, 3.1207797235310863e-08], [-2.9749861241157305e-08, 3.461696351791943e-08], [-3.2414682493708824e-08, 3.4552765981743505e-08], [-2.6249093565411385e-08, 3.049711594371729e-08], [null, 2.2830819901287214e-08], [null, 3.5502150552702005e-08], [-3.1490888119378724e-08, 3.8602770757734106e-08], [null, 3.326536912595657e-08], [-3.9118223327250234e-08, 4.006765763620024e-08], [null, 3.216498711822169e-08]], "Extended_Source_Name": "                  ", "0FGL_Name": "                 ", "1FGL_Name": "                  ", "2FGL_Name": "                  ", "1FHL_Name": "                  ", "ASSOC_GAM1": "               ", "ASSOC_GAM2": "              ", "ASSOC_GAM3": "               ", "TEVCAT_FLAG": "N", "ASSOC_TEV": "                     ", "CLASS1": "spp  ", "ASSOC1": "                          ", "ASSOC2": "                          ", "Flags": 17, "source_id": 735}