{"Source_Name": "3FHL J0733.7+4111 ", "RAJ2000": 113.44173431396484, "DEJ2000": 41.195796966552734, "GLON": 177.66015625, "GLAT": 25.043851852416992, "Conf_95_SemiMajor": 0.05914796516299248, "Conf_95_SemiMinor": 0.05914796516299248, "Conf_95_PosAng": null, "ROI_num": 52, "Signif_Avg": 7.106865882873535, "Pivot_Energy": 15.430349349975586, "Flux_Density": 2.6415412825858686e-12, "Unc_Flux_Density": 7.359090008381142e-13, "Flux": 4.810689693823811e-11, "Unc_Flux": 1.3391190933909058e-11, "Energy_Flux": 1.3720024465493919e-12, "Unc_Energy_Flux": 4.8221263137041e-13, "Signif_Curve": 0.8145274519920349, "SpectrumType": "PowerLaw   ", "Spectral_Index": 2.856612205505371, "Unc_Spectral_Index": 0.9614742398262024, "beta": 0.7338065505027771, "Unc_beta": 1.2243847846984863, "PowerLaw_Index": 3.2715060710906982, "Unc_PowerLaw_Index": 0.6316790580749512, "Flux_Band": [3.711308343978814e-11, 8.60507064909255e-12, 2.3383634438489675e-12, 1.786429295296578e-18, 1.974853449009751e-22], "Unc_Flux_Band": [[-1.0691889214264894e-11, 1.2965783828533528e-11], [-4.420471801103165e-12, 6.497462724103231e-12], [-2.1158047102537436e-12, 4.4180475250454876e-12], [null, 4.501410095364422e-12], [null, 4.882407412393208e-12]], "nuFnu": [1.1320654700122668e-12, 4.2259278758630114e-13, 2.498256321866593e-13, 5.337844055689909e-19, 1.7642963759866762e-22], "Sqrt_TS_Band": [7.093278884887695, 3.1681807041168213, 1.176403284072876, 0.0, 0.0], "Npred": 15.827470779418945, "HEP_Energy": 24.18429946899414, "HEP_Prob": 0.9360921382904053, "Variability_BayesBlocks": 1, "Extended_Source_Name": "                  ", "ASSOC_GAM": "3FGL J0733.8+4108 ", "TEVCAT_FLAG": "N", "ASSOC_TEV": "                     ", "CLASS": "bll    ", "ASSOC1": "GB6 J0733+4111            ", "ASSOC2": "                          ", "ASSOC_PROB_BAY": 0.999416172504425, "ASSOC_PROB_LR": 0.0, "Redshift": null, "NuPeak_obs": 211348814299136.0, "catalog_row_index": 464}