{"Source_Name": "3FGL J0003.8-1151 ", "RAJ2000": 0.9588000178337097, "DEJ2000": -11.862700462341309, "GLON": 84.43189239501953, "GLAT": -71.084228515625, "Conf_68_SemiMajor": 0.08011287450790405, "Conf_68_SemiMinor": 0.061796072870492935, "Conf_68_PosAng": -16.729999542236328, "Conf_95_SemiMajor": 0.1298999935388565, "Conf_95_SemiMinor": 0.10019999742507935, "Conf_95_PosAng": -16.729999542236328, "ROI_num": 647, "Signif_Avg": 4.18143892288208, "Pivot_Energy": 2315.87841796875, "Flux_Density": 4.415178888727417e-14, "Unc_Flux_Density": 1.1922420719407377e-14, "Flux1000": 2.3389926107064696e-10, "Unc_Flux1000": 6.327031953912154e-11, "Energy_Flux100": 2.6042033113293783e-12, "Unc_Energy_Flux100": 7.102507059049412e-13, "Signif_Curve": 1.7894999980926514, "SpectrumType": "PowerLaw        ", "Spectral_Index": 2.0235214233398438, "Unc_Spectral_Index": 0.1755891740322113, "beta": null, "Unc_beta": null, "Cutoff": null, "Unc_Cutoff": null, "Exp_Index": null, "Unc_Exp_Index": null, "PowerLaw_Index": 2.0235214233398438, "Flux30_100": null, "Unc_Flux30_100": null, "nuFnu30_100": null, "Sqrt_TS30_100": null, "Flux100_300": 5.977301292814374e-11, "Unc_Flux100_300": [null, 2.0618715623754724e-09], "nuFnu100_300": 1.4330047497473734e-14, "Sqrt_TS100_300": 0.0, "Flux300_1000": 5.265829439160541e-10, "Unc_Flux300_1000": [-3.4896346923218857e-10, 3.7095332361403166e-10], "nuFnu300_1000": 3.605311307743747e-13, "Sqrt_TS300_1000": 1.5366719961166382, "Flux1000_3000": 2.3129535786647892e-10, "Unc_Flux1000_3000": [-7.43327482899403e-11, 8.359869740903747e-11], "nuFnu1000_3000": 5.545099969472833e-13, "Sqrt_TS1000_3000": 3.7925212383270264, "Flux3000_10000": 4.6610989373752076e-11, "Unc_Flux3000_10000": [-2.3623547562579006e-11, 3.015213079216039e-11], "nuFnu3000_10000": 3.1912756400138964e-13, "Sqrt_TS3000_10000": 2.4651217460632324, "Flux10000_100000": 1.7722861372915233e-11, "Unc_Flux10000_100000": [-1.0731346367087724e-11, 1.5926508376007398e-11], "nuFnu10000_100000": 3.1245400147414393e-13, "Sqrt_TS10000_100000": 2.5406970977783203, "Variability_Index": 48.49164581298828, "Signif_Peak": null, "Flux_Peak": null, "Unc_Flux_Peak": null, "Time_Peak": null, "Peak_Interval": null, "Flux_History": [6.184357914662542e-09, 4.6625459049209894e-09, 1.7060151069614449e-09, 9.4953920282137e-09, 0.0, 0.0, 4.565974265346995e-09, 0.0, 0.0, 2.224832540420607e-10, 4.886108850854498e-09, 2.33886954248419e-09, 0.0, 0.0, 2.3498716306136203e-09, 0.0, 1.1158026502755547e-08, 1.5251311324959715e-08, 1.5870181613308887e-08, 0.0, 0.0, 0.0, 0.0, 2.431849388528917e-09, 0.0, 0.0, 1.559845586029951e-08, 0.0, 0.0, 0.0, 7.294979287308934e-09, 5.467916786017213e-09, 4.712567225340081e-09, 0.0, 5.874817965434431e-09, 2.7458322282569725e-09, 0.0, 4.007496556823753e-09, 0.0, 1.0977746711660075e-08, 5.933448399275676e-09, 0.0, 0.0, 1.634063373501249e-08, 3.3839195889839857e-09, 0.0, 0.0, 0.0], "Unc_Flux_History": [[-5.54626655713264e-09, 6.607536295888394e-09], [null, 8.189739553188247e-09], [null, 4.568662781423427e-09], [-4.12064871113671e-09, 5.562835081462936e-09], [null, 5.473125064270334e-09], [null, 3.7184471057827295e-09], [null, 7.459117767893986e-09], [null, 7.957456027440912e-09], [null, 4.949121557018543e-09], [null, 7.665452272931361e-09], [-2.8188504863635444e-09, 4.167358458317949e-09], [null, 6.2312617288284855e-09], [null, 5.7334665903852056e-09], [null, 8.46399306198009e-09], [null, 7.492834797062642e-09], [null, 5.712966100190897e-09], [-5.301668437596163e-09, 6.557736131895808e-09], [-6.777224559328943e-09, 7.936871604385942e-09], [-8.984140542622754e-09, 1.1021342061212636e-08], [null, 4.499760120069141e-09], [null, 7.506668175949471e-09], [null, 5.308543826743062e-09], [null, 8.504124515695821e-09], [-2.4220601080315873e-09, 3.795811220896894e-09], [null, 5.593761898126104e-09], [null, 8.780697946519922e-09], [-6.7703682660180675e-09, 7.838933946402449e-09], [null, 5.025274862902052e-09], [null, 4.443009515853191e-09], [null, 5.705116823406797e-09], [-5.991524165693818e-09, 7.47527462152675e-09], [-4.378510443103778e-09, 6.402540719818717e-09], [null, 1.1450541848034845e-08], [null, 5.52979839696377e-09], [-4.036142531305131e-09, 5.891567678162346e-09], [null, 6.519130124615913e-09], [null, 8.020554886911668e-09], [-3.783135582580144e-09, 6.301864363678078e-09], [null, 8.79231354389276e-09], [-6.285733711308694e-09, 8.256255235039589e-09], [-4.1516741156044645e-09, 5.746115583349365e-09], [null, 6.280422848448097e-09], [null, 7.795880385685905e-09], [-9.657914468164108e-09, 1.14176819110412e-08], [null, 7.331778295593949e-09], [null, 5.520390367053096e-09], [null, 7.044950400825201e-09], [null, 4.130768171961563e-09]], "Extended_Source_Name": "                  ", "0FGL_Name": "                 ", "1FGL_Name": "                  ", "2FGL_Name": "                  ", "1FHL_Name": "                  ", "ASSOC_GAM1": "               ", "ASSOC_GAM2": "              ", "ASSOC_GAM3": "               ", "TEVCAT_FLAG": "N", "ASSOC_TEV": "                     ", "CLASS1": "bcu  ", "ASSOC1": "PMN J0004-1148            ", "ASSOC2": "                          ", "Flags": 0, "catalog_row_index": 12}