{"Source_Name": "3FHL J2339.5-0533 ", "RAJ2000": 354.8927307128906, "DEJ2000": -5.557736396789551, "GLON": 81.30852508544922, "GLAT": -62.470157623291016, "Conf_95_SemiMajor": 0.04479525610804558, "Conf_95_SemiMinor": 0.04479525610804558, "Conf_95_PosAng": null, "ROI_num": 34, "Signif_Avg": 9.450928688049316, "Pivot_Energy": 12.4725980758667, "Flux_Density": 1.0697040475626807e-11, "Unc_Flux_Density": 2.5391769849919532e-12, "Flux": 8.046500271641222e-11, "Unc_Flux": 1.9050247490604022e-11, "Energy_Flux": 1.6709732555963974e-12, "Unc_Energy_Flux": 4.190857188189623e-13, "Signif_Curve": 1.0300934314727783, "SpectrumType": "PowerLaw   ", "Spectral_Index": 5.980931758880615, "Unc_Spectral_Index": 1.1763325929641724, "beta": -0.7543329000473022, "Unc_beta": 0.3721165955066681, "PowerLaw_Index": 5.354802131652832, "Unc_PowerLaw_Index": 1.0700658559799194, "Flux_Band": [7.264754076086177e-11, 7.4472858435648e-12, 9.708110133458166e-18, 3.828434212965496e-21, 5.135878396558043e-16], "Unc_Flux_Band": [[-1.669922707059346e-11, 1.9470734052839944e-11], [-4.677721751611408e-12, 7.675935408124612e-12], [null, 5.728670576105044e-12], [null, 5.713694274656067e-12], [null, 7.7359611772021e-12]], "nuFnu": [2.067454063850449e-12, 3.2846015946171037e-13, 9.03242661611846e-19, 9.794941285685903e-22, 3.8239114468360217e-16], "Sqrt_TS_Band": [9.646015167236328, 2.735027313232422, 0.0, 0.0, 0.0], "Npred": 20.477439880371094, "HEP_Energy": 39.66630172729492, "HEP_Prob": 0.971447229385376, "Variability_BayesBlocks": 1, "Extended_Source_Name": "                  ", "ASSOC_GAM": "3FGL J2339.6-0533 ", "TEVCAT_FLAG": "N", "ASSOC_TEV": "                     ", "CLASS": "PSR    ", "ASSOC1": "PSR J2339-0533            ", "ASSOC2": "                          ", "ASSOC_PROB_BAY": 0.9999813437461853, "ASSOC_PROB_LR": 0.0, "Redshift": null, "NuPeak_obs": null, "source_id": 1541}