{"Source_Name": "3FGL J1208.0-6901 ", "RAJ2000": 182.01040649414062, "DEJ2000": -69.02580261230469, "GLON": 299.0442810058594, "GLAT": -6.48231840133667, "Conf_68_SemiMajor": 0.09004218131303787, "Conf_68_SemiMinor": 0.06969018280506134, "Conf_68_PosAng": -76.37000274658203, "Conf_95_SemiMajor": 0.1459999978542328, "Conf_95_SemiMinor": 0.11299999803304672, "Conf_95_PosAng": -76.37000274658203, "ROI_num": 214, "Signif_Avg": 5.96047306060791, "Pivot_Energy": 771.4010009765625, "Flux_Density": 1.4676338486521723e-12, "Unc_Flux_Density": 2.418110470973206e-13, "Flux1000": 5.187592022615206e-10, "Unc_Flux1000": 1.0169916297986248e-10, "Energy_Flux100": 7.496283975505502e-12, "Unc_Energy_Flux100": 1.2506016187907587e-12, "Signif_Curve": 2.0887672901153564, "SpectrumType": "PowerLaw        ", "Spectral_Index": 2.4838180541992188, "Unc_Spectral_Index": 0.1145690456032753, "beta": null, "Unc_beta": null, "Cutoff": null, "Unc_Cutoff": null, "Exp_Index": null, "Unc_Exp_Index": null, "PowerLaw_Index": 2.4838180541992188, "Flux30_100": null, "Unc_Flux30_100": null, "nuFnu30_100": null, "Sqrt_TS30_100": null, "Flux100_300": 1.4398120029568418e-08, "Unc_Flux100_300": [-4.823914601104207e-09, 4.957525945314956e-09], "nuFnu100_300": 3.3015027343930026e-12, "Sqrt_TS100_300": 3.0000298023223877, "Flux300_1000": 2.160599921197104e-09, "Unc_Flux300_1000": [-7.084082209729559e-10, 7.385175804230926e-10], "nuFnu300_1000": 1.4028250132705478e-12, "Sqrt_TS300_1000": 3.1138193607330322, "Flux1000_3000": 5.409971359782162e-10, "Unc_Flux1000_3000": [-1.412684830226496e-10, 1.4979696649763952e-10], "nuFnu1000_3000": 1.2405117081129569e-12, "Sqrt_TS1000_3000": 4.2770514488220215, "Flux3000_10000": 1.019767673082761e-10, "Unc_Flux3000_10000": [-3.6839795103382755e-11, 4.301393963235256e-11], "nuFnu3000_10000": 6.621103947231088e-13, "Sqrt_TS3000_10000": 3.629549741744995, "Flux10000_100000": 4.547880830068317e-16, "Unc_Flux10000_100000": [null, 1.30296884393033e-11], "nuFnu10000_100000": 6.7395189744538784e-18, "Sqrt_TS10000_100000": 0.0, "Variability_Index": 38.110923767089844, "Signif_Peak": null, "Flux_Peak": null, "Unc_Flux_Peak": null, "Time_Peak": null, "Peak_Interval": null, "Flux_History": [3.107115631451052e-08, 8.942026674674253e-09, 2.802108323152197e-09, 2.996149461864661e-08, 1.8143159863370784e-08, 1.54533541518731e-08, 0.0, 2.363007745032064e-08, 1.0267984684730891e-08, 2.7962984816554126e-08, 4.118968277566637e-08, 2.6219028725904536e-08, 0.0, 1.1360827834039355e-08, 2.738354609732596e-08, 7.476440799791817e-09, 5.1583292304258066e-08, 2.0674519873864483e-09, 2.3004076865618117e-08, 1.2933120130398379e-09, 6.614693237594338e-09, 2.1968691754636893e-08, 5.466509467311198e-09, 1.5033945643949664e-08, 0.0, 0.0, 2.861593451086719e-08, 2.956337219472971e-08, 3.2544736683348674e-08, 7.389328260387629e-09, 2.6504727301812636e-09, 0.0, 1.7703111865330357e-08, 2.762845952020143e-08, 1.3852113234236185e-08, 3.680075266743188e-08, 0.0, 0.0, 3.409801774267862e-09, 3.651766222745323e-09, 0.0, 0.0, 3.710635354536862e-08, 1.3749565930254448e-08, 5.666252800295979e-09, 5.403927083591498e-09, 2.6842408296090525e-09, 1.4546444937479919e-08], "Unc_Flux_History": [[-2.6705636813062483e-08, 2.9093140341274193e-08], [null, 2.3984188857184563e-08], [null, 2.3979472629775955e-08], [-1.94166425160347e-08, 2.1885021794787463e-08], [null, 2.1575967679154928e-08], [null, 2.0850306370334692e-08], [null, 2.1357630330953725e-08], [null, 2.5111759782703302e-08], [null, 1.8825943470801576e-08], [-2.0976498760205686e-08, 2.3470624554988717e-08], [-2.3412955130197588e-08, 2.568778434408614e-08], [-2.166543566772816e-08, 2.355558947897407e-08], [null, 2.1585098153309445e-08], [null, 1.6374967160004417e-08], [-1.7543772656836154e-08, 1.9870114442710474e-08], [null, 1.689253359415943e-08], [-1.8760017539420915e-08, 2.0542453071925593e-08], [null, 1.5693846222575303e-08], [-1.5729053615132216e-08, 1.742213839861506e-08], [null, 1.663124926665205e-08], [null, 1.4469856424170757e-08], [-1.9316541255420816e-08, 2.1375909042831154e-08], [null, 1.6979187833499054e-08], [null, 1.7818384989709557e-08], [null, 1.8947797997270754e-08], [null, 1.2315452657674086e-08], [-1.8611086005648758e-08, 2.0758250229846453e-08], [-1.691807227643949e-08, 1.8344643137879757e-08], [-1.8349595620748005e-08, 2.0469256512001266e-08], [null, 1.6516050749260103e-08], [null, 1.8793098632841065e-08], [null, 1.25804984207889e-08], [-1.5339134407099664e-08, 1.830728280083349e-08], [-1.810119876211047e-08, 2.1222101409534844e-08], [-9.527230560024691e-09, 1.3092986250740068e-08], [-2.0893542895805695e-08, 2.2883499539716468e-08], [null, 1.2565912754780584e-08], [null, 1.27238504177285e-08], [null, 1.8599488171844314e-08], [null, 1.675083893815099e-08], [null, 1.629688561877174e-08], [null, 1.3055923453464402e-08], [-1.680317929242392e-08, 1.949563355196915e-08], [null, 1.617894795913344e-08], [null, 2.0650483989470558e-08], [null, 1.7535898066967093e-08], [null, 1.669217297717296e-08], [null, 1.8214381114489697e-08]], "Extended_Source_Name": "                  ", "0FGL_Name": "                 ", "1FGL_Name": "                  ", "2FGL_Name": "                  ", "1FHL_Name": "                  ", "ASSOC_GAM1": "               ", "ASSOC_GAM2": "              ", "ASSOC_GAM3": "               ", "TEVCAT_FLAG": "N", "ASSOC_TEV": "                     ", "CLASS1": "     ", "ASSOC1": "                          ", "ASSOC2": "                          ", "Flags": 1, "catalog_row_index": 1436}