{"Source_Name": "3FGL J0958.6+6534 ", "RAJ2000": 149.660400390625, "DEJ2000": 65.56670379638672, "GLON": 145.75616455078125, "GLAT": 43.11836624145508, "Conf_68_SemiMajor": 0.02226385474205017, "Conf_68_SemiMinor": 0.021585455164313316, "Conf_68_PosAng": 20.690000534057617, "Conf_95_SemiMajor": 0.03610000014305115, "Conf_95_SemiMinor": 0.03500000014901161, "Conf_95_PosAng": 20.690000534057617, "ROI_num": 461, "Signif_Avg": 27.156431198120117, "Pivot_Energy": 599.2525634765625, "Flux_Density": 6.4667798026218914e-12, "Unc_Flux_Density": 3.0882135499017693e-13, "Flux1000": 1.38079847555872e-09, "Unc_Flux1000": 9.561679226166575e-11, "Energy_Flux100": 1.7924760634113746e-11, "Unc_Energy_Flux100": 8.832083285212344e-13, "Signif_Curve": 0.21676598489284515, "SpectrumType": "PowerLaw        ", "Spectral_Index": 2.381470203399658, "Unc_Spectral_Index": 0.040863364934921265, "beta": null, "Unc_beta": null, "Cutoff": null, "Unc_Cutoff": null, "Exp_Index": null, "Unc_Exp_Index": null, "PowerLaw_Index": 2.381470203399658, "Flux30_100": null, "Unc_Flux30_100": null, "nuFnu30_100": null, "Sqrt_TS30_100": null, "Flux100_300": 2.3770168056103103e-08, "Unc_Flux100_300": [-2.3060713338907135e-09, 2.3060713338907135e-09], "nuFnu100_300": 5.5038556177888776e-12, "Sqrt_TS100_300": 11.049099922180176, "Flux300_1000": 5.720640405826316e-09, "Unc_Flux300_1000": [-4.5851963892395986e-10, 4.5851963892395986e-10], "nuFnu300_1000": 3.757492147288266e-12, "Sqrt_TS300_1000": 14.773490905761719, "Flux1000_3000": 1.0819815043916492e-09, "Unc_Flux1000_3000": [-1.117952536100475e-10, 1.169283697644019e-10], "nuFnu1000_3000": 2.5052705136113795e-12, "Sqrt_TS1000_3000": 14.016084671020508, "Flux3000_10000": 2.4817134458565704e-10, "Unc_Flux3000_10000": [-4.0749178337184944e-11, 4.4594404557951606e-11], "nuFnu3000_10000": 1.6300653318465641e-12, "Sqrt_TS3000_10000": 10.79503345489502, "Flux10000_100000": 4.2290882601436763e-11, "Unc_Flux10000_100000": [-1.469711158330611e-11, 1.8612602778467213e-11], "nuFnu10000_100000": 6.498042663845294e-13, "Sqrt_TS10000_100000": 5.674073696136475, "Variability_Index": 230.729736328125, "Signif_Peak": 12.7158842086792, "Flux_Peak": 1.3119390018800914e-07, "Unc_Flux_Peak": 1.538392879751882e-08, "Time_Peak": 324804992.0, "Peak_Interval": 2630000.0, "Flux_History": [4.958279475886229e-08, 1.919595682409181e-08, 1.6972254712754875e-08, 8.852458321939594e-09, 1.5051186963432883e-09, 1.9244012605668104e-08, 2.9737275752950154e-08, 1.7462877366369867e-08, 4.023085509174962e-08, 1.600458077177791e-08, 3.59408041106235e-08, 7.568579007966036e-08, 1.7976532262764522e-08, 2.7267098801075917e-08, 2.3193440501501073e-09, 2.3508246016490375e-08, 7.516062794366007e-08, 5.5326992765003524e-08, 4.4206384330891524e-08, 2.776731378162367e-08, 3.469522269483605e-08, 4.59038211886309e-08, 1.7038660260482175e-08, 5.8163653449128105e-08, 3.602465881158423e-08, 1.60240976043724e-08, 4.928581098795348e-09, 1.9933610317934836e-08, 1.8168773152638096e-08, 6.5601524212866025e-09, 1.1911056141400422e-08, 1.218502490019091e-07, 1.3119390018800914e-07, 3.918744795328166e-08, 2.9541117996245703e-08, 2.2210103978181905e-08, 4.181530854907578e-08, 1.9548011209735705e-08, 2.1941819028370446e-08, 2.6908042016771105e-08, 1.741725341730671e-08, 1.3793783892879219e-08, 2.5624530053391936e-08, 2.020226652632573e-08, 1.423772832964687e-08, 2.8894929116063395e-08, 2.7524084345031952e-08, 2.947425059574016e-08], "Unc_Flux_History": [[-1.4580611384928943e-08, 1.5958359966816715e-08], [-8.915886695604058e-09, 1.025344253946514e-08], [-1.0744036771370702e-08, 1.2162306717300453e-08], [-6.835664478899162e-09, 9.467489903158821e-09], [null, 1.0294745500516456e-08], [-8.769081460968664e-09, 1.0519562110289371e-08], [-1.0370597713915686e-08, 1.1604136318510427e-08], [-1.1972174362995247e-08, 1.3529627196362526e-08], [-1.1481291473103283e-08, 1.2515942948709835e-08], [-1.045097075547119e-08, 1.1894195850459255e-08], [-1.2328718490550727e-08, 1.3422743805335813e-08], [-1.3752841532266302e-08, 1.4670192172161478e-08], [-1.2044321984205908e-08, 1.2891639755707729e-08], [-1.0346580481268575e-08, 1.130744387012328e-08], [null, 8.554105868086026e-09], [-9.618503327146755e-09, 1.0645760717409303e-08], [-1.1575207459202375e-08, 1.2114590219880483e-08], [-1.1538134003785672e-08, 1.2320723108416587e-08], [-1.0699190866603203e-08, 1.1549352585404904e-08], [-9.744566042968472e-09, 1.056964737955468e-08], [-1.0777989167820579e-08, 1.1690562295996187e-08], [-1.0675633710377497e-08, 1.1653143339174221e-08], [-9.229786712694477e-09, 1.044338659994537e-08], [-1.1429420965214376e-08, 1.215849554370152e-08], [-1.0062766619967078e-08, 1.0909421810367803e-08], [-9.125498579010127e-09, 1.0382358084370935e-08], [null, 9.940098522065455e-09], [-9.112884669093546e-09, 1.011020955843378e-08], [-8.657364602981943e-09, 9.675391154928548e-09], [null, 8.340499846326566e-09], [-7.241002464297708e-09, 8.728822997738916e-09], [-1.5020431121115507e-08, 1.5782390505592048e-08], [-1.538392879751882e-08, 1.6126712409914035e-08], [-1.0573344866315892e-08, 1.1415881573384468e-08], [-9.516431198619557e-09, 1.0630352598184345e-08], [-9.373415821301023e-09, 1.0310215792230792e-08], [-1.1116087605955727e-08, 1.206238309237051e-08], [-9.267816736269197e-09, 1.045200725968698e-08], [-8.596347633726964e-09, 9.771325082397198e-09], [-9.392506328254058e-09, 1.0313728537880706e-08], [-8.680129504057277e-09, 9.837505032805893e-09], [-1.040959318743262e-08, 1.1322701887195308e-08], [-8.956096309020722e-09, 9.996419692015479e-09], [-9.125263211728907e-09, 1.0215867263241307e-08], [-8.597823786260506e-09, 9.61051771497523e-09], [-9.858685423580482e-09, 1.0758621549200598e-08], [-9.424891089793164e-09, 1.042481834190312e-08], [-9.883676099775585e-09, 1.0848173026545282e-08]], "Extended_Source_Name": "                  ", "0FGL_Name": "                 ", "1FGL_Name": "1FGL J1000.1+6539 ", "2FGL_Name": "2FGL J0958.6+6533 ", "1FHL_Name": "1FHL J0959.5+6535 ", "ASSOC_GAM1": "               ", "ASSOC_GAM2": "3EG J0958+6533", "ASSOC_GAM3": "EGR J0956+6524 ", "TEVCAT_FLAG": "N", "ASSOC_TEV": "                     ", "CLASS1": "bll  ", "ASSOC1": "S4 0954+65                ", "ASSOC2": "                          ", "Flags": 0, "source_id": 1128}