{"Source_Name": "3FHL J0440.8+2749 ", "RAJ2000": 70.21154022216797, "DEJ2000": 27.824810028076172, "GLON": 172.56654357910156, "GLAT": -12.226367950439453, "Conf_95_SemiMajor": 0.0425601489841938, "Conf_95_SemiMinor": 0.0425601489841938, "Conf_95_PosAng": null, "ROI_num": 89, "Signif_Avg": 8.924834251403809, "Pivot_Energy": 15.45557689666748, "Flux_Density": 4.616076184488227e-12, "Unc_Flux_Density": 1.035578957656047e-12, "Flux": 8.476333523965707e-11, "Unc_Flux": 1.9064147829817024e-11, "Energy_Flux": 2.5540802112145045e-12, "Unc_Energy_Flux": 8.012977759618012e-13, "Signif_Curve": 0.0, "SpectrumType": "PowerLaw   ", "Spectral_Index": 3.1137850284576416, "Unc_Spectral_Index": 0.7118523716926575, "beta": 0.009723330847918987, "Unc_beta": 0.5263385772705078, "PowerLaw_Index": 3.1201107501983643, "Unc_PowerLaw_Index": 0.5093898773193359, "Flux_Band": [6.482696324194848e-11, 1.4524185673603363e-11, 6.122480994408264e-12, 6.895186139166672e-21, 1.7227492094294895e-17], "Unc_Flux_Band": [[-1.528272820794374e-11, 1.7736187518657687e-11], [-6.657235526730254e-12, 9.224365195292794e-12], [-4.0239604183478495e-12, 6.2824858163001984e-12], [null, 4.797894286728832e-12], [null, 5.273629623270271e-12]], "nuFnu": [1.9886440584537812e-12, 7.200216985137065e-13, 6.625933525808425e-13, 2.0914080390311646e-21, 1.5681984529078368e-17], "Sqrt_TS_Band": [8.344376564025879, 4.395069122314453, 1.9534322023391724, 0.0, 0.0], "Npred": 25.984880447387695, "HEP_Energy": 24.652000427246094, "HEP_Prob": 0.9846091866493225, "Variability_BayesBlocks": 1, "Extended_Source_Name": "                  ", "ASSOC_GAM": "3FGL J0440.8+2751 ", "TEVCAT_FLAG": "N", "ASSOC_TEV": "                     ", "CLASS": "bll    ", "ASSOC1": "B2 0437+27B               ", "ASSOC2": "                          ", "ASSOC_PROB_BAY": 0.9997575879096985, "ASSOC_PROB_LR": 0.9348446726799011, "Redshift": null, "NuPeak_obs": 199526312837120.0, "source_id": 296}