{"Source_Name": "3FGL J0232.9+2606 ", "RAJ2000": 38.23160171508789, "DEJ2000": 26.103500366210938, "GLON": 149.73812866210938, "GLAT": -31.43216896057129, "Conf_68_SemiMajor": 0.05852741748094559, "Conf_68_SemiMinor": 0.05599883943796158, "Conf_68_PosAng": -70.56999969482422, "Conf_95_SemiMajor": 0.09489999711513519, "Conf_95_SemiMinor": 0.09080000221729279, "Conf_95_PosAng": -70.56999969482422, "ROI_num": 775, "Signif_Avg": 4.256625175476074, "Pivot_Energy": 2742.38671875, "Flux_Density": 3.562252963852479e-14, "Unc_Flux_Density": 9.697846231572146e-15, "Flux1000": 2.6730684332676447e-10, "Unc_Flux1000": 7.304917087891383e-11, "Energy_Flux100": 2.9720824325923934e-12, "Unc_Energy_Flux100": 8.181199858195431e-13, "Signif_Curve": 1.5872511863708496, "SpectrumType": "PowerLaw        ", "Spectral_Index": 2.0863640308380127, "Unc_Spectral_Index": 0.2047383040189743, "beta": null, "Unc_beta": null, "Cutoff": null, "Unc_Cutoff": null, "Exp_Index": null, "Unc_Exp_Index": null, "PowerLaw_Index": 2.0863640308380127, "Flux30_100": null, "Unc_Flux30_100": null, "nuFnu30_100": null, "Sqrt_TS30_100": null, "Flux100_300": 1.93595606212682e-09, "Unc_Flux100_300": [null, 3.8604492935689905e-09], "nuFnu100_300": 4.612700195763542e-13, "Sqrt_TS100_300": 0.4732564687728882, "Flux300_1000": 4.5045628338513666e-10, "Unc_Flux300_1000": [null, 4.2916192821707e-10], "nuFnu300_1000": 3.061408548540867e-13, "Sqrt_TS300_1000": 0.9760183691978455, "Flux1000_3000": 2.0960373714462577e-10, "Unc_Flux1000_3000": [-8.782178456678835e-11, 9.780386223123827e-11], "nuFnu1000_3000": 4.994117641134166e-13, "Sqrt_TS1000_3000": 2.6517646312713623, "Flux3000_10000": 7.768010540365466e-11, "Unc_Flux3000_10000": [-2.8101635601851527e-11, 3.5207236431800126e-11], "nuFnu3000_10000": 5.279325696223858e-13, "Sqrt_TS3000_10000": 4.0353102684021, "Flux10000_100000": 1.673640739885407e-11, "Unc_Flux10000_100000": [-1.0848917250672052e-11, 1.6652410353423797e-11], "nuFnu10000_100000": 2.877080355640632e-13, "Sqrt_TS10000_100000": 2.156506061553955, "Variability_Index": 33.88128662109375, "Signif_Peak": null, "Flux_Peak": null, "Unc_Flux_Peak": null, "Time_Peak": null, "Peak_Interval": null, "Flux_History": [9.187256289067136e-09, 0.0, 0.0, 0.0, 0.0, 1.1273627364971617e-08, 0.0, 0.0, 4.8333013147328074e-09, 0.0, 8.419503316758892e-09, 0.0, 7.26981408405436e-09, 0.0, 8.551552355129388e-09, 1.6582591966241012e-09, 3.366252276926218e-10, 1.1230067542555844e-08, 7.252334732754662e-09, 0.0, 0.0, 0.0, 6.667685514827326e-09, 0.0, 0.0, 4.0399004141988826e-09, 0.0, 6.231984706062121e-09, 0.0, 0.0, 1.5351504512040037e-09, 0.0, 1.914498426458522e-08, 1.2317430631014759e-08, 4.428978961357188e-09, 6.372322225445259e-09, 9.457977512283833e-09, 1.5368422978667695e-08, 4.4048604763702315e-09, 4.240861439797072e-09, 4.678076148678656e-09, 0.0, 1.117818504425827e-09, 0.0, 4.432783917707184e-09, 1.3749742455715364e-09, 5.1694364344712085e-09, 1.3419668043468391e-08], "Unc_Flux_History": [[-5.861723995082002e-09, 8.110609073241903e-09], [null, 9.328412708953238e-09], [null, 8.769366566241388e-09], [null, 6.410746600238326e-09], [null, 6.611125868971612e-09], [-6.428686027959429e-09, 8.153158148616058e-09], [null, 7.753840236546239e-09], [null, 7.397502166384129e-09], [null, 8.306971999161306e-09], [null, 6.112156114568279e-09], [-7.316558914283178e-09, 8.7368698942214e-09], [null, 8.925286287819745e-09], [-6.7136287640323644e-09, 8.46120862263433e-09], [null, 1.1383585629687332e-08], [-8.198245637913715e-09, 1.029408291941536e-08], [null, 6.3821166129685025e-09], [null, 6.815754183264744e-09], [-7.896662879147698e-09, 1.0008369244474125e-08], [null, 9.669602007988942e-09], [null, 8.258464134769383e-09], [null, 8.776217974570955e-09], [null, 6.244528893972756e-09], [-6.392534057653165e-09, 8.843992205243012e-09], [null, 6.325557855291208e-09], [null, 7.168913018773537e-09], [null, 8.673382900781235e-09], [null, 9.46112344024641e-09], [-4.060165093022761e-09, 6.385645345829971e-09], [null, 1.0556359342217547e-08], [null, 1.1575552072429218e-08], [null, 9.228791064685993e-09], [null, 9.412970847222368e-09], [-8.151834762770704e-09, 9.889193464118762e-09], [-6.3794716176346355e-09, 8.644802207413704e-09], [null, 9.012188328938464e-09], [-5.937615288331699e-09, 8.492225589407099e-09], [-6.996558443717049e-09, 8.942367735187418e-09], [-8.969081477516738e-09, 1.1171062297421486e-08], [null, 9.37446031912259e-09], [null, 1.0495726954218298e-08], [-3.782921531580996e-09, 6.553535936149046e-09], [null, 6.936195617868179e-09], [null, 1.1954524481438966e-08], [null, 6.930758189582775e-09], [null, 8.368133741498696e-09], [null, 9.835102510180604e-09], [-4.3791397175141356e-09, 7.131520707304162e-09], [-7.730197815192241e-09, 9.21514686780256e-09]], "Extended_Source_Name": "                  ", "0FGL_Name": "                 ", "1FGL_Name": "                  ", "2FGL_Name": "                  ", "1FHL_Name": "                  ", "ASSOC_GAM1": "               ", "ASSOC_GAM2": "              ", "ASSOC_GAM3": "               ", "TEVCAT_FLAG": "N", "ASSOC_TEV": "                     ", "CLASS1": "bcu  ", "ASSOC1": "B2 0230+25                ", "ASSOC2": "                          ", "Flags": 0, "catalog_row_index": 305}