{"Source_Name": "3FGL J0843.9+5311 ", "RAJ2000": 130.99229431152344, "DEJ2000": 53.19889831542969, "GLON": 165.07171630859375, "GLAT": 38.06110763549805, "Conf_68_SemiMajor": 0.04754967615008354, "Conf_68_SemiMinor": 0.045391131192445755, "Conf_68_PosAng": -70.9800033569336, "Conf_95_SemiMajor": 0.0771000012755394, "Conf_95_SemiMinor": 0.07360000163316727, "Conf_95_PosAng": -70.9800033569336, "ROI_num": 805, "Signif_Avg": 8.696415901184082, "Pivot_Energy": 1297.5235595703125, "Flux_Density": 2.7225156807794693e-13, "Unc_Flux_Density": 3.9956587165454124e-14, "Flux1000": 3.92336663157522e-10, "Unc_Flux1000": 6.281343500891268e-11, "Energy_Flux100": 4.581418144161686e-12, "Unc_Energy_Flux100": 6.724762348538083e-13, "Signif_Curve": 1.0427838563919067, "SpectrumType": "PowerLaw        ", "Spectral_Index": 2.239773750305176, "Unc_Spectral_Index": 0.1207272857427597, "beta": null, "Unc_beta": null, "Cutoff": null, "Unc_Cutoff": null, "Exp_Index": null, "Unc_Exp_Index": null, "PowerLaw_Index": 2.239773750305176, "Flux30_100": null, "Unc_Flux30_100": null, "nuFnu30_100": null, "Sqrt_TS30_100": null, "Flux100_300": 6.688714027092146e-09, "Unc_Flux100_300": [-2.5889914656573865e-09, 2.616202809946344e-09], "nuFnu100_300": 1.5700164692628027e-12, "Sqrt_TS100_300": 2.6627604961395264, "Flux300_1000": 1.1943755984233917e-09, "Unc_Flux300_1000": [-3.3163213841724826e-10, 3.5012201471396054e-10], "nuFnu300_1000": 7.973561047536215e-13, "Sqrt_TS300_1000": 3.8084487915039062, "Flux1000_3000": 2.890837014213332e-10, "Unc_Flux1000_3000": [-7.405779461899797e-11, 7.805094071056118e-11], "nuFnu1000_3000": 6.785551395945e-13, "Sqrt_TS1000_3000": 4.932283401489258, "Flux3000_10000": 1.1920631148854e-10, "Unc_Flux3000_10000": [-2.9281514712931056e-11, 3.391904465632756e-11], "nuFnu3000_10000": 7.958123092802194e-13, "Sqrt_TS3000_10000": 6.942013263702393, "Flux10000_100000": 5.568213753715532e-15, "Unc_Flux10000_100000": [null, 1.4560748440306526e-11], "nuFnu10000_100000": 9.016948950163765e-17, "Sqrt_TS10000_100000": 0.0, "Variability_Index": 44.34041213989258, "Signif_Peak": null, "Flux_Peak": null, "Unc_Flux_Peak": null, "Time_Peak": null, "Peak_Interval": null, "Flux_History": [1.4701795336691248e-08, 9.053359839583663e-09, 0.0, 0.0, 1.0950873097215208e-08, 0.0, 1.4514243140695271e-08, 3.174872365008241e-09, 2.459480974437156e-08, 0.0, 6.709115041303448e-09, 1.3219381145290754e-08, 1.145894046317153e-08, 0.0, 6.230554294717194e-09, 3.672655513042855e-09, 8.558158626215118e-09, 8.527440975569789e-09, 1.049379783069071e-08, 1.0464693112055556e-08, 0.0, 0.0, 1.1223962204098825e-08, 6.378851669097685e-09, 2.9014507463287487e-10, 6.616959424832203e-09, 1.0431321584292164e-08, 0.0, 9.467809647389913e-09, 0.0, 1.4804516723643246e-08, 2.183461589311264e-08, 5.9310951705526804e-09, 6.993975620872561e-09, 0.0, 1.2984679109706576e-08, 2.706234347726877e-09, 0.0, 1.6940690628075572e-08, 2.1291437501957944e-09, 5.215115894685596e-09, 0.0, 8.234563253495253e-09, 1.077161693174844e-09, 8.232611259373357e-10, 1.1284286838275648e-09, 5.647190270963165e-09, 0.0], "Unc_Flux_History": [[-8.829107223107258e-09, 1.1295434809710514e-08], [-5.617032172722247e-09, 7.688393033333796e-09], [null, 7.623730979844368e-09], [null, 7.920662348226415e-09], [-5.563167704281113e-09, 7.315096972604351e-09], [null, 8.792957473247043e-09], [-6.58237286899066e-09, 7.954525038655902e-09], [null, 1.0088762714133281e-08], [-8.237896587104387e-09, 9.305620274346893e-09], [null, 7.285209768781442e-09], [-5.038054418093907e-09, 7.4105890313092004e-09], [-7.767416931869775e-09, 9.761650154871404e-09], [-6.715337175222658e-09, 8.149503294418992e-09], [null, 6.236206662180166e-09], [-6.064568403019166e-09, 8.697689679593168e-09], [null, 6.5218235256736534e-09], [-7.740706742254133e-09, 8.088358427471576e-09], [-6.0944667090723215e-09, 8.299412712631238e-09], [-7.255968270669655e-09, 8.592757616554536e-09], [-7.385224876088614e-09, 8.726881439713452e-09], [null, 7.47877137996511e-09], [null, 7.055309669823373e-09], [-5.802888392025807e-09, 7.336612206643167e-09], [-5.629289479003319e-09, 7.51665485410058e-09], [null, 8.415978136611102e-09], [-5.007872783124867e-09, 6.767058469137055e-09], [-6.38970565347563e-09, 8.048364641410899e-09], [null, 8.735496770384543e-09], [-6.71346533920314e-09, 8.423193698092746e-09], [null, 8.514976279627717e-09], [-9.406192269523217e-09, 1.0460873056672426e-08], [-9.330458183853807e-09, 1.0688459006757967e-08], [null, 8.219742220205717e-09], [-4.831095079538272e-09, 7.086752518148387e-09], [null, 7.207789032293022e-09], [-6.165048027639841e-09, 7.47951212076714e-09], [null, 7.912905886087174e-09], [null, 8.356643377283035e-09], [-8.535408824172919e-09, 9.89713733190456e-09], [null, 6.875588098864682e-09], [-4.072514769859481e-09, 5.452271079064985e-09], [null, 6.352707693224602e-09], [-6.929576468195364e-09, 8.164603215732313e-09], [null, 7.91371590480594e-09], [null, 6.660939355640494e-09], [null, 6.981490940916046e-09], [-4.005644704818678e-09, 6.230976179466552e-09], [null, 4.882567683495154e-09]], "Extended_Source_Name": "                  ", "0FGL_Name": "                 ", "1FGL_Name": "1FGL J0844.0+5314 ", "2FGL_Name": "2FGL J0843.9+5312 ", "1FHL_Name": "                  ", "ASSOC_GAM1": "               ", "ASSOC_GAM2": "              ", "ASSOC_GAM3": "               ", "TEVCAT_FLAG": "N", "ASSOC_TEV": "                     ", "CLASS1": "bll  ", "ASSOC1": "NVSS J084411+531250       ", "ASSOC2": "                          ", "Flags": 0, "source_id": 978}