{"Source_Name": "3FHL J0559.5+6409 ", "RAJ2000": 89.876953125, "DEJ2000": 64.16190338134766, "GLON": 149.59762573242188, "GLAT": 18.86014747619629, "Conf_95_SemiMajor": 0.05281013250350952, "Conf_95_SemiMinor": 0.05281013250350952, "Conf_95_PosAng": null, "ROI_num": 283, "Signif_Avg": 4.1673126220703125, "Pivot_Energy": 19.757652282714844, "Flux_Density": 5.862469797807135e-13, "Unc_Flux_Density": 2.309829302653277e-13, "Flux": 2.1438819469699055e-11, "Unc_Flux": 8.448935127913781e-12, "Energy_Flux": 9.176313138167802e-13, "Unc_Energy_Flux": 5.510144207229728e-13, "Signif_Curve": 1.2492396831512451, "SpectrumType": "PowerLaw   ", "Spectral_Index": 1.762652039527893, "Unc_Spectral_Index": 0.8737718462944031, "beta": 0.9944924712181091, "Unc_beta": 0.23849305510520935, "PowerLaw_Index": 2.513579845428467, "Unc_PowerLaw_Index": 0.5745753049850464, "Flux_Band": [1.3672658491503675e-11, 7.762867605676238e-12, 6.280396594077444e-17, 2.2161745216543137e-17, 2.858991330503448e-19], "Unc_Flux_Band": [[-5.942021614330217e-12, 7.780271218948975e-12], [-3.985049269739083e-12, 5.8204964285824e-12], [null, 4.263294144796204e-12], [null, 3.6090770129393324e-12], [null, 3.953774807552435e-12]], "nuFnu": [4.292934280628047e-13, 4.002956007029962e-13, 7.180293330791029e-18, 7.170586366302719e-18, 2.8262078363824987e-19], "Sqrt_TS_Band": [3.628427743911743, 3.771925449371338, 0.0, 0.0, 0.0], "Npred": 8.863941192626953, "HEP_Energy": 36.70869827270508, "HEP_Prob": 0.9901441931724548, "Variability_BayesBlocks": 1, "Extended_Source_Name": "                  ", "ASSOC_GAM": "                  ", "TEVCAT_FLAG": "N", "ASSOC_TEV": "                     ", "CLASS": "bcu    ", "ASSOC1": "GB6 J0559+6409            ", "ASSOC2": "                          ", "ASSOC_PROB_BAY": 0.0, "ASSOC_PROB_LR": 0.9058105945587158, "Redshift": null, "NuPeak_obs": 245471087951872.0, "source_id": 377}