{"Source_Name": "3FGL J0937.8-6407 ", "RAJ2000": 144.47500610351562, "DEJ2000": -64.12200164794922, "GLON": 283.65423583984375, "GLAT": -8.759356498718262, "Conf_68_SemiMajor": 0.08776029199361801, "Conf_68_SemiMinor": 0.07468567788600922, "Conf_68_PosAng": 45.220001220703125, "Conf_95_SemiMajor": 0.14229999482631683, "Conf_95_SemiMinor": 0.12110000103712082, "Conf_95_PosAng": 45.220001220703125, "ROI_num": 146, "Signif_Avg": 5.459614276885986, "Pivot_Energy": 718.7486572265625, "Flux_Density": 1.4007303346733058e-12, "Unc_Flux_Density": 2.5164684789094616e-13, "Flux1000": 3.9104594562466843e-10, "Unc_Flux1000": 8.408022195149911e-11, "Energy_Flux100": 6.088145612648255e-12, "Unc_Energy_Flux100": 1.1161250959915159e-12, "Signif_Curve": 1.211560845375061, "SpectrumType": "PowerLaw        ", "Spectral_Index": 2.545048713684082, "Unc_Spectral_Index": 0.1214919239282608, "beta": null, "Unc_beta": null, "Cutoff": null, "Unc_Cutoff": null, "Exp_Index": null, "Unc_Exp_Index": null, "PowerLaw_Index": 2.545048713684082, "Flux30_100": null, "Unc_Flux30_100": null, "nuFnu30_100": null, "Sqrt_TS30_100": null, "Flux100_300": 8.109052984650589e-09, "Unc_Flux100_300": [-4.544748577473001e-09, 4.633692984867821e-09], "nuFnu100_300": 1.8487110713810706e-12, "Sqrt_TS100_300": 1.7792141437530518, "Flux300_1000": 2.248427000139941e-09, "Unc_Flux300_1000": [-6.515107897619998e-10, 6.688106179986164e-10], "nuFnu300_1000": 1.4498880611737985e-12, "Sqrt_TS300_1000": 3.557046890258789, "Flux1000_3000": 1.7872106572447422e-10, "Unc_Flux1000_3000": [-1.0893577706561075e-10, 1.1805117994256875e-10], "nuFnu1000_3000": 4.0745025083922803e-13, "Sqrt_TS1000_3000": 1.7003597021102905, "Flux3000_10000": 4.396431482756036e-11, "Unc_Flux3000_10000": [-2.8427664736097036e-11, 3.4487152716922154e-11], "nuFnu3000_10000": 2.8350190034096e-13, "Sqrt_TS3000_10000": 1.6495335102081299, "Flux10000_100000": 1.8306980931193095e-11, "Unc_Flux10000_100000": [-1.0290934771006732e-11, 1.5655929677671487e-11], "nuFnu10000_100000": 2.656766950534517e-13, "Sqrt_TS10000_100000": 2.8900885581970215, "Variability_Index": 44.86159896850586, "Signif_Peak": null, "Flux_Peak": null, "Unc_Flux_Peak": null, "Time_Peak": null, "Peak_Interval": null, "Flux_History": [2.564332213239595e-08, 1.47593981481009e-08, 3.700090900338182e-08, 1.2069740762399306e-08, 0.0, 2.8561238707425218e-08, 2.4806039888858322e-08, 5.0624846537061785e-09, 2.8381197392235435e-09, 0.0, 6.77450717745387e-09, 0.0, 1.3032998680273522e-08, 4.679732601431397e-09, 4.6526771768640174e-08, 2.8892268133517973e-08, 1.5235016803671897e-08, 0.0, 2.1566317620624886e-09, 2.0253052568364183e-08, 0.0, 0.0, 4.458313718203044e-09, 1.29050512498452e-08, 1.6483351572560423e-08, 1.750966838187651e-08, 2.2812209010680817e-08, 0.0, 3.163306505626906e-09, 0.0, 6.174170952277791e-09, 0.0, 2.9134959333987354e-08, 0.0, 2.2482939954215908e-08, 0.0, 2.3220264822043646e-08, 1.2180240815951038e-08, 3.700082018553985e-08, 3.246030644277198e-08, 1.2978471630731292e-08, 2.172049740067905e-08, 1.244197278538195e-08, 1.8170871030065427e-08, 0.0, 1.626512968755378e-08, 0.0, 0.0], "Unc_Flux_History": [[-1.881601008335565e-08, 2.237426777185192e-08], [null, 1.986141739962477e-08], [-2.1557820417683615e-08, 2.3021653916543983e-08], [null, 2.1394777505179263e-08], [null, 1.9069551271400087e-08], [-1.9868160450187133e-08, 2.041587521262045e-08], [-1.798725968171766e-08, 2.1837053054696298e-08], [null, 2.188979308925809e-08], [null, 1.7444129696286836e-08], [null, 1.7153421794091628e-08], [null, 2.178634339600194e-08], [null, 1.1351861672892483e-08], [null, 2.161926460075847e-08], [null, 1.565928897662161e-08], [-1.8986883176808078e-08, 2.1773889358200904e-08], [-1.5503845318676213e-08, 1.7077875114068775e-08], [null, 1.7337264068828517e-08], [null, 9.639645526249296e-09], [null, 1.6224932508634993e-08], [-1.734715304735346e-08, 1.9326821032450425e-08], [null, 1.1094447138759733e-08], [null, 1.2610660071743496e-08], [null, 1.3193815817658106e-08], [null, 1.7507284510998034e-08], [-1.300448104757379e-08, 1.5988312895842682e-08], [-1.559611817469886e-08, 1.7780688921220644e-08], [-1.8302149129567624e-08, 1.9854597965718312e-08], [null, 1.2202736598965203e-08], [null, 1.5828216959334895e-08], [null, 1.1416492640137221e-08], [null, 2.008927424412832e-08], [null, 1.626344392491319e-08], [-1.7436011745530777e-08, 1.997141829690463e-08], [null, 1.270287874888254e-08], [-1.3128607534440562e-08, 1.4897645783662483e-08], [null, 1.5988597112936986e-08], [-1.2178627883940862e-08, 1.4745874743482545e-08], [null, 2.0961012481279795e-08], [-1.6710611561165933e-08, 1.8857193140320305e-08], [-1.4505875611803276e-08, 1.702783336554603e-08], [null, 1.8266044676806814e-08], [-1.6576908734577955e-08, 1.9115793392643354e-08], [null, 2.074439997556965e-08], [-1.353891754263259e-08, 1.576043828777074e-08], [null, 1.6456800366881907e-08], [-1.454303610870511e-08, 1.641319791190199e-08], [null, 1.7029602616958073e-08], [null, 1.5754769933096213e-08]], "Extended_Source_Name": "                  ", "0FGL_Name": "                 ", "1FGL_Name": "                  ", "2FGL_Name": "                  ", "1FHL_Name": "                  ", "ASSOC_GAM1": "               ", "ASSOC_GAM2": "              ", "ASSOC_GAM3": "               ", "TEVCAT_FLAG": "N", "ASSOC_TEV": "                     ", "CLASS1": "     ", "ASSOC1": "                          ", "ASSOC2": "                          ", "Flags": 1, "source_id": 1092}