{"Source_Name": "3FGL J1525.8-0834 ", "RAJ2000": 231.47030639648438, "DEJ2000": -8.57919979095459, "GLON": 354.7600402832031, "GLAT": 38.2892951965332, "Conf_68_SemiMajor": 0.048659782856702805, "Conf_68_SemiMinor": 0.040087271481752396, "Conf_68_PosAng": 72.80000305175781, "Conf_95_SemiMajor": 0.07890000194311142, "Conf_95_SemiMinor": 0.06499999761581421, "Conf_95_PosAng": 72.80000305175781, "ROI_num": 660, "Signif_Avg": 4.157973289489746, "Pivot_Energy": 9857.482421875, "Flux_Density": 2.8898360704328893e-15, "Unc_Flux_Density": 1.0201339767837284e-15, "Flux1000": 1.8312609761927945e-10, "Unc_Flux1000": 7.937307061611776e-11, "Energy_Flux100": 2.6366194384036534e-12, "Unc_Energy_Flux100": 9.364652065954604e-13, "Signif_Curve": 1.0529158115386963, "SpectrumType": "PowerLaw        ", "Spectral_Index": 1.6438883543014526, "Unc_Spectral_Index": 0.2552623152732849, "beta": null, "Unc_beta": null, "Cutoff": null, "Unc_Cutoff": null, "Exp_Index": null, "Unc_Exp_Index": null, "PowerLaw_Index": 1.6438883543014526, "Flux30_100": null, "Unc_Flux30_100": null, "nuFnu30_100": null, "Sqrt_TS30_100": null, "Flux100_300": 6.512258288182693e-09, "Unc_Flux100_300": [-3.4693476980152127e-09, 3.5544360788009044e-09], "nuFnu100_300": 1.621279174281176e-12, "Sqrt_TS100_300": 1.828978180885315, "Flux300_1000": 5.4848629164969825e-14, "Unc_Flux300_1000": [null, 3.28082366829463e-10], "nuFnu300_1000": 3.928900452729253e-17, "Sqrt_TS300_1000": 0.0, "Flux1000_3000": 2.3303503224325617e-11, "Unc_Flux1000_3000": [null, 9.162438169285636e-11], "nuFnu1000_3000": 5.801594285276962e-14, "Sqrt_TS1000_3000": 0.2640911340713501, "Flux3000_10000": 6.941627828105368e-11, "Unc_Flux3000_10000": [-3.086385660933111e-11, 3.853219479599268e-11], "nuFnu3000_10000": 4.972406492630144e-13, "Sqrt_TS3000_10000": 3.139566659927368, "Flux10000_100000": 2.7664115789804988e-11, "Unc_Flux10000_100000": [-1.3347095997873204e-11, 1.9505992307489173e-11], "nuFnu10000_100000": 5.719856012442737e-13, "Sqrt_TS10000_100000": 3.828315019607544, "Variability_Index": 42.682342529296875, "Signif_Peak": null, "Flux_Peak": null, "Unc_Flux_Peak": null, "Time_Peak": null, "Peak_Interval": null, "Flux_History": [0.0, 0.0, 0.0, 0.0, 5.368295807883783e-10, 9.59526902377661e-10, 6.7688015192857165e-09, 0.0, 0.0, 0.0, 5.788369783488179e-10, 2.232095175358495e-09, 0.0, 5.6147091420655215e-09, 1.120586623493125e-09, 0.0, 2.8006763574950355e-09, 0.0, 3.3794425036148823e-09, 1.2911031133100437e-09, 0.0, 0.0, 0.0, 0.0, 2.6116613316418125e-09, 0.0, 1.189379350563513e-08, 2.028990309099754e-09, 0.0, 5.749400511234626e-09, 9.57722967598329e-09, 0.0, 0.0, 0.0, 0.0, 0.0, 0.0, 1.3430829781668763e-09, 0.0, 0.0, 1.9340740120554756e-09, 0.0, 0.0, 0.0, 0.0, 0.0, 0.0, 0.0], "Unc_Flux_History": [[null, 2.923108421981624e-09], [null, 5.286181270491852e-09], [null, 3.3600708881920127e-09], [null, 3.421134264769421e-09], [null, 5.12139042285753e-09], [null, 4.195772618231786e-09], [-3.808831916529698e-09, 4.647252360712173e-09], [null, 4.708391010410651e-09], [null, 2.4970949752400884e-09], [null, 3.35431837861222e-09], [null, 4.2972776448380046e-09], [-1.696502827108759e-09, 2.596202142157722e-09], [null, 3.4622635869396845e-09], [-3.316231511618639e-09, 4.627691119196697e-09], [null, 4.616215854014172e-09], [null, 4.2160910318500555e-09], [-2.670946352978376e-09, 4.403935882635324e-09], [null, 3.5024549926987447e-09], [-2.7148714387692507e-09, 4.5235442058810804e-09], [null, 5.361942445603063e-09], [null, 5.097001043452565e-09], [null, 4.363001515628184e-09], [null, 3.612195875746238e-09], [null, 3.257593084171617e-09], [null, 5.32492849814048e-09], [null, 4.5389634273362844e-09], [-5.1326831673748075e-09, 6.78836897805013e-09], [-1.5667290798049294e-09, 2.930162779080092e-09], [null, 4.5344168420058395e-09], [-3.066724207911875e-09, 4.391144781124012e-09], [-4.84217865803771e-09, 6.02990368747669e-09], [null, 6.75460443133602e-09], [null, 3.705419748811778e-09], [null, 7.593700779295887e-09], [null, 3.389940328446528e-09], [null, 4.73966998981723e-09], [null, 3.6151910354220718e-09], [null, 6.471936764285147e-09], [null, 3.900907152853961e-09], [null, 2.5813411408392994e-09], [-1.7241994498817803e-09, 3.046915830751118e-09], [null, 3.4668037329765866e-09], [null, 4.439035361514243e-09], [null, 3.2511586756100996e-09], [null, 4.541212295094965e-09], [null, 3.356784850083727e-09], [null, 3.131662262845225e-09], [null, 4.572432654725844e-09]], "Extended_Source_Name": "                  ", "0FGL_Name": "                 ", "1FGL_Name": "                  ", "2FGL_Name": "                  ", "1FHL_Name": "                  ", "ASSOC_GAM1": "               ", "ASSOC_GAM2": "              ", "ASSOC_GAM3": "               ", "TEVCAT_FLAG": "N", "ASSOC_TEV": "                     ", "CLASS1": "     ", "ASSOC1": "                          ", "ASSOC2": "                          ", "Flags": 0, "catalog_row_index": 1869}