{"Source_Name": "3FHL J0246.1-4650 ", "RAJ2000": 41.53620529174805, "DEJ2000": -46.84728240966797, "GLON": 261.7892761230469, "GLAT": -60.076900482177734, "Conf_95_SemiMajor": 0.03744328022003174, "Conf_95_SemiMinor": 0.03744328022003174, "Conf_95_PosAng": null, "ROI_num": 190, "Signif_Avg": 8.37646484375, "Pivot_Energy": 14.951399803161621, "Flux_Density": 3.201250896311958e-12, "Unc_Flux_Density": 8.655429888440591e-13, "Flux": 5.239345762797498e-11, "Unc_Flux": 1.4152511627896214e-11, "Energy_Flux": 1.4166085839095732e-12, "Unc_Energy_Flux": 4.638157804874588e-13, "Signif_Curve": 1.2496994733810425, "SpectrumType": "PowerLaw   ", "Spectral_Index": 2.814941644668579, "Unc_Spectral_Index": 0.7841775417327881, "beta": 0.9999710321426392, "Unc_beta": 0.010491953231394291, "PowerLaw_Index": 3.4470109939575195, "Unc_PowerLaw_Index": 0.6533112525939941, "Flux_Band": [4.479178139504825e-11, 7.522250183855661e-12, 2.3269794178907933e-18, 1.1810117391420462e-22, 4.549107142742456e-22], "Unc_Flux_Band": [[-1.1819331971474334e-11, 1.416158076222862e-11], [-4.594482346659268e-12, 6.8966989237584375e-12], [null, 5.521611379927238e-12], [null, 4.976917749449639e-12], [null, 5.2932315648679396e-12]], "nuFnu": [1.357476305842431e-12, 3.654965598839238e-13, 2.4503604889870724e-19, 3.470198490978507e-23, 3.980614846939296e-22], "Sqrt_TS_Band": [8.808470726013184, 2.242201805114746, 0.0, 0.0, 0.0], "Npred": 15.81637954711914, "HEP_Energy": 30.563100814819336, "HEP_Prob": 0.9211460947990417, "Variability_BayesBlocks": 1, "Extended_Source_Name": "                  ", "ASSOC_GAM": "3FGL J0245.9-4651 ", "TEVCAT_FLAG": "N", "ASSOC_TEV": "                     ", "CLASS": "fsrq   ", "ASSOC1": "PKS 0244-470              ", "ASSOC2": "                          ", "ASSOC_PROB_BAY": 0.9996261596679688, "ASSOC_PROB_LR": 0.9985400438308716, "Redshift": 1.3849999904632568, "NuPeak_obs": 13182564302848.0, "catalog_row_index": 177}