{"Source_Name": "3FGL J0638.6+7324 ", "RAJ2000": 99.65290069580078, "DEJ2000": 73.40779876708984, "GLON": 141.26962280273438, "GLAT": 25.01044464111328, "Conf_68_SemiMajor": 0.07024523615837097, "Conf_68_SemiMinor": 0.06746996194124222, "Conf_68_PosAng": 51.40999984741211, "Conf_95_SemiMajor": 0.11389999836683273, "Conf_95_SemiMinor": 0.10939999669790268, "Conf_95_PosAng": 51.40999984741211, "ROI_num": 432, "Signif_Avg": 10.991100311279297, "Pivot_Energy": 502.6535949707031, "Flux_Density": 4.374777883703329e-12, "Unc_Flux_Density": 4.474866657777632e-13, "Flux1000": 4.33630520380035e-10, "Unc_Flux1000": 6.76428982271382e-11, "Energy_Flux100": 7.684962909093596e-12, "Unc_Energy_Flux100": 7.917988638882212e-13, "Signif_Curve": 0.7609552145004272, "SpectrumType": "PowerLaw        ", "Spectral_Index": 2.6405773162841797, "Unc_Spectral_Index": 0.09102332592010498, "beta": null, "Unc_beta": null, "Cutoff": null, "Unc_Cutoff": null, "Exp_Index": null, "Unc_Exp_Index": null, "PowerLaw_Index": 2.6405773162841797, "Flux30_100": null, "Unc_Flux30_100": null, "nuFnu30_100": null, "Sqrt_TS30_100": null, "Flux100_300": 1.504014512931917e-08, "Unc_Flux100_300": [-2.7086257681219195e-09, 2.75201506028111e-09], "nuFnu100_300": 3.398414362421054e-12, "Sqrt_TS100_300": 5.657408714294434, "Flux300_1000": 2.678523403076838e-09, "Unc_Flux300_1000": [-4.339261450159171e-10, 4.4474229854429836e-10], "nuFnu300_1000": 1.7090856724646941e-12, "Sqrt_TS300_1000": 6.666276454925537, "Flux1000_3000": 3.0720442856235763e-10, "Unc_Flux1000_3000": [-8.219199626458007e-11, 8.72221531111883e-11], "nuFnu1000_3000": 6.94147484717883e-13, "Sqrt_TS1000_3000": 4.35034704208374, "Flux3000_10000": 7.023917558690584e-11, "Unc_Flux3000_10000": [-2.2840231442278203e-11, 2.7654847162272844e-11], "nuFnu3000_10000": 4.481752154724544e-13, "Sqrt_TS3000_10000": 4.253608703613281, "Flux10000_100000": 1.4404497246614414e-15, "Unc_Flux10000_100000": [null, 1.463879018004377e-11], "nuFnu10000_100000": 2.0255998840198542e-17, "Sqrt_TS10000_100000": 0.0, "Variability_Index": 120.97735595703125, "Signif_Peak": 7.972635269165039, "Flux_Peak": 9.83114247787853e-08, "Unc_Flux_Peak": 1.552710493513132e-08, "Time_Peak": 285355008.0, "Peak_Interval": 2630000.0, "Flux_History": [3.195551556700593e-08, 7.219993847229489e-08, 3.022895711524143e-08, 2.153795897186228e-08, 1.1209034589398925e-08, 2.8492767256693696e-08, 1.6153194337675814e-08, 0.0, 2.6115781537328076e-08, 1.3942006660272455e-08, 1.4607701714908217e-08, 3.014623572994424e-08, 8.95477292317537e-09, 2.126828846371609e-08, 7.086922715338062e-10, 2.3981867158795467e-08, 0.0, 9.83114247787853e-08, 1.2672606075625481e-08, 1.718122710769876e-08, 0.0, 0.0, 3.951253546574662e-08, 3.149924765466494e-08, 2.603618121099771e-08, 1.0859431576193401e-08, 2.350662953176652e-08, 3.435803819229477e-08, 1.9255480765423272e-08, 2.2741518890256884e-08, 3.489881095219971e-08, 2.634350293462262e-09, 4.903651529275521e-08, 2.0856841587146846e-08, 6.97783608671898e-09, 7.542976021568393e-09, 1.2725752007725077e-08, 2.990045899764482e-08, 2.6713237843978277e-08, 0.0, 6.4348757433663195e-09, 0.0, 0.0, 1.1238053154727368e-08, 0.0, 2.1620112367060074e-09, 0.0, 0.0], "Unc_Flux_History": [[-1.8911622490236368e-08, 2.033432977555094e-08], [-1.638138336090833e-08, 1.7511169403405802e-08], [-1.4030586470425987e-08, 1.5688096155486164e-08], [-1.3965097522827818e-08, 1.5252679119726054e-08], [-1.04098312192491e-08, 1.3325609060643728e-08], [-1.3791437325494371e-08, 1.5527895413924853e-08], [-1.4348377597173112e-08, 1.523992843033284e-08], [null, 1.1759466289618103e-08], [-1.3917295760279558e-08, 1.5289170818277853e-08], [null, 1.503229896115954e-08], [-1.4061837028123136e-08, 1.4690313854259784e-08], [-1.4438297668561972e-08, 1.561741136413275e-08], [null, 1.437654972846758e-08], [-1.1578087821817462e-08, 1.3044345159585191e-08], [null, 1.0719572784978482e-08], [-1.1820949552543425e-08, 1.2979795904755065e-08], [null, 1.1272545563656422e-08], [-1.552710493513132e-08, 1.6313807194023866e-08], [-1.1151247036877976e-08, 1.2654435721515256e-08], [-1.1732509186401785e-08, 1.303273755581813e-08], [null, 1.2516399472417561e-08], [null, 1.2659426396055551e-08], [-1.3200696535875522e-08, 1.4254235125576997e-08], [-1.1951438949608928e-08, 1.3218431682560094e-08], [-1.2347495470521608e-08, 1.3088891748225251e-08], [-8.861489320111104e-09, 1.0820681239920305e-08], [-1.2237420854432912e-08, 1.3388260278190955e-08], [-1.1906452712651117e-08, 1.2881470112802162e-08], [-1.3274708443589134e-08, 1.409455574474805e-08], [-1.125332715901095e-08, 1.2450462882895863e-08], [-1.3159101364124126e-08, 1.4021997785107487e-08], [null, 1.3254841668697281e-08], [-1.3372760676588769e-08, 1.4333763509455366e-08], [-1.2759209688795181e-08, 1.3741574100833986e-08], [null, 1.183133235826972e-08], [null, 1.0568498964858009e-08], [-1.2431858209538404e-08, 1.3300320844678026e-08], [-1.3644637419929495e-08, 1.4776953882744692e-08], [-1.3359434447579588e-08, 1.4352108834714272e-08], [null, 1.0550230022943197e-08], [null, 1.0514467518873971e-08], [null, 8.917123039964281e-09], [null, 1.1249499998200463e-08], [null, 1.2259769199829407e-08], [null, 7.812936075879406e-09], [null, 1.0102085390428783e-08], [null, 7.407235713685623e-09], [null, 1.2195378040757987e-08]], "Extended_Source_Name": "                  ", "0FGL_Name": "                 ", "1FGL_Name": "1FGL J0639.9+7325 ", "2FGL_Name": "                  ", "1FHL_Name": "                  ", "ASSOC_GAM1": "               ", "ASSOC_GAM2": "              ", "ASSOC_GAM3": "               ", "TEVCAT_FLAG": "N", "ASSOC_TEV": "                     ", "CLASS1": "fsrq ", "ASSOC1": "S5 0633+73                ", "ASSOC2": "                          ", "Flags": 0, "source_id": 732}