{"Source_Name": "3FGL J1023.7+3000 ", "RAJ2000": 155.9470977783203, "DEJ2000": 30.014400482177734, "GLON": 198.94992065429688, "GLAT": 57.593040466308594, "Conf_68_SemiMajor": 0.041814111173152924, "Conf_68_SemiMinor": 0.037435345351696014, "Conf_68_PosAng": 81.16999816894531, "Conf_95_SemiMajor": 0.06780000030994415, "Conf_95_SemiMinor": 0.06069999933242798, "Conf_95_PosAng": 81.16999816894531, "ROI_num": 690, "Signif_Avg": 6.221279144287109, "Pivot_Energy": 5814.32080078125, "Flux_Density": 8.218047485466888e-15, "Unc_Flux_Density": 2.09961595229154e-15, "Flux1000": 2.3047913577656232e-10, "Unc_Flux1000": 6.531807733578532e-11, "Energy_Flux100": 2.985124951046525e-12, "Unc_Energy_Flux100": 7.953729363498196e-13, "Signif_Curve": 0.8168212175369263, "SpectrumType": "PowerLaw        ", "Spectral_Index": 1.7458479404449463, "Unc_Spectral_Index": 0.21417167782783508, "beta": null, "Unc_beta": null, "Cutoff": null, "Unc_Cutoff": null, "Exp_Index": null, "Unc_Exp_Index": null, "PowerLaw_Index": 1.7458479404449463, "Flux30_100": null, "Unc_Flux30_100": null, "nuFnu30_100": null, "Sqrt_TS30_100": null, "Flux100_300": 3.4213818445039124e-09, "Unc_Flux100_300": [-1.958113893252289e-09, 1.997953580357148e-09], "nuFnu100_300": 8.431512866363677e-13, "Sqrt_TS100_300": 1.7668793201446533, "Flux300_1000": 4.2767234198493043e-10, "Unc_Flux300_1000": [-3.2311045505828417e-10, 3.460329522919636e-10], "nuFnu300_1000": 3.026307503206649e-13, "Sqrt_TS300_1000": 1.3447078466415405, "Flux1000_3000": 8.359760800269456e-11, "Unc_Flux1000_3000": [-5.072091358027109e-11, 6.064269919558996e-11], "nuFnu1000_3000": 2.060145267270344e-13, "Sqrt_TS1000_3000": 1.7919484376907349, "Flux3000_10000": 6.46588269037629e-11, "Unc_Flux3000_10000": [-2.5905071490694986e-11, 3.1772001696239727e-11], "nuFnu3000_10000": 4.575406893636558e-13, "Sqrt_TS3000_10000": 3.5735838413238525, "Flux10000_100000": 3.547505345036228e-11, "Unc_Flux10000_100000": [-1.4890510699472337e-11, 2.0287006449737355e-11], "nuFnu10000_100000": 7.021378920987753e-13, "Sqrt_TS10000_100000": 4.465773582458496, "Variability_Index": 39.400386810302734, "Signif_Peak": null, "Flux_Peak": null, "Unc_Flux_Peak": null, "Time_Peak": null, "Peak_Interval": null, "Flux_History": [3.770340484265944e-09, 0.0, 0.0, 0.0, 1.2806206095561379e-09, 2.757927219931844e-09, 1.6885877140992989e-09, 0.0, 5.5422302303043125e-09, 0.0, 0.0, 0.0, 0.0, 0.0, 5.649470669055745e-09, 2.5191950747682768e-09, 0.0, 2.4997042213925624e-09, 0.0, 2.0883645923674976e-09, 2.549179978217353e-09, 2.4538009402164107e-09, 6.60698562526818e-09, 0.0, 0.0, 3.7547858156017355e-09, 4.566193645416661e-09, 0.0, 1.0169383113378672e-09, 0.0, 0.0, 7.899699561164653e-09, 0.0, 0.0, 3.0184041932557193e-09, 0.0, 2.8536217833163846e-09, 0.0, 0.0, 0.0, 0.0, 2.6036339750845627e-09, 3.270124615539771e-09, 0.0, 2.415874389427586e-09, 2.336055127116765e-09, 3.019426708661399e-09, 5.981451334235999e-09], "Unc_Flux_History": [[-2.501820084432893e-09, 4.060739300371097e-09], [null, 2.5266544412261283e-09], [null, 3.5406242382407527e-09], [null, 3.1400040345630487e-09], [null, 3.606307696912836e-09], [null, 4.754268534412631e-09], [-1.6197887475755124e-09, 2.9026496761730414e-09], [null, 2.983822966484695e-09], [-2.748025362819817e-09, 3.74630104715834e-09], [null, 2.2767492335873385e-09], [null, 3.1784632703590887e-09], [null, 2.8794826523181882e-09], [null, 3.892710154218548e-09], [null, 5.44198064389434e-09], [-3.0955864538384503e-09, 4.288132515739562e-09], [null, 5.7899489647184055e-09], [null, 3.222078381881488e-09], [-2.4034976231490646e-09, 3.873760867634246e-09], [null, 3.608114251818506e-09], [-1.5021295318717875e-09, 2.7701776428301628e-09], [-1.752494815931982e-09, 3.2505427238760376e-09], [-1.905855695483183e-09, 3.3415639144607212e-09], [-3.867866471551906e-09, 4.8485455650393305e-09], [null, 4.5387618108350125e-09], [null, 2.890815808953562e-09], [-2.510679664169402e-09, 3.800615822058262e-09], [null, 5.6093067968276955e-09], [null, 4.909912476591671e-09], [null, 3.84386522611635e-09], [null, 4.106468054487777e-09], [null, 3.9936782769700585e-09], [-4.945876597162169e-09, 6.184403211761946e-09], [null, 3.836359674380674e-09], [null, 2.913352004085823e-09], [-2.24404561599556e-09, 3.6466056840822603e-09], [null, 4.329667291358419e-09], [null, 5.276287851074812e-09], [null, 3.842579143764624e-09], [null, 3.9964507259071524e-09], [null, 3.0552538277106578e-09], [null, 3.6738210251741066e-09], [-2.5614723675460027e-09, 3.691827510365897e-09], [-2.518288022557158e-09, 4.0551242364017526e-09], [null, 5.3796522792026735e-09], [-2.265972742776512e-09, 3.5587126578917605e-09], [null, 4.8278012698688144e-09], [-2.6744078063245524e-09, 4.426956579095531e-09], [-2.964005263450531e-09, 4.142659992822928e-09]], "Extended_Source_Name": "                  ", "0FGL_Name": "                 ", "1FGL_Name": "                  ", "2FGL_Name": "2FGL J1023.6+2959 ", "1FHL_Name": "1FHL J1023.6+2959 ", "ASSOC_GAM1": "               ", "ASSOC_GAM2": "              ", "ASSOC_GAM3": "               ", "TEVCAT_FLAG": "N", "ASSOC_TEV": "                     ", "CLASS1": "bll  ", "ASSOC1": "RX J1023.6+3001           ", "ASSOC2": "                          ", "Flags": 0, "source_id": 1181}