{"Source_Name": "3FGL J1636.7+2624 ", "RAJ2000": 249.18719482421875, "DEJ2000": 26.416000366210938, "GLON": 45.746089935302734, "GLAT": 40.14933776855469, "Conf_68_SemiMajor": 0.049831561744213104, "Conf_68_SemiMinor": 0.044281020760536194, "Conf_68_PosAng": -31.049999237060547, "Conf_95_SemiMajor": 0.08079999685287476, "Conf_95_SemiMinor": 0.07180000096559525, "Conf_95_PosAng": -31.049999237060547, "ROI_num": 739, "Signif_Avg": 6.252440452575684, "Pivot_Energy": 2486.313720703125, "Flux_Density": 5.69912227219721e-14, "Unc_Flux_Density": 1.1742325421195115e-14, "Flux1000": 3.4847361107814834e-10, "Unc_Flux1000": 7.1788221200908e-11, "Energy_Flux100": 3.873909873441939e-12, "Unc_Energy_Flux100": 7.998824584458386e-13, "Signif_Curve": 1.722554326057434, "SpectrumType": "PowerLaw        ", "Spectral_Index": 2.0392510890960693, "Unc_Spectral_Index": 0.1596217155456543, "beta": null, "Unc_beta": null, "Cutoff": null, "Unc_Cutoff": null, "Exp_Index": null, "Unc_Exp_Index": null, "PowerLaw_Index": 2.0392510890960693, "Flux30_100": null, "Unc_Flux30_100": null, "nuFnu30_100": null, "Sqrt_TS30_100": null, "Flux100_300": 7.293944614961134e-11, "Unc_Flux100_300": [null, 2.8352526992847515e-09], "nuFnu100_300": 1.745952422351968e-14, "Sqrt_TS100_300": 0.0, "Flux300_1000": 8.555515185193485e-10, "Unc_Flux300_1000": [-4.176060608429566e-10, 4.387884222634142e-10], "nuFnu300_1000": 5.846794944898426e-13, "Sqrt_TS300_1000": 2.0971295833587646, "Flux1000_3000": 2.2295382207104808e-10, "Unc_Flux1000_3000": [-8.313926630476587e-11, 9.202699713384277e-11], "nuFnu1000_3000": 5.336848584586162e-13, "Sqrt_TS1000_3000": 3.039907693862915, "Flux3000_10000": 1.0296036939694275e-10, "Unc_Flux3000_10000": [-3.060274256228013e-11, 3.6149406384966554e-11], "nuFnu3000_10000": 7.03625905370403e-13, "Sqrt_TS3000_10000": 5.178555011749268, "Flux10000_100000": 2.4274610099794813e-11, "Unc_Flux10000_100000": [-1.2930959254753294e-11, 1.8482892299998e-11], "nuFnu10000_100000": 4.252495165897596e-13, "Sqrt_TS10000_100000": 2.921595335006714, "Variability_Index": 37.26052474975586, "Signif_Peak": null, "Flux_Peak": null, "Unc_Flux_Peak": null, "Time_Peak": null, "Peak_Interval": null, "Flux_History": [4.4585912739592e-09, 0.0, 8.012896457465501e-10, 0.0, 6.8622001414553324e-09, 2.494273232400701e-09, 6.645131112037461e-09, 0.0, 1.4599557118799567e-08, 5.000387215403634e-09, 6.554491616128644e-09, 1.508343783207522e-09, 1.2988595976537454e-08, 0.0, 1.0549250362146267e-08, 4.61411708840842e-09, 0.0, 0.0, 1.7519173889368744e-09, 2.73736922018486e-09, 7.387585654328177e-09, 1.1732984361856325e-08, 9.13247966138897e-09, 5.148212967043264e-09, 3.5000025100373477e-09, 5.695291349638865e-09, 1.0659004789914661e-09, 0.0, 7.233386334348779e-09, 0.0, 0.0, 0.0, 0.0, 7.138759361424718e-09, 0.0, 0.0, 0.0, 1.612571587372713e-08, 0.0, 4.972672495995312e-09, 0.0, 2.5334803144261286e-09, 4.3447232478399656e-09, 1.1883290795822177e-08, 9.021809965759076e-09, 1.8260326584140785e-09, 7.799220824722397e-09, 9.56712931099446e-09], "Unc_Flux_History": [[-3.308892049247447e-09, 4.840526202087858e-09], [null, 7.708155891350543e-09], [null, 6.347459891031804e-09], [null, 7.92760701529005e-09], [-4.45797043724383e-09, 6.2751799312366074e-09], [null, 9.284090829453362e-09], [-4.2324077575983665e-09, 5.291052485034697e-09], [null, 6.172304001239581e-09], [-6.834798504939954e-09, 8.39089686621719e-09], [null, 6.733640312006628e-09], [-5.669629210558469e-09, 7.003836177688072e-09], [null, 8.324555267336109e-09], [-8.60358806420436e-09, 1.0005678952040853e-08], [null, 5.403105518553275e-09], [-6.037201405462156e-09, 8.050861310948676e-09], [null, 7.743166108298283e-09], [null, 8.338815860042814e-09], [null, 6.155380205541405e-09], [null, 8.040614396520596e-09], [-2.6901945116009074e-09, 4.7966275396049696e-09], [-6.254799789218168e-09, 7.782265498690322e-09], [-5.8233018407349846e-09, 7.4058381649422245e-09], [-7.211860442168927e-09, 8.830481235122534e-09], [-3.807524961985109e-09, 6.193311197222329e-09], [-2.6705357925038697e-09, 4.704989731152409e-09], [-5.223814270038929e-09, 8.199734224945132e-09], [null, 5.077060993841087e-09], [null, 7.752776198799438e-09], [-5.152219983983741e-09, 7.177366256883033e-09], [null, 7.234310483994477e-09], [null, 7.968711024375352e-09], [null, 5.1819322166579695e-09], [null, 9.013469082219672e-09], [-4.698059274943489e-09, 6.6612750870831405e-09], [null, 6.313954692416246e-09], [null, 7.0013230768495305e-09], [null, 6.006794617263722e-09], [-7.743565788587148e-09, 9.800768197010257e-09], [null, 7.061763174220914e-09], [-4.245514606537881e-09, 6.458281909260677e-09], [null, 5.184534135338481e-09], [null, 7.816826297357693e-09], [-3.910704204912463e-09, 5.953840975791991e-09], [-7.199215890096866e-09, 8.827312214521044e-09], [-5.3611506345419e-09, 7.445462468780306e-09], [null, 6.145041364646886e-09], [null, 9.860277039308585e-09], [-7.0116392691943474e-09, 8.700768105995849e-09]], "Extended_Source_Name": "                  ", "0FGL_Name": "                 ", "1FGL_Name": "                  ", "2FGL_Name": "                  ", "1FHL_Name": "                  ", "ASSOC_GAM1": "               ", "ASSOC_GAM2": "              ", "ASSOC_GAM3": "               ", "TEVCAT_FLAG": "N", "ASSOC_TEV": "                     ", "CLASS1": "bcu  ", "ASSOC1": "NVSS J163651+262657       ", "ASSOC2": "                          ", "Flags": 0, "source_id": 2024}