{"Source_Name": "3FHL J1418.6-6058 ", "RAJ2000": 214.6705780029297, "DEJ2000": -60.971961975097656, "GLON": 313.31854248046875, "GLAT": 0.1281464546918869, "Conf_95_SemiMajor": 0.019593283534049988, "Conf_95_SemiMinor": 0.019593283534049988, "Conf_95_PosAng": null, "ROI_num": 1, "Signif_Avg": 16.376985549926758, "Pivot_Energy": 14.083179473876953, "Flux_Density": 2.9086595978999874e-11, "Unc_Flux_Density": 3.1780014817656133e-12, "Flux": 4.1602116196415295e-10, "Unc_Flux": 4.466571557060206e-11, "Energy_Flux": 1.6766806693047087e-11, "Unc_Energy_Flux": 3.4238920292722907e-12, "Signif_Curve": 3.7353615760803223, "SpectrumType": "LogParabola", "Spectral_Index": 4.097280025482178, "Unc_Spectral_Index": 0.19020117819309235, "beta": -0.5001834034919739, "Unc_beta": 0.04684298112988472, "PowerLaw_Index": 3.961205005645752, "Unc_PowerLaw_Index": 0.455466091632843, "Flux_Band": [3.5106614837410177e-10, 4.1391490929187924e-11, 1.235924557141388e-11, 1.0630900673658239e-11, 1.2126132563350378e-11], "Unc_Flux_Band": [[-3.974869738909703e-11, 4.230209932343243e-11], [-1.3331668234639604e-11, 1.575319909241646e-11], [-8.535008637344799e-12, 1.1309144593019127e-11], [-5.469057498541652e-12, 7.73473646242806e-12], [-5.856313697871762e-12, 8.192570753740025e-12]], "nuFnu": [1.0398432982727801e-11, 2.0306551579141185e-12, 1.4448471715930444e-12, 4.050023771212663e-12, 1.751703816721406e-11], "Sqrt_TS_Band": [15.468053817749023, 5.014780044555664, 1.59281587600708, 3.279371738433838, 3.3505423069000244], "Npred": 147.80975341796875, "HEP_Energy": 1405.31005859375, "HEP_Prob": 0.974573016166687, "Variability_BayesBlocks": 1, "Extended_Source_Name": "                  ", "ASSOC_GAM": "3FGL J1418.6-6058 ", "TEVCAT_FLAG": "E", "ASSOC_TEV": "Kookaburra (Rabbit)  ", "CLASS": "PSR    ", "ASSOC1": "PSR J1418-6058            ", "ASSOC2": "                          ", "ASSOC_PROB_BAY": 0.9999732971191406, "ASSOC_PROB_LR": 0.0, "Redshift": null, "NuPeak_obs": null, "catalog_row_index": 919}