{"Source_Name": "3FGL J1301.6+0832 ", "RAJ2000": 195.41819763183594, "DEJ2000": 8.539799690246582, "GLON": 310.82916259765625, "GLAT": 71.25438690185547, "Conf_68_SemiMajor": 0.04267752915620804, "Conf_68_SemiMinor": 0.041937459260225296, "Conf_68_PosAng": 73.05000305175781, "Conf_95_SemiMajor": 0.06920000165700912, "Conf_95_SemiMinor": 0.06800000369548798, "Conf_95_PosAng": 73.05000305175781, "ROI_num": 656, "Signif_Avg": 13.645666122436523, "Pivot_Energy": 765.5064697265625, "Flux_Density": 2.140753936966111e-12, "Unc_Flux_Density": 1.954260727852694e-13, "Flux1000": 8.209836699357709e-10, "Unc_Flux1000": 9.592986821571614e-11, "Energy_Flux100": 1.0632528711640443e-11, "Unc_Energy_Flux100": 9.717155465688299e-13, "Signif_Curve": 2.595644474029541, "SpectrumType": "PowerLaw        ", "Spectral_Index": 2.3789353370666504, "Unc_Spectral_Index": 0.07416051626205444, "beta": null, "Unc_beta": null, "Cutoff": null, "Unc_Cutoff": null, "Exp_Index": null, "Unc_Exp_Index": null, "PowerLaw_Index": 2.3789353370666504, "Flux30_100": null, "Unc_Flux30_100": null, "nuFnu30_100": null, "Sqrt_TS30_100": null, "Flux100_300": 1.1283376011306245e-08, "Unc_Flux100_300": [-3.013023608389176e-09, 3.069549503464941e-09], "nuFnu100_300": 2.613239269075307e-12, "Sqrt_TS100_300": 3.8322577476501465, "Flux300_1000": 3.7252894102834944e-09, "Unc_Flux300_1000": [-5.129063840314529e-10, 5.275327397136209e-10], "nuFnu300_1000": 2.4475900906734127e-12, "Sqrt_TS300_1000": 8.330655097961426, "Flux1000_3000": 7.964069959065512e-10, "Unc_Flux1000_3000": [-1.2184932229875045e-10, 1.2964083972999418e-10], "nuFnu1000_3000": 1.8444850681531566e-12, "Sqrt_TS1000_3000": 8.879114151000977, "Flux3000_10000": 1.4278132842715507e-10, "Unc_Flux3000_10000": [-3.62288705979541e-11, 4.2124165267054536e-11], "nuFnu3000_10000": 9.381020266152618e-13, "Sqrt_TS3000_10000": 6.574917793273926, "Flux10000_100000": 5.517513326108205e-16, "Unc_Flux10000_100000": [null, 1.3451698956112867e-11], "nuFnu10000_100000": 8.485485902906813e-18, "Sqrt_TS10000_100000": 0.0, "Variability_Index": 41.7255744934082, "Signif_Peak": null, "Flux_Peak": null, "Unc_Flux_Peak": null, "Time_Peak": null, "Peak_Interval": null, "Flux_History": [7.6037913743221e-09, 1.3529951381485716e-08, 1.9606327228416376e-08, 2.3176966124083265e-08, 5.768111766002448e-09, 4.252996532727593e-08, 3.632857348279117e-09, 1.6012386083730235e-08, 1.517609504730899e-08, 2.0582499260513032e-08, 2.0885096319034346e-08, 2.2567830271214007e-08, 3.3640400687318106e-08, 1.8098440079938882e-08, 4.318457591523384e-09, 6.39506847477378e-09, 2.9047578564700416e-08, 2.2622101525371363e-08, 7.062636697696689e-09, 1.035737628996003e-08, 2.5690784610787887e-08, 0.0, 1.3055264425076984e-08, 1.997722343105579e-08, 3.4509668012105976e-08, 1.2192859166759717e-08, 6.82139367214063e-09, 3.602893272613983e-08, 1.2436564666984395e-08, 1.5753926163597498e-08, 2.6660616825324723e-08, 5.594936958175367e-09, 1.879900679568891e-08, 8.746773083601056e-09, 9.466142536496136e-09, 3.1857350535346995e-08, 3.426415773333247e-08, 2.879477634110117e-08, 1.874939314916446e-08, 4.586187785093898e-08, 8.406058960019891e-09, 2.771258422740175e-08, 3.886560051569177e-08, 2.938693377529944e-08, 3.6602322950329835e-08, 3.1386182541837115e-08, 2.1514718895332408e-08, 1.332596166747635e-08], "Unc_Flux_History": [[null, 1.0700960118015246e-08], [-1.1438939573338303e-08, 1.2286283102014295e-08], [-9.139268009050738e-09, 1.0749192647097061e-08], [-1.0235541303416085e-08, 1.136389471412258e-08], [null, 9.413683166314968e-09], [-1.1693680690427755e-08, 1.31037944939294e-08], [null, 7.776630894795744e-09], [-1.368993718386946e-08, 1.4947877602367043e-08], [-8.525022465732945e-09, 1.0502986036442508e-08], [-1.0497354097083189e-08, 1.1786207565478435e-08], [-1.0929598559528131e-08, 1.2295100937365078e-08], [-9.383521515360371e-09, 1.0761413982152135e-08], [-1.2958359718595602e-08, 1.480438704959397e-08], [-9.710906745397097e-09, 1.2320459319425936e-08], [null, 1.4037116358167623e-08], [null, 1.130930993298307e-08], [-1.2856637532365767e-08, 1.476031297187319e-08], [-1.4589192076641666e-08, 1.625899770374417e-08], [null, 1.1643396469196432e-08], [-8.609577051288397e-09, 1.2085682676854503e-08], [-1.1159152712991727e-08, 1.3287175804066464e-08], [null, 1.1513045627964402e-08], [-8.863772826828153e-09, 1.0877671208220363e-08], [-1.073506972204541e-08, 1.2410493077652518e-08], [-1.384564463080551e-08, 1.5861273183759295e-08], [-1.2192859166759717e-08, 1.522833947831259e-08], [null, 1.4529049963130092e-08], [-1.495869561551899e-08, 1.672951555065083e-08], [-9.58173274057117e-09, 1.2471756072329754e-08], [-1.1405475675019261e-08, 1.3208292237720798e-08], [-1.4459581088033246e-08, 1.6266369584627682e-08], [null, 1.4927932667774257e-08], [-1.4589098817907598e-08, 1.688862916182643e-08], [null, 1.4563613426332722e-08], [null, 1.5011877962933795e-08], [-1.3244349617025364e-08, 1.5304916445302297e-08], [-1.5230233074703392e-08, 1.702653129598275e-08], [-1.3537013288100752e-08, 1.587162756777616e-08], [-1.1119410281423825e-08, 1.416732597903092e-08], [-1.4291987149306351e-08, 1.566601426361558e-08], [null, 1.441318797645863e-08], [-1.0428760077729748e-08, 1.1747486539093188e-08], [-1.3322927649994654e-08, 1.5081687010365386e-08], [-1.4528040104266893e-08, 1.585595477138213e-08], [-1.4626859723421148e-08, 1.636106539137927e-08], [-1.306140884338447e-08, 1.4831976535845115e-08], [-1.2941090865581373e-08, 1.5253650786917206e-08], [-1.2760057899185995e-08, 1.5351449889067226e-08]], "Extended_Source_Name": "                  ", "0FGL_Name": "                 ", "1FGL_Name": "1FGL J1301.8+0837 ", "2FGL_Name": "2FGL J1301.5+0835 ", "1FHL_Name": "                  ", "ASSOC_GAM1": "               ", "ASSOC_GAM2": "              ", "ASSOC_GAM3": "               ", "TEVCAT_FLAG": "N", "ASSOC_TEV": "                     ", "CLASS1": "PSR  ", "ASSOC1": "PSR J1301+0833            ", "ASSOC2": "                          ", "Flags": 0, "catalog_row_index": 1564}