{"Source_Name": "3FHL J0654.4+4514 ", "RAJ2000": 103.61610412597656, "DEJ2000": 45.238739013671875, "GLON": 171.2151641845703, "GLAT": 19.392974853515625, "Conf_95_SemiMajor": 0.03101975843310356, "Conf_95_SemiMinor": 0.03101975843310356, "Conf_95_PosAng": null, "ROI_num": 52, "Signif_Avg": 10.656734466552734, "Pivot_Energy": 19.745351791381836, "Flux_Density": 1.9853660816054886e-12, "Unc_Flux_Density": 4.3709624136280267e-13, "Flux": 7.252316802652814e-11, "Unc_Flux": 1.5977308018277903e-11, "Energy_Flux": 3.063954688922732e-12, "Unc_Energy_Flux": 1.0368567983365384e-12, "Signif_Curve": 1.05275559425354, "SpectrumType": "PowerLaw   ", "Spectral_Index": 2.1416432857513428, "Unc_Spectral_Index": 0.5810734033584595, "beta": 0.46852949261665344, "Unc_beta": 0.5366614460945129, "PowerLaw_Index": 2.5297536849975586, "Unc_PowerLaw_Index": 0.3349106013774872, "Flux_Band": [4.312292536945428e-11, 2.5989464053077782e-11, 3.063683855220045e-12, 2.9540779608284117e-16, 2.0414552561518765e-20], "Unc_Flux_Band": [[-1.1422180042075514e-11, 1.3670005231947169e-11], [-8.330960921121289e-12, 1.0131333272322962e-11], [-2.157974103231264e-12, 4.138782198903623e-12], [null, 5.089591074980415e-12], [null, 4.814117420676167e-12]], "nuFnu": [1.3531178131090393e-12, 1.3387103925399657e-12, 3.497336426537545e-13, 9.540871253520562e-17, 2.013333861823201e-20], "Sqrt_TS_Band": [8.282204627990723, 7.242244720458984, 2.799333095550537, 0.0, 0.0], "Npred": 24.79479217529297, "HEP_Energy": 79.19999694824219, "HEP_Prob": 0.9956163763999939, "Variability_BayesBlocks": 1, "Extended_Source_Name": "                  ", "ASSOC_GAM": "3FGL J0654.4+4514 ", "TEVCAT_FLAG": "N", "ASSOC_TEV": "                     ", "CLASS": "FSRQ   ", "ASSOC1": "B3 0650+453               ", "ASSOC2": "                          ", "ASSOC_PROB_BAY": 0.9997574090957642, "ASSOC_PROB_LR": 0.9948198199272156, "Redshift": null, "NuPeak_obs": 6237349478400.0, "catalog_row_index": 427}