{"Source_Name": "3FGL J1544.1-2555 ", "RAJ2000": 236.02830505371094, "DEJ2000": -25.920499801635742, "GLON": 344.7348327636719, "GLAT": 22.611541748046875, "Conf_68_SemiMajor": 0.07881774753332138, "Conf_68_SemiMinor": 0.05384029448032379, "Conf_68_PosAng": 39.08000183105469, "Conf_95_SemiMajor": 0.12780000269412994, "Conf_95_SemiMinor": 0.08730000257492065, "Conf_95_PosAng": 39.08000183105469, "ROI_num": 803, "Signif_Avg": 9.466793060302734, "Pivot_Energy": 795.4158325195312, "Flux_Density": 2.115331564425671e-12, "Unc_Flux_Density": 2.433917054445872e-13, "Flux1000": 9.060435735008809e-10, "Unc_Flux1000": 1.2396703108485951e-10, "Energy_Flux100": 1.152121974212772e-11, "Unc_Energy_Flux100": 1.3275768288509293e-12, "Signif_Curve": 3.8510379791259766, "SpectrumType": "PowerLaw        ", "Spectral_Index": 2.3585762977600098, "Unc_Spectral_Index": 0.07752282917499542, "beta": null, "Unc_beta": null, "Cutoff": null, "Unc_Cutoff": null, "Exp_Index": null, "Unc_Exp_Index": null, "PowerLaw_Index": 2.3585762977600098, "Flux30_100": null, "Unc_Flux30_100": null, "nuFnu30_100": null, "Sqrt_TS30_100": null, "Flux100_300": 1.1841507330245804e-08, "Unc_Flux100_300": [-4.11815870293708e-09, 4.224792515827858e-09], "nuFnu100_300": 2.7478557623750177e-12, "Sqrt_TS100_300": 2.8953335285186768, "Flux300_1000": 5.410323744570178e-09, "Unc_Flux300_1000": [-7.564292525685801e-10, 7.722739114868205e-10], "nuFnu300_1000": 3.562946812585288e-12, "Sqrt_TS300_1000": 7.766513347625732, "Flux1000_3000": 7.822346104191524e-10, "Unc_Flux1000_3000": [-1.5320344992630908e-10, 1.625030526808402e-10], "nuFnu1000_3000": 1.8151977317082402e-12, "Sqrt_TS1000_3000": 6.07985782623291, "Flux3000_10000": 1.4967996286863183e-10, "Unc_Flux3000_10000": [-4.629763933339248e-11, 5.299010535919635e-11], "nuFnu3000_10000": 9.857112955730107e-13, "Sqrt_TS3000_10000": 4.202150344848633, "Flux10000_100000": 8.863091873921244e-15, "Unc_Flux10000_100000": [null, 1.383013235184416e-11], "nuFnu10000_100000": 1.3731736828395154e-16, "Sqrt_TS10000_100000": 0.0, "Variability_Index": 50.93550491333008, "Signif_Peak": null, "Flux_Peak": null, "Unc_Flux_Peak": null, "Time_Peak": null, "Peak_Interval": null, "Flux_History": [3.0024331465483556e-08, 1.7248890316068355e-08, 4.52873436529444e-08, 3.500117529142699e-08, 2.9598544060149834e-08, 8.794499350983642e-09, 0.0, 7.750944774898016e-09, 2.2578001690476412e-08, 2.7115197198668284e-08, 2.6088885718422716e-08, 3.2692824447622115e-08, 2.9002469759120686e-08, 4.3115065295751265e-08, 1.934751026055892e-08, 5.631936517147551e-08, 0.0, 6.383885864380545e-09, 6.931312857005878e-09, 0.0, 3.826943739682065e-08, 2.1998040722337464e-08, 2.1967942132050666e-08, 1.3918381114308431e-08, 2.456720693544412e-08, 9.211847284973373e-09, 3.452023022987305e-08, 8.74877592593748e-09, 1.7826332410209034e-08, 0.0, 3.192225861425868e-08, 1.6506884747968797e-08, 3.396847247927326e-08, 1.1711174252582168e-08, 0.0, 0.0, 1.1824728751719249e-08, 4.610733483900731e-08, 4.0516265897849735e-08, 2.6697067667669216e-08, 0.0, 0.0, 2.9111349775234885e-08, 2.7592115259267302e-08, 2.9472815299413924e-08, 2.6946752385015316e-08, 1.5382999762891814e-08, 6.863275814339431e-08], "Unc_Flux_History": [[-1.6463836516322772e-08, 1.8418518266116735e-08], [-1.288396678233994e-08, 1.3740753423974184e-08], [-1.5520635443522224e-08, 1.7028385812523084e-08], [-1.5809167308589167e-08, 1.7692538989422246e-08], [-1.3822498701188124e-08, 1.5723880864015882e-08], [null, 1.5788224061452638e-08], [null, 1.244632752417374e-08], [null, 1.9330546052742648e-08], [-1.5818974574699496e-08, 1.7392867590615424e-08], [-1.537000393625476e-08, 1.7424905962570847e-08], [-1.552526640580254e-08, 1.8022310754872706e-08], [-1.4310287177465852e-08, 1.5660813090789816e-08], [-1.739045174531384e-08, 1.964991547254158e-08], [-1.7287216991235255e-08, 1.8388682576642168e-08], [-1.7150911801877555e-08, 1.923510950518903e-08], [-2.116935959861621e-08, 2.3041971886073043e-08], [null, 1.6291485493979962e-08], [null, 1.7739241187086918e-08], [null, 1.5090787286453633e-08], [null, 1.9810793006058702e-08], [-1.6204335651082147e-08, 1.8168975657317787e-08], [-1.7317361766799877e-08, 1.8896086473318974e-08], [-1.5293036170760388e-08, 1.7726371481785463e-08], [-1.3638883800126678e-08, 1.543582150986822e-08], [-1.6016617365721686e-08, 1.8626174380642624e-08], [null, 1.4638269263400616e-08], [-1.907223534658442e-08, 2.2562948842619335e-08], [null, 1.535422278209353e-08], [-1.5206977010961964e-08, 1.670946225829084e-08], [null, 1.3954834621188184e-08], [-1.5833879984938903e-08, 1.772270685762578e-08], [null, 2.206477844879373e-08], [-1.7898328152909926e-08, 1.9828105379815497e-08], [null, 2.1130391658630288e-08], [null, 1.515009095953701e-08], [null, 1.4479639709463754e-08], [-9.304877757188024e-09, 1.2607531907349312e-08], [-1.6492025523007214e-08, 1.7822765485675518e-08], [-1.9584858179655384e-08, 2.2883268613327346e-08], [-1.4069130749305714e-08, 1.6229639854259403e-08], [null, 1.3400604181867948e-08], [null, 1.127524651423073e-08], [-1.80939458971352e-08, 1.9653072058645193e-08], [-1.7689201214921013e-08, 1.954323103348088e-08], [-1.36613866885682e-08, 1.5597816371837325e-08], [-1.4163173744918822e-08, 1.7406211583193e-08], [-1.1965681778747239e-08, 1.4287135918777949e-08], [-2.3495537959661306e-08, 2.610525129398411e-08]], "Extended_Source_Name": "                  ", "0FGL_Name": "                 ", "1FGL_Name": "                  ", "2FGL_Name": "2FGL J1544.1-2554 ", "1FHL_Name": "                  ", "ASSOC_GAM1": "               ", "ASSOC_GAM2": "              ", "ASSOC_GAM3": "               ", "TEVCAT_FLAG": "N", "ASSOC_TEV": "                     ", "CLASS1": "     ", "ASSOC1": "                          ", "ASSOC2": "                          ", "Flags": 0, "source_id": 1905}