{"Source_Name": "3FGL J0652.0-4808 ", "RAJ2000": 103.01460266113281, "DEJ2000": -48.1343994140625, "GLON": 257.76983642578125, "GLAT": -19.753023147583008, "Conf_68_SemiMajor": 0.04113570973277092, "Conf_68_SemiMinor": 0.037435345351696014, "Conf_68_PosAng": -41.900001525878906, "Conf_95_SemiMajor": 0.06669999659061432, "Conf_95_SemiMinor": 0.06069999933242798, "Conf_95_PosAng": -41.900001525878906, "ROI_num": 652, "Signif_Avg": 5.597442150115967, "Pivot_Energy": 3236.3447265625, "Flux_Density": 2.8998501598034507e-14, "Unc_Flux_Density": 6.8041589140863286e-15, "Flux1000": 3.0393218497515306e-10, "Unc_Flux1000": 7.394192202969663e-11, "Energy_Flux100": 3.3776711896166267e-12, "Unc_Energy_Flux100": 8.105397863306107e-13, "Signif_Curve": 2.305300712585449, "SpectrumType": "PowerLaw        ", "Spectral_Index": 2.0442283153533936, "Unc_Spectral_Index": 0.2531062960624695, "beta": null, "Unc_beta": null, "Cutoff": null, "Unc_Cutoff": null, "Exp_Index": null, "Unc_Exp_Index": null, "PowerLaw_Index": 2.0442283153533936, "Flux30_100": null, "Unc_Flux30_100": null, "nuFnu30_100": null, "Sqrt_TS30_100": null, "Flux100_300": 9.339447437639592e-09, "Unc_Flux100_300": [-2.8140407781762633e-09, 2.920135022677073e-09], "nuFnu100_300": 2.234490153671387e-12, "Sqrt_TS100_300": 3.3018884658813477, "Flux300_1000": 6.878517200270551e-10, "Unc_Flux300_1000": [-4.068658465694597e-10, 4.273769671492289e-10], "nuFnu300_1000": 4.697992212268631e-13, "Sqrt_TS300_1000": 1.724939227104187, "Flux1000_3000": 1.2139748928330363e-10, "Unc_Flux1000_3000": [-6.455321693854543e-11, 7.569148086083999e-11], "nuFnu1000_3000": 2.9044708261746766e-13, "Sqrt_TS1000_3000": 2.096498489379883, "Flux3000_10000": 4.52193421596192e-11, "Unc_Flux3000_10000": [-2.3578842003879608e-11, 3.0110098442337474e-11], "nuFnu3000_10000": 3.088458037491665e-13, "Sqrt_TS3000_10000": 2.471559762954712, "Flux10000_100000": 4.779626000539494e-11, "Unc_Flux10000_100000": [-1.8726378087086104e-11, 2.413916462551402e-11], "nuFnu10000_100000": 8.356303930062703e-13, "Sqrt_TS10000_100000": 4.754739284515381, "Variability_Index": 37.9853401184082, "Signif_Peak": null, "Flux_Peak": null, "Unc_Flux_Peak": null, "Time_Peak": null, "Peak_Interval": null, "Flux_History": [0.0, 9.432405079223827e-09, 0.0, 1.2944186167374028e-08, 0.0, 1.7809470564955632e-09, 0.0, 2.668772314251555e-09, 3.753680477558419e-09, 2.699113599291536e-09, 1.5356964588875144e-09, 0.0, 0.0, 5.783948320292609e-10, 0.0, 1.076275957245798e-08, 0.0, 0.0, 0.0, 0.0, 7.038674976200809e-09, 0.0, 1.073962963005215e-08, 1.1191978899205424e-08, 0.0, 2.4033763867947755e-09, 0.0, 2.9789437583360723e-09, 0.0, 0.0, 8.378186144852862e-09, 1.3993539660361876e-08, 0.0, 4.446187418238878e-09, 6.76097133833764e-09, 8.288107089526875e-09, 8.107789106759355e-09, 1.667300786323267e-08, 2.637709606290173e-09, 7.611678398689037e-09, 4.893012661710827e-09, 4.129624642246199e-09, 7.974914062458538e-09, 0.0, 0.0, 0.0, 0.0, 1.0832116315029339e-09], "Unc_Flux_History": [[null, 8.779394988778222e-09], [-5.855585349934245e-09, 7.745943442216685e-09], [null, 6.554154996507577e-09], [-7.788216294102313e-09, 8.875722379286799e-09], [null, 8.534344786426118e-09], [null, 8.949658791834736e-09], [null, 8.088890446344976e-09], [null, 8.822333974478624e-09], [null, 6.899688820283245e-09], [null, 6.809874442126329e-09], [null, 6.9928849377731694e-09], [null, 7.190993134287282e-09], [null, 5.972152994360158e-09], [null, 6.9381207445928794e-09], [null, 6.698924526205019e-09], [-5.11854647555765e-09, 6.64332855393468e-09], [null, 7.876119312300034e-09], [null, 7.107819222085254e-09], [null, 8.200756518306207e-09], [null, 6.248039419176621e-09], [-5.951822590333222e-09, 7.248711408891495e-09], [null, 6.821930131906129e-09], [-6.4355778484070925e-09, 7.80454367799166e-09], [-7.106238708587398e-09, 9.060324934750952e-09], [null, 5.12485698322962e-09], [null, 7.66006369445904e-09], [null, 7.0678103369914425e-09], [null, 7.257479506250775e-09], [null, 5.247295487009751e-09], [null, 4.406247366972593e-09], [-5.747958553570243e-09, 8.163291376206416e-09], [-7.466534057698482e-09, 8.895897352090287e-09], [null, 6.599871760215592e-09], [-3.603588982770134e-09, 5.582858175756655e-09], [-4.606627967973509e-09, 6.352503856277281e-09], [-4.794097563376454e-09, 6.821909259713266e-09], [-4.756510296743954e-09, 6.497876015032489e-09], [-9.659800070949132e-09, 1.2326732523604278e-08], [-2.299411105965987e-09, 4.006687426283406e-09], [-7.17965598084902e-09, 9.160295633137139e-09], [-4.051909474611648e-09, 6.7335141906710305e-09], [null, 7.003051916143477e-09], [-6.759860671223805e-09, 9.263791511671116e-09], [null, 6.011869224664679e-09], [null, 6.9245169598275425e-09], [null, 8.936444473306437e-09], [null, 6.860842116651611e-09], [null, 9.719826721266145e-09]], "Extended_Source_Name": "                  ", "0FGL_Name": "                 ", "1FGL_Name": "                  ", "2FGL_Name": "                  ", "1FHL_Name": "                  ", "ASSOC_GAM1": "               ", "ASSOC_GAM2": "              ", "ASSOC_GAM3": "               ", "TEVCAT_FLAG": "N", "ASSOC_TEV": "                     ", "CLASS1": "bcu  ", "ASSOC1": "1RXS J065201.0-480858     ", "ASSOC2": "                          ", "Flags": 0, "catalog_row_index": 760}