{"Source_Name": "3FHL J0503.6+4518 ", "RAJ2000": 75.91868591308594, "DEJ2000": 45.31600570678711, "GLON": 161.79051208496094, "GLAT": 2.330019474029541, "Conf_95_SemiMajor": 0.0298768263310194, "Conf_95_SemiMinor": 0.0298768263310194, "Conf_95_PosAng": null, "ROI_num": 285, "Signif_Avg": 7.771583080291748, "Pivot_Energy": 22.61781120300293, "Flux_Density": 1.3405627519516572e-12, "Unc_Flux_Density": 3.429656461172853e-13, "Flux": 6.71831132392775e-11, "Unc_Flux": 1.7212942876598802e-11, "Energy_Flux": 3.5555005120646577e-12, "Unc_Energy_Flux": 1.4017888412543034e-12, "Signif_Curve": 2.584014654159546, "SpectrumType": "PowerLaw   ", "Spectral_Index": 1.5736676454544067, "Unc_Spectral_Index": 0.4451737701892853, "beta": 0.9973591566085815, "Unc_beta": 0.06260927021503448, "PowerLaw_Index": 2.2848987579345703, "Unc_PowerLaw_Index": 0.30094772577285767, "Flux_Band": [2.7589125428661987e-11, 3.8828090048736996e-11, 2.84047893713002e-12, 2.815349581238122e-17, 2.909380329986823e-19], "Unc_Flux_Band": [[-1.034087919460358e-11, 1.2779625448156029e-11], [-1.1395644844425235e-11, 1.3661311665247311e-11], [-2.1948608295435657e-12, 4.242465753701019e-12], [null, 4.759017832589585e-12], [null, 4.924383383703157e-12]], "nuFnu": [8.740428628258023e-13, 2.0333095016727976e-12, 3.3191524073487855e-13, 9.348759714307979e-18, 2.9747250134390977e-19], "Sqrt_TS_Band": [4.361910343170166, 7.501232147216797, 1.6897954940795898, 0.0, 0.0], "Npred": 23.044147491455078, "HEP_Energy": 51.933799743652344, "HEP_Prob": 0.9481616020202637, "Variability_BayesBlocks": 1, "Extended_Source_Name": "                  ", "ASSOC_GAM": "3FGL J0503.4+4522 ", "TEVCAT_FLAG": "N", "ASSOC_TEV": "                     ", "CLASS": "bcu    ", "ASSOC1": "1RXS J050339.8+451715     ", "ASSOC2": "                          ", "ASSOC_PROB_BAY": 0.0, "ASSOC_PROB_LR": 0.9213429093360901, "Redshift": null, "NuPeak_obs": 4415709027237888.0, "source_id": 318}