{"Source_Name": "3FGL J2009.2-1458 ", "RAJ2000": 302.3037109375, "DEJ2000": -14.97760009765625, "GLON": 27.70284652709961, "GLAT": -23.831687927246094, "Conf_68_SemiMajor": 0.327297180891037, "Conf_68_SemiMinor": 0.0959627628326416, "Conf_68_PosAng": 5.599999904632568, "Conf_95_SemiMajor": 0.5307000279426575, "Conf_95_SemiMinor": 0.15559999644756317, "Conf_95_PosAng": 5.599999904632568, "ROI_num": 361, "Signif_Avg": 5.567988872528076, "Pivot_Energy": 537.3146362304688, "Flux_Density": 3.515932553779799e-12, "Unc_Flux_Density": 5.992441243739266e-13, "Flux1000": 4.159319277885487e-10, "Unc_Flux1000": 9.444149629000975e-11, "Energy_Flux100": 7.364433715628671e-12, "Unc_Energy_Flux100": 1.268177511788704e-12, "Signif_Curve": 2.947672128677368, "SpectrumType": "PowerLaw        ", "Spectral_Index": 2.6399261951446533, "Unc_Spectral_Index": 0.12225185334682465, "beta": null, "Unc_beta": null, "Cutoff": null, "Unc_Cutoff": null, "Exp_Index": null, "Unc_Exp_Index": null, "PowerLaw_Index": 2.6399261951446533, "Flux30_100": null, "Unc_Flux30_100": null, "nuFnu30_100": null, "Sqrt_TS30_100": null, "Flux100_300": 1.8673866009066842e-08, "Unc_Flux100_300": [-4.447372248250758e-09, 4.443466039560917e-09], "nuFnu100_300": 4.219731335186605e-12, "Sqrt_TS100_300": 3.7285821437835693, "Flux300_1000": 3.6712779483139e-09, "Unc_Flux300_1000": [-7.188293293935999e-10, 7.398290868820823e-10], "nuFnu300_1000": 2.3427002525389096e-12, "Sqrt_TS300_1000": 5.429162979125977, "Flux1000_3000": 2.627673634236771e-10, "Unc_Flux1000_3000": [-1.2644912894543836e-10, 1.345963757115598e-10], "nuFnu1000_3000": 5.93775083355258e-13, "Sqrt_TS1000_3000": 2.1864969730377197, "Flux3000_10000": 2.949686328523882e-11, "Unc_Flux3000_10000": [-1.9971892195602692e-11, 2.8225852211072322e-11], "nuFnu3000_10000": 1.882241243292629e-13, "Sqrt_TS3000_10000": 1.7377445697784424, "Flux10000_100000": 6.323436240775193e-13, "Unc_Flux10000_100000": [null, 2.0135140083032965e-11], "nuFnu10000_100000": 8.89405685737402e-15, "Sqrt_TS10000_100000": 0.0, "Variability_Index": 34.86791229248047, "Signif_Peak": null, "Flux_Peak": null, "Unc_Flux_Peak": null, "Time_Peak": null, "Peak_Interval": null, "Flux_History": [1.3065254655941771e-08, 5.5419604905182496e-08, 7.140457558563185e-09, 1.4783825719177912e-08, 4.771500083933233e-09, 1.2522575865148156e-08, 0.0, 1.4327552477766403e-08, 0.0, 3.045169094662015e-08, 4.53785009568719e-09, 0.0, 5.2435353836699505e-08, 0.0, 1.4346185350788687e-09, 5.262893676416525e-09, 1.1252195619704253e-08, 4.701568556697566e-08, 3.000119619400721e-08, 1.6925271850709578e-08, 2.8292671316876294e-08, 4.485406179810525e-08, 8.352563973801352e-09, 2.425245071435711e-08, 6.890385861879622e-08, 3.726090724853748e-08, 1.0475763367878699e-08, 3.1351738982721145e-08, 1.0704453323739926e-08, 2.810051746848785e-08, 3.475693333143681e-08, 2.660518028108072e-08, 3.2283821838063886e-08, 2.624969930309362e-08, 0.0, 3.313743723865059e-09, 3.8197718765786703e-08, 1.424569529007158e-08, 0.0, 2.355322337166399e-08, 5.681342063468264e-09, 5.538982605912679e-08, 1.995945408950206e-09, 2.1112002812628816e-08, 1.1795622256727256e-08, 2.2059902349269578e-08, 1.0014750140285855e-09, 1.195548815502434e-08], "Unc_Flux_History": [[null, 1.9154406061261398e-08], [-2.188099657018938e-08, 2.2338852545544796e-08], [null, 1.7179027977931582e-08], [null, 1.865894283525904e-08], [null, 2.0431059510883642e-08], [null, 1.7645652050646277e-08], [null, 1.8774507282159902e-08], [null, 1.7878477365229628e-08], [null, 2.1073324418807715e-08], [-1.6200928598664177e-08, 1.6850366435505748e-08], [null, 1.7510547678512012e-08], [null, 1.7789217210406605e-08], [-2.184732394994171e-08, 2.3060559684040527e-08], [null, 2.282627065142151e-08], [null, 1.8511309818336485e-08], [null, 2.5224156985359514e-08], [null, 1.9442591536744658e-08], [-2.986600478038781e-08, 3.267412296281691e-08], [-1.925965875670954e-08, 2.177070435038786e-08], [null, 2.0392423749626687e-08], [-2.4294442013683692e-08, 2.5388738222886786e-08], [-1.9052073696457228e-08, 1.9899578873605606e-08], [null, 3.0469848866232496e-08], [-1.904433943877848e-08, 2.116785147165956e-08], [-2.4547073707026357e-08, 2.747355587473521e-08], [-2.00637959579808e-08, 2.227385920150482e-08], [null, 1.902117929830638e-08], [-2.1812946116028797e-08, 2.3753361944045537e-08], [null, 1.7926133466517058e-08], [-2.3453218034319434e-08, 2.600683401965398e-08], [-1.843251062894069e-08, 1.9899143666179953e-08], [-2.5834292927129354e-08, 2.613694149999901e-08], [-2.0353507323989106e-08, 2.24903065060289e-08], [-2.0467179950856007e-08, 2.2784753639371047e-08], [null, 2.0678246670513545e-08], [null, 1.8952951208461855e-08], [-2.3576578911388424e-08, 2.6565675881329298e-08], [null, 2.05005470377273e-08], [null, 2.0949631363009757e-08], [-1.903812041348374e-08, 2.088802197874884e-08], [null, 1.9407677243066246e-08], [-2.3728670583977873e-08, 2.740937787848452e-08], [null, 1.9754130775595513e-08], [null, 2.4019730204827283e-08], [null, 1.6124934276717795e-08], [-2.0236514686189366e-08, 2.2389926357391232e-08], [null, 2.074214577874045e-08], [null, 2.241259089430514e-08]], "Extended_Source_Name": "                  ", "0FGL_Name": "                 ", "1FGL_Name": "                  ", "2FGL_Name": "2FGL J2009.2-1505 ", "1FHL_Name": "                  ", "ASSOC_GAM1": "               ", "ASSOC_GAM2": "              ", "ASSOC_GAM3": "               ", "TEVCAT_FLAG": "N", "ASSOC_TEV": "                     ", "CLASS1": "     ", "ASSOC1": "                          ", "ASSOC2": "                          ", "Flags": 256, "source_id": 2590}