{"Source_Name": "3FGL J1056.7-5853 ", "RAJ2000": 164.17860412597656, "DEJ2000": -58.895999908447266, "GLON": 288.5761413574219, "GLAT": 0.740548849105835, "Conf_68_SemiMajor": 0.053223565220832825, "Conf_68_SemiMinor": 0.04742632806301117, "Conf_68_PosAng": 34.900001525878906, "Conf_95_SemiMajor": 0.08630000054836273, "Conf_95_SemiMinor": 0.07689999788999557, "Conf_95_PosAng": 34.900001525878906, "ROI_num": 44, "Signif_Avg": 16.110702514648438, "Pivot_Energy": 1000.8556518554688, "Flux_Density": 6.974281829136286e-12, "Unc_Flux_Density": 5.330245793355726e-13, "Flux1000": 3.5338210135904546e-09, "Unc_Flux1000": 2.969173518163615e-10, "Energy_Flux100": 3.09536146714251e-11, "Unc_Energy_Flux100": 2.5637430546565643e-12, "Signif_Curve": 9.212404251098633, "SpectrumType": "LogParabola     ", "Spectral_Index": 2.5418245792388916, "Unc_Spectral_Index": 0.09816315770149231, "beta": 0.508211076259613, "Unc_beta": 0.07894094288349152, "Cutoff": null, "Unc_Cutoff": null, "Exp_Index": null, "Unc_Exp_Index": null, "PowerLaw_Index": 2.404229164123535, "Flux30_100": null, "Unc_Flux30_100": null, "nuFnu30_100": null, "Sqrt_TS30_100": null, "Flux100_300": 2.24305374274536e-08, "Unc_Flux100_300": [-8.866053669009943e-09, 9.372764786519383e-09], "nuFnu100_300": 6.096660502830087e-12, "Sqrt_TS100_300": 2.4778659343719482, "Flux300_1000": 1.5006271780748648e-08, "Unc_Flux300_1000": [-1.6768647581599794e-09, 1.7020691522873221e-09], "nuFnu300_1000": 1.038953385129604e-11, "Sqrt_TS300_1000": 9.445175170898438, "Flux1000_3000": 2.84578716147621e-09, "Unc_Flux1000_3000": [-3.4384170510826095e-10, 3.5365077533100475e-10], "nuFnu1000_3000": 6.170689393486528e-12, "Sqrt_TS1000_3000": 9.317591667175293, "Flux3000_10000": 1.9493011371718438e-10, "Unc_Flux3000_10000": [-6.594307044860415e-11, 7.317206562884593e-11], "nuFnu3000_10000": 1.0688372929779089e-12, "Sqrt_TS3000_10000": 3.436235189437866, "Flux10000_100000": 4.409772531534977e-15, "Unc_Flux10000_100000": [null, 1.5754954632574147e-11], "nuFnu10000_100000": 4.0857683075827894e-17, "Sqrt_TS10000_100000": 0.0, "Variability_Index": 35.710243225097656, "Signif_Peak": null, "Flux_Peak": null, "Unc_Flux_Peak": null, "Time_Peak": null, "Peak_Interval": null, "Flux_History": [2.0362536545803778e-08, 5.219343890416894e-08, 3.5863585878814774e-08, 2.1412581929780572e-08, 6.032011157230954e-08, 3.2407921679578067e-08, 5.096188004927171e-08, 4.317580604151772e-08, 3.809423887446428e-08, 4.096215278082127e-08, 4.552327581563986e-08, 1.246187508741059e-08, 6.563094956391069e-08, 5.062753061224612e-08, 5.1435289805112916e-08, 9.25690546438318e-09, 5.240705647224786e-08, 3.904866119341932e-08, 2.7476232844492188e-08, 5.115922618870172e-08, 4.554365773401514e-08, 3.568831274947115e-08, 6.387396922491462e-08, 4.3775848723726085e-08, 2.638402030186171e-08, 5.2555929386244316e-08, 2.555850109331459e-08, 4.6841019951671115e-08, 5.665352276196245e-08, 7.287569303571217e-08, 7.78538122858663e-08, 4.490389926559146e-08, 3.7454853440976876e-08, 4.130116693090713e-08, 5.8218063259118935e-08, 2.1694570584429584e-09, 3.664745307219164e-08, 4.145488574636147e-08, 4.8146592490638795e-08, 6.438082067461437e-08, 3.981116591944556e-08, 4.234936668012779e-08, 1.2624633782820638e-08, 2.0795745570012514e-08, 5.7906213157821185e-08, 1.246377046015823e-08, 5.7582894896768266e-08, 4.0003008905387105e-08], "Unc_Flux_History": [[-2.013138811207682e-08, 2.2997069137886683e-08], [-2.122818543170979e-08, 2.2811647681919567e-08], [-1.9886316593442643e-08, 2.1966787500105056e-08], [-1.8594452200204614e-08, 2.0510407594542812e-08], [-2.2365147955838438e-08, 2.4104767959443052e-08], [-2.0769109099205707e-08, 2.270118848457514e-08], [-2.216998495896405e-08, 2.356020978311335e-08], [-2.4533955311767386e-08, 2.6805684782971184e-08], [-2.0564479896734156e-08, 2.2250947750990235e-08], [-1.9809117901559148e-08, 2.168033930161073e-08], [-2.2488693574018725e-08, 2.3905071699914515e-08], [null, 1.7510359384687035e-08], [-2.2732953297577296e-08, 2.4301845868990313e-08], [-1.662881210506839e-08, 1.8134972634697988e-08], [-2.1252256843240502e-08, 2.2511674302450047e-08], [null, 1.624765921803828e-08], [-2.105548091435594e-08, 2.2898012375094368e-08], [-1.9509268867068386e-08, 2.0610027462453218e-08], [-1.8114512556621776e-08, 1.923484305166312e-08], [-2.112694907907553e-08, 2.1748110867747528e-08], [-1.795071469246068e-08, 1.907798541367356e-08], [-1.954310491214528e-08, 2.1509105607719903e-08], [-1.8923660860536984e-08, 1.9854917709949405e-08], [-1.990187215028527e-08, 2.1591398891018798e-08], [-1.6770433930446416e-08, 1.7913221128651458e-08], [-2.0854912463619257e-08, 2.2221481543738264e-08], [-1.671820548665437e-08, 1.89152622454003e-08], [-1.6172617023357816e-08, 1.739587141003085e-08], [-2.0222516994294892e-08, 2.1655120363561764e-08], [-1.7055450385328186e-08, 1.8176379512624408e-08], [-2.1492716939519596e-08, 2.2691455825452067e-08], [-1.9476535939588757e-08, 2.0680527512695335e-08], [-2.009143251768819e-08, 2.165625723193898e-08], [-1.891910628160076e-08, 2.0792420230009157e-08], [-1.7710194200049045e-08, 1.8604350060513752e-08], [null, 2.095172746408025e-08], [-1.614760236634538e-08, 1.771583413301414e-08], [-2.2658266374264713e-08, 2.3852498642895625e-08], [-1.9295804065677657e-08, 2.037046620273486e-08], [-1.9136402684694076e-08, 2.0302652004033916e-08], [-1.6985502782063122e-08, 1.8470473150955513e-08], [-1.614636246927148e-08, 1.7370712868114424e-08], [null, 2.030793844198797e-08], [-1.786872694253816e-08, 1.9404154727453715e-08], [-2.0858951899072053e-08, 2.2457514958773572e-08], [null, 1.641858737855273e-08], [-1.722414211258183e-08, 1.8758825603981677e-08], [-2.0371823339360162e-08, 2.2305011171397382e-08]], "Extended_Source_Name": "                  ", "0FGL_Name": "                 ", "1FGL_Name": "                  ", "2FGL_Name": "2FGL J1056.0-5853 ", "1FHL_Name": "                  ", "ASSOC_GAM1": "               ", "ASSOC_GAM2": "              ", "ASSOC_GAM3": "               ", "TEVCAT_FLAG": "N", "ASSOC_TEV": "                     ", "CLASS1": "     ", "ASSOC1": "                          ", "ASSOC2": "                          ", "Flags": 0, "source_id": 1271}