{"Source_Name": "3FGL J0746.9+8511 ", "RAJ2000": 116.72509765625, "DEJ2000": 85.1978988647461, "GLON": 128.22264099121094, "GLAT": 28.17973518371582, "Conf_68_SemiMajor": 0.033241599798202515, "Conf_68_SemiMinor": 0.026580946519970894, "Conf_68_PosAng": 60.84000015258789, "Conf_95_SemiMajor": 0.05389999970793724, "Conf_95_SemiMinor": 0.04309999942779541, "Conf_95_PosAng": 60.84000015258789, "ROI_num": 648, "Signif_Avg": 9.661833763122559, "Pivot_Energy": 4648.86376953125, "Flux_Density": 1.9616295417993097e-14, "Unc_Flux_Density": 3.286484658973133e-15, "Flux1000": 3.780570856370957e-10, "Unc_Flux1000": 6.601912766468487e-11, "Energy_Flux100": 4.721736023005629e-12, "Unc_Energy_Flux100": 8.314307358911477e-13, "Signif_Curve": 0.08869899064302444, "SpectrumType": "PowerLaw        ", "Spectral_Index": 1.78733491897583, "Unc_Spectral_Index": 0.1256537288427353, "beta": null, "Unc_beta": null, "Cutoff": null, "Unc_Cutoff": null, "Exp_Index": null, "Unc_Exp_Index": null, "PowerLaw_Index": 1.78733491897583, "Flux30_100": null, "Unc_Flux30_100": null, "nuFnu30_100": null, "Sqrt_TS30_100": null, "Flux100_300": 5.616290099652588e-09, "Unc_Flux100_300": [-1.9663781714029938e-09, 1.9977002274629285e-09], "nuFnu100_300": 1.3783438366360423e-12, "Sqrt_TS100_300": 2.8971312046051025, "Flux300_1000": 6.242211192386549e-10, "Unc_Flux300_1000": [-3.1221553120630574e-10, 3.2491595525208083e-10], "nuFnu300_1000": 4.395288386721541e-13, "Sqrt_TS300_1000": 2.044586181640625, "Flux1000_3000": 2.061713022527556e-10, "Unc_Flux1000_3000": [-6.424880766298102e-11, 7.082183450801693e-11], "nuFnu1000_3000": 5.059833845313944e-13, "Sqrt_TS1000_3000": 3.7667031288146973, "Flux3000_10000": 9.989671589938354e-11, "Unc_Flux3000_10000": [-2.8072636229503622e-11, 3.2584032694238374e-11], "nuFnu3000_10000": 7.033964339805965e-13, "Sqrt_TS3000_10000": 5.214194297790527, "Flux10000_100000": 6.2196157946115e-11, "Unc_Flux10000_100000": [-1.7530933302256635e-11, 2.1125682800327006e-11], "nuFnu10000_100000": 1.2094973460274883e-12, "Sqrt_TS10000_100000": 7.647812843322754, "Variability_Index": 37.230491638183594, "Signif_Peak": null, "Flux_Peak": null, "Unc_Flux_Peak": null, "Time_Peak": null, "Peak_Interval": null, "Flux_History": [0.0, 0.0, 2.9504674259328567e-09, 5.112402501339375e-09, 3.109292379122053e-09, 2.1431343366629108e-09, 8.041425303417782e-09, 0.0, 4.464572711526671e-09, 3.1077032058846044e-09, 0.0, 2.544268795645621e-09, 0.0, 2.0801604883047276e-09, 0.0, 2.9736328954754754e-09, 1.3063818915526326e-09, 0.0, 6.123426210535854e-09, 0.0, 3.4337115373261895e-09, 5.106488565331802e-10, 0.0, 2.5668334124873127e-09, 3.319803765222673e-09, 3.1411069301157113e-09, 2.2975095159694092e-09, 4.414691723297892e-09, 6.657950191168993e-09, 5.133525160516683e-09, 8.00115085297648e-09, 0.0, 0.0, 1.1476952721523048e-09, 2.38196351531883e-09, 6.56057519421438e-09, 1.0758417490208672e-09, 4.629841399150791e-09, 0.0, 3.731646991411708e-09, 2.7395004043029303e-09, 3.523853209230765e-09, 1.5439788336735205e-09, 6.449041300982117e-10, 2.0245369825033777e-09, 1.2401565330222297e-09, 0.0, 2.602948967478369e-09], "Unc_Flux_History": [[null, 3.5905933781776866e-09], [null, 2.332628090684352e-09], [-2.4866126935307875e-09, 4.048952284563256e-09], [-3.2827085494346875e-09, 4.888671689684543e-09], [-2.3352386691044558e-09, 3.614000210205859e-09], [null, 4.463354130734842e-09], [-3.646108748256438e-09, 4.612799031633585e-09], [null, 5.957119686428314e-09], [-3.5378464602331405e-09, 4.713395895805661e-09], [-2.543587562797711e-09, 3.678395810169377e-09], [null, 5.305803796318287e-09], [-1.894224777032605e-09, 3.033317375056299e-09], [null, 2.773609342199279e-09], [null, 3.8090646192756594e-09], [null, 4.452802571108805e-09], [-2.4484132499225097e-09, 3.267154102815084e-09], [-9.273579126833909e-10, 1.753171718910096e-09], [null, 4.211349491356486e-09], [-2.970846679772876e-09, 3.797521852533237e-09], [null, 3.080577126723938e-09], [-2.2481385641981433e-09, 3.4508160773327745e-09], [null, 3.350281163605473e-09], [null, 3.0864282241083174e-09], [-1.99196459327311e-09, 3.210308463508227e-09], [-2.795817799494671e-09, 3.6747309639650894e-09], [null, 4.347170623475449e-09], [-1.8804739987388075e-09, 2.7944744296348745e-09], [-3.2689211337810775e-09, 4.384091756293174e-09], [-3.292700112567104e-09, 4.135263687032875e-09], [-2.951648037097243e-09, 3.937798531694625e-09], [-3.5010334631380147e-09, 4.349455462460128e-09], [null, 2.959263500912357e-09], [null, 3.746654986258591e-09], [null, 4.1271115414076576e-09], [-1.6307010186622506e-09, 2.8031084120527794e-09], [-3.5766813955007137e-09, 4.539046472018526e-09], [null, 4.110042084448651e-09], [-3.0041187315532625e-09, 4.521486740571845e-09], [null, 2.224539219497501e-09], [-1.9491166458607267e-09, 2.7367010879686404e-09], [-1.832259677314596e-09, 3.012007976366249e-09], [-3.1338742711994882e-09, 4.104351969402842e-09], [-1.3267411613782087e-09, 2.366772111628279e-09], [null, 2.936759724292415e-09], [null, 3.789587754710055e-09], [null, 3.3026148482662165e-09], [null, 3.3788316589067335e-09], [-1.7176484679026771e-09, 2.750214722624378e-09]], "Extended_Source_Name": "                  ", "0FGL_Name": "                 ", "1FGL_Name": "                  ", "2FGL_Name": "2FGL J0745.9+8512 ", "1FHL_Name": "1FHL J0745.2+8511 ", "ASSOC_GAM1": "               ", "ASSOC_GAM2": "              ", "ASSOC_GAM3": "               ", "TEVCAT_FLAG": "N", "ASSOC_TEV": "                     ", "CLASS1": "bcu  ", "ASSOC1": "NVSS J074715+851208       ", "ASSOC2": "                          ", "Flags": 0, "catalog_row_index": 858}