{"Source_Name": "3FHL J1800.5-2343e", "RAJ2000": 270.1440124511719, "DEJ2000": -23.7189998626709, "GLON": 6.195218563079834, "GLAT": -0.23333428800106049, "Conf_95_SemiMajor": null, "Conf_95_SemiMinor": null, "Conf_95_PosAng": null, "ROI_num": 37, "Signif_Avg": 21.779172897338867, "Pivot_Energy": 23.149250030517578, "Flux_Density": 4.337328066150725e-11, "Unc_Flux_Density": 2.410803761482283e-12, "Flux": 2.304832102950627e-09, "Unc_Flux": 1.2918276171003384e-10, "Energy_Flux": 1.1464373894654045e-10, "Unc_Energy_Flux": 9.449642457415308e-12, "Signif_Curve": 1.3019704818725586, "SpectrumType": "PowerLaw   ", "Spectral_Index": 2.247263193130493, "Unc_Spectral_Index": 0.10464226454496384, "beta": 0.10349570214748383, "Unc_beta": 0.08064224570989609, "PowerLaw_Index": 2.346003293991089, "Unc_PowerLaw_Index": 0.06947462260723114, "Flux_Band": [1.3887796468381453e-09, 6.65000832178464e-10, 1.8283898006732358e-10, 4.918941989839887e-11, 8.822996153123874e-12], "Unc_Flux_Band": [[-1.0544066314510658e-10, 1.0544066314510658e-10], [-6.409217601088812e-11, 6.409217601088812e-11], [-3.200323339669353e-11, 3.5541937448702043e-11], [-1.4507057881363306e-11, 1.6692225726644416e-11], [-7.004726226139679e-12, 9.386314642201299e-12]], "nuFnu": [4.389187624465052e-11, 3.467998804795869e-11, 2.123975821610724e-11, 1.6220011445078342e-11, 8.939116807882286e-12], "Sqrt_TS_Band": [16.03959083557129, 13.162837982177734, 6.852242469787598, 4.203333854675293, 1.341690182685852], "Npred": 724.125244140625, "HEP_Energy": 355.1470031738281, "HEP_Prob": 0.6262192726135254, "Variability_BayesBlocks": 1, "Extended_Source_Name": "FGES J1800.5-2343 ", "ASSOC_GAM": "3FGL J1801.3-2326e", "TEVCAT_FLAG": "E", "ASSOC_TEV": "W 28                 ", "CLASS": "SNR    ", "ASSOC1": "W 28                      ", "ASSOC2": "                          ", "ASSOC_PROB_BAY": null, "ASSOC_PROB_LR": null, "Redshift": null, "NuPeak_obs": null, "catalog_row_index": 1190}