{"Source_Name": "3FGL J1908.8-0130 ", "RAJ2000": 287.20208740234375, "DEJ2000": -1.5166000127792358, "GLON": 33.56235122680664, "GLAT": -4.556341171264648, "Conf_68_SemiMajor": 0.05162007361650467, "Conf_68_SemiMinor": 0.03984058275818825, "Conf_68_PosAng": -7.03000020980835, "Conf_95_SemiMajor": 0.08370000123977661, "Conf_95_SemiMinor": 0.06459999829530716, "Conf_95_PosAng": -7.03000020980835, "ROI_num": 110, "Signif_Avg": 9.02629566192627, "Pivot_Energy": 2248.695068359375, "Flux_Density": 4.933416956204306e-13, "Unc_Flux_Density": 6.42151737058165e-14, "Flux1000": 1.7246043482188611e-09, "Unc_Flux1000": 2.3358540102158543e-10, "Energy_Flux100": 7.1227286221886565e-12, "Unc_Energy_Flux100": 9.362515103472635e-13, "Signif_Curve": 4.741713047027588, "SpectrumType": "LogParabola     ", "Spectral_Index": 2.148038864135742, "Unc_Spectral_Index": 0.24747316539287567, "beta": 0.9998892545700073, "Unc_beta": null, "Cutoff": null, "Unc_Cutoff": null, "Exp_Index": null, "Unc_Exp_Index": null, "PowerLaw_Index": 2.273033618927002, "Flux30_100": null, "Unc_Flux30_100": null, "nuFnu30_100": null, "Sqrt_TS30_100": null, "Flux100_300": 8.61768434390342e-09, "Unc_Flux100_300": [-4.263086772482438e-09, 4.371482731357901e-09], "nuFnu100_300": 2.513344567189879e-12, "Sqrt_TS100_300": 2.0330281257629395, "Flux300_1000": 7.552020120371594e-11, "Unc_Flux300_1000": [null, 6.191628321161602e-10], "nuFnu300_1000": 6.531883053103454e-14, "Sqrt_TS300_1000": 0.0, "Flux1000_3000": 1.580635733411384e-09, "Unc_Flux1000_3000": [-2.2644941477523162e-10, 2.361750239820992e-10], "nuFnu1000_3000": 3.942161267561639e-12, "Sqrt_TS1000_3000": 8.473716735839844, "Flux3000_10000": 2.59852889206158e-10, "Unc_Flux3000_10000": [-6.716282391350248e-11, 7.498705822950313e-11], "nuFnu3000_10000": 1.4636415994126462e-12, "Sqrt_TS3000_10000": 4.941162586212158, "Flux10000_100000": 1.0128235056194868e-11, "Unc_Flux10000_100000": [-9.678465494322719e-12, 1.555679196574289e-11], "nuFnu10000_100000": 9.384072024217621e-14, "Sqrt_TS10000_100000": 1.0641074180603027, "Variability_Index": 41.463417053222656, "Signif_Peak": null, "Flux_Peak": null, "Unc_Flux_Peak": null, "Time_Peak": null, "Peak_Interval": null, "Flux_History": [0.0, 6.4677507793931e-09, 2.5306223783161386e-09, 5.770190103504547e-09, 3.3071021476871465e-09, 2.983869595851729e-09, 3.1855218463050505e-09, 3.5765757022687694e-09, 6.287514953129403e-10, 1.4367377287882732e-09, 4.812420684174867e-09, 4.00682553802767e-09, 4.445432910671343e-09, 3.1473523787184376e-09, 7.742659846599054e-10, 1.535515603556803e-09, 4.366023098612004e-09, 0.0, 7.175375404955275e-09, 6.573430688661119e-10, 1.096749469020608e-09, 0.0, 2.484573879968366e-09, 2.0701409475520904e-09, 4.933502495418907e-09, 6.3729381771793214e-09, 8.505851134543718e-09, 2.380909469579251e-09, 0.0, 3.889738309226232e-09, 3.2535436567115994e-09, 6.118111794961578e-09, 3.849216057005833e-09, 4.419499433083729e-09, 3.5378906471095206e-09, 1.8113878175185505e-09, 0.0, 5.279742421038236e-09, 6.1825278230287495e-09, 1.4029361006251406e-09, 1.912062952413862e-09, 5.708077566168868e-09, 5.16415887830135e-09, 0.0, 0.0, 0.0, 5.820776749487777e-09, 4.084753868482949e-09], "Unc_Flux_History": [[null, 2.5466493358550224e-09], [-2.976358715045535e-09, 3.4158273987117127e-09], [-1.8728594231021134e-09, 2.3058082110338773e-09], [-2.3246782276942213e-09, 2.734741322285572e-09], [-2.0670865019667417e-09, 2.594943593337007e-09], [-2.163030643487218e-09, 2.705688784132576e-09], [-2.540489818514402e-09, 3.0467268707923267e-09], [-1.7822038289594389e-09, 2.338327753648173e-09], [null, 2.035011936740716e-09], [null, 2.348243377525705e-09], [-2.178077496139963e-09, 2.6841302513958e-09], [-2.683134603387316e-09, 2.9246258748116816e-09], [-2.1543551387281923e-09, 2.6617987813892796e-09], [-2.2309749603266482e-09, 2.953636224489742e-09], [null, 2.6280186915528247e-09], [null, 2.7448903150428805e-09], [-2.4897530703782422e-09, 3.074996701712962e-09], [null, 3.4349798561095213e-09], [-3.0238658244030603e-09, 3.5707028445131073e-09], [null, 3.3808760235842783e-09], [null, 3.937452142110942e-09], [null, 2.432454460077338e-09], [-1.8784918065506417e-09, 2.803657306316154e-09], [-2.067941817784913e-09, 2.658586462089829e-09], [-2.7270334879148095e-09, 3.37395511529337e-09], [-2.961211942320574e-09, 3.5601552816899584e-09], [-3.0173250564757836e-09, 3.5315317337136776e-09], [-2.0827903846054596e-09, 2.8114450767446897e-09], [null, 2.533849130514909e-09], [-2.920258479477411e-09, 3.793759528747387e-09], [-2.097009232926439e-09, 2.7451807493861224e-09], [-2.942667665095655e-09, 3.5226528360965403e-09], [-2.2052915049641797e-09, 2.877308835635972e-09], [-2.4045083701906833e-09, 3.0138631590403975e-09], [-2.233579543542419e-09, 2.9888174157832736e-09], [-1.5639427530800276e-09, 2.286465905498858e-09], [null, 2.9918185706634404e-09], [-2.3753625733036188e-09, 2.9752884600497964e-09], [-3.4982443608555513e-09, 4.169747658266942e-09], [null, 2.609725102686866e-09], [null, 3.129926318123921e-09], [-2.9299269677096618e-09, 3.6169445216671647e-09], [-2.7687592218939017e-09, 3.357359945610483e-09], [null, 3.263202819070443e-09], [null, 2.7463127327820303e-09], [null, 2.4093154138427053e-09], [-3.1657423349429337e-09, 3.7241629780027097e-09], [-2.395943665689515e-09, 3.106662260776716e-09]], "Extended_Source_Name": "                  ", "0FGL_Name": "                 ", "1FGL_Name": "1FGL J1908.5-0138 ", "2FGL_Name": "2FGL J1908.8-0132 ", "1FHL_Name": "                  ", "ASSOC_GAM1": "               ", "ASSOC_GAM2": "              ", "ASSOC_GAM3": "               ", "TEVCAT_FLAG": "N", "ASSOC_TEV": "                     ", "CLASS1": "bcu  ", "ASSOC1": "NVSS J190836-012642       ", "ASSOC2": "                          ", "Flags": 2048, "catalog_row_index": 2469}