{"Source_Name": "3FHL J1041.9-0558 ", "RAJ2000": 160.4950408935547, "DEJ2000": -5.971201419830322, "GLON": 254.7095947265625, "GLAT": 44.444942474365234, "Conf_95_SemiMajor": 0.1381235271692276, "Conf_95_SemiMinor": 0.1381235271692276, "Conf_95_PosAng": null, "ROI_num": 375, "Signif_Avg": 4.622979640960693, "Pivot_Energy": 40.354000091552734, "Flux_Density": 1.7796682638855643e-13, "Unc_Flux_Density": 7.654444976077854e-14, "Flux": 2.5972857545242256e-11, "Unc_Flux": 1.1201805975857848e-11, "Energy_Flux": 3.304352234542729e-12, "Unc_Energy_Flux": 2.2857640259721368e-12, "Signif_Curve": 0.6103522777557373, "SpectrumType": "PowerLaw   ", "Spectral_Index": 1.4146522283554077, "Unc_Spectral_Index": 0.5476618409156799, "beta": 0.17754806578159332, "Unc_beta": 0.30986130237579346, "PowerLaw_Index": 1.6422330141067505, "Unc_PowerLaw_Index": 0.35811883211135864, "Flux_Band": [1.2445989551468362e-11, 3.9057862846747504e-12, 9.369283127114159e-12, 1.193587763348436e-12, 8.476212633091073e-21], "Unc_Flux_Band": [[-6.623525079102466e-12, 9.553080548840853e-12], [-2.844548381564227e-12, 5.5034149980259794e-12], [-5.033457591702151e-12, 7.936607968050957e-12], [null, 7.536504406657762e-12], [null, 6.569753421836744e-12]], "nuFnu": [4.0449498676757567e-13, 2.1381158020299107e-13, 1.1664721922752253e-12, 4.2757849127647574e-13, 9.576320034727552e-21], "Sqrt_TS_Band": [2.8876774311065674, 2.1025898456573486, 4.425845146179199, 0.30131158232688904, 0.0], "Npred": 6.956067085266113, "HEP_Energy": 149.55599975585938, "HEP_Prob": 0.9826933145523071, "Variability_BayesBlocks": 1, "Extended_Source_Name": "                  ", "ASSOC_GAM": "3FGL J1042.0-0557 ", "TEVCAT_FLAG": "N", "ASSOC_TEV": "                     ", "CLASS": "bcu    ", "ASSOC1": "PMN J1042-0558            ", "ASSOC2": "                          ", "ASSOC_PROB_BAY": 0.9990891218185425, "ASSOC_PROB_LR": 0.0, "Redshift": null, "NuPeak_obs": 999999986991104.0, "source_id": 660}