{"source_id": 112, "common_name": "W28", "gamma_names": "HESS J1801-233", "fermi_names": "", "other_names": "W 28,SNR G6.4-0.1,SNR G006.4-00.1,GRO J1801-2320", "where": "gal", "classes": "snr,mc", "discoverer": "hess", "seen_by": "hess", "discovery_date": "2008-04", "tevcat_id": 162, "tevcat2_id": "jcVLu0", "tevcat_name": "TeV J1801-233", "tgevcat_id": 112, "tgevcat_name": "TeV J1801-2320", "reference_id": "2008A&A...481..401A", "significance": 7.900000095367432, "livetime": 42.0, "ra": 270.3445739746094, "dec": -23.288890838623047, "glon": 6.659957408905029, "glat": -0.1798943430185318, "pos_ra": 270.4259948730469, "pos_dec": -23.334999084472656, "pos_glon": 6.656888961791992, "pos_glat": -0.267688125371933, "pos_err": 0.03149603307247162, "morph_type": "gauss", "morph_sigma": 0.17000000178813934, "morph_sigma_err": 0.029999999329447746, "morph_sigma2": null, "morph_sigma2_err": null, "morph_pa": null, "morph_pa_err": null, "morph_pa_frame": "", "spec_type": "pl", "spec_pl_norm": 7.499999970031479e-13, "spec_pl_norm_err": 1.1100000177908034e-13, "spec_pl_norm_err_sys": 2.99999994735501e-14, "spec_pl_index": 2.6600000858306885, "spec_pl_index_err": 0.27000001072883606, "spec_pl_index_err_sys": 0.20000000298023224, "spec_pl_e_ref": 1.0, "spec_pl2_flux": null, "spec_pl2_flux_err": null, "spec_pl2_flux_err_sys": null, "spec_pl2_index": null, "spec_pl2_index_err": null, "spec_pl2_index_err_sys": null, "spec_pl2_e_min": null, "spec_pl2_e_max": null, "spec_ecpl_norm": null, "spec_ecpl_norm_err": null, "spec_ecpl_norm_err_sys": null, "spec_ecpl_index": null, "spec_ecpl_index_err": null, "spec_ecpl_index_err_sys": null, "spec_ecpl_e_cut": null, "spec_ecpl_e_cut_err": null, "spec_ecpl_e_cut_err_sys": null, "spec_ecpl_e_ref": null, "spec_erange_min": 0.30000001192092896, "spec_erange_max": 5.0, "spec_theta": 0.20000000298023224, "spec_dnde_1TeV": 7.499999970031479e-13, "spec_dnde_1TeV_err": 1.1100000177908034e-13, "spec_flux_1TeV": 4.5180723854017224e-13, "spec_flux_1TeV_err": 9.935570432790392e-14, "spec_flux_1TeV_crab": 2.1779685020446777, "spec_flux_1TeV_crab_err": 0.4789511561393738, "spec_eflux_1TeV_10TeV": 1.4223392429124626e-12, "spec_eflux_1TeV_10TeV_err": 3.950001675571968e-13, "sed_reference_id": "2008A&A...481..401A", "sed_n_points": 7, "sed_n_ul": 2, "sed_e_ref": [0.4099999964237213, 0.550000011920929, 0.7300000190734863, 0.9700000286102295, 1.2999999523162842, 1.7300000190734863, 2.309999942779541, 3.0799999237060547, 4.110000133514404, null, null, null, null, null, null, null, null, null, null, null, null, null, null, null, null, null, null, null, null, null, null, null, null, null, null, null, null, null, null, null], "sed_e_min": [null, null, null, null, null, null, null, null, null, null, null, null, null, null, null, null, null, null, null, null, null, null, null, null, null, null, null, null, null, null, null, null, null, null, null, null, null, null, null, null], "sed_e_max": [null, null, null, null, null, null, null, null, null, null, null, null, null, null, null, null, null, null, null, null, null, null, null, null, null, null, null, null, null, null, null, null, null, null, null, null, null, null, null, null], "sed_dnde": [7.422999714901124e-12, 5.740000055126648e-12, 1.1809999592854448e-12, 6.50999978750455e-13, 3.1100000504567793e-13, 2.1300000066677705e-13, null, null, 2.700000020382145e-14, null, null, null, null, null, null, null, null, null, null, null, null, null, null, null, null, null, null, null, null, null, null, null, null, null, null, null, null, null, null, null], "sed_dnde_err": [2.0569999696629093e-12, 1.0960000268456227e-12, 4.810000054505936e-13, 2.649999902674949e-13, 1.4100000464076223e-13, 7.99999985961336e-14, null, null, 1.4000000262543149e-14, null, null, null, null, null, null, null, null, null, null, null, null, null, null, null, null, null, null, null, null, null, null, null, null, null, null, null, null, null, null, null], "sed_dnde_errp": [null, null, null, null, null, null, null, null, null, null, null, null, null, null, null, null, null, null, null, null, null, null, null, null, null, null, null, null, null, null, null, null, null, null, null, null, null, null, null, null], "sed_dnde_errn": [null, null, null, null, null, null, null, null, null, null, null, null, null, null, null, null, null, null, null, null, null, null, null, null, null, null, null, null, null, null, null, null, null, null, null, null, null, null, null, null], "sed_dnde_ul": [null, null, null, null, null, null, 3.099999911718859e-13, 1.8800000618768298e-13, null, null, null, null, null, null, null, null, null, null, null, null, null, null, null, null, null, null, null, null, null, null, null, null, null, null, null, null, null, null, null, null], "catalog_row_index": 115}