{"Source_Name": "3FGL J1511.8-0513 ", "RAJ2000": 227.96029663085938, "DEJ2000": -5.219099998474121, "GLON": 354.6181945800781, "GLAT": 43.12844467163086, "Conf_68_SemiMajor": 0.030589673668146133, "Conf_68_SemiMinor": 0.02497745491564274, "Conf_68_PosAng": -82.44999694824219, "Conf_95_SemiMajor": 0.04960000142455101, "Conf_95_SemiMinor": 0.04050000011920929, "Conf_95_PosAng": -82.44999694824219, "ROI_num": 660, "Signif_Avg": 10.589802742004395, "Pivot_Energy": 3617.74462890625, "Flux_Density": 7.241019714171112e-14, "Unc_Flux_Density": 1.051466720766378e-14, "Flux1000": 9.495288999517015e-10, "Unc_Flux1000": 1.4304624151861844e-10, "Energy_Flux100": 1.0560120486391433e-11, "Unc_Energy_Flux100": 1.5664332895029554e-12, "Signif_Curve": 0.9767774939537048, "SpectrumType": "PowerLaw        ", "Spectral_Index": 2.0340774059295654, "Unc_Spectral_Index": 0.11220266669988632, "beta": null, "Unc_beta": null, "Cutoff": null, "Unc_Cutoff": null, "Exp_Index": null, "Unc_Exp_Index": null, "PowerLaw_Index": 2.0340774059295654, "Flux30_100": null, "Unc_Flux30_100": null, "nuFnu30_100": null, "Sqrt_TS30_100": null, "Flux100_300": 1.4975709561326767e-08, "Unc_Flux100_300": [-1.0640836656250485e-08, 1.120425174860884e-08], "nuFnu100_300": 3.5865633379872364e-12, "Sqrt_TS100_300": 1.3915910720825195, "Flux300_1000": 1.3409654497920087e-09, "Unc_Flux300_1000": [-9.719138827080087e-10, 1.0549319195973794e-09], "nuFnu300_1000": 9.169671315659156e-13, "Sqrt_TS300_1000": 1.3904296159744263, "Flux1000_3000": 5.22827503512957e-10, "Unc_Flux1000_3000": [-1.5502624184371427e-10, 1.6706971917024305e-10], "nuFnu1000_3000": 1.252130235433746e-12, "Sqrt_TS1000_3000": 3.8188438415527344, "Flux3000_10000": 2.4584173585751046e-10, "Unc_Flux3000_10000": [-5.183381501794315e-11, 5.778688291768752e-11], "nuFnu3000_10000": 1.6810930902541599e-12, "Sqrt_TS3000_10000": 8.053201675415039, "Flux10000_100000": 7.382463390603888e-11, "Unc_Flux10000_100000": [-2.41689168678505e-11, 3.0002070272594494e-11], "nuFnu10000_100000": 1.295984153326657e-12, "Sqrt_TS10000_100000": 6.043416500091553, "Variability_Index": 47.512699127197266, "Signif_Peak": null, "Flux_Peak": null, "Unc_Flux_Peak": null, "Time_Peak": null, "Peak_Interval": null, "Flux_History": [2.575709245888902e-08, 6.326281276614054e-09, 3.565129302884884e-09, 7.204761232060264e-09, 0.0, 1.1136505051467793e-08, 4.565227307296027e-09, 2.8413829511464428e-08, 2.0060463512550086e-08, 0.0, 2.2344009309449575e-08, 1.0298620622961607e-08, 1.4425490135749897e-08, 1.1266703126011635e-08, 2.0232047148738275e-08, 0.0, 0.0, 0.0, 1.1207078820518745e-08, 1.5427279009827544e-08, 0.0, 2.871122006808946e-08, 2.3506123270067292e-08, 0.0, 1.5795848185007344e-08, 1.338605670753168e-08, 1.2952020789214203e-08, 8.313573829354937e-09, 7.3748189777234074e-09, 2.806284982170837e-09, 3.2655709247819686e-09, 0.0, 0.0, 0.0, 0.0, 2.028277101828735e-08, 2.130442133818633e-08, 6.8491678995030725e-09, 0.0, 4.845608359005382e-09, 1.7233906746128014e-08, 1.4439554441025848e-08, 1.1457614412790917e-08, 1.7139983654601565e-08, 2.8427306730804958e-08, 2.6542995357203836e-08, 0.0, 0.0], "Unc_Flux_History": [[-1.1458947568598887e-08, 1.2821761430359402e-08], [null, 1.3273855792306222e-08], [null, 1.0268915495714737e-08], [null, 1.2466840004776714e-08], [null, 1.0712907894117052e-08], [-7.843103944082941e-09, 1.1614136319337831e-08], [null, 1.0653573134788985e-08], [-1.2617912048540347e-08, 1.4674467863073914e-08], [-1.2829217688192784e-08, 1.383725933834512e-08], [null, 1.4875597642571847e-08], [-1.0948411954814219e-08, 1.2703098128952206e-08], [-6.612980829601156e-09, 9.500593201039464e-09], [-9.30687438227551e-09, 1.2257675763294174e-08], [-7.83602693843477e-09, 1.0875884193239926e-08], [-8.762522263339179e-09, 1.1061517923849351e-08], [null, 1.113645353711945e-08], [null, 1.20921477275715e-08], [null, 1.528589166355232e-08], [-7.938988133560088e-09, 1.270779659279242e-08], [-8.507678117553041e-09, 1.2156928796969169e-08], [null, 7.731391526988318e-09], [-1.2164203866404932e-08, 1.5246461870788153e-08], [-1.2745428712435114e-08, 1.6167357230756352e-08], [null, 1.3578560498217485e-08], [-1.4425971528453374e-08, 1.7754034686845444e-08], [-8.675565155158438e-09, 1.2217984846074614e-08], [null, 1.8587105188316855e-08], [null, 1.4389925695468264e-08], [-6.122159224020152e-09, 1.0468158784249226e-08], [null, 1.337243116239506e-08], [null, 8.47904146894507e-09], [null, 1.7348316561083266e-08], [null, 1.3270497589701336e-08], [null, 1.2670403393144625e-08], [null, 9.251090560269404e-09], [-1.1880609385173102e-08, 1.5917370532747555e-08], [-1.0104536762867156e-08, 1.2191470055711306e-08], [null, 1.3020551747899844e-08], [null, 1.2530627202522737e-08], [null, 1.1822095302704838e-08], [-1.0414511919520919e-08, 1.358852408372968e-08], [-1.0521922888528934e-08, 1.3066823179030962e-08], [-7.915499367072698e-09, 1.0634581215640537e-08], [-9.971467207492424e-09, 1.3468683945916382e-08], [-1.1233949770428353e-08, 1.3674304355504319e-08], [-1.1891623685755803e-08, 1.3948916688377722e-08], [null, 1.021378803756079e-08], [null, 1.7794132389781225e-08]], "Extended_Source_Name": "                  ", "0FGL_Name": "                 ", "1FGL_Name": "1FGL J1511.8-0513 ", "2FGL_Name": "2FGL J1511.8-0513 ", "1FHL_Name": "                  ", "ASSOC_GAM1": "               ", "ASSOC_GAM2": "              ", "ASSOC_GAM3": "               ", "TEVCAT_FLAG": "N", "ASSOC_TEV": "                     ", "CLASS1": "bcu  ", "ASSOC1": "NVSS J151148-051345       ", "ASSOC2": "                          ", "Flags": 0, "catalog_row_index": 1834}