{"Source_Name": "3FGL J2205.9-4704 ", "RAJ2000": 331.4761047363281, "DEJ2000": -47.081298828125, "GLON": 350.0014343261719, "GLAT": -52.059242248535156, "Conf_68_SemiMajor": 0.10330182313919067, "Conf_68_SemiMinor": 0.0798661857843399, "Conf_68_PosAng": 76.80999755859375, "Conf_95_SemiMajor": 0.16750000417232513, "Conf_95_SemiMinor": 0.12950000166893005, "Conf_95_PosAng": 76.80999755859375, "ROI_num": 517, "Signif_Avg": 4.391458988189697, "Pivot_Energy": 366.0113220214844, "Flux_Density": 4.824463311486893e-12, "Unc_Flux_Density": 9.572703957641537e-13, "Flux1000": 1.3483157645932664e-10, "Unc_Flux1000": 5.862137858470007e-11, "Energy_Flux100": 3.702904736307966e-12, "Unc_Energy_Flux100": 7.619234561849486e-13, "Signif_Curve": 1.8418853282928467, "SpectrumType": "PowerLaw        ", "Spectral_Index": 2.913940668106079, "Unc_Spectral_Index": 0.25357359647750854, "beta": null, "Unc_beta": null, "Cutoff": null, "Unc_Cutoff": null, "Exp_Index": null, "Unc_Exp_Index": null, "PowerLaw_Index": 2.913940668106079, "Flux30_100": null, "Unc_Flux30_100": null, "nuFnu30_100": null, "Sqrt_TS30_100": null, "Flux100_300": 1.1868372062906474e-08, "Unc_Flux100_300": [-3.377198298792905e-09, 3.244141177916049e-09], "nuFnu100_300": 2.6157769526802266e-12, "Sqrt_TS100_300": 3.7444002628326416, "Flux300_1000": 7.385753675315243e-10, "Unc_Flux300_1000": [-4.0678144186401255e-10, 4.274354203914754e-10], "nuFnu300_1000": 4.576338765403809e-13, "Sqrt_TS300_1000": 1.8429064750671387, "Flux1000_3000": 1.0553506679666924e-10, "Unc_Flux1000_3000": [-6.468846985852039e-11, 7.514801281249817e-11], "nuFnu1000_3000": 2.325981746618966e-13, "Sqrt_TS1000_3000": 1.7254583835601807, "Flux3000_10000": 5.412287631956225e-11, "Unc_Flux3000_10000": [-2.3614723024256712e-11, 2.985968416968632e-11], "nuFnu3000_10000": 3.353545739714914e-13, "Sqrt_TS3000_10000": 3.1390740871429443, "Flux10000_100000": 5.34560243292681e-12, "Unc_Flux10000_100000": [null, 1.4230954088756409e-11], "nuFnu10000_100000": 6.922486536905734e-14, "Sqrt_TS10000_100000": 0.9991015195846558, "Variability_Index": 40.59553146362305, "Signif_Peak": null, "Flux_Peak": null, "Unc_Flux_Peak": null, "Time_Peak": null, "Peak_Interval": null, "Flux_History": [0.0, 0.0, 1.1149443146507565e-08, 0.0, 0.0, 4.146424359419143e-08, 2.2567601121181724e-08, 2.2927233445102502e-08, 1.0020081431250105e-09, 2.2166885216279297e-08, 0.0, 0.0, 2.2257411469439603e-09, 3.6337890918503035e-08, 0.0, 0.0, 0.0, 3.4282464866919327e-08, 3.289780536874787e-08, 2.0822991331215235e-08, 0.0, 1.7389272244372478e-08, 1.5194473235169426e-08, 2.571645474347406e-08, 2.0484984375457316e-08, 2.8632364035274804e-08, 1.3180581959204574e-08, 0.0, 3.393583636324138e-09, 0.0, 1.9642314441625786e-09, 3.1724749049999446e-08, 1.430185303519238e-08, 1.165406615655229e-08, 9.909570941601942e-09, 3.2804838845379436e-09, 0.0, 1.0108212045167875e-08, 0.0, 6.583028344664399e-09, 0.0, 0.0, 1.1170623537282154e-08, 8.587672795101753e-09, 1.1933659394003371e-08, 3.404544202112447e-08, 9.19067932869666e-09, 4.101833095404572e-09], "Unc_Flux_History": [[null, 1.2314888664377577e-08], [null, 1.8314766592197884e-08], [null, 1.5395608343737877e-08], [null, 1.5305374745366862e-08], [null, 1.3896817030456532e-08], [-1.9548220819842754e-08, 2.0873818229460994e-08], [-1.502042223933131e-08, 1.779726233053225e-08], [-1.857494247303748e-08, 1.8850917271606704e-08], [null, 1.8480116992236617e-08], [-1.4905420897548538e-08, 1.7250870953944286e-08], [null, 1.0983184139945479e-08], [null, 1.0075742906678897e-08], [null, 1.5336974357182953e-08], [-1.7465881185785292e-08, 1.886007794382749e-08], [null, 1.278507166802001e-08], [null, 1.346336109264712e-08], [null, 1.2072281840858068e-08], [-1.5781926876456964e-08, 1.721526032838483e-08], [-1.825024398272035e-08, 1.960303031012245e-08], [-1.352854628322575e-08, 1.533188509483807e-08], [null, 1.7374478744613953e-08], [-1.2416474071130779e-08, 1.3611189508822008e-08], [null, 1.7911430560957342e-08], [-1.2181368802544057e-08, 1.3718395308615072e-08], [-1.603212673728649e-08, 1.8042578986410263e-08], [-1.590071008195082e-08, 1.7394997442465865e-08], [null, 1.5316215851157722e-08], [null, 1.7655985118381068e-08], [null, 1.3273589338780312e-08], [null, 1.349531686400951e-08], [null, 1.5034327560670135e-08], [-1.491270218423324e-08, 1.739223165486692e-08], [null, 1.7538107854875307e-08], [-1.103412472502896e-08, 1.3513910879225932e-08], [null, 1.704972341087796e-08], [null, 1.333057930708037e-08], [null, 2.1124087368207256e-08], [null, 1.3961809486318089e-08], [null, 1.2819257655394267e-08], [null, 1.544313832368971e-08], [null, 1.3806002563399034e-08], [null, 1.7496319060228416e-08], [null, 1.2602923149529488e-08], [null, 1.9480150825756937e-08], [null, 1.4116218416404536e-08], [-1.719703845992626e-08, 1.7888524439513276e-08], [null, 1.4760910715949649e-08], [null, 1.5075061199354423e-08]], "Extended_Source_Name": "                  ", "0FGL_Name": "                 ", "1FGL_Name": "                  ", "2FGL_Name": "                  ", "1FHL_Name": "                  ", "ASSOC_GAM1": "               ", "ASSOC_GAM2": "              ", "ASSOC_GAM3": "               ", "TEVCAT_FLAG": "N", "ASSOC_TEV": "                     ", "CLASS1": "     ", "ASSOC1": "                          ", "ASSOC2": "                          ", "Flags": 0, "catalog_row_index": 2832}