{"Source_Name": "3FHL J1215.1+5002 ", "RAJ2000": 183.79319763183594, "DEJ2000": 50.041099548339844, "GLON": 137.37286376953125, "GLAT": 66.05805969238281, "Conf_95_SemiMajor": 0.02963591367006302, "Conf_95_SemiMinor": 0.02963591367006302, "Conf_95_PosAng": null, "ROI_num": 316, "Signif_Avg": 9.50439167022705, "Pivot_Energy": 18.329816818237305, "Flux_Density": 1.816614025006158e-12, "Unc_Flux_Density": 4.488026703747261e-13, "Flux": 5.486678125721234e-11, "Unc_Flux": 1.3552665933946884e-11, "Energy_Flux": 2.063856247361273e-12, "Unc_Energy_Flux": 7.34764733865273e-13, "Signif_Curve": 1.6878291368484497, "SpectrumType": "PowerLaw   ", "Spectral_Index": 2.010742425918579, "Unc_Spectral_Index": 0.5373086333274841, "beta": 0.9914278388023376, "Unc_beta": 0.17503918707370758, "PowerLaw_Index": 2.6894149780273438, "Unc_PowerLaw_Index": 0.398316353559494, "Flux_Band": [2.943252586096179e-11, 2.447480412781644e-11, 6.078250725377328e-16, 2.2610855899093597e-18, 1.4401338864757522e-20], "Unc_Flux_Band": [[-9.207539244937557e-12, 1.1363310466194765e-11], [-7.597674225867657e-12, 9.623447871920376e-12], [null, 4.486830611910575e-12], [null, 4.319356504411953e-12], [null, 4.681512122406417e-12]], "nuFnu": [9.17832324899559e-13, 1.2474131970419133e-12, 6.83612895507058e-17, 7.175229331080979e-19, 1.3884187807611356e-20], "Sqrt_TS_Band": [6.668996810913086, 7.998157501220703, 0.0, 0.0, 0.0], "Npred": 19.13401222229004, "HEP_Energy": 43.076900482177734, "HEP_Prob": 0.996894896030426, "Variability_BayesBlocks": 1, "Extended_Source_Name": "                  ", "ASSOC_GAM": "3FGL J1215.0+5002 ", "TEVCAT_FLAG": "N", "ASSOC_TEV": "                     ", "CLASS": "bll    ", "ASSOC1": "NVSS J121500+500216       ", "ASSOC2": "                          ", "ASSOC_PROB_BAY": 0.9984138607978821, "ASSOC_PROB_LR": 0.9501728415489197, "Redshift": 1.381100058555603, "NuPeak_obs": 478630417268736.0, "catalog_row_index": 772}