{"Source_Name": "3FGL J1244.2-6227 ", "RAJ2000": 191.05909729003906, "DEJ2000": -62.45330047607422, "GLON": 302.0998229980469, "GLAT": 0.4067618250846863, "Conf_68_SemiMajor": 0.06969018280506134, "Conf_68_SemiMinor": 0.053038548678159714, "Conf_68_PosAng": 1.0, "Conf_95_SemiMajor": 0.11299999803304672, "Conf_95_SemiMinor": 0.0860000029206276, "Conf_95_PosAng": 1.0, "ROI_num": 45, "Signif_Avg": 5.979686737060547, "Pivot_Energy": 1603.8084716796875, "Flux_Density": 6.562062091625132e-13, "Unc_Flux_Density": 1.0719830784763212e-13, "Flux1000": 1.4828384076182033e-09, "Unc_Flux1000": 2.4514931751262736e-10, "Energy_Flux100": 1.8321167499779634e-11, "Unc_Energy_Flux100": 3.1217142586192903e-12, "Signif_Curve": 2.9579620361328125, "SpectrumType": "PowerLaw        ", "Spectral_Index": 2.32393479347229, "Unc_Spectral_Index": 0.09443870186805725, "beta": null, "Unc_beta": null, "Cutoff": null, "Unc_Cutoff": null, "Exp_Index": null, "Unc_Exp_Index": null, "PowerLaw_Index": 2.32393479347229, "Flux30_100": null, "Unc_Flux30_100": null, "nuFnu30_100": null, "Sqrt_TS30_100": null, "Flux100_300": 4.902366490186494e-13, "Unc_Flux100_300": [null, 1.006533878467053e-08], "nuFnu100_300": 1.1413991310400351e-16, "Sqrt_TS100_300": 0.0, "Flux300_1000": 7.123061251945728e-09, "Unc_Flux300_1000": [-1.9715529209207716e-09, 1.9879560220203984e-09], "nuFnu300_1000": 4.709474130115687e-12, "Sqrt_TS300_1000": 3.6620750427246094, "Flux1000_3000": 1.778262870288927e-09, "Unc_Flux1000_3000": [-3.6575434347874136e-10, 3.771883083647509e-10], "nuFnu1000_3000": 4.1402610506668935e-12, "Sqrt_TS1000_3000": 5.148057460784912, "Flux3000_10000": 3.140364357445691e-10, "Unc_Flux3000_10000": [-9.006243667508684e-11, 9.805332240597764e-11], "nuFnu3000_10000": 2.0762792526940466e-12, "Sqrt_TS3000_10000": 4.058178901672363, "Flux10000_100000": 1.721637242491081e-11, "Unc_Flux10000_100000": [null, 2.6274628306399705e-11], "nuFnu10000_100000": 2.7014442115572135e-13, "Sqrt_TS10000_100000": 0.9721038341522217, "Variability_Index": 40.895320892333984, "Signif_Peak": null, "Flux_Peak": null, "Unc_Flux_Peak": null, "Time_Peak": null, "Peak_Interval": null, "Flux_History": [8.867583289884351e-08, 2.0433770231420567e-08, 0.0, 5.3362381180477314e-08, 1.0500586178352478e-08, 7.084564401793614e-08, 0.0, 2.1254555448990686e-08, 4.100226291825493e-08, 4.983535362157454e-09, 8.390736638830276e-08, 0.0, 2.2044725156433742e-08, 2.312265934278912e-08, 4.764527883338587e-09, 0.0, 2.557446343587344e-08, 0.0, 1.0372761494181759e-07, 3.7945664388416844e-08, 3.945173432384763e-08, 5.149252402247839e-08, 9.436570280740852e-08, 4.212011361914847e-08, 0.0, 4.6962988164978015e-08, 2.1664236626861566e-08, 4.0224527708687674e-08, 5.55512080779863e-08, 4.242789586328399e-08, 0.0, 4.0593480576944785e-08, 7.56866214146612e-09, 1.8123873957165415e-08, 4.2467160454862096e-08, 4.849376722404486e-08, 2.854453340361829e-09, 6.62712551502409e-08, 1.226540091714412e-09, 0.0, 1.697046059234708e-08, 0.0, 2.758806161295979e-08, 7.94524197544888e-08, 1.9045513610649323e-08, 0.0, 3.6227088884288605e-08, 3.016151239876308e-08], "Unc_Flux_History": [[-5.016455517647955e-08, 5.309754769200481e-08], [null, 3.842933438136242e-08], [null, 4.192336078290282e-08], [-3.778966828349439e-08, 4.568781619695983e-08], [null, 3.9055965572742934e-08], [-4.208223103319142e-08, 4.586478041801456e-08], [null, 4.3840007180051543e-08], [null, 3.8989913520026676e-08], [-3.344464261090252e-08, 3.4568820694858005e-08], [null, 3.855360120041951e-08], [-4.406983222793315e-08, 4.7421064408581515e-08], [null, 3.1687338974961676e-08], [null, 3.602193388019259e-08], [null, 2.7879694997068327e-08], [null, 3.5344616122756634e-08], [null, 2.3749752386947875e-08], [null, 3.066724119094033e-08], [null, 2.9199995310591476e-08], [-3.283529892428305e-08, 3.4089062239672785e-08], [-2.7473692654211845e-08, 3.362123379702098e-08], [-3.206436360869702e-08, 3.486999489155096e-08], [-2.881630223328102e-08, 3.314940499876684e-08], [-3.570884032910726e-08, 3.57400544714892e-08], [-2.8806306673345716e-08, 3.1769737063314096e-08], [null, 2.1983593612162622e-08], [-3.24599511714041e-08, 3.471346587957669e-08], [null, 3.1709880943253665e-08], [-2.9131344447819174e-08, 3.200625187105288e-08], [-3.777620705136542e-08, 4.003442199973506e-08], [-2.777545837773232e-08, 3.160993955475533e-08], [null, 3.830621864153727e-08], [-3.030956463589973e-08, 3.5272375242811904e-08], [null, 3.6399175229462344e-08], [null, 4.009078935496291e-08], [-2.5597870489946217e-08, 2.945200350268351e-08], [-2.6978327127835655e-08, 3.2341493039211855e-08], [null, 3.2533627347675065e-08], [-3.4476947519124224e-08, 3.697904560340248e-08], [null, 2.76248783848132e-08], [null, 2.2302462099332843e-08], [null, 3.464423770083158e-08], [null, 2.9529239498060633e-08], [-2.6649598083849924e-08, 3.160750239317167e-08], [-3.188387509567292e-08, 3.513136803690031e-08], [null, 3.19178141694465e-08], [null, 2.64693476026423e-08], [-3.167441775531188e-08, 3.269702020247678e-08], [null, 4.0469320339298065e-08]], "Extended_Source_Name": "                  ", "0FGL_Name": "                 ", "1FGL_Name": "                  ", "2FGL_Name": "2FGL J1243.9-6232 ", "1FHL_Name": "                  ", "ASSOC_GAM1": "               ", "ASSOC_GAM2": "              ", "ASSOC_GAM3": "               ", "TEVCAT_FLAG": "N", "ASSOC_TEV": "                     ", "CLASS1": "     ", "ASSOC1": "                          ", "ASSOC2": "                          ", "Flags": 8, "source_id": 1523}