{"Source_Name": "3FGL J0802.3-5610 ", "RAJ2000": 120.58290100097656, "DEJ2000": -56.168800354003906, "GLON": 269.9308166503906, "GLAT": -13.175503730773926, "Conf_68_SemiMajor": 0.060254257172346115, "Conf_68_SemiMinor": 0.05088000372052193, "Conf_68_PosAng": -30.989999771118164, "Conf_95_SemiMajor": 0.09769999980926514, "Conf_95_SemiMinor": 0.08250000327825546, "Conf_95_PosAng": -30.989999771118164, "ROI_num": 730, "Signif_Avg": 12.309649467468262, "Pivot_Energy": 613.510009765625, "Flux_Density": 4.4961348012739766e-12, "Unc_Flux_Density": 4.0735110055055423e-13, "Flux1000": 9.137680057058617e-10, "Unc_Flux1000": 1.1081383727296057e-10, "Energy_Flux100": 1.3005320778636253e-11, "Unc_Energy_Flux100": 1.178548578173455e-12, "Signif_Curve": 3.6299071311950684, "SpectrumType": "PowerLaw        ", "Spectral_Index": 2.470546007156372, "Unc_Spectral_Index": 0.06935704499483109, "beta": null, "Unc_beta": null, "Cutoff": null, "Unc_Cutoff": null, "Exp_Index": null, "Unc_Exp_Index": null, "PowerLaw_Index": 2.470546007156372, "Flux30_100": null, "Unc_Flux30_100": null, "nuFnu30_100": null, "Sqrt_TS30_100": null, "Flux100_300": 2.1176564501956818e-08, "Unc_Flux100_300": [-3.6665346314634917e-09, 3.7037446443122235e-09], "nuFnu100_300": 4.86191252188628e-12, "Sqrt_TS100_300": 5.916510581970215, "Flux300_1000": 3.752929522704562e-09, "Unc_Flux300_1000": [-6.49628184579143e-10, 6.64165500374736e-10], "nuFnu300_1000": 2.4403231171921114e-12, "Sqrt_TS300_1000": 6.145843505859375, "Flux1000_3000": 1.0288763174770565e-09, "Unc_Flux1000_3000": [-1.5215208259977686e-10, 1.5991862001296653e-10], "nuFnu1000_3000": 2.362189870791509e-12, "Sqrt_TS1000_3000": 8.360928535461426, "Flux3000_10000": 7.617857733510647e-11, "Unc_Flux3000_10000": [-3.1578958198386076e-11, 3.7645258438301354e-11], "nuFnu3000_10000": 4.953473070092029e-13, "Sqrt_TS3000_10000": 3.0160329341888428, "Flux10000_100000": 1.3735630471564675e-12, "Unc_Flux10000_100000": [null, 1.868681077932255e-11], "nuFnu10000_100000": 2.0448861042508294e-14, "Sqrt_TS10000_100000": 0.13028059899806976, "Variability_Index": 44.36222839355469, "Signif_Peak": null, "Flux_Peak": null, "Unc_Flux_Peak": null, "Time_Peak": null, "Peak_Interval": null, "Flux_History": [5.9397748941592e-09, 4.424897781518666e-08, 0.0, 2.6894918292441616e-08, 2.8181213806988126e-08, 4.798411445960937e-09, 2.4419751554205504e-08, 3.370508094846514e-09, 1.4122496061474976e-08, 1.519229542168432e-08, 3.1625173591010025e-08, 1.4770529688235001e-08, 5.787586943029055e-08, 7.837177129488282e-09, 4.385020702102338e-08, 3.2964159402126825e-08, 1.3986728220061195e-08, 6.240149730274425e-09, 4.428328637118284e-08, 2.5513784862596367e-08, 4.655767327221838e-08, 3.3141628108523946e-08, 3.407956583600935e-09, 1.2608970756389226e-08, 1.148444006560112e-08, 6.310365119333028e-09, 9.007413481754156e-09, 2.0863748062538434e-08, 2.6697597022007358e-08, 2.175823254901843e-08, 4.895247229796951e-08, 1.1801183141812999e-08, 2.8682114461275887e-08, 2.207751670368907e-08, 3.046874041956471e-08, 0.0, 4.793074381836959e-08, 4.052077429150813e-08, 1.8496480791441172e-08, 4.021228505735053e-08, 2.0745712703273966e-08, 4.3135202076882706e-08, 5.2210552325959725e-08, 2.335687732113456e-08, 3.0909774295651005e-08, 1.6036786121276236e-08, 1.354833134570299e-08, 4.0777912602152355e-08], "Unc_Flux_History": [[null, 1.7642697969222354e-08], [-1.993857345894412e-08, 2.1298484753629054e-08], [null, 1.9686691388187683e-08], [-1.6402289304551232e-08, 1.8685886615799063e-08], [-1.6487550880128765e-08, 1.948544259278151e-08], [null, 1.850403563707914e-08], [-1.525828707826804e-08, 1.7815194652825994e-08], [null, 1.9562381936566453e-08], [-1.1567036217741133e-08, 1.5420988930259227e-08], [null, 1.8165344783938053e-08], [-1.6630023580432862e-08, 1.8611791219314e-08], [null, 1.730011511824614e-08], [-1.801921634125847e-08, 2.00297343155853e-08], [null, 1.3482600813574663e-08], [-1.7802344487449773e-08, 1.960269813139348e-08], [-1.4594671249312796e-08, 1.5825550647718956e-08], [null, 1.7791702333624926e-08], [null, 1.2915297276094861e-08], [-1.685136830076317e-08, 1.8318051075993935e-08], [-1.6018194770595073e-08, 1.7522033601835574e-08], [-1.5891314930627232e-08, 1.719934950017432e-08], [-1.825503836982989e-08, 1.958268036617028e-08], [null, 1.1204092764671714e-08], [-1.2502383128776273e-08, 1.5925149199347288e-08], [null, 1.4975450213228214e-08], [null, 1.7653823292107518e-08], [null, 1.3997942360788329e-08], [-1.4368948697551787e-08, 1.5970771372053605e-08], [-1.688229289698029e-08, 1.879228150869494e-08], [-1.3051290714827246e-08, 1.4447567586728383e-08], [-1.8322131367654038e-08, 1.997320175917139e-08], [null, 1.5217601401218417e-08], [-1.7983936118071142e-08, 2.022065714868404e-08], [-1.2727606524265411e-08, 1.4597751452072316e-08], [-1.3972657697536306e-08, 1.5576551604112865e-08], [null, 1.6465252272723774e-08], [-1.6657443424605844e-08, 1.7986478084708324e-08], [-1.7812356034596633e-08, 2.021292822007581e-08], [-1.3108184759857977e-08, 1.5425506205701822e-08], [-1.7451057487960497e-08, 1.931581650183034e-08], [-1.5476354420229654e-08, 1.712862029989992e-08], [-1.3919472685586243e-08, 1.540910510300364e-08], [-2.0349549600950922e-08, 2.1562348351267246e-08], [-1.630820101183872e-08, 1.6965769233934225e-08], [-1.4964811612117046e-08, 1.733986110252772e-08], [-1.3419240829648516e-08, 1.4927918456919542e-08], [-1.324759146825727e-08, 1.5654359586392275e-08], [-1.873029198407039e-08, 2.017466371739829e-08]], "Extended_Source_Name": "                  ", "0FGL_Name": "                 ", "1FGL_Name": "1FGL J0802.4-5622 ", "2FGL_Name": "2FGL J0802.7-5615 ", "1FHL_Name": "                  ", "ASSOC_GAM1": "               ", "ASSOC_GAM2": "              ", "ASSOC_GAM3": "               ", "TEVCAT_FLAG": "N", "ASSOC_TEV": "                     ", "CLASS1": "     ", "ASSOC1": "                          ", "ASSOC2": "                          ", "Flags": 0, "catalog_row_index": 890}