{"Source_Name": "3FGL J1310.6+2446 ", "RAJ2000": 197.65029907226562, "DEJ2000": 24.78179931640625, "GLON": 5.419887065887451, "GLAT": 85.09518432617188, "Conf_68_SemiMajor": 0.09824465960264206, "Conf_68_SemiMinor": 0.07110865414142609, "Conf_68_PosAng": 31.399999618530273, "Conf_95_SemiMajor": 0.15929999947547913, "Conf_95_SemiMinor": 0.1152999997138977, "Conf_95_PosAng": 31.399999618530273, "ROI_num": 495, "Signif_Avg": 4.136415004730225, "Pivot_Energy": 2299.621337890625, "Flux_Density": 4.336065672640686e-14, "Unc_Flux_Density": 1.1656324471994491e-14, "Flux1000": 2.2488168271994624e-10, "Unc_Flux1000": 6.044498929158593e-11, "Energy_Flux100": 2.577039059578623e-12, "Unc_Energy_Flux100": 7.402292754449258e-13, "Signif_Curve": 1.0784459114074707, "SpectrumType": "PowerLaw        ", "Spectral_Index": 2.201864242553711, "Unc_Spectral_Index": 0.2203700691461563, "beta": null, "Unc_beta": null, "Cutoff": null, "Unc_Cutoff": null, "Exp_Index": null, "Unc_Exp_Index": null, "PowerLaw_Index": 2.201864242553711, "Flux30_100": null, "Unc_Flux30_100": null, "nuFnu30_100": null, "Sqrt_TS30_100": null, "Flux100_300": 6.950744868561287e-09, "Unc_Flux100_300": [-4.009043763630871e-09, 4.01034938590783e-09], "nuFnu100_300": 1.6375380869002032e-12, "Sqrt_TS100_300": 1.7544184923171997, "Flux300_1000": 9.804020928427803e-10, "Unc_Flux300_1000": [-4.1046130383470825e-10, 4.260744812523143e-10], "nuFnu300_1000": 6.573885858417172e-13, "Sqrt_TS300_1000": 2.5021841526031494, "Flux1000_3000": 1.1727284421336748e-10, "Unc_Flux1000_3000": [-6.296236448877224e-11, 7.271235002992427e-11], "nuFnu1000_3000": 2.7628515252529906e-13, "Sqrt_TS1000_3000": 2.030245065689087, "Flux3000_10000": 4.385453111765969e-11, "Unc_Flux3000_10000": [-2.0078098905695896e-11, 2.6326395924369805e-11], "nuFnu3000_10000": 2.9405758427206163e-13, "Sqrt_TS3000_10000": 3.1648480892181396, "Flux10000_100000": 4.769610054133899e-12, "Unc_Flux10000_100000": [null, 1.4314675313154002e-11], "nuFnu10000_100000": 7.836519790287849e-14, "Sqrt_TS10000_100000": 0.924284815788269, "Variability_Index": 39.126983642578125, "Signif_Peak": null, "Flux_Peak": null, "Unc_Flux_Peak": null, "Time_Peak": null, "Peak_Interval": null, "Flux_History": [9.554173008297084e-10, 4.44816716793639e-09, 3.870789466731139e-09, 9.989656213349463e-09, 2.833660639467439e-09, 0.0, 3.955337835037653e-09, 2.649440666857572e-09, 0.0, 5.384932055818581e-09, 0.0, 8.20750223340383e-09, 2.5352694166258516e-08, 5.377429168618164e-09, 6.376182248857276e-09, 4.8247090767006284e-09, 0.0, 0.0, 0.0, 2.317955605235511e-09, 1.5686396181990858e-08, 7.716121075418414e-09, 6.4495426777000375e-09, 0.0, 5.374975131644533e-09, 0.0, 9.178359405837e-09, 0.0, 0.0, 0.0, 0.0, 0.0, 7.613058627953251e-09, 7.499912690889232e-09, 0.0, 2.3842407159690993e-08, 0.0, 0.0, 6.972722399467557e-09, 1.0574651376771271e-08, 0.0, 0.0, 8.098026249570012e-09, 0.0, 5.887667242632233e-09, 0.0, 0.0, 9.04199737306044e-09], "Unc_Flux_History": [[null, 1.0107252812474599e-08], [null, 8.650373750640483e-09], [null, 8.419879904408845e-09], [-6.6024767875205725e-09, 8.83458017852945e-09], [null, 7.48276907103218e-09], [null, 9.319927052331423e-09], [null, 8.071856072433548e-09], [null, 1.0605366362881341e-08], [null, 8.733181289244385e-09], [-5.3763558049979565e-09, 7.402291668512362e-09], [null, 5.033359062878162e-09], [-5.750530274184484e-09, 7.729057394101346e-09], [-9.859863148165005e-09, 1.0925133686612298e-08], [null, 9.894036701041387e-09], [-5.068105934924461e-09, 7.952438707548026e-09], [null, 9.543454915217353e-09], [null, 1.3032552814706833e-08], [null, 6.957093567905304e-09], [null, 9.204070394730479e-09], [null, 1.0508231618189257e-08], [-8.203433488063183e-09, 1.0495243785157982e-08], [-4.816259391304811e-09, 7.168547089264621e-09], [null, 9.97097604482633e-09], [null, 6.880714664703191e-09], [-3.917480562165565e-09, 6.696244003734364e-09], [null, 6.132654828405748e-09], [-8.106215254599647e-09, 9.993675220698606e-09], [null, 1.1022674328842186e-08], [null, 6.035388189218338e-09], [null, 6.502193450330651e-09], [null, 8.198257184233171e-09], [null, 1.1751176920427042e-08], [null, 1.2965987394863987e-08], [-6.411138286921414e-09, 8.646034110881828e-09], [null, 9.20504295010005e-09], [-9.869902228842875e-09, 1.167491703313317e-08], [null, 9.473761330980324e-09], [null, 6.156909648780129e-09], [-4.866357095067997e-09, 7.3273760392567056e-09], [-1.0307283915267362e-08, 1.1889359718963988e-08], [null, 6.0870974927240695e-09], [null, 8.093860692781618e-09], [-7.391059320127624e-09, 9.306570625255972e-09], [null, 9.205110451659948e-09], [null, 1.0050309917630784e-08], [null, 8.671985796127046e-09], [null, 1.0270714945193049e-08], [null, 1.2506794710986924e-08]], "Extended_Source_Name": "                  ", "0FGL_Name": "                 ", "1FGL_Name": "                  ", "2FGL_Name": "                  ", "1FHL_Name": "                  ", "ASSOC_GAM1": "               ", "ASSOC_GAM2": "              ", "ASSOC_GAM3": "               ", "TEVCAT_FLAG": "N", "ASSOC_TEV": "                     ", "CLASS1": "bcu  ", "ASSOC1": "MG2 J131037+2447          ", "ASSOC2": "                          ", "Flags": 0, "catalog_row_index": 1590}