{"Source_Name": "3FGL J0539.2-0536 ", "RAJ2000": 84.80069732666016, "DEJ2000": -5.60129976272583, "GLON": 209.6775360107422, "GLAT": -18.606975555419922, "Conf_68_SemiMajor": 0.1660846620798111, "Conf_68_SemiMinor": 0.13925701379776, "Conf_68_PosAng": 64.75, "Conf_95_SemiMajor": 0.26930001378059387, "Conf_95_SemiMinor": 0.22579999268054962, "Conf_95_PosAng": 64.75, "ROI_num": 349, "Signif_Avg": 7.348015785217285, "Pivot_Energy": 556.2025756835938, "Flux_Density": 1.1728388225884512e-11, "Unc_Flux_Density": 1.5355360212521152e-12, "Flux1000": 5.879679521036962e-10, "Unc_Flux1000": 1.4697613959224753e-10, "Energy_Flux100": 1.0800895768048324e-11, "Unc_Energy_Flux100": 1.5372272682209753e-12, "Signif_Curve": 5.099856853485107, "SpectrumType": "LogParabola     ", "Spectral_Index": 2.517622232437134, "Unc_Spectral_Index": 0.24853527545928955, "beta": 0.9995923042297363, "Unc_beta": null, "Cutoff": null, "Unc_Cutoff": null, "Exp_Index": null, "Unc_Exp_Index": null, "PowerLaw_Index": 2.5467233657836914, "Flux30_100": null, "Unc_Flux30_100": null, "nuFnu30_100": null, "Sqrt_TS30_100": null, "Flux100_300": 9.109778709159855e-09, "Unc_Flux100_300": [-3.8797516310751234e-09, 3.943011250839845e-09], "nuFnu100_300": 2.613246207969211e-12, "Sqrt_TS100_300": 2.3819732666015625, "Flux300_1000": 6.561351018063988e-09, "Unc_Flux300_1000": [-1.2365086732302188e-09, 1.2412865180166932e-09], "nuFnu300_1000": 4.258648121646669e-12, "Sqrt_TS300_1000": 5.555302619934082, "Flux1000_3000": 3.733735820521389e-10, "Unc_Flux1000_3000": [-1.9761099701032236e-10, 2.1351374834832626e-10], "nuFnu1000_3000": 7.162476991715017e-13, "Sqrt_TS1000_3000": 1.936934471130371, "Flux3000_10000": 5.626263691049793e-11, "Unc_Flux3000_10000": [-3.6193187336053256e-11, 4.4950064503890275e-11], "nuFnu3000_10000": 2.9371993661049534e-13, "Sqrt_TS3000_10000": 1.6912786960601807, "Flux10000_100000": 3.182351734562494e-12, "Unc_Flux10000_100000": [null, 1.9185332142401812e-11], "nuFnu10000_100000": 2.948531176161229e-14, "Sqrt_TS10000_100000": 0.39132314920425415, "Variability_Index": 30.492799758911133, "Signif_Peak": null, "Flux_Peak": null, "Unc_Flux_Peak": null, "Time_Peak": null, "Peak_Interval": null, "Flux_History": [1.1798239718530112e-08, 2.2268983101980666e-08, 7.117241462850643e-09, 2.6644091377647783e-08, 1.875351429703187e-08, 2.8263912099646404e-08, 9.865344097192974e-09, 1.033806196204523e-08, 1.2503600821389682e-08, 3.9441268029349885e-08, 2.8810317687089082e-08, 2.6449708201425892e-08, 3.766129097471094e-08, 3.61286502936764e-08, 1.1345627548564607e-08, 1.288876561034158e-08, 2.586792469116972e-08, 1.2400283466718065e-08, 4.342103210319692e-08, 9.905212650096473e-09, 3.4509401558580066e-08, 1.633834756376018e-08, 3.969324779973249e-08, 2.8169374388653523e-08, 4.851024471008714e-09, 3.4443683460949615e-08, 4.474772197227139e-08, 1.6055606621989682e-08, 0.0, 3.056266351109116e-08, 2.261976739248439e-08, 3.5222733174578025e-08, 1.966096085936897e-08, 4.653016194566817e-09, 1.3509794172250622e-08, 8.405537599287527e-09, 1.6386099588316938e-08, 1.1771432717466723e-08, 0.0, 4.471644388104323e-08, 0.0, 2.1910901537580685e-08, 1.3037777080171509e-08, 2.6443567335832086e-08, 0.0, 1.720889208911558e-08, 0.0, 1.2955245765056134e-08], "Unc_Flux_History": [[null, 1.3567784229451263e-08], [-1.2654969516745496e-08, 1.3286696187719826e-08], [null, 1.3986985791802908e-08], [-1.3439051649299927e-08, 1.448714659346706e-08], [-1.4076225518522278e-08, 1.51679486748435e-08], [-1.4135086878752645e-08, 1.4936322401126745e-08], [null, 1.4048939789290671e-08], [null, 1.5859788149441556e-08], [null, 1.3051511871253751e-08], [-1.5624767257804706e-08, 1.667093307844425e-08], [-1.408981376016527e-08, 1.53117198919972e-08], [-1.5056713209560257e-08, 1.597863175106795e-08], [-1.6688296966549387e-08, 1.7831691678793504e-08], [-1.8638608878518426e-08, 2.0825368096666352e-08], [null, 1.7401729834887192e-08], [null, 1.5384506113491625e-08], [-1.93432487805012e-08, 2.1173701014731705e-08], [null, 1.5753846227539725e-08], [-1.776514935158957e-08, 1.912448155394486e-08], [null, 1.3619190220026667e-08], [-1.8270373658424433e-08, 2.0589739690990427e-08], [-1.577601160818176e-08, 1.815884154154901e-08], [-1.9073580048711847e-08, 2.04193941755193e-08], [-1.753872425069858e-08, 1.9504412307469465e-08], [null, 1.5244319584439836e-08], [-1.9307742959995267e-08, 2.0233429154359328e-08], [-1.689008044536422e-08, 1.8199456164325056e-08], [-1.6052041473813006e-08, 1.7547058916989045e-08], [null, 1.936397531210332e-08], [-1.5144683729317876e-08, 1.653966563708309e-08], [-1.7115569406200848e-08, 1.8792425393598933e-08], [-1.5923847129784008e-08, 1.749467415379513e-08], [-1.6299734895142137e-08, 1.8667897450086457e-08], [null, 1.7331229784645075e-08], [null, 1.7441140087726126e-08], [null, 1.7521237793971522e-08], [-1.4549287108422959e-08, 1.5234213890380488e-08], [null, 1.811435268450623e-08], [null, 1.553130779541334e-08], [-2.162115642079243e-08, 2.2550647571506488e-08], [null, 1.3563679956973829e-08], [-1.718377262704962e-08, 1.879885580535756e-08], [null, 1.5524461716154292e-08], [-1.6859196705354407e-08, 1.8277173552405657e-08], [null, 1.574550800853558e-08], [-1.5984548795699993e-08, 1.679387473529914e-08], [null, 1.9092993852609652e-08], [null, 1.4285809868397337e-08]], "Extended_Source_Name": "                  ", "0FGL_Name": "                 ", "1FGL_Name": "1FGL J0540.9-0547 ", "2FGL_Name": "2FGL J0538.5-0534c", "1FHL_Name": "                  ", "ASSOC_GAM1": "               ", "ASSOC_GAM2": "              ", "ASSOC_GAM3": "               ", "TEVCAT_FLAG": "N", "ASSOC_TEV": "                     ", "CLASS1": "     ", "ASSOC1": "                          ", "ASSOC2": "                          ", "Flags": 2048, "source_id": 634}