{"Source_Name": "3FGL J1311.0+0036 ", "RAJ2000": 197.77099609375, "DEJ2000": 0.6137999892234802, "GLON": 313.8287353515625, "GLAT": 63.06908416748047, "Conf_68_SemiMajor": 0.046747930347919464, "Conf_68_SemiMinor": 0.03694196417927742, "Conf_68_PosAng": -68.72000122070312, "Conf_95_SemiMajor": 0.07580000162124634, "Conf_95_SemiMinor": 0.05990000069141388, "Conf_95_PosAng": -68.72000122070312, "ROI_num": 567, "Signif_Avg": 4.713220596313477, "Pivot_Energy": 12643.1005859375, "Flux_Density": 1.934390317468327e-15, "Unc_Flux_Density": 6.837303419191508e-16, "Flux1000": 1.6436524363783178e-10, "Unc_Flux1000": 7.78414138702388e-11, "Energy_Flux100": 2.669458404325198e-12, "Unc_Energy_Flux100": 9.534262485413891e-13, "Signif_Curve": 2.683551073074341, "SpectrumType": "PowerLaw        ", "Spectral_Index": 1.545194149017334, "Unc_Spectral_Index": 0.2840116024017334, "beta": null, "Unc_beta": null, "Cutoff": null, "Unc_Cutoff": null, "Exp_Index": null, "Unc_Exp_Index": null, "PowerLaw_Index": 1.545194149017334, "Flux30_100": null, "Unc_Flux30_100": null, "nuFnu30_100": null, "Sqrt_TS30_100": null, "Flux100_300": 6.151109135932309e-12, "Unc_Flux100_300": [null, 6.517847594977866e-09], "nuFnu100_300": 1.5465627300407896e-15, "Sqrt_TS100_300": 0.0, "Flux300_1000": 2.1437474018171088e-10, "Unc_Flux300_1000": [null, 6.786577411155292e-10], "nuFnu300_1000": 1.5538996955485884e-13, "Sqrt_TS300_1000": 0.36276161670684814, "Flux1000_3000": 1.283954054187575e-10, "Unc_Flux1000_3000": [-9.019641283858348e-11, 1.0655706178530622e-10], "nuFnu1000_3000": 3.2282233526984006e-13, "Sqrt_TS1000_3000": 1.4967836141586304, "Flux3000_10000": 3.1514465516357948e-12, "Unc_Flux3000_10000": [null, 2.7899524704388945e-11], "nuFnu3000_10000": 2.2843323234508425e-14, "Sqrt_TS3000_10000": 0.0, "Flux10000_100000": 6.866089641288653e-11, "Unc_Flux10000_100000": [-2.227439413471366e-11, 2.935751641786055e-11], "nuFnu10000_100000": 1.4813910731784063e-12, "Sqrt_TS10000_100000": 6.101069927215576, "Variability_Index": 30.965085983276367, "Signif_Peak": null, "Flux_Peak": null, "Unc_Flux_Peak": null, "Time_Peak": null, "Peak_Interval": null, "Flux_History": [4.801847364177547e-09, 0.0, 1.4931542668961129e-09, 0.0, 3.353643140968643e-09, 0.0, 1.7143233499439248e-09, 2.0232076014536915e-09, 0.0, 3.849775609410244e-09, 1.0945327977296415e-09, 2.4276307630799465e-09, 0.0, 2.0210357831729198e-09, 2.917347252662239e-09, 0.0, 0.0, 0.0, 4.235226391813285e-09, 1.0900670366353893e-09, 0.0, 0.0, 0.0, 0.0, 0.0, 1.1797470778063257e-09, 0.0, 0.0, 1.3451670888287026e-09, 0.0, 0.0, 0.0, 0.0, 1.3251455488472175e-09, 0.0, 0.0, 0.0, 0.0, 0.0, 0.0, 0.0, 0.0, 3.3786426989479423e-09, 0.0, 0.0, 0.0, 0.0, 0.0], "Unc_Flux_History": [[-2.8536377705279392e-09, 3.915090029948942e-09], [null, 3.409997617609406e-09], [null, 3.762085309944041e-09], [null, 2.654401365376202e-09], [-2.0971706593542194e-09, 3.1011451184781436e-09], [null, 2.620927475049939e-09], [-1.216197254017004e-09, 2.2406230204552458e-09], [-1.5862512414699381e-09, 2.8966906651106683e-09], [null, 2.8596340850839397e-09], [-2.868584259019258e-09, 3.930229031112731e-09], [null, 2.8836499854634212e-09], [-1.4481197352367303e-09, 2.2904114160837707e-09], [null, 2.463607096103715e-09], [-1.5851996382210132e-09, 2.9457762895646056e-09], [-2.0172603587553795e-09, 3.945293425289265e-09], [null, 3.55940965590662e-09], [null, 3.4484470834428294e-09], [null, 3.88225007696974e-09], [-2.5096054123707745e-09, 3.754182298365549e-09], [null, 3.895150424426674e-09], [null, 3.7158887078447833e-09], [null, 5.23858956213985e-09], [null, 3.396778858189009e-09], [null, 4.520190000079083e-09], [null, 2.745208727006343e-09], [null, 3.9038123844648e-09], [null, 3.3757387996047328e-09], [null, 3.2536415783823713e-09], [null, 4.152865606954492e-09], [null, 3.3236886576304414e-09], [null, 2.978059576719261e-09], [null, 5.205727404700156e-09], [null, 4.376025319885457e-09], [null, 5.768371114101001e-09], [null, 3.4326834708053866e-09], [null, 3.225872680090447e-09], [null, 3.186797492560345e-09], [null, 4.47052839191997e-09], [null, 3.305370865902546e-09], [null, 3.528935810237499e-09], [null, 3.5151266342126064e-09], [null, 3.575913565256883e-09], [-2.380899921661239e-09, 4.156122113130323e-09], [null, 3.8514422762148115e-09], [null, 2.8940543295163934e-09], [null, 3.15193626754251e-09], [null, 4.773557549242469e-09], [null, 5.341222131249879e-09]], "Extended_Source_Name": "                  ", "0FGL_Name": "                 ", "1FGL_Name": "                  ", "2FGL_Name": "2FGL J1310.9+0036 ", "1FHL_Name": "1FHL J1310.9+0036 ", "ASSOC_GAM1": "               ", "ASSOC_GAM2": "              ", "ASSOC_GAM3": "               ", "TEVCAT_FLAG": "N", "ASSOC_TEV": "                     ", "CLASS1": "bll  ", "ASSOC1": "RX J1311.1+0035           ", "ASSOC2": "                          ", "Flags": 0, "source_id": 1593}