{"Source_Name": "3FGL J0310.8+3814 ", "RAJ2000": 47.70940017700195, "DEJ2000": 38.23740005493164, "GLON": 150.91485595703125, "GLAT": -16.94483184814453, "Conf_68_SemiMajor": 0.06598982214927673, "Conf_68_SemiMinor": 0.04859811067581177, "Conf_68_PosAng": -52.41999816894531, "Conf_95_SemiMajor": 0.10700000077486038, "Conf_95_SemiMinor": 0.07880000025033951, "Conf_95_PosAng": -52.41999816894531, "ROI_num": 678, "Signif_Avg": 8.643004417419434, "Pivot_Energy": 911.1771240234375, "Flux_Density": 9.970319925570181e-13, "Unc_Flux_Density": 1.3303140327606405e-13, "Flux1000": 5.58509460901746e-10, "Unc_Flux1000": 8.875822993248406e-11, "Energy_Flux100": 7.554234147943983e-12, "Unc_Energy_Flux100": 1.0271724876914634e-12, "Signif_Curve": 0.22151775658130646, "SpectrumType": "PowerLaw        ", "Spectral_Index": 2.423380136489868, "Unc_Spectral_Index": 0.10954894125461578, "beta": null, "Unc_beta": null, "Cutoff": null, "Unc_Cutoff": null, "Exp_Index": null, "Unc_Exp_Index": null, "PowerLaw_Index": 2.423380136489868, "Flux30_100": null, "Unc_Flux30_100": null, "nuFnu30_100": null, "Sqrt_TS30_100": null, "Flux100_300": 1.5185264601313975e-08, "Unc_Flux100_300": [-3.71493547035584e-09, 3.7174496814174063e-09], "nuFnu100_300": 3.502030046162452e-12, "Sqrt_TS100_300": 4.201907157897949, "Flux300_1000": 2.1441330932958635e-09, "Unc_Flux300_1000": [-5.516817003226038e-10, 5.679374193157116e-10], "nuFnu300_1000": 1.4016509307379632e-12, "Sqrt_TS300_1000": 4.082996368408203, "Flux1000_3000": 2.949953059605548e-10, "Unc_Flux1000_3000": [-9.711390719369106e-11, 1.0576116371563415e-10], "nuFnu1000_3000": 6.803190281089166e-13, "Sqrt_TS1000_3000": 3.453730344772339, "Flux3000_10000": 1.4125044189849945e-10, "Unc_Flux3000_10000": [-3.8870070356855635e-11, 4.489885546687944e-11], "nuFnu3000_10000": 9.233745495648704e-13, "Sqrt_TS3000_10000": 5.489001750946045, "Flux10000_100000": 1.6182213555260283e-11, "Unc_Flux10000_100000": [-1.0806887502934348e-11, 1.609916540357137e-11], "nuFnu10000_100000": 2.449395124660275e-13, "Sqrt_TS10000_100000": 1.8552483320236206, "Variability_Index": 101.9420166015625, "Signif_Peak": 5.478691577911377, "Flux_Peak": 7.730729834065642e-08, "Unc_Flux_Peak": 1.832594875850191e-08, "Time_Peak": 259055008.0, "Peak_Interval": 2630000.0, "Flux_History": [0.0, 0.0, 3.792709701855301e-09, 2.370092788694933e-09, 0.0, 4.031256750636203e-08, 3.9562703335604965e-08, 7.730729834065642e-08, 4.838089395775569e-08, 5.6289351846317004e-08, 0.0, 3.3771669905036106e-08, 2.2854504067026937e-08, 0.0, 0.0, 2.0769627795402812e-08, 3.649136459671354e-08, 2.0363909669640634e-08, 2.2109077235654695e-08, 7.34869374241498e-08, 0.0, 0.0, 0.0, 0.0, 3.0174354126444314e-09, 0.0, 1.2869506349488802e-08, 2.3401261373123816e-08, 2.4774957196882497e-08, 2.6476772774230994e-08, 2.158988365863479e-08, 0.0, 8.898196846018891e-09, 1.1785842524147938e-08, 1.3073157001386448e-09, 1.1095723451148842e-08, 5.2127355765207994e-09, 1.6392800006315156e-08, 1.640372104816379e-08, 1.1681112077610578e-08, 1.9947881568782577e-08, 2.9694081860043298e-08, 9.595096273073977e-09, 0.0, 3.6602172404087696e-09, 0.0, 1.0038744058249449e-08, 1.9042367682686745e-09], "Unc_Flux_History": [[null, 9.255480826197982e-09], [null, 6.9200476460196114e-09], [null, 1.4971485384762673e-08], [null, 1.471150401499699e-08], [null, 1.5901557404163214e-08], [-1.2513248215384465e-08, 1.4031640738210172e-08], [-1.5939729536285085e-08, 1.7321609036002883e-08], [-1.832594875850191e-08, 1.9804950568413915e-08], [-1.487559053714449e-08, 1.6173217431969533e-08], [-1.6701900307225515e-08, 1.8147870761708873e-08], [null, 1.45397489603738e-08], [-1.4530520786593115e-08, 1.6292785787186403e-08], [-1.2196136545128411e-08, 1.3909953189283897e-08], [null, 1.2237525659486437e-08], [null, 1.4458193753341675e-08], [-1.2624485457024548e-08, 1.5491572469272796e-08], [-1.3629630757350242e-08, 1.516025349701522e-08], [-1.3294584100265183e-08, 1.545038941230814e-08], [-1.0994322785506938e-08, 1.2575803509662364e-08], [-1.771838675779236e-08, 1.9083509883444094e-08], [null, 1.2603634580443668e-08], [null, 1.018434669930457e-08], [null, 1.356560108689564e-08], [null, 1.1979463643285726e-08], [null, 1.6021358462126045e-08], [null, 1.109513725339184e-08], [null, 1.4879259602196271e-08], [-1.227747059573403e-08, 1.380666514450013e-08], [-1.6504721145338408e-08, 1.7270577856720593e-08], [-1.5748668147352873e-08, 1.7160713738917366e-08], [-1.2490571243972681e-08, 1.4019863492364948e-08], [null, 1.2049039099792935e-08], [null, 1.2742972899104643e-08], [-1.0538763639544868e-08, 1.3405266230392954e-08], [null, 1.662887783027145e-08], [null, 1.5233593941843537e-08], [null, 1.1362244478618777e-08], [-1.1441923852828495e-08, 1.3864941195151914e-08], [-1.52309773682191e-08, 1.7250124884071738e-08], [null, 1.3453322011969249e-08], [-1.1906823971230551e-08, 1.4756207811217337e-08], [-1.578946040581286e-08, 1.72061653813671e-08], [null, 1.3278084409762414e-08], [null, 1.0655251792002218e-08], [null, 1.5108437168009914e-08], [null, 1.4383780388982359e-08], [-8.15593459435604e-09, 1.1050584447502843e-08], [null, 1.197074261938269e-08]], "Extended_Source_Name": "                  ", "0FGL_Name": "                 ", "1FGL_Name": "1FGL J0310.6+3812 ", "2FGL_Name": "2FGL J0310.7+3813 ", "1FHL_Name": "                  ", "ASSOC_GAM1": "               ", "ASSOC_GAM2": "              ", "ASSOC_GAM3": "               ", "TEVCAT_FLAG": "N", "ASSOC_TEV": "                     ", "CLASS1": "fsrq ", "ASSOC1": "B3 0307+380               ", "ASSOC2": "                          ", "Flags": 0, "source_id": 373}