{"Source_Name": "3FGL J0524.4+2839 ", "RAJ2000": 81.1240005493164, "DEJ2000": 28.654800415039062, "GLON": 177.735107421875, "GLAT": -4.045805931091309, "Conf_68_SemiMajor": 0.037188656628131866, "Conf_68_SemiMinor": 0.028307782486081123, "Conf_68_PosAng": -77.58000183105469, "Conf_95_SemiMajor": 0.06030000001192093, "Conf_95_SemiMinor": 0.045899998396635056, "Conf_95_PosAng": -77.58000183105469, "ROI_num": 230, "Signif_Avg": 9.19925594329834, "Pivot_Energy": 2787.829833984375, "Flux_Density": 1.1489595353689902e-13, "Unc_Flux_Density": 1.6829040331428624e-14, "Flux1000": 8.972971810017327e-10, "Unc_Flux1000": 1.323782472528734e-10, "Energy_Flux100": 1.0029512810538765e-11, "Unc_Energy_Flux100": 1.52294127829522e-12, "Signif_Curve": 0.3328265845775604, "SpectrumType": "PowerLaw        ", "Spectral_Index": 2.124197244644165, "Unc_Spectral_Index": 0.11065318435430527, "beta": null, "Unc_beta": null, "Cutoff": null, "Unc_Cutoff": null, "Exp_Index": null, "Unc_Exp_Index": null, "PowerLaw_Index": 2.124197244644165, "Flux30_100": null, "Unc_Flux30_100": null, "nuFnu30_100": null, "Sqrt_TS30_100": null, "Flux100_300": 8.455264932649698e-09, "Unc_Flux100_300": [-6.509717653813141e-09, 6.782644668135163e-09], "nuFnu100_300": 2.0071385959524735e-12, "Sqrt_TS100_300": 1.2901747226715088, "Flux300_1000": 1.8269012969085452e-09, "Unc_Flux300_1000": [-8.491476966021594e-10, 8.811707474798425e-10], "nuFnu300_1000": 1.236120038793087e-12, "Sqrt_TS300_1000": 2.1780078411102295, "Flux1000_3000": 6.008856190398149e-10, "Unc_Flux1000_3000": [-1.596381360435828e-10, 1.696420504071483e-10], "nuFnu1000_3000": 1.4264020737134175e-12, "Sqrt_TS1000_3000": 4.234809398651123, "Flux3000_10000": 2.238165763834843e-10, "Unc_Flux3000_10000": [-5.2423298341208735e-11, 5.86434581451023e-11], "nuFnu3000_10000": 1.5143902841810442e-12, "Sqrt_TS3000_10000": 6.2657790184021, "Flux10000_100000": 6.868592500319792e-11, "Unc_Flux10000_100000": [-2.2105943811578932e-11, 2.7801136393001968e-11], "nuFnu10000_100000": 1.1631803376391248e-12, "Sqrt_TS10000_100000": 5.831788063049316, "Variability_Index": 53.24143600463867, "Signif_Peak": null, "Flux_Peak": null, "Unc_Flux_Peak": null, "Time_Peak": null, "Peak_Interval": null, "Flux_History": [0.0, 1.4993597474699527e-08, 1.8960122361022513e-08, 1.2526807147139607e-08, 3.804830583931107e-08, 2.0241280651589477e-08, 1.2436094376511164e-09, 3.8070293584269166e-08, 1.4440870721443844e-08, 1.0368792935366855e-08, 1.4809636850188213e-10, 2.6587423818114075e-08, 0.0, 2.998394776909663e-08, 8.496112258171706e-09, 1.514973391181229e-08, 2.994616110640891e-08, 0.0, 2.3396610870918266e-08, 1.533013893606494e-08, 0.0, 0.0, 0.0, 2.9309138227517906e-08, 0.0, 2.3106322188937156e-08, 1.3297241530096926e-08, 1.2113082092923833e-08, 1.1300935298663717e-08, 2.9521685096511874e-09, 1.78282064666746e-08, 1.0753456791690041e-08, 2.2315941095030212e-08, 0.0, 0.0, 9.509263376727972e-10, 0.0, 0.0, 2.564877554789291e-08, 3.0653957594495296e-08, 3.512089064017232e-09, 1.4080154819851032e-08, 1.855666909023057e-08, 1.8797312151264123e-08, 9.725135363680693e-09, 2.3293360129628127e-08, 0.0, 0.0], "Unc_Flux_History": [[null, 1.0105750014588466e-08], [-1.1230202545675638e-08, 1.3378760321813843e-08], [-1.2971923979421263e-08, 1.5438638811815508e-08], [-1.0125916105607757e-08, 1.2495457113459452e-08], [-1.3815382615689487e-08, 1.6291918925048776e-08], [-9.897237696065986e-09, 1.1758928941674185e-08], [null, 1.1849766501370596e-08], [-1.5503060168953198e-08, 1.7779775873805193e-08], [-9.776000453598499e-09, 1.2616999001124896e-08], [null, 1.3702486256761404e-08], [null, 1.1963141588466897e-08], [-1.4980805929099006e-08, 1.7546589958783443e-08], [null, 1.1083066908668116e-08], [-1.4557651972779695e-08, 1.7069874402864116e-08], [null, 1.5390016372407445e-08], [-1.4977702633700574e-08, 1.7451618816721748e-08], [-1.4115521196345071e-08, 1.6497882171506717e-08], [null, 1.1230599561429244e-08], [-1.323905785000079e-08, 1.634931123817296e-08], [-1.3503451690155543e-08, 1.67175215892712e-08], [null, 1.0404042960487914e-08], [null, 1.2208642985456208e-08], [null, 1.2516946590324096e-08], [-1.3899831508012994e-08, 1.6230112365178684e-08], [null, 1.666302829050892e-08], [-1.0751719514701108e-08, 1.3225187167620334e-08], [-8.468048484644441e-09, 1.245393566051689e-08], [-7.695804882246193e-09, 1.1036298985800386e-08], [-1.0965601759949095e-08, 1.4382923296807348e-08], [null, 1.7013329411952327e-08], [-1.4642512979889943e-08, 1.705783425620666e-08], [-8.276740182111553e-09, 1.3157131384389231e-08], [-1.0433069519422133e-08, 1.251068670882205e-08], [null, 1.575327068792376e-08], [null, 1.1147843537173685e-08], [null, 1.7357065118517312e-08], [null, 1.23362058346288e-08], [null, 1.157744211610634e-08], [-1.6277253322982688e-08, 1.879050870456922e-08], [-1.3743586713133027e-08, 1.6241223477209132e-08], [null, 1.0372899872379548e-08], [-8.471865875492313e-09, 1.1700514335188927e-08], [-1.1245261610781654e-08, 1.4232258038759937e-08], [-1.067266008902834e-08, 1.3221742811708737e-08], [-6.920277684230314e-09, 1.086349321610669e-08], [-1.1328723736880875e-08, 1.4975277906614792e-08], [null, 1.6321102691563283e-08], [null, 8.435834253361918e-09]], "Extended_Source_Name": "                  ", "0FGL_Name": "                 ", "1FGL_Name": "1FGL J0524.1+2842 ", "2FGL_Name": "2FGL J0524.1+2843 ", "1FHL_Name": "                  ", "ASSOC_GAM1": "               ", "ASSOC_GAM2": "              ", "ASSOC_GAM3": "               ", "TEVCAT_FLAG": "N", "ASSOC_TEV": "                     ", "CLASS1": "     ", "ASSOC1": "                          ", "ASSOC2": "                          ", "Flags": 4, "catalog_row_index": 593}