{"Source_Name": "3FGL J2309.6-3633 ", "RAJ2000": 347.4153137207031, "DEJ2000": -36.561798095703125, "GLON": 2.9081711769104004, "GLAT": -66.51155853271484, "Conf_68_SemiMajor": 0.030219636857509613, "Conf_68_SemiMinor": 0.0281844362616539, "Conf_68_PosAng": -77.20999908447266, "Conf_95_SemiMajor": 0.04899999871850014, "Conf_95_SemiMinor": 0.04569999873638153, "Conf_95_PosAng": -77.20999908447266, "ROI_num": 532, "Signif_Avg": 9.279208183288574, "Pivot_Energy": 3076.921875, "Flux_Density": 4.792044853377947e-14, "Unc_Flux_Density": 7.962092763531478e-15, "Flux1000": 4.420836474672285e-10, "Unc_Flux1000": 7.348464892142914e-11, "Energy_Flux100": 5.255810543725037e-12, "Unc_Energy_Flux100": 9.539538213185206e-13, "Signif_Curve": 0.3435339629650116, "SpectrumType": "PowerLaw        ", "Spectral_Index": 1.8544026613235474, "Unc_Spectral_Index": 0.12242330610752106, "beta": null, "Unc_beta": null, "Cutoff": null, "Unc_Cutoff": null, "Exp_Index": null, "Unc_Exp_Index": null, "PowerLaw_Index": 1.8544026613235474, "Flux30_100": null, "Unc_Flux30_100": null, "nuFnu30_100": null, "Sqrt_TS30_100": null, "Flux100_300": 8.14109846203337e-09, "Unc_Flux100_300": [-2.32872454652977e-09, 2.373471863492682e-09], "nuFnu100_300": 1.9846925752159406e-12, "Sqrt_TS100_300": 3.536313533782959, "Flux300_1000": 8.937366402506086e-10, "Unc_Flux300_1000": [-3.1373806330670106e-10, 3.3202154914313553e-10], "nuFnu300_1000": 6.242891945583418e-13, "Sqrt_TS300_1000": 3.0781450271606445, "Flux1000_3000": 2.3107216140516584e-10, "Unc_Flux1000_3000": [-6.835972066188134e-11, 7.804259322119478e-11], "nuFnu1000_3000": 5.633235306175266e-13, "Sqrt_TS1000_3000": 4.224277496337891, "Flux3000_10000": 1.5544056319871657e-10, "Unc_Flux3000_10000": [-3.8351648246059966e-11, 4.388276894640164e-11], "nuFnu3000_10000": 1.0857769761410396e-12, "Sqrt_TS3000_10000": 6.513979434967041, "Flux10000_100000": 4.2469149724722044e-11, "Unc_Flux10000_100000": [-1.6737220984164303e-11, 2.2105300229169345e-11], "nuFnu10000_100000": 8.028429266879189e-13, "Sqrt_TS10000_100000": 5.673576831817627, "Variability_Index": 59.83103561401367, "Signif_Peak": null, "Flux_Peak": null, "Unc_Flux_Peak": null, "Time_Peak": null, "Peak_Interval": null, "Flux_History": [5.8049685058847444e-09, 0.0, 1.9941722939620377e-08, 6.851965661525128e-09, 7.408421875965132e-09, 9.224010888431167e-09, 6.691750265019891e-09, 0.0, 1.2255136461192251e-08, 0.0, 0.0, 6.239381233896779e-10, 5.681130677004376e-09, 4.626742100555248e-09, 0.0, 5.599198438233088e-09, 0.0, 8.360532710582902e-09, 7.009048452744082e-09, 0.0, 6.630372695326514e-09, 8.42925196309352e-09, 9.27565402264463e-09, 0.0, 9.907559217481321e-09, 5.375614620106717e-09, 0.0, 1.2894562084753147e-09, 6.843855260285636e-09, 4.417938015421896e-09, 3.9175104826760787e-10, 0.0, 1.0032850106256319e-08, 5.289554572129873e-09, 0.0, 0.0, 0.0, 0.0, 5.799569269271387e-09, 2.369178186967247e-09, 4.021980970492223e-09, 3.915526125553015e-09, 8.675126728086013e-10, 4.395858343997361e-09, 0.0, 0.0, 0.0, 5.270642255972291e-10], "Unc_Flux_History": [[-3.4285068117867468e-09, 4.73374539566862e-09], [null, 4.432711531165978e-09], [-6.313365386034775e-09, 7.2094863412530685e-09], [-4.251977880898039e-09, 5.659988477901834e-09], [-4.466226055654943e-09, 5.855713691715891e-09], [-5.858908469491553e-09, 6.893472015434554e-09], [-3.191671815727659e-09, 4.3168495444945165e-09], [null, 5.2584985255066385e-09], [-6.110132400038992e-09, 7.360765774677702e-09], [null, 5.576392680950448e-09], [null, 3.1876252748475054e-09], [null, 5.623004728505521e-09], [-3.308765705867245e-09, 4.459529634459614e-09], [-3.1804485711717234e-09, 5.760603993820723e-09], [null, 4.9519637279615836e-09], [-4.000421771621632e-09, 5.50246070929461e-09], [null, 4.331018210734783e-09], [-3.801851278240065e-09, 5.0016040198386236e-09], [-3.564850858950308e-09, 4.901404615509364e-09], [null, 3.911651891286283e-09], [-4.1243661819123645e-09, 5.789237089715016e-09], [-4.608398551653181e-09, 5.633475019806156e-09], [-6.824778520098107e-09, 8.174745325106869e-09], [null, 2.748173910660512e-09], [-4.92798424289731e-09, 6.152985232432684e-09], [-3.489887046015383e-09, 5.327786212205865e-09], [null, 4.622714211421908e-09], [null, 6.750834113944393e-09], [-4.382624485543829e-09, 5.414564352435036e-09], [-3.3902727292201007e-09, 5.439825478958937e-09], [null, 5.222403398619235e-09], [null, 5.397755575842211e-09], [-5.561106686258199e-09, 7.234997934091325e-09], [-3.0994715682908236e-09, 4.239114836934732e-09], [null, 3.6159792937695556e-09], [null, 4.6610617587816705e-09], [null, 6.760228821178771e-09], [null, 3.885404886716515e-09], [-3.5340443904630092e-09, 5.061855379295821e-09], [null, 4.557048516318218e-09], [-2.524457753949605e-09, 3.7172394051765423e-09], [-2.9231004283758466e-09, 5.037775085980911e-09], [null, 4.446276236080848e-09], [-3.1352278551111112e-09, 4.755972060621616e-09], [null, 2.9253164335329984e-09], [null, 3.5645979501452985e-09], [null, 5.5090993988926584e-09], [null, 5.552430515365359e-09]], "Extended_Source_Name": "                  ", "0FGL_Name": "                 ", "1FGL_Name": "1FGL J2310.0-3627 ", "2FGL_Name": "2FGL J2309.8-3627 ", "1FHL_Name": "                  ", "ASSOC_GAM1": "               ", "ASSOC_GAM2": "              ", "ASSOC_GAM3": "               ", "TEVCAT_FLAG": "N", "ASSOC_TEV": "                     ", "CLASS1": "bcu  ", "ASSOC1": "1RXS J230940.6-363241     ", "ASSOC2": "                          ", "Flags": 0, "source_id": 2937}