{"Source_Name": "3FGL J1303.7-4619 ", "RAJ2000": 195.94679260253906, "DEJ2000": -46.318599700927734, "GLON": 305.15576171875, "GLAT": 16.499773025512695, "Conf_68_SemiMajor": 0.06185774505138397, "Conf_68_SemiMinor": 0.044651057571172714, "Conf_68_PosAng": 0.029999999329447746, "Conf_95_SemiMajor": 0.10029999911785126, "Conf_95_SemiMinor": 0.07240000367164612, "Conf_95_PosAng": 0.029999999329447746, "ROI_num": 338, "Signif_Avg": 9.431650161743164, "Pivot_Energy": 914.6744384765625, "Flux_Density": 1.1611819361947995e-12, "Unc_Flux_Density": 1.4174979820567174e-13, "Flux1000": 6.742212343979759e-10, "Unc_Flux1000": 9.756655205972464e-11, "Energy_Flux100": 8.82143316727202e-12, "Unc_Energy_Flux100": 1.0844097972015354e-12, "Signif_Curve": 0.4795816242694855, "SpectrumType": "PowerLaw        ", "Spectral_Index": 2.3898274898529053, "Unc_Spectral_Index": 0.0971292033791542, "beta": null, "Unc_beta": null, "Cutoff": null, "Unc_Cutoff": null, "Exp_Index": null, "Unc_Exp_Index": null, "PowerLaw_Index": 2.3898274898529053, "Flux30_100": null, "Unc_Flux30_100": null, "nuFnu30_100": null, "Sqrt_TS30_100": null, "Flux100_300": 1.6834551530564568e-08, "Unc_Flux100_300": [-3.83290599259567e-09, 3.884527366437851e-09], "nuFnu100_300": 3.894837143775254e-12, "Sqrt_TS100_300": 4.490523815155029, "Flux300_1000": 2.610578864192803e-09, "Unc_Flux300_1000": [-5.821813031658962e-10, 5.982606632315424e-10], "nuFnu300_1000": 1.713079548007479e-12, "Sqrt_TS300_1000": 4.760658264160156, "Flux1000_3000": 6.174844524586831e-10, "Unc_Flux1000_3000": [-1.2260355231052955e-10, 1.3033767121140016e-10], "nuFnu1000_3000": 1.4286102682781188e-12, "Sqrt_TS1000_3000": 6.173190593719482, "Flux3000_10000": 9.583008692137795e-11, "Unc_Flux3000_10000": [-3.2299000279900625e-11, 3.8501053040151945e-11], "nuFnu3000_10000": 6.28843548414193e-13, "Sqrt_TS3000_10000": 4.166352272033691, "Flux10000_100000": 1.5434332631403258e-11, "Unc_Flux10000_100000": [-1.1246774345163857e-11, 1.7766496607229953e-11], "nuFnu10000_100000": 2.364372261344505e-13, "Sqrt_TS10000_100000": 1.7365460395812988, "Variability_Index": 73.14965057373047, "Signif_Peak": 4.721808910369873, "Flux_Peak": 6.134063568197234e-08, "Unc_Flux_Peak": 1.6188826279517343e-08, "Time_Peak": 256424992.0, "Peak_Interval": 2630000.0, "Flux_History": [2.9556810332564964e-08, 1.9574468268501732e-08, 3.06787093506955e-08, 5.561183513691503e-09, 0.0, 3.124094760664775e-08, 6.134063568197234e-08, 3.5855826752140274e-08, 1.7368162019693045e-08, 0.0, 1.4148544558167941e-09, 2.400004284197621e-08, 0.0, 0.0, 8.174799503990471e-09, 2.725610492859687e-08, 1.2767546131442487e-08, 2.6605638581145286e-08, 6.344562653026742e-09, 1.7682172170907506e-08, 4.158598088110921e-08, 4.839128564526618e-08, 2.8416476283155134e-08, 8.094000136793511e-09, 9.019944791077705e-09, 0.0, 0.0, 0.0, 0.0, 1.0641196368510464e-08, 0.0, 0.0, 1.4779564239120191e-08, 2.314428648730882e-09, 0.0, 2.5296843730870933e-08, 1.3486589622857537e-08, 6.7780483448132145e-09, 8.967127484993398e-09, 6.941484276268284e-09, 2.2927926224269868e-08, 5.934683411368269e-09, 5.314407403034238e-08, 2.5681540449795648e-08, 2.5667248326755043e-09, 2.251181463464036e-08, 3.5686589683336933e-08, 1.155129059071669e-08], "Unc_Flux_History": [[-1.5018867927096835e-08, 1.74518195450446e-08], [-1.3275686328029224e-08, 1.6268904445837507e-08], [-1.5422413568444426e-08, 1.7217169911987185e-08], [null, 1.4165380868291777e-08], [null, 1.4087895294778718e-08], [-1.4559594418983579e-08, 1.66764131392938e-08], [-1.6188826279517343e-08, 1.7578033251197667e-08], [-1.5871641778630874e-08, 1.8199731499635163e-08], [-1.0335869937705411e-08, 1.3346618032983315e-08], [null, 1.1941899913381349e-08], [null, 1.7685580999682315e-08], [-1.2381426550689412e-08, 1.4471145171057742e-08], [null, 1.3750280913882307e-08], [null, 1.264414350998777e-08], [null, 1.7279392139357697e-08], [-1.2146228911547041e-08, 1.4113121338255041e-08], [null, 1.4865747743897373e-08], [-1.459534271219809e-08, 1.6797415014480066e-08], [null, 1.0561110208584523e-08], [-1.4781340595959591e-08, 1.6127158275480724e-08], [-1.3517487573722065e-08, 1.4165466133420068e-08], [-1.766919055512517e-08, 1.948352235103812e-08], [-1.2771343094186705e-08, 1.4403772397031389e-08], [null, 1.5518255125357427e-08], [null, 1.381744585415845e-08], [null, 1.0448501619464423e-08], [null, 1.2211146760421343e-08], [null, 1.1326272364442502e-08], [null, 1.5610130077448048e-08], [null, 1.2885670308548924e-08], [null, 9.525637167939749e-09], [null, 1.3482245542206783e-08], [-1.2349091527141809e-08, 1.4877344689523397e-08], [null, 2.1056434817978698e-08], [null, 7.820196046282035e-09], [-1.5414089560294997e-08, 1.8581031824282945e-08], [-9.906977460616417e-09, 1.2605696042555792e-08], [null, 1.4105152601473492e-08], [null, 1.5239526973687134e-08], [null, 1.3554807054561024e-08], [-1.313924524737331e-08, 1.6712851547140417e-08], [null, 1.0738101963170266e-08], [-1.7783179373509483e-08, 1.969982044158769e-08], [-1.8059280293414304e-08, 1.884180633737742e-08], [null, 1.575581265456094e-08], [-1.1471148475550308e-08, 1.531376092600567e-08], [-1.2469089760713814e-08, 1.3836198853311998e-08], [null, 1.650122349872163e-08]], "Extended_Source_Name": "                  ", "0FGL_Name": "                 ", "1FGL_Name": "1FGL J1304.0-4622 ", "2FGL_Name": "2FGL J1303.5-4622 ", "1FHL_Name": "                  ", "ASSOC_GAM1": "               ", "ASSOC_GAM2": "              ", "ASSOC_GAM3": "               ", "TEVCAT_FLAG": "N", "ASSOC_TEV": "                     ", "CLASS1": "fsrq ", "ASSOC1": "PMN J1303-4621            ", "ASSOC2": "                          ", "Flags": 0, "catalog_row_index": 1569}