{"Source_Name": "3FHL J2156.4-0036 ", "RAJ2000": 329.1090087890625, "DEJ2000": -0.6149818301200867, "GLON": 57.752681732177734, "GLAT": -40.37199020385742, "Conf_95_SemiMajor": 0.06747320294380188, "Conf_95_SemiMinor": 0.06747320294380188, "Conf_95_PosAng": null, "ROI_num": 435, "Signif_Avg": 4.606869697570801, "Pivot_Energy": 20.906347274780273, "Flux_Density": 8.142116538281674e-13, "Unc_Flux_Density": 3.1694446871698145e-13, "Flux": 3.4136783677585214e-11, "Unc_Flux": 1.3305198956481412e-11, "Energy_Flux": 1.5703299121108683e-12, "Unc_Energy_Flux": 9.105251275176585e-13, "Signif_Curve": 1.993808627128601, "SpectrumType": "PowerLaw   ", "Spectral_Index": 1.7419991493225098, "Unc_Spectral_Index": 0.7139153480529785, "beta": 0.9999629855155945, "Unc_beta": 0.007538554258644581, "PowerLaw_Index": 2.429239273071289, "Unc_PowerLaw_Index": 0.5045750141143799, "Flux_Band": [1.3730996374639037e-11, 2.09903032455383e-11, 1.4658582664856137e-19, 8.655690721648786e-18, 1.3338596358456928e-21], "Unc_Flux_Band": [[-7.658510978170163e-12, 1.0662904587066535e-11], [-8.529314407534905e-12, 1.130115792613573e-11], [null, 5.565845093841171e-12], [null, 5.513759587794098e-12], [null, 6.234627397683212e-12]], "nuFnu": [4.3254858245536654e-13, 1.0885159960893898e-12, 1.6893406252593915e-20, 2.8273006453692578e-18, 1.3348828073724262e-21], "Sqrt_TS_Band": [2.4997551441192627, 5.359167575836182, 0.0, 0.0, 0.0], "Npred": 9.125933647155762, "HEP_Energy": 31.385799407958984, "HEP_Prob": 0.9787901639938354, "Variability_BayesBlocks": 1, "Extended_Source_Name": "                  ", "ASSOC_GAM": "                  ", "TEVCAT_FLAG": "N", "ASSOC_TEV": "                     ", "CLASS": "fsrq   ", "ASSOC1": "PKS 2153-008              ", "ASSOC2": "                          ", "ASSOC_PROB_BAY": 0.9971032738685608, "ASSOC_PROB_LR": 0.933477520942688, "Redshift": null, "NuPeak_obs": 4168692793344.0, "catalog_row_index": 1440}