{"Source_Name": "3FGL J1625.1-0021 ", "RAJ2000": 246.27940368652344, "DEJ2000": -0.358599990606308, "GLON": 13.880846977233887, "GLAT": 31.837814331054688, "Conf_68_SemiMajor": 0.023127274587750435, "Conf_68_SemiMinor": 0.022572219371795654, "Conf_68_PosAng": 60.779998779296875, "Conf_95_SemiMajor": 0.03750000149011612, "Conf_95_SemiMinor": 0.03660000115633011, "Conf_95_PosAng": 60.779998779296875, "ROI_num": 724, "Signif_Avg": 28.53297233581543, "Pivot_Energy": 1163.74560546875, "Flux_Density": 3.2460093640773735e-12, "Unc_Flux_Density": 2.0547558337961902e-13, "Flux1000": 3.5696414713015656e-09, "Unc_Flux1000": 2.118066555478748e-10, "Energy_Flux100": 1.838043432733638e-11, "Unc_Energy_Flux100": 1.2637400891371553e-12, "Signif_Curve": 9.692909240722656, "SpectrumType": "LogParabola     ", "Spectral_Index": 1.6635656356811523, "Unc_Spectral_Index": 0.1169290542602539, "beta": 0.5125334858894348, "Unc_beta": 0.08809822052717209, "Cutoff": null, "Unc_Cutoff": null, "Exp_Index": null, "Unc_Exp_Index": null, "PowerLaw_Index": 2.0509750843048096, "Flux30_100": null, "Unc_Flux30_100": null, "nuFnu30_100": null, "Sqrt_TS30_100": null, "Flux100_300": 6.119463602516362e-09, "Unc_Flux100_300": [-1.899798984794643e-09, 1.987474185227711e-09], "nuFnu100_300": 1.7847393484968221e-12, "Sqrt_TS100_300": 3.2701714038848877, "Flux300_1000": 3.986163399360976e-09, "Unc_Flux300_1000": [-5.232478339500801e-10, 5.420632276376125e-10], "nuFnu300_1000": 3.1235500297377428e-12, "Sqrt_TS300_1000": 8.889178276062012, "Flux1000_3000": 3.1579623360755704e-09, "Unc_Flux1000_3000": [-2.1888893475541238e-10, 2.1888893475541238e-10], "nuFnu1000_3000": 7.535519083723408e-12, "Sqrt_TS1000_3000": 22.894014358520508, "Flux3000_10000": 6.634862659282703e-10, "Unc_Flux3000_10000": [-7.945833574440897e-11, 8.576279270089415e-11], "nuFnu3000_10000": 3.9728016883178174e-12, "Sqrt_TS3000_10000": 15.087329864501953, "Flux10000_100000": 9.376528199711576e-12, "Unc_Flux10000_100000": [-6.924684783915502e-12, 1.3373918292258757e-11], "nuFnu10000_100000": 8.687596134019163e-14, "Sqrt_TS10000_100000": 1.9620782136917114, "Variability_Index": 37.31003952026367, "Signif_Peak": null, "Flux_Peak": null, "Unc_Flux_Peak": null, "Time_Peak": null, "Peak_Interval": null, "Flux_History": [1.0320643895056492e-08, 1.4182776730820024e-08, 1.2928198067641006e-08, 1.659736170722681e-08, 9.532551636937114e-09, 1.1349282402761673e-08, 7.597909856826845e-09, 1.960942697110113e-08, 7.017033620826396e-09, 7.759792808315069e-09, 8.100082382611618e-09, 7.869097373713885e-09, 9.756857544118702e-09, 8.674805762609594e-09, 8.948867424862783e-09, 2.1185908138932064e-08, 9.774975495702165e-09, 1.5549577625506572e-08, 9.17492570806644e-09, 1.4283232374623367e-08, 6.513793060491935e-09, 1.3471224136196724e-08, 1.0722430943133077e-08, 1.0029819641488302e-08, 1.5642237727320207e-08, 1.6378091771684922e-08, 1.7809240304700324e-08, 6.153994647206673e-09, 1.0724156673802554e-08, 1.0878308032147288e-08, 1.2761711687403476e-08, 9.53845979978496e-09, 1.06836228752627e-08, 1.3465649040256267e-08, 5.181235884776925e-09, 1.0966883401408722e-08, 1.3309239044190235e-08, 7.028353454785474e-09, 1.0992761367845105e-08, 1.7107902650081996e-08, 2.0045478166252906e-08, 1.0129175720408057e-08, 5.515578216375161e-09, 1.3161987055809732e-08, 1.3088395256488639e-08, 1.3609342985887452e-08, 1.0015336115998252e-08, 1.246762071360763e-08], "Unc_Flux_History": [[-3.4540970084151468e-09, 4.061682989942028e-09], [-3.850001206728848e-09, 4.391049746033104e-09], [-3.3156624112962163e-09, 3.787674618394021e-09], [-4.109870666013649e-09, 4.664256092468122e-09], [-3.0295395081481047e-09, 3.491531286314853e-09], [-3.73706177114741e-09, 4.2967389646264564e-09], [-2.7701314575523384e-09, 3.3377423047653565e-09], [-4.305619860645038e-09, 4.854171731238921e-09], [-3.17095127932987e-09, 3.755851629705376e-09], [-2.9679019242223603e-09, 3.555864491744387e-09], [-3.2868638921712545e-09, 3.972744799796146e-09], [-2.5979560724920248e-09, 3.0820674901121947e-09], [-3.1958284907318557e-09, 3.785957769508741e-09], [-3.517102831196439e-09, 4.153189347988473e-09], [-3.307008888953078e-09, 3.9759959769014586e-09], [-5.685466764049352e-09, 6.398153118425398e-09], [-3.788777735991289e-09, 4.48077708270489e-09], [-4.707974898821021e-09, 5.496663124660017e-09], [-3.977270512933728e-09, 4.738210268584453e-09], [-4.2404462163858625e-09, 4.966152822305503e-09], [-3.5683858090607146e-09, 4.477704429461937e-09], [-4.335988013082215e-09, 4.9331831952770244e-09], [-4.024340416464156e-09, 4.761274929876436e-09], [-3.353000321837385e-09, 4.009183207642764e-09], [-4.856166135880358e-09, 5.52959056321356e-09], [-4.962263489005636e-09, 5.615062192987352e-09], [-5.209665587813106e-09, 5.943366687688467e-09], [-3.252419000787654e-09, 4.057993052697384e-09], [-3.822261174235564e-09, 4.5736849862976214e-09], [-3.982150165171561e-09, 4.537533015991357e-09], [-3.920484825670201e-09, 4.608196935151909e-09], [-3.6341916143101116e-09, 4.5268051529490094e-09], [-4.250920504489386e-09, 5.094233923585989e-09], [-4.622874083537454e-09, 5.548792980647477e-09], [-2.8916964378566945e-09, 3.761893019316176e-09], [-4.1368797276675195e-09, 4.735122072219156e-09], [-4.4568149171198e-09, 5.282878134948987e-09], [-3.627262934458031e-09, 4.523468266626196e-09], [-5.015938331354164e-09, 5.806845670974781e-09], [-4.147414411903583e-09, 4.6810599840796385e-09], [-5.41283640131951e-09, 6.1489937586145516e-09], [-3.5181646484971907e-09, 4.172078682529445e-09], [-2.8378002170370564e-09, 3.5673706211269973e-09], [-4.484299154228211e-09, 5.196832741916069e-09], [-3.849648599896227e-09, 4.425532384999542e-09], [-4.473585946129788e-09, 5.334787278599151e-09], [-3.614156751652331e-09, 4.28023039233949e-09], [-4.5977346374570516e-09, 5.4320947739938674e-09]], "Extended_Source_Name": "                  ", "0FGL_Name": "                 ", "1FGL_Name": "1FGL J1625.3-0019 ", "2FGL_Name": "2FGL J1625.2-0020 ", "1FHL_Name": "                  ", "ASSOC_GAM1": "               ", "ASSOC_GAM2": "              ", "ASSOC_GAM3": "               ", "TEVCAT_FLAG": "N", "ASSOC_TEV": "                     ", "CLASS1": "     ", "ASSOC1": "                          ", "ASSOC2": "                          ", "Flags": 0, "catalog_row_index": 1989}