{"source_id": 81, "common_name": "SNR G327.1-1.1", "gamma_names": "HESS J1554-550", "fermi_names": "", "other_names": "SNR G327.1-01.1", "where": "gal", "classes": "pwn", "discoverer": "hess", "seen_by": "hess", "discovery_date": "2012-01", "tevcat_id": 235, "tevcat2_id": "Xq3nlo", "tevcat_name": "TeV J1554-550", "tgevcat_id": 81, "tgevcat_name": "TeV J1554-5505", "reference_id": "2011ICRC....7..185A", "significance": 8.0, "livetime": 45.0, "ra": 238.63461303710938, "dec": -55.062259674072266, "glon": 327.1656799316406, "glat": -1.0492522716522217, "pos_ra": 238.64999389648438, "pos_dec": -55.084720611572266, "pos_glon": 327.1581115722656, "pos_glat": -1.072167158126831, "pos_err": null, "morph_type": "gauss", "morph_sigma": 0.029999999329447746, "morph_sigma_err": 0.009999999776482582, "morph_sigma2": null, "morph_sigma2_err": null, "morph_pa": null, "morph_pa_err": null, "morph_pa_frame": "", "spec_type": "pl", "spec_pl_norm": 1.700000004049157e-13, "spec_pl_norm_err": 2.99999994735501e-14, "spec_pl_norm_err_sys": 3.99999992980668e-14, "spec_pl_index": 2.0999999046325684, "spec_pl_index_err": 0.20000000298023224, "spec_pl_index_err_sys": 0.20000000298023224, "spec_pl_e_ref": 1.3899999856948853, "spec_pl2_flux": null, "spec_pl2_flux_err": null, "spec_pl2_flux_err_sys": null, "spec_pl2_index": null, "spec_pl2_index_err": null, "spec_pl2_index_err_sys": null, "spec_pl2_e_min": null, "spec_pl2_e_max": null, "spec_ecpl_norm": null, "spec_ecpl_norm_err": null, "spec_ecpl_norm_err_sys": null, "spec_ecpl_index": null, "spec_ecpl_index_err": null, "spec_ecpl_index_err_sys": null, "spec_ecpl_e_cut": null, "spec_ecpl_e_cut_err": null, "spec_ecpl_e_cut_err_sys": null, "spec_ecpl_e_ref": null, "spec_erange_min": null, "spec_erange_max": null, "spec_theta": 0.10000000149011612, "spec_dnde_1TeV": 3.3945326475930127e-13, "spec_dnde_1TeV_err": 6.393943398829913e-14, "spec_flux_1TeV": 3.0859380805922654e-13, "spec_flux_1TeV_err": 6.516214976458323e-14, "spec_flux_1TeV_crab": 1.4875980615615845, "spec_flux_1TeV_crab_err": 0.31411871314048767, "spec_eflux_1TeV_10TeV": 1.1185748508002469e-12, "spec_eflux_1TeV_10TeV_err": 2.631472242799887e-13, "sed_reference_id": "2011ICRC....7..185A", "sed_n_points": 6, "sed_n_ul": 0, "sed_e_ref": [0.5156289935112, 1.0059399604797363, 2.1275899410247803, 4.527939796447754, 9.795610427856445, 21.014299392700195, null, null, null, null, null, null, null, null, null, null, null, null, null, null, null, null, null, null, null, null, null, null, null, null, null, null, null, null, null, null, null, null, null, null], "sed_e_min": [null, null, null, null, null, null, null, null, null, null, null, null, null, null, null, null, null, null, null, null, null, null, null, null, null, null, null, null, null, null, null, null, null, null, null, null, null, null, null, null], "sed_e_max": [null, null, null, null, null, null, null, null, null, null, null, null, null, null, null, null, null, null, null, null, null, null, null, null, null, null, null, null, null, null, null, null, null, null, null, null, null, null, null, null], "sed_dnde": [1.4448499905186929e-12, 3.2468101015918627e-13, 7.452170120141738e-14, 7.670620256051801e-15, 2.6658100436859934e-15, 7.199299889859578e-16, null, null, null, null, null, null, null, null, null, null, null, null, null, null, null, null, null, null, null, null, null, null, null, null, null, null, null, null, null, null, null, null, null, null], "sed_dnde_err": [null, null, null, null, null, null, null, null, null, null, null, null, null, null, null, null, null, null, null, null, null, null, null, null, null, null, null, null, null, null, null, null, null, null, null, null, null, null, null, null], "sed_dnde_errp": [4.67211989582661e-13, 8.803260177032632e-14, 2.3486900561898137e-14, 6.428340136268489e-15, 1.9513500346547263e-15, 7.733750151006256e-16, null, null, null, null, null, null, null, null, null, null, null, null, null, null, null, null, null, null, null, null, null, null, null, null, null, null, null, null, null, null, null, null, null, null], "sed_dnde_errn": [4.4249901052367813e-13, 8.222909793397307e-14, 2.1465500478989007e-14, 5.038409891801017e-15, 1.5246200239048117e-15, 4.904320235206807e-16, null, null, null, null, null, null, null, null, null, null, null, null, null, null, null, null, null, null, null, null, null, null, null, null, null, null, null, null, null, null, null, null, null, null], "sed_dnde_ul": [null, null, null, null, null, null, null, null, null, null, null, null, null, null, null, null, null, null, null, null, null, null, null, null, null, null, null, null, null, null, null, null, null, null, null, null, null, null, null, null], "catalog_row_index": 80}