{"Source_Name": "3FGL J1047.8-6216 ", "RAJ2000": 161.96270751953125, "DEJ2000": -62.28329849243164, "GLON": 289.0985412597656, "GLAT": -2.778177499771118, "Conf_68_SemiMajor": 0.029602909460663795, "Conf_68_SemiMinor": 0.025162475183606148, "Conf_68_PosAng": 58.33000183105469, "Conf_95_SemiMajor": 0.04800000041723251, "Conf_95_SemiMinor": 0.040800001472234726, "Conf_95_PosAng": 58.33000183105469, "ROI_num": 92, "Signif_Avg": 18.665014266967773, "Pivot_Energy": 1046.8740234375, "Flux_Density": 4.272785250614142e-12, "Unc_Flux_Density": 3.1151407950576193e-13, "Flux1000": 2.7545545844276376e-09, "Unc_Flux1000": 2.1122463500500288e-10, "Energy_Flux100": 3.6138505382643515e-11, "Unc_Energy_Flux100": 2.393393642996511e-12, "Signif_Curve": 4.064671993255615, "SpectrumType": "LogParabola     ", "Spectral_Index": 2.60331654548645, "Unc_Spectral_Index": 0.06538066267967224, "beta": 0.14932721853256226, "Unc_beta": 0.040932442992925644, "Cutoff": null, "Unc_Cutoff": null, "Exp_Index": null, "Unc_Exp_Index": null, "PowerLaw_Index": 2.5186259746551514, "Flux30_100": null, "Unc_Flux30_100": null, "nuFnu30_100": null, "Sqrt_TS30_100": null, "Flux100_300": 6.438797583996347e-08, "Unc_Flux100_300": [-8.681475982541542e-09, 8.780085103410329e-09], "nuFnu100_300": 1.5372062997509595e-11, "Sqrt_TS100_300": 6.412352561950684, "Flux300_1000": 1.4949229409921827e-08, "Unc_Flux300_1000": [-1.4364902600760843e-09, 1.4364902600760843e-09], "nuFnu300_1000": 9.787517150916525e-12, "Sqrt_TS300_1000": 11.203516960144043, "Flux1000_3000": 1.8439881843690387e-09, "Unc_Flux1000_3000": [-2.530134712852572e-10, 2.6098720407041753e-10], "nuFnu1000_3000": 4.123409079459517e-12, "Sqrt_TS1000_3000": 8.350464820861816, "Flux3000_10000": 2.467317461452012e-10, "Unc_Flux3000_10000": [-6.103986066596789e-11, 6.735147856096191e-11], "nuFnu3000_10000": 1.5036419375238919e-12, "Sqrt_TS3000_10000": 5.2732343673706055, "Flux10000_100000": 5.007158576653126e-11, "Unc_Flux10000_100000": [-1.8768028797744307e-11, 2.377472697878691e-11], "nuFnu10000_100000": 5.62514770006961e-13, "Sqrt_TS10000_100000": 4.341400623321533, "Variability_Index": 88.3784408569336, "Signif_Peak": 5.518509387969971, "Flux_Peak": 1.6403882341364806e-07, "Unc_Flux_Peak": 3.230137579635084e-08, "Time_Peak": 309024992.0, "Peak_Interval": 2630000.0, "Flux_History": [3.504674594978496e-08, 8.054833955384311e-08, 9.131594680411581e-08, 7.128794266009209e-08, 1.4054630526061374e-07, 1.2290314543861314e-07, 1.3811548171815957e-07, 6.458675017029236e-08, 1.1457469639708506e-07, 5.984989570606558e-08, 1.0616467704949173e-07, 1.3921601293986896e-07, 7.607363272654766e-08, 4.663136365934406e-08, 7.096045351318025e-08, 7.86516665129966e-08, 1.2875382537913538e-07, 1.2662178505706834e-07, 1.001695864033536e-07, 5.970356653506315e-08, 9.672709211372421e-08, 9.993748761871757e-08, 5.4539054161750755e-08, 6.802846996833978e-08, 1.1083653816967853e-07, 1.2056241871505335e-07, 1.6403882341364806e-07, 7.584770855828538e-08, 8.288217401286602e-08, 1.2069386912116897e-07, 6.704349431174705e-08, 4.599995762077924e-08, 1.0389039317715287e-07, 6.483127634737684e-08, 6.281828035525905e-08, 4.939498765565986e-08, 2.2526663201460906e-08, 1.769682711483256e-08, 9.050975791069504e-08, 3.483568988826846e-08, 1.2312791675128665e-08, 0.0, 7.868236906460879e-08, 7.777633470595902e-08, 1.8063194273665317e-09, 2.2007538902357737e-08, 0.0, 7.946617586185312e-08], "Unc_Flux_History": [[-3.1689477708596314e-08, 3.532969472530567e-08], [-3.056379327404102e-08, 3.268495873953725e-08], [-3.468218778834853e-08, 3.686895411192381e-08], [-3.329394715478884e-08, 3.497033418398132e-08], [-3.467043185878538e-08, 3.615781807297935e-08], [-3.3608056781986306e-08, 3.551641114540871e-08], [-3.3899500095913027e-08, 3.6474876452530225e-08], [-3.3697304502311454e-08, 3.676517223993869e-08], [-3.357162370321021e-08, 3.597209996542006e-08], [-3.3447495439986596e-08, 3.670497150665142e-08], [-3.4153835315464676e-08, 3.65548018521622e-08], [-3.18345243499607e-08, 3.3628086981707384e-08], [-2.9731312523040287e-08, 3.276807092333911e-08], [-2.753572658775738e-08, 2.8616966574190883e-08], [-3.3984594693947656e-08, 3.529040526473182e-08], [-2.39763142673155e-08, 2.5952298088327552e-08], [-3.028448958275476e-08, 3.159970773936038e-08], [-3.03301490589547e-08, 3.09532133258017e-08], [-2.7174488437253785e-08, 2.887977679222331e-08], [-3.0397615091715124e-08, 3.239297541313135e-08], [-2.7631088528323744e-08, 2.903095364104047e-08], [-3.1720425397452345e-08, 3.3489236272998824e-08], [-2.4475527382605833e-08, 2.6398463859322874e-08], [-3.068572951292481e-08, 3.363244971410495e-08], [-3.203293630349435e-08, 3.323926733855842e-08], [-3.155827243972453e-08, 3.327166808730908e-08], [-3.230137579635084e-08, 3.357135014425694e-08], [-2.697893641823157e-08, 2.8401604623695675e-08], [-2.8553142072951232e-08, 3.130312364874044e-08], [-2.8309559141348473e-08, 2.9481633134764706e-08], [-2.7333959096154103e-08, 3.002913828709097e-08], [-2.7685899794960278e-08, 2.975209589806127e-08], [-2.905484919324408e-08, 3.106632462390735e-08], [-2.6906391781267303e-08, 2.9063908613125022e-08], [-2.504500429267864e-08, 2.6634490168930824e-08], [-2.880276817052163e-08, 3.1759579854906406e-08], [null, 2.3028846385386714e-08], [null, 2.93203505918882e-08], [-2.8045201716508927e-08, 3.00973077571598e-08], [-2.4535850684515026e-08, 2.703816726068453e-08], [null, 2.687251843269678e-08], [null, 2.611423077780728e-08], [-3.026778827575072e-08, 3.277911986288018e-08], [-2.858581460429832e-08, 3.058039510506205e-08], [null, 3.088518241156635e-08], [null, 2.481700178691426e-08], [null, 2.0477814999253496e-08], [-2.8978814015090393e-08, 3.167516027247075e-08]], "Extended_Source_Name": "                  ", "0FGL_Name": "                 ", "1FGL_Name": "                  ", "2FGL_Name": "2FGL J1047.7-6216 ", "1FHL_Name": "                  ", "ASSOC_GAM1": "               ", "ASSOC_GAM2": "              ", "ASSOC_GAM3": "               ", "TEVCAT_FLAG": "N", "ASSOC_TEV": "                     ", "CLASS1": "bcu  ", "ASSOC1": "PMN J1047-6217            ", "ASSOC2": "                          ", "Flags": 4, "catalog_row_index": 1249}