{"Source_Name": "3FHL J1745.8-3028e", "RAJ2000": 266.4530029296875, "DEJ2000": -30.475000381469727, "GLON": 358.7080078125, "GLAT": -0.837024986743927, "Conf_95_SemiMajor": null, "Conf_95_SemiMinor": null, "Conf_95_PosAng": null, "ROI_num": 80, "Signif_Avg": 10.047759056091309, "Pivot_Energy": 34.16487503051758, "Flux_Density": 6.297950008726794e-12, "Unc_Flux_Density": 7.017947963212923e-13, "Flux": 7.254967737679863e-10, "Unc_Flux": 8.358198161362296e-11, "Energy_Flux": 5.4957313005976616e-11, "Unc_Energy_Flux": 9.041001454435094e-12, "Signif_Curve": 0.9548361897468567, "SpectrumType": "PowerLaw   ", "Spectral_Index": 2.081084966659546, "Unc_Spectral_Index": 0.13508860766887665, "beta": -0.06994922459125519, "Unc_beta": 0.0673033818602562, "PowerLaw_Index": 1.9877769947052002, "Unc_PowerLaw_Index": 0.11046426743268967, "Flux_Band": [3.911861667926786e-10, 2.1191200183512393e-10, 6.040431349552122e-11, 5.7305615114300323e-11, 2.4101155099431892e-11], "Unc_Flux_Band": [[-6.439891675480425e-11, 6.711643046886095e-11], [-4.134458747584446e-11, 4.3496144186416785e-11], [-2.2028531776463467e-11, 2.361905289405275e-11], [-1.5152459148515263e-11, 1.7321132375625048e-11], [-8.755877967114856e-12, 1.1126501629765695e-11]], "nuFnu": [1.253964293512766e-11, 1.1325573291698365e-11, 7.2662613773144535e-12, 1.970036113407847e-11, 2.5788541441196244e-11], "Sqrt_TS_Band": [6.8067498207092285, 5.918245315551758, 3.069458484649658, 5.120725631713867, 4.239398956298828], "Npred": 235.20339965820312, "HEP_Energy": 1390.300048828125, "HEP_Prob": 0.6907462477684021, "Variability_BayesBlocks": 1, "Extended_Source_Name": "FGES J1745.8-3028 ", "ASSOC_GAM": "3FGL J1745.1-3011 ", "TEVCAT_FLAG": "E", "ASSOC_TEV": "HESS J1745-303       ", "CLASS": "       ", "ASSOC1": "                          ", "ASSOC2": "                          ", "ASSOC_PROB_BAY": null, "ASSOC_PROB_LR": null, "Redshift": null, "NuPeak_obs": null, "source_id": 1171}