{"Source_Name": "3FGL J0223.3+6820 ", "RAJ2000": 35.82619857788086, "DEJ2000": 68.3427963256836, "GLON": 131.2740020751953, "GLAT": 6.971762180328369, "Conf_68_SemiMajor": 0.025470836088061333, "Conf_68_SemiMinor": 0.020413674414157867, "Conf_68_PosAng": 6.929999828338623, "Conf_95_SemiMajor": 0.04129999876022339, "Conf_95_SemiMinor": 0.03310000151395798, "Conf_95_PosAng": 6.929999828338623, "ROI_num": 84, "Signif_Avg": 8.542717933654785, "Pivot_Energy": 5511.47607421875, "Flux_Density": 2.0799400545531803e-14, "Unc_Flux_Density": 3.699094948129674e-15, "Flux1000": 5.884982501314084e-10, "Unc_Flux1000": 1.1770873165062312e-10, "Energy_Flux100": 6.765474465375565e-12, "Unc_Energy_Flux100": 1.2195591758690227e-12, "Signif_Curve": 0.1757575273513794, "SpectrumType": "PowerLaw        ", "Spectral_Index": 1.9149779081344604, "Unc_Spectral_Index": 0.13408903777599335, "beta": null, "Unc_beta": null, "Cutoff": null, "Unc_Cutoff": null, "Exp_Index": null, "Unc_Exp_Index": null, "PowerLaw_Index": 1.9149779081344604, "Flux30_100": null, "Unc_Flux30_100": null, "nuFnu30_100": null, "Sqrt_TS30_100": null, "Flux100_300": 7.702631421580008e-09, "Unc_Flux100_300": [-5.1391340072370895e-09, 4.990400537252526e-09], "nuFnu100_300": 1.8665472813206296e-12, "Sqrt_TS100_300": 1.5153532028198242, "Flux300_1000": 9.549822044263578e-10, "Unc_Flux300_1000": [-7.197792362134692e-10, 7.54287354798322e-10], "nuFnu300_1000": 6.622851681133135e-13, "Sqrt_TS300_1000": 1.3278563022613525, "Flux1000_3000": 4.263926156600206e-10, "Unc_Flux1000_3000": [-1.3563875023159255e-10, 1.4363568667796756e-10], "nuFnu1000_3000": 1.0332598492091005e-12, "Sqrt_TS1000_3000": 3.4219205379486084, "Flux3000_10000": 1.6252574286390598e-10, "Unc_Flux3000_10000": [-4.142371168303072e-11, 4.64876956374205e-11], "nuFnu3000_10000": 1.1271245438718158e-12, "Sqrt_TS3000_10000": 5.523793697357178, "Flux10000_100000": 5.507086800471406e-11, "Unc_Flux10000_100000": [-1.7819254752304836e-11, 2.1927593421566804e-11], "nuFnu10000_100000": 1.0150865608141157e-12, "Sqrt_TS10000_100000": 6.337924003601074, "Variability_Index": 55.60641098022461, "Signif_Peak": null, "Flux_Peak": null, "Unc_Flux_Peak": null, "Time_Peak": null, "Peak_Interval": null, "Flux_History": [1.183651310299183e-08, 0.0, 2.1720390819268687e-08, 1.933575610735261e-08, 0.0, 2.1437034369853336e-09, 0.0, 3.690627803365487e-09, 4.295652278329953e-09, 0.0, 4.07340561281444e-09, 2.8239648397487827e-09, 1.3270143206511875e-08, 2.6014159715259666e-09, 0.0, 1.0926424209856123e-08, 0.0, 5.63497337680019e-09, 8.258487782519808e-10, 4.409509202218942e-09, 6.546719610867058e-09, 1.2872064303337538e-08, 0.0, 5.46484502095268e-09, 3.173827201052859e-09, 1.2484315803362733e-08, 0.0, 2.983381985899314e-09, 0.0, 0.0, 4.637271011631583e-09, 0.0, 0.0, 0.0, 1.2205344290805442e-08, 0.0, 5.260715751909117e-10, 8.640685500438394e-09, 0.0, 3.0164080122574433e-09, 1.3069191284742487e-09, 0.0, 1.4325451935803812e-08, 1.3496006978641617e-08, 2.2520973530504307e-08, 8.121916472703106e-09, 0.0, 7.025664494619832e-09], "Unc_Flux_History": [[-7.140769309188499e-09, 9.305149539784452e-09], [null, 8.337626589138836e-09], [-8.820410180021554e-09, 1.05258166627209e-08], [-9.531887279479179e-09, 1.1669679444992198e-08], [null, 8.343529422916163e-09], [null, 7.493170528505289e-09], [null, 5.229998212286091e-09], [null, 1.2344197664049261e-08], [-3.4168290419245295e-09, 5.749602571825108e-09], [null, 9.228714681341899e-09], [null, 8.653947780601356e-09], [null, 9.12276565401271e-09], [-6.5803695825650266e-09, 9.324547356470703e-09], [null, 7.419926006946298e-09], [null, 8.176930244019331e-09], [-6.465985524783946e-09, 8.589358557742344e-09], [null, 5.826360727212432e-09], [-4.995153624065551e-09, 6.322638856914864e-09], [null, 8.862258482622565e-09], [null, 9.773692077885698e-09], [-4.364032246684246e-09, 6.138324071258694e-09], [-6.467737900806014e-09, 8.032389864354172e-09], [null, 5.1086330721261675e-09], [-5.323818275115855e-09, 6.766702309590755e-09], [-2.7148785441966083e-09, 4.428520217203413e-09], [-6.1308913501534335e-09, 8.190255584850092e-09], [null, 5.676896730477665e-09], [null, 6.014967190992593e-09], [null, 5.7838565048484725e-09], [null, 6.293924492695169e-09], [null, 7.827033243756887e-09], [null, 8.170547793895366e-09], [null, 7.216890196559689e-09], [null, 5.525746971102308e-09], [-6.704444555083455e-09, 8.552333952138724e-09], [null, 6.601426960628487e-09], [null, 7.988949946025059e-09], [-5.705041328241123e-09, 7.939840784843e-09], [null, 7.443345051427741e-09], [-2.7324384976878946e-09, 4.3877559363636465e-09], [null, 7.361252496451698e-09], [null, 7.2458634647887266e-09], [-7.641042465422743e-09, 1.0262890093315491e-08], [-5.90980109294037e-09, 7.566140602932592e-09], [-8.624004621538006e-09, 8.048491650924916e-09], [-4.7903103705948524e-09, 7.885924802053523e-09], [null, 9.247461463246509e-09], [-5.384914736339397e-09, 7.409798996604877e-09]], "Extended_Source_Name": "                  ", "0FGL_Name": "                 ", "1FGL_Name": "                  ", "2FGL_Name": "2FGL J0222.7+6820 ", "1FHL_Name": "                  ", "ASSOC_GAM1": "               ", "ASSOC_GAM2": "              ", "ASSOC_GAM3": "               ", "TEVCAT_FLAG": "N", "ASSOC_TEV": "                     ", "CLASS1": "bcu  ", "ASSOC1": "NVSS J022304+682154       ", "ASSOC2": "                          ", "Flags": 0, "catalog_row_index": 280}