{"Source_Name": "3FGL J1750.2-3704 ", "RAJ2000": 267.5640869140625, "DEJ2000": -37.06719970703125, "GLON": 353.5229797363281, "GLAT": -5.0206732749938965, "Conf_68_SemiMajor": 0.04039563611149788, "Conf_68_SemiMinor": 0.03922385722398758, "Conf_68_PosAng": -29.459999084472656, "Conf_95_SemiMajor": 0.06549999862909317, "Conf_95_SemiMinor": 0.06360000371932983, "Conf_95_PosAng": -29.459999084472656, "ROI_num": 104, "Signif_Avg": 10.392843246459961, "Pivot_Energy": 1128.9801025390625, "Flux_Density": 1.5111741068565832e-12, "Unc_Flux_Density": 1.639471571739451e-13, "Flux1000": 1.4973129403017538e-09, "Unc_Flux1000": 1.7618208281167114e-10, "Energy_Flux100": 1.8707457458133625e-11, "Unc_Energy_Flux100": 2.049311241536511e-12, "Signif_Curve": 2.6749141216278076, "SpectrumType": "PowerLaw        ", "Spectral_Index": 2.3378121852874756, "Unc_Spectral_Index": 0.07405603677034378, "beta": null, "Unc_beta": null, "Cutoff": null, "Unc_Cutoff": null, "Exp_Index": null, "Unc_Exp_Index": null, "PowerLaw_Index": 2.3378121852874756, "Flux30_100": null, "Unc_Flux30_100": null, "nuFnu30_100": null, "Sqrt_TS30_100": null, "Flux100_300": 2.5554806271088637e-08, "Unc_Flux100_300": [-8.08257194506723e-09, 8.174815491202025e-09], "nuFnu100_300": 5.941894979516471e-12, "Sqrt_TS100_300": 3.1779356002807617, "Flux300_1000": 7.079306474366831e-09, "Unc_Flux300_1000": [-1.1605958416538442e-09, 1.1783540809773285e-09], "nuFnu300_1000": 4.673117361825296e-12, "Sqrt_TS300_1000": 6.391135215759277, "Flux1000_3000": 1.4652509205959063e-09, "Unc_Flux1000_3000": [-2.3303103890981447e-10, 2.426292222690307e-10], "nuFnu1000_3000": 3.406939227262873e-12, "Sqrt_TS1000_3000": 7.315916061401367, "Flux3000_10000": 2.803257348471533e-10, "Unc_Flux3000_10000": [-6.678662484160824e-11, 7.357217612913303e-11], "nuFnu3000_10000": 1.8504568537192068e-12, "Sqrt_TS3000_10000": 5.46669864654541, "Flux10000_100000": 1.605199827225956e-11, "Unc_Flux10000_100000": [-1.3036204060679069e-11, 1.9879145204959592e-11], "nuFnu10000_100000": 2.5059121444570565e-13, "Sqrt_TS10000_100000": 1.3502333164215088, "Variability_Index": 39.49036407470703, "Signif_Peak": null, "Flux_Peak": null, "Unc_Flux_Peak": null, "Time_Peak": null, "Peak_Interval": null, "Flux_History": [2.7689663895102967e-08, 1.7957331621687445e-08, 3.391427583210316e-08, 7.450881156501055e-08, 0.0, 1.9342042634207246e-08, 4.548528309555877e-08, 0.0, 8.181977051435751e-08, 3.318024610621251e-08, 2.3432987106275505e-08, 1.2271983429457123e-08, 0.0, 5.887279641569876e-08, 2.0320927163197666e-09, 3.5628474392979115e-08, 1.388621750919583e-08, 5.491919807809609e-08, 4.7546382830887524e-08, 6.622597226169091e-08, 3.5345202320513636e-08, 2.467566950770106e-08, 0.0, 4.972793732349601e-08, 5.600038122111073e-08, 3.461578401697807e-08, 1.5348252446756305e-08, 2.4724245761831298e-08, 1.1899959240224689e-08, 3.071827947564998e-08, 5.082416265622669e-08, 0.0, 5.7149463827954605e-08, 7.395269108201319e-08, 6.640766514465213e-08, 4.2606934869127144e-08, 3.667461001555239e-08, 2.373738716698881e-08, 2.3417261019176294e-08, 1.8838180793068204e-08, 2.198483883830704e-08, 1.4423717331624175e-08, 1.439432217864578e-08, 2.3795447390284608e-08, 1.1106040531672079e-08, 1.4235169487619714e-08, 4.279026200038061e-08, 1.742643362945273e-08], "Unc_Flux_History": [[-1.8566868931202407e-08, 2.2315909120607103e-08], [null, 2.5962238581200836e-08], [-2.177848834605811e-08, 2.4073013804581933e-08], [-2.6189256985276188e-08, 2.8539266949678677e-08], [null, 2.118114572624563e-08], [null, 2.4206196158615967e-08], [-2.1660603977124993e-08, 2.5650370716334692e-08], [null, 2.41747013518534e-08], [-2.9122752209786995e-08, 3.138505277888726e-08], [-2.5364609967937213e-08, 2.7966608584506503e-08], [-1.9106392912249248e-08, 2.5626132327261075e-08], [null, 2.254119024769352e-08], [null, 2.5874747677789856e-08], [-2.3328615483819704e-08, 2.6014363996296197e-08], [null, 2.3741765886597932e-08], [-2.3869109355700857e-08, 2.9433575576831572e-08], [null, 1.9416475538491795e-08], [-3.0180274279700825e-08, 3.322701402908024e-08], [-2.2059973403543154e-08, 2.2312207192953792e-08], [-2.6308832445920416e-08, 2.886201144747247e-08], [-2.1885142587052542e-08, 2.649515096209143e-08], [-2.201132076606882e-08, 2.3564552975585684e-08], [null, 3.078405441669929e-08], [-2.124648368351245e-08, 2.3123169157202028e-08], [-2.6231862904069203e-08, 2.898524975591954e-08], [-1.8431835613341718e-08, 2.1880714129451917e-08], [null, 2.2310683078785587e-08], [-1.9075418578040626e-08, 2.1933262317475055e-08], [null, 1.853501885307196e-08], [-2.108509811193926e-08, 2.4850995927749864e-08], [-2.1130158955884326e-08, 2.3023487116802244e-08], [null, 2.974551982504181e-08], [-2.1619333878675207e-08, 2.4152594590987064e-08], [-2.7431664051391635e-08, 3.022196892743523e-08], [-2.532958198742108e-08, 2.7403462610209317e-08], [-2.120872544253416e-08, 2.555565181694419e-08], [-2.497475293239404e-08, 2.8120254569330427e-08], [-1.94997475944092e-08, 2.1777463388161777e-08], [-2.1613026035538496e-08, 2.5325395114350613e-08], [null, 2.025601908428598e-08], [null, 2.6637655636818636e-08], [null, 2.22706617591939e-08], [null, 2.081992533931043e-08], [-2.0008549483918614e-08, 2.466728155070541e-08], [null, 1.9677315776789328e-08], [null, 2.3635418955336718e-08], [-2.0310327641936965e-08, 2.3269763005373534e-08], [null, 3.004342374879343e-08]], "Extended_Source_Name": "                  ", "0FGL_Name": "                 ", "1FGL_Name": "                  ", "2FGL_Name": "                  ", "1FHL_Name": "                  ", "ASSOC_GAM1": "               ", "ASSOC_GAM2": "              ", "ASSOC_GAM3": "               ", "TEVCAT_FLAG": "N", "ASSOC_TEV": "                     ", "CLASS1": "glc  ", "ASSOC1": "NGC 6441                  ", "ASSOC2": "                          ", "Flags": 0, "catalog_row_index": 2249}