{"Source_Name": "3FGL J1013.4-4008 ", "RAJ2000": 153.36749267578125, "DEJ2000": -40.149898529052734, "GLON": 272.9576721191406, "GLAT": 13.353744506835938, "Conf_68_SemiMajor": 0.14406749606132507, "Conf_68_SemiMinor": 0.06247447431087494, "Conf_68_PosAng": 32.2400016784668, "Conf_95_SemiMajor": 0.23360000550746918, "Conf_95_SemiMinor": 0.10130000114440918, "Conf_95_PosAng": 32.2400016784668, "ROI_num": 559, "Signif_Avg": 4.420785903930664, "Pivot_Energy": 1645.2230224609375, "Flux_Density": 1.3975196596748701e-13, "Unc_Flux_Density": 3.2772585643534025e-14, "Flux1000": 3.4161098949603286e-10, "Unc_Flux1000": 8.200436163452451e-11, "Energy_Flux100": 4.015453768102528e-12, "Unc_Energy_Flux100": 9.661405789979094e-13, "Signif_Curve": 0.6045007109642029, "SpectrumType": "PowerLaw        ", "Spectral_Index": 2.251354455947876, "Unc_Spectral_Index": 0.18001756072044373, "beta": null, "Unc_beta": null, "Cutoff": null, "Unc_Cutoff": null, "Exp_Index": null, "Unc_Exp_Index": null, "PowerLaw_Index": 2.251354455947876, "Flux30_100": null, "Unc_Flux30_100": null, "nuFnu30_100": null, "Sqrt_TS30_100": null, "Flux100_300": 4.704850287140516e-09, "Unc_Flux100_300": [-3.1089770757830593e-09, 3.1811566714168293e-09], "nuFnu100_300": 1.1031132604588656e-12, "Sqrt_TS100_300": 1.51272714138031, "Flux300_1000": 1.164580432089224e-09, "Unc_Flux300_1000": [-5.294291671731344e-10, 5.562296179206783e-10], "nuFnu300_1000": 7.764256902340061e-13, "Sqrt_TS300_1000": 2.242535352706909, "Flux1000_3000": 1.5539455833213367e-10, "Unc_Flux1000_3000": [-9.16425615948846e-11, 1.0273429329465955e-10], "nuFnu1000_3000": 3.6434272482691044e-13, "Sqrt_TS1000_3000": 1.7951843738555908, "Flux3000_10000": 6.444207667488655e-11, "Unc_Flux3000_10000": [-2.8293752757369006e-11, 3.538323106733188e-11], "nuFnu3000_10000": 4.29635331217898e-13, "Sqrt_TS3000_10000": 2.896876096725464, "Flux10000_100000": 2.4425832884089616e-11, "Unc_Flux10000_100000": [-1.3822072826574772e-11, 1.898783560938533e-11], "nuFnu10000_100000": 3.938087648949068e-13, "Sqrt_TS10000_100000": 2.623582124710083, "Variability_Index": 43.59634780883789, "Signif_Peak": null, "Flux_Peak": null, "Unc_Flux_Peak": null, "Time_Peak": null, "Peak_Interval": null, "Flux_History": [1.8139829194296908e-08, 0.0, 5.103844902265564e-09, 2.370924789829587e-08, 1.092166268534811e-08, 1.5882541504197434e-08, 7.2534431794224474e-09, 1.1171600533543824e-08, 1.161911633573709e-08, 5.158128590920796e-09, 0.0, 0.0, 0.0, 8.154267483462263e-09, 0.0, 1.1260623544728787e-08, 0.0, 0.0, 0.0, 1.0361087543486747e-09, 0.0, 1.2888428990720513e-08, 3.839448314835181e-09, 2.6193198721102817e-08, 0.0, 6.7586247709527925e-09, 1.749449651811119e-08, 8.89790285896197e-09, 5.807367031707145e-09, 1.074759570229844e-08, 0.0, 0.0, 1.3490395467385952e-08, 2.946338106823987e-08, 0.0, 9.492142183376018e-09, 6.0574230076326785e-09, 0.0, 0.0, 0.0, 2.6526822960448726e-09, 1.3577467150582834e-08, 1.0160954300175717e-09, 8.154469099963535e-09, 0.0, 0.0, 2.58848036338577e-08, 1.28575452507107e-08], "Unc_Flux_History": [[-1.223025858365645e-08, 1.4872992615266867e-08], [null, 8.185534028370967e-09], [null, 1.2593602605193155e-08], [-1.3136662424528822e-08, 1.4457295804959358e-08], [-9.556949009947857e-09, 1.1683869871603747e-08], [-1.19446479374119e-08, 1.3140048160664719e-08], [null, 1.2781949720874763e-08], [-9.429872882549262e-09, 1.2449684838600206e-08], [-8.515685934185058e-09, 1.029268847929643e-08], [null, 1.2294599116557947e-08], [null, 9.283005475424488e-09], [null, 8.006399099258488e-09], [null, 9.894502994711729e-09], [null, 1.0973633557398443e-08], [null, 1.3627545314420786e-08], [-6.965792387347847e-09, 9.760722008422817e-09], [null, 1.1693068735496581e-08], [null, 7.089859366260498e-09], [null, 1.080890577043192e-08], [null, 1.5049913315579033e-08], [null, 5.773720612722855e-09], [-1.1833006574590854e-08, 1.4625531896683697e-08], [null, 8.858862088345631e-09], [-1.3095373674332222e-08, 1.527487825114804e-08], [null, 1.2995703180251894e-08], [null, 1.3314950919607327e-08], [-1.2625696932389019e-08, 1.5000146902366396e-08], [-7.1023422698601735e-09, 8.920601146655827e-09], [-5.4027218254759646e-09, 9.594715244531926e-09], [null, 1.1707893321499796e-08], [null, 7.858230510748854e-09], [null, 9.795601663142861e-09], [-1.0109476811237528e-08, 1.3661875186699035e-08], [-1.3031095313920105e-08, 1.4089225786051429e-08], [null, 7.2993247002273165e-09], [null, 1.6779409861555905e-08], [-5.7007532028308106e-09, 8.448096444624298e-09], [null, 1.0750538237402907e-08], [null, 1.187975584571177e-08], [null, 8.49595505059142e-09], [null, 1.3472218007848369e-08], [-1.0414343165621176e-08, 1.1771394525794676e-08], [null, 1.5841076006495314e-08], [null, 9.896340635862089e-09], [null, 1.0679044315509145e-08], [null, 1.0530283311993571e-08], [-1.0427341656793487e-08, 1.2380287905955356e-08], [-8.781132265767155e-09, 1.1262298649228342e-08]], "Extended_Source_Name": "                  ", "0FGL_Name": "                 ", "1FGL_Name": "                  ", "2FGL_Name": "                  ", "1FHL_Name": "                  ", "ASSOC_GAM1": "               ", "ASSOC_GAM2": "              ", "ASSOC_GAM3": "               ", "TEVCAT_FLAG": "N", "ASSOC_TEV": "                     ", "CLASS1": "     ", "ASSOC1": "                          ", "ASSOC2": "                          ", "Flags": 256, "catalog_row_index": 1153}