{"Source_Name": "3FHL J1830.0-1518 ", "RAJ2000": 277.5071105957031, "DEJ2000": -15.301252365112305, "GLON": 16.9035587310791, "GLAT": -2.307105302810669, "Conf_95_SemiMajor": 0.09023310244083405, "Conf_95_SemiMinor": 0.09023310244083405, "Conf_95_PosAng": null, "ROI_num": 3, "Signif_Avg": 4.391753673553467, "Pivot_Energy": 47.47593688964844, "Flux_Density": 3.534513719032073e-13, "Unc_Flux_Density": 1.0877090244124088e-13, "Flux": 6.734087593107674e-11, "Unc_Flux": 2.115294397975198e-11, "Energy_Flux": 8.586391146703232e-12, "Unc_Energy_Flux": 3.93540842275053e-12, "Signif_Curve": 0.3098854422569275, "SpectrumType": "PowerLaw   ", "Spectral_Index": 1.7125859260559082, "Unc_Spectral_Index": 0.3477294147014618, "beta": -0.049193184822797775, "Unc_beta": 0.16854123771190643, "PowerLaw_Index": 1.6408472061157227, "Unc_PowerLaw_Index": 0.2511390149593353, "Flux_Band": [3.2825880902365157e-11, 1.2558879283752766e-11, 1.0792216946498012e-11, 1.290984159851849e-11, 3.4640931616258808e-12], "Unc_Flux_Band": [[-1.3244112403998365e-11, 1.8027376466611678e-11], [-7.537742131857872e-12, 1.0813200161663428e-11], [-6.4648312744775005e-12, 8.864612169312558e-12], [-7.139238852871266e-12, 9.6252658621232e-12], [-2.607952482441833e-12, 5.225355304699919e-12]], "nuFnu": [1.066901016318067e-12, 6.875677869937202e-13, 1.3438130816445515e-12, 4.6254562680037026e-12, 3.914550107675385e-12], "Sqrt_TS_Band": [3.465938091278076, 2.2070627212524414, 2.276418447494507, 2.2818620204925537, 1.786908745765686], "Npred": 21.512928009033203, "HEP_Energy": 766.9190063476562, "HEP_Prob": 0.914156436920166, "Variability_BayesBlocks": 1, "Extended_Source_Name": "                  ", "ASSOC_GAM": "3FGL J1829.2-1504 ", "TEVCAT_FLAG": "C", "ASSOC_TEV": "                     ", "CLASS": "       ", "ASSOC1": "                          ", "ASSOC2": "                          ", "ASSOC_PROB_BAY": 0.0, "ASSOC_PROB_LR": 0.0, "Redshift": null, "NuPeak_obs": null, "source_id": 1226}