{"Source_Name": "3FGL J0204.2+2420 ", "RAJ2000": 31.061500549316406, "DEJ2000": 24.343799591064453, "GLON": 143.42433166503906, "GLAT": -35.6138801574707, "Conf_68_SemiMajor": 0.046377893537282944, "Conf_68_SemiMinor": 0.04119738191366196, "Conf_68_PosAng": 76.83999633789062, "Conf_95_SemiMajor": 0.07519999891519547, "Conf_95_SemiMinor": 0.06679999828338623, "Conf_95_PosAng": 76.83999633789062, "ROI_num": 369, "Signif_Avg": 5.145605087280273, "Pivot_Energy": 5134.73193359375, "Flux_Density": 1.0719392529916303e-14, "Unc_Flux_Density": 2.9160419992715165e-15, "Flux1000": 2.473733440311321e-10, "Unc_Flux1000": 7.15390593986065e-11, "Energy_Flux100": 3.076872524127028e-12, "Unc_Energy_Flux100": 8.584938857893187e-13, "Signif_Curve": 0.8149922490119934, "SpectrumType": "PowerLaw        ", "Spectral_Index": 1.7923680543899536, "Unc_Spectral_Index": 0.19764916598796844, "beta": null, "Unc_beta": null, "Cutoff": null, "Unc_Cutoff": null, "Exp_Index": null, "Unc_Exp_Index": null, "PowerLaw_Index": 1.7923680543899536, "Flux30_100": null, "Unc_Flux30_100": null, "nuFnu30_100": null, "Sqrt_TS30_100": null, "Flux100_300": 1.816479189287179e-10, "Unc_Flux100_300": [null, 2.3139401506000468e-09], "nuFnu100_300": 4.4557493952086455e-14, "Sqrt_TS100_300": 0.0, "Flux300_1000": 3.7009340037030825e-10, "Unc_Flux300_1000": [null, 3.712130047794915e-10], "nuFnu300_1000": 2.6043495702024466e-13, "Sqrt_TS300_1000": 0.9486000537872314, "Flux1000_3000": 1.5521184337785598e-10, "Unc_Flux1000_3000": [-8.037096682622646e-11, 8.971433318460953e-11], "nuFnu1000_3000": 3.807283264697925e-13, "Sqrt_TS1000_3000": 2.093914270401001, "Flux3000_10000": 4.011628529365652e-11, "Unc_Flux3000_10000": [-2.0217650470444326e-11, 2.6322489327101906e-11], "nuFnu3000_10000": 2.8229857145477266e-13, "Sqrt_TS3000_10000": 2.6355485916137695, "Flux10000_100000": 4.69559148508214e-11, "Unc_Flux10000_100000": [-1.7620150130626122e-11, 2.374581087316585e-11], "nuFnu10000_100000": 9.11182696135271e-13, "Sqrt_TS10000_100000": 4.813636302947998, "Variability_Index": 37.54339599609375, "Signif_Peak": null, "Flux_Peak": null, "Unc_Flux_Peak": null, "Time_Peak": null, "Peak_Interval": null, "Flux_History": [2.079291405721051e-09, 0.0, 6.623414705586583e-09, 6.4699587909444745e-09, 7.026012216471145e-09, 0.0, 0.0, 0.0, 8.488798997063896e-09, 3.6610856568586314e-09, 3.1685092327649045e-09, 1.531020643597003e-09, 0.0, 0.0, 5.7029656552742836e-09, 0.0, 0.0, 0.0, 0.0, 5.232959066070464e-10, 0.0, 0.0, 2.1036415664976715e-10, 2.9441331594881603e-09, 0.0, 0.0, 7.761994935684413e-10, 4.4564556489490315e-09, 2.713546276567058e-09, 1.7189200063327803e-09, 0.0, 0.0, 0.0, 4.395655839317669e-09, 6.0789022704454965e-09, 0.0, 0.0, 0.0, 0.0, 8.598148859562116e-09, 0.0, 0.0, 3.0830626940314687e-09, 1.777537006475427e-09, 0.0, 1.5719493484667169e-09, 0.0, 4.799916020203909e-09], "Unc_Flux_History": [[-1.9010151230958172e-09, 3.3536380339427296e-09], [null, 4.999965774743487e-09], [-3.786125635230064e-09, 4.960206023696401e-09], [-3.6237035594410827e-09, 4.804317388362733e-09], [-3.973531281786791e-09, 5.3271866917725674e-09], [null, 5.089147769865576e-09], [null, 4.2058756477558745e-09], [null, 4.247094231857318e-09], [-4.892159122249495e-09, 6.062366608716729e-09], [-2.7723785489541797e-09, 4.183595248008487e-09], [-2.4822919275635513e-09, 3.8660439294346816e-09], [null, 4.230114480918701e-09], [null, 2.931007880846437e-09], [null, 5.322010832031765e-09], [-4.303063683153141e-09, 5.874726927146412e-09], [null, 2.966668022352792e-09], [null, 4.094308447832873e-09], [null, 4.9011803504583895e-09], [null, 4.732741754054359e-09], [null, 5.422451376801973e-09], [null, 3.273970206052468e-09], [null, 3.525476577337372e-09], [null, 5.146879811235294e-09], [null, 5.413175685475835e-09], [null, 4.716698587259316e-09], [null, 3.5379625895615163e-09], [null, 5.170338823745624e-09], [-3.2567413210671248e-09, 4.901145267410811e-09], [-1.9455104194321393e-09, 3.529813108471558e-09], [-1.4263877856635077e-09, 2.7128586044256053e-09], [null, 6.253918272136616e-09], [null, 7.28391258419947e-09], [null, 6.1474092483138065e-09], [-2.9328359740787846e-09, 4.6365467021303175e-09], [-3.6293943406207063e-09, 4.948191190123907e-09], [null, 4.8172332789420125e-09], [null, 4.4918051500530964e-09], [null, 4.0704253301271365e-09], [null, 6.373344962895544e-09], [-4.2645171838273654e-09, 5.43653033702185e-09], [null, 5.648362222387959e-09], [null, 4.00999322636153e-09], [-2.59330490415266e-09, 4.54259030391313e-09], [null, 5.285344162331285e-09], [null, 4.848460744000249e-09], [null, 5.081528531292179e-09], [null, 4.275475529169626e-09], [-4.173853263012006e-09, 5.4844391250696845e-09]], "Extended_Source_Name": "                  ", "0FGL_Name": "                 ", "1FGL_Name": "                  ", "2FGL_Name": "                  ", "1FHL_Name": "                  ", "ASSOC_GAM1": "               ", "ASSOC_GAM2": "              ", "ASSOC_GAM3": "               ", "TEVCAT_FLAG": "N", "ASSOC_TEV": "                     ", "CLASS1": "bcu  ", "ASSOC1": "B2 0201+24                ", "ASSOC2": "                          ", "Flags": 0, "source_id": 237}