{"Source_Name": "3FGL J0154.1+4642 ", "RAJ2000": 28.53499984741211, "DEJ2000": 46.70199966430664, "GLON": 133.98268127441406, "GLAT": -14.819924354553223, "Conf_68_SemiMajor": 0.12161862105131149, "Conf_68_SemiMinor": 0.09454429894685745, "Conf_68_PosAng": -51.689998626708984, "Conf_95_SemiMajor": 0.1972000002861023, "Conf_95_SemiMinor": 0.15330000221729279, "Conf_95_PosAng": -51.689998626708984, "ROI_num": 366, "Signif_Avg": 4.332238674163818, "Pivot_Energy": 786.5637817382812, "Flux_Density": 7.141999665283283e-13, "Unc_Flux_Density": 1.578591722400588e-13, "Flux1000": 2.492683004451379e-10, "Unc_Flux1000": 6.742163771722431e-11, "Energy_Flux100": 3.915821226302407e-12, "Unc_Energy_Flux100": 9.103263932594419e-13, "Signif_Curve": 0.3260551691055298, "SpectrumType": "PowerLaw        ", "Spectral_Index": 2.5520541667938232, "Unc_Spectral_Index": 0.17723463475704193, "beta": null, "Unc_beta": null, "Cutoff": null, "Unc_Cutoff": null, "Exp_Index": null, "Unc_Exp_Index": null, "PowerLaw_Index": 2.5520541667938232, "Flux30_100": null, "Unc_Flux30_100": null, "nuFnu30_100": null, "Sqrt_TS30_100": null, "Flux100_300": 6.4034360036657745e-09, "Unc_Flux100_300": [-3.538176862605269e-09, 3.508439760935289e-09], "nuFnu100_300": 1.4589024432964948e-12, "Sqrt_TS100_300": 1.8239526748657227, "Flux300_1000": 1.007379624162752e-09, "Unc_Flux300_1000": [-4.766550487644849e-10, 4.931590691370502e-10], "nuFnu300_1000": 6.490979628792637e-13, "Sqrt_TS300_1000": 2.158245086669922, "Flux1000_3000": 2.6925339735583975e-10, "Unc_Flux1000_3000": [-9.28572843617026e-11, 1.0166195663074973e-10], "nuFnu1000_3000": 6.134432154955571e-13, "Sqrt_TS1000_3000": 3.265437126159668, "Flux3000_10000": 3.3769170727955544e-15, "Unc_Flux3000_10000": [null, 1.8021232076059768e-11], "nuFnu3000_10000": 2.1758928110564514e-17, "Sqrt_TS3000_10000": 0.0, "Flux10000_100000": 2.7268354241272164e-11, "Unc_Flux10000_100000": [-1.278298387280552e-11, 1.7671059060475613e-11], "nuFnu10000_100000": 3.9479525334659704e-13, "Sqrt_TS10000_100000": 3.4409782886505127, "Variability_Index": 37.53962707519531, "Signif_Peak": null, "Flux_Peak": null, "Unc_Flux_Peak": null, "Time_Peak": null, "Peak_Interval": null, "Flux_History": [0.0, 0.0, 1.2860237319500811e-08, 3.5386850782970214e-08, 3.4697862361099396e-09, 0.0, 0.0, 1.2619516986944745e-08, 1.3445924373911566e-08, 2.1094703761548317e-09, 9.814749901693176e-09, 3.972517426120703e-09, 0.0, 1.056962251055893e-08, 8.976639875868386e-09, 0.0, 1.7073292113423122e-08, 1.0090175805999024e-08, 8.91925910906366e-09, 5.31770139033938e-09, 1.6603632246869893e-08, 9.486132768188327e-09, 0.0, 1.2159428131042205e-08, 3.0089950087131e-08, 1.562585083547674e-08, 2.0934212585643763e-08, 0.0, 1.2850724928625823e-08, 2.991478353919774e-08, 1.707267571759985e-08, 1.1221471751809986e-08, 9.295415104304539e-09, 2.992810976820692e-08, 0.0, 0.0, 0.0, 0.0, 0.0, 2.272654775481442e-08, 0.0, 2.738372728572358e-08, 0.0, 9.826282898472982e-09, 5.644110512292855e-09, 0.0, 5.180944118166053e-09, 8.38698799299209e-09], "Unc_Flux_History": [[null, 1.5291741206624465e-08], [null, 1.2758584411187712e-08], [null, 1.611511635246643e-08], [-1.4359003763786404e-08, 1.5144916432063837e-08], [null, 1.6586364282034083e-08], [null, 1.3987584424057786e-08], [null, 1.1767818719476963e-08], [-1.1292521584493898e-08, 1.5020590993231053e-08], [-1.0386294491127046e-08, 1.200418431324124e-08], [null, 1.760154155761029e-08], [null, 1.3536007870129652e-08], [null, 1.6069819253061723e-08], [null, 8.25468493559356e-09], [-8.287400099504794e-09, 1.1740533878423776e-08], [null, 1.4863190678227056e-08], [null, 1.4876264664565042e-08], [-1.4207306442415302e-08, 1.4581417850934031e-08], [null, 1.2652918712774408e-08], [null, 1.2560370521441655e-08], [null, 1.3793372666270898e-08], [-1.2975916341417815e-08, 1.4093516575997e-08], [null, 1.4015015814550225e-08], [null, 8.042721155732124e-09], [-1.0338942146859154e-08, 1.1681589917600377e-08], [-1.5441766976209692e-08, 1.6131298963273366e-08], [-1.3075483806801458e-08, 1.4835556783054926e-08], [-1.371123570237387e-08, 1.5245189999291142e-08], [null, 1.4889476318558081e-08], [-1.0903879577028874e-08, 1.3435927037619422e-08], [-1.4414738735979427e-08, 1.5417761289882037e-08], [-1.3724092084999029e-08, 1.5340994252710516e-08], [-1.056079490524553e-08, 1.4198207054505474e-08], [null, 1.507240554587952e-08], [-1.521768133727619e-08, 1.6898351162808467e-08], [null, 1.354054379731906e-08], [null, 9.102489428869376e-09], [null, 1.446792108339423e-08], [null, 1.5154345334167374e-08], [null, 1.57912971587848e-08], [-1.3279630728391112e-08, 1.5628481619955892e-08], [null, 1.1171017000322081e-08], [-1.2464108856136136e-08, 1.4280155724577526e-08], [null, 1.165883478648766e-08], [-7.181001571154866e-09, 1.0262125371696129e-08], [null, 1.3146645549966252e-08], [null, 9.788310606495543e-09], [null, 1.3530135234418594e-08], [null, 1.2284538719598004e-08]], "Extended_Source_Name": "                  ", "0FGL_Name": "                 ", "1FGL_Name": "                  ", "2FGL_Name": "                  ", "1FHL_Name": "                  ", "ASSOC_GAM1": "               ", "ASSOC_GAM2": "              ", "ASSOC_GAM3": "               ", "TEVCAT_FLAG": "N", "ASSOC_TEV": "                     ", "CLASS1": "     ", "ASSOC1": "                          ", "ASSOC2": "                          ", "Flags": 0, "catalog_row_index": 218}