{"Source_Name": "3FGL J1754.3-6424 ", "RAJ2000": 268.57940673828125, "DEJ2000": -64.40480041503906, "GLON": 329.12139892578125, "GLAT": -18.445499420166016, "Conf_68_SemiMajor": 0.07178705930709839, "Conf_68_SemiMinor": 0.05945251137018204, "Conf_68_PosAng": 68.33000183105469, "Conf_95_SemiMajor": 0.11640000343322754, "Conf_95_SemiMinor": 0.09640000015497208, "Conf_95_PosAng": 68.33000183105469, "ROI_num": 318, "Signif_Avg": 7.18408727645874, "Pivot_Energy": 842.2680053710938, "Flux_Density": 9.827945748885902e-13, "Unc_Flux_Density": 1.4840307259976482e-13, "Flux1000": 4.414049126211239e-10, "Unc_Flux1000": 7.952287439660921e-11, "Energy_Flux100": 6.199787211391694e-12, "Unc_Energy_Flux100": 9.536381016458928e-13, "Signif_Curve": 1.3610152006149292, "SpectrumType": "PowerLaw        ", "Spectral_Index": 2.458714246749878, "Unc_Spectral_Index": 0.11553306877613068, "beta": null, "Unc_beta": null, "Cutoff": null, "Unc_Cutoff": null, "Exp_Index": null, "Unc_Exp_Index": null, "PowerLaw_Index": 2.458714246749878, "Flux30_100": null, "Unc_Flux30_100": null, "nuFnu30_100": null, "Sqrt_TS30_100": null, "Flux100_300": 1.0906091141293928e-08, "Unc_Flux100_300": [-3.621540844989113e-09, 3.714411889177427e-09], "nuFnu100_300": 2.5067322349803245e-12, "Sqrt_TS100_300": 3.054811716079712, "Flux300_1000": 2.026499856810915e-09, "Unc_Flux300_1000": [-5.261056035266165e-10, 5.408420378216761e-10], "nuFnu300_1000": 1.3194772965213764e-12, "Sqrt_TS300_1000": 4.04564094543457, "Flux1000_3000": 4.2592421256593127e-10, "Unc_Flux1000_3000": [-1.0174388415107316e-10, 1.1005242550599093e-10], "nuFnu1000_3000": 9.789740632731858e-13, "Sqrt_TS1000_3000": 5.050838470458984, "Flux3000_10000": 5.5653717745407505e-11, "Unc_Flux3000_10000": [-2.6348485893112894e-11, 3.34988564665295e-11], "nuFnu3000_10000": 3.6236776925456515e-13, "Sqrt_TS3000_10000": 2.645075559616089, "Flux10000_100000": 1.700185131570109e-11, "Unc_Flux10000_100000": [-1.0679367980215293e-11, 1.577271820096815e-11], "nuFnu10000_100000": 2.541614921997004e-13, "Sqrt_TS10000_100000": 1.9855799674987793, "Variability_Index": 59.714595794677734, "Signif_Peak": null, "Flux_Peak": null, "Unc_Flux_Peak": null, "Time_Peak": null, "Peak_Interval": null, "Flux_History": [0.0, 1.5981084899863163e-08, 0.0, 1.4058736397259963e-08, 0.0, 2.5205366682712338e-08, 0.0, 0.0, 3.2626985557726584e-08, 3.591582142803418e-08, 0.0, 3.8293705983960535e-08, 7.69599139971433e-09, 1.4017257576881548e-08, 1.3469536597199294e-08, 1.6209968478619885e-08, 1.8333816242943612e-08, 2.243984020822154e-08, 1.1114072329121427e-08, 8.366428438932871e-09, 0.0, 2.668568255259629e-09, 0.0, 2.405065657740124e-08, 3.485525112978394e-08, 0.0, 0.0, 1.2991455911048888e-08, 0.0, 5.57416646174147e-09, 0.0, 1.9344405188803648e-08, 2.6084864046538314e-08, 0.0, 1.6486417564465228e-08, 3.3366518437105697e-08, 2.972306845094863e-08, 0.0, 4.114567531132707e-08, 0.0, 0.0, 7.011681457669283e-09, 3.022279670972239e-08, 1.799685200865042e-08, 0.0, 1.7995539280946105e-08, 0.0, 0.0], "Unc_Flux_History": [[null, 1.863966581083787e-08], [-1.4480768584235193e-08, 1.7161346121952192e-08], [null, 1.3504742213399368e-08], [-1.2076264432892003e-08, 1.5890977422827746e-08], [null, 1.2914401104069384e-08], [-1.4464598407926132e-08, 1.6849162065568635e-08], [null, 1.618940181913331e-08], [null, 1.8215184027781106e-08], [-1.4159382999423542e-08, 1.648845504576002e-08], [-1.47485552659532e-08, 1.682435879502009e-08], [null, 1.2817896966055287e-08], [-1.585014608451729e-08, 1.7638665639196915e-08], [null, 1.601005727991378e-08], [-1.2220369605131509e-08, 1.3616554994655417e-08], [-8.223053349354359e-09, 1.0211171463936353e-08], [-1.050721554207712e-08, 1.287919459969089e-08], [-9.54154000254448e-09, 1.170871133382434e-08], [-1.3089148431788544e-08, 1.521249437530514e-08], [-7.784370481545011e-09, 9.85279946519313e-09], [null, 1.524525217178052e-08], [null, 1.2924651571211143e-08], [null, 1.3133699461320703e-08], [null, 1.1030644841980575e-08], [-1.1948833034125528e-08, 1.346110778399634e-08], [-1.6180479178729e-08, 1.7441092126091462e-08], [null, 1.5185086965630035e-08], [null, 1.4823141825104358e-08], [-1.2086945666567317e-08, 1.4258676017675498e-08], [null, 1.1326154236712682e-08], [null, 1.3049437086465332e-08], [null, 8.97965080071117e-09], [-1.3393393061278402e-08, 1.6136983305159447e-08], [-1.5514975970631895e-08, 1.6987980799854085e-08], [null, 1.520799131071726e-08], [-1.2459609344261935e-08, 1.4323806141192108e-08], [-1.3118225616892687e-08, 1.4232023559657137e-08], [-1.3242721585982054e-08, 1.4634783163103293e-08], [null, 1.3180492253184184e-08], [-1.5607325209998635e-08, 1.7294064846851143e-08], [null, 1.1061918492316636e-08], [null, 1.1345984596289327e-08], [null, 1.1370119068487838e-08], [-1.3058821579647883e-08, 1.4794119707062237e-08], [-1.3532771347968264e-08, 1.6160473848003676e-08], [null, 1.1376559250209084e-08], [-1.5709588296886068e-08, 1.7307321797943587e-08], [null, 1.1582725001346716e-08], [null, 1.1129181132218946e-08]], "Extended_Source_Name": "                  ", "0FGL_Name": "                 ", "1FGL_Name": "                  ", "2FGL_Name": "2FGL J1755.5-6423 ", "1FHL_Name": "                  ", "ASSOC_GAM1": "               ", "ASSOC_GAM2": "              ", "ASSOC_GAM3": "               ", "TEVCAT_FLAG": "N", "ASSOC_TEV": "                     ", "CLASS1": "bll  ", "ASSOC1": "PMN J1754-6423            ", "ASSOC2": "                          ", "Flags": 0, "source_id": 2258}