{"Source_Name": "3FGL J1457.6-5355 ", "RAJ2000": 224.41220092773438, "DEJ2000": -53.925899505615234, "GLON": 320.9354248046875, "GLAT": 4.474897861480713, "Conf_68_SemiMajor": 0.05612218379974365, "Conf_68_SemiMinor": 0.05118836462497711, "Conf_68_PosAng": 74.75, "Conf_95_SemiMajor": 0.09099999815225601, "Conf_95_SemiMinor": 0.08299999684095383, "Conf_95_PosAng": 74.75, "ROI_num": 176, "Signif_Avg": 4.536718368530273, "Pivot_Energy": 1370.0093994140625, "Flux_Density": 3.755992912524153e-13, "Unc_Flux_Density": 8.059321981480905e-14, "Flux1000": 5.663221558371845e-10, "Unc_Flux1000": 1.2638606827763965e-10, "Energy_Flux100": 7.622825981545844e-12, "Unc_Energy_Flux100": 1.8109207709782194e-12, "Signif_Curve": 1.5317078828811646, "SpectrumType": "PowerLaw        ", "Spectral_Index": 2.4186365604400635, "Unc_Spectral_Index": 0.16078020632266998, "beta": null, "Unc_beta": null, "Cutoff": null, "Unc_Cutoff": null, "Exp_Index": null, "Unc_Exp_Index": null, "PowerLaw_Index": 2.4186365604400635, "Flux30_100": null, "Unc_Flux30_100": null, "nuFnu30_100": null, "Sqrt_TS30_100": null, "Flux100_300": 2.1968885377532388e-08, "Unc_Flux100_300": [-5.393669511022381e-09, 5.792210711064172e-09], "nuFnu100_300": 5.068760515480886e-12, "Sqrt_TS100_300": 3.8145675659179688, "Flux300_1000": 3.3709774971413253e-09, "Unc_Flux300_1000": [-1.0519737303482657e-09, 1.067941512999937e-09], "nuFnu300_1000": 2.2048406937008602e-12, "Sqrt_TS300_1000": 3.266731023788452, "Flux1000_3000": 2.3279840555279208e-10, "Unc_Flux1000_3000": [-1.7485943248907176e-10, 1.868195736998146e-10], "nuFnu1000_3000": 5.371230261778936e-13, "Sqrt_TS1000_3000": 1.3449976444244385, "Flux3000_10000": 8.974489207336234e-11, "Unc_Flux3000_10000": [-4.246344248448608e-11, 5.0943430029981585e-11], "nuFnu3000_10000": 5.869905256306041e-13, "Sqrt_TS3000_10000": 2.491842269897461, "Flux10000_100000": 2.534881159144131e-11, "Unc_Flux10000_100000": [-1.3584456476367635e-11, 1.9161025197056425e-11], "nuFnu10000_100000": 3.8433541288754314e-13, "Sqrt_TS10000_100000": 2.6261837482452393, "Variability_Index": 38.436004638671875, "Signif_Peak": null, "Flux_Peak": null, "Unc_Flux_Peak": null, "Time_Peak": null, "Peak_Interval": null, "Flux_History": [3.665002523689509e-08, 1.0056434796013036e-08, 3.7055688295595246e-08, 4.254603069853147e-08, 0.0, 1.695411455671092e-08, 0.0, 2.2939490307294363e-08, 2.18621654113349e-08, 4.7522274115863183e-08, 5.633288502338019e-09, 2.1839611008545035e-08, 5.6471204601393765e-08, 2.2370421959294617e-08, 1.807235605610913e-08, 0.0, 0.0, 1.2014859329667615e-08, 1.7429137244562298e-08, 7.542429791840277e-09, 0.0, 2.7524343693130504e-08, 9.86443815520488e-09, 5.660518098693501e-08, 5.272281455859229e-08, 8.098642645393284e-09, 6.07763510629411e-08, 5.522524659795636e-09, 3.9654018735291174e-08, 0.0, 1.2505982027732898e-08, 0.0, 0.0, 1.849204700477003e-08, 0.0, 1.4217459209930894e-08, 0.0, 0.0, 0.0, 3.737576292905942e-08, 7.2619403823637185e-09, 6.475576963538288e-09, 1.0661694638258723e-08, 1.4305402196157502e-08, 1.235533630961072e-08, 0.0, 1.5147261223091846e-08, 1.9131334738631267e-08], "Unc_Flux_History": [[-3.096682732461886e-08, 3.296646156059069e-08], [null, 2.696386047773558e-08], [-2.773224849761391e-08, 3.055993502698584e-08], [-2.9186786321133695e-08, 3.159248862516506e-08], [null, 2.738828897008716e-08], [null, 3.063524900426273e-08], [null, 2.27472813918439e-08], [null, 2.4635491868707504e-08], [null, 2.659235853741393e-08], [-2.7851834616399174e-08, 2.987589908798327e-08], [null, 2.6909519945661486e-08], [null, 2.3739241683529144e-08], [-2.3050148456604802e-08, 2.6568638844537418e-08], [-1.5087586291429034e-08, 1.8557161141075085e-08], [null, 2.753720984571828e-08], [null, 1.5927971830365095e-08], [null, 2.0448853277343915e-08], [null, 2.3019843808924634e-08], [null, 2.071833904437881e-08], [null, 2.2072580208032377e-08], [null, 1.7438685162574075e-08], [-2.7524343693130504e-08, 2.9182702476759914e-08], [null, 2.423136713503027e-08], [-2.1874493327800337e-08, 2.3718770947311896e-08], [-2.5413601889567872e-08, 2.8167207233309455e-08], [null, 1.5975755829344962e-08], [-2.7447784489709193e-08, 2.9427463132947196e-08], [null, 2.259933573611761e-08], [-2.3655323033722198e-08, 2.5622318489126883e-08], [null, 1.903616109188988e-08], [-1.1043696623858068e-08, 1.5332993541505857e-08], [null, 2.1833599817000504e-08], [null, 1.2632660251199468e-08], [null, 2.4842460533136546e-08], [null, 1.1583797032699295e-08], [null, 2.6879199310769764e-08], [null, 2.3957705153065945e-08], [null, 1.806438731932758e-08], [null, 2.883979277612525e-08], [-2.1942838657196262e-08, 2.3580136954137743e-08], [null, 2.1953377782324424e-08], [null, 2.419997002789387e-08], [null, 2.258944142852215e-08], [null, 2.827372647118409e-08], [null, 2.3992893005697624e-08], [null, 2.0137377987339278e-08], [-1.1270652855444041e-08, 1.6740489883204646e-08], [null, 2.973248669491113e-08]], "Extended_Source_Name": "                  ", "0FGL_Name": "                 ", "1FGL_Name": "                  ", "2FGL_Name": "                  ", "1FHL_Name": "                  ", "ASSOC_GAM1": "               ", "ASSOC_GAM2": "              ", "ASSOC_GAM3": "               ", "TEVCAT_FLAG": "N", "ASSOC_TEV": "                     ", "CLASS1": "     ", "ASSOC1": "                          ", "ASSOC2": "                          ", "Flags": 8, "catalog_row_index": 1805}