{"Source_Name": "3FGL J1256.1-5703 ", "RAJ2000": 194.0446014404297, "DEJ2000": -57.05039978027344, "GLON": 303.5802917480469, "GLAT": 5.815333843231201, "Conf_68_SemiMajor": 0.10866735130548477, "Conf_68_SemiMinor": 0.09324916452169418, "Conf_68_PosAng": -3.0199999809265137, "Conf_95_SemiMajor": 0.1762000024318695, "Conf_95_SemiMinor": 0.15119999647140503, "Conf_95_PosAng": -3.0199999809265137, "ROI_num": 149, "Signif_Avg": 6.421737194061279, "Pivot_Energy": 541.2131958007812, "Flux_Density": 5.16297161273771e-12, "Unc_Flux_Density": 7.682289591796898e-13, "Flux1000": 5.841328531985823e-10, "Unc_Flux1000": 1.1363079921444807e-10, "Energy_Flux100": 1.1173073750925244e-11, "Unc_Energy_Flux100": 1.6992341778446218e-12, "Signif_Curve": 3.274005174636841, "SpectrumType": "PowerLaw        ", "Spectral_Index": 2.692498207092285, "Unc_Spectral_Index": 0.1042991355061531, "beta": null, "Unc_beta": null, "Cutoff": null, "Unc_Cutoff": null, "Exp_Index": null, "Unc_Exp_Index": null, "PowerLaw_Index": 2.692498207092285, "Flux30_100": null, "Unc_Flux30_100": null, "nuFnu30_100": null, "Sqrt_TS30_100": null, "Flux100_300": 2.5257467228811947e-08, "Unc_Flux100_300": [-7.268813551064568e-09, 7.168774462940064e-09], "nuFnu100_300": 5.679733593166869e-12, "Sqrt_TS100_300": 3.544712781906128, "Flux300_1000": 4.602679126719522e-09, "Unc_Flux300_1000": [-9.22400877900742e-10, 9.31418941974016e-10], "nuFnu300_1000": 2.9202070449263484e-12, "Sqrt_TS300_1000": 5.2015814781188965, "Flux1000_3000": 6.408060748697153e-10, "Unc_Flux1000_3000": [-1.6817908177202412e-10, 1.7657460216202736e-10], "nuFnu1000_3000": 1.4410025906894108e-12, "Sqrt_TS1000_3000": 4.205542087554932, "Flux3000_10000": 4.2930586169331875e-11, "Unc_Flux3000_10000": [-3.120644714860177e-11, 3.855728236690226e-11], "nuFnu3000_10000": 2.723765765884345e-13, "Sqrt_TS3000_10000": 1.4505940675735474, "Flux10000_100000": 2.775197606441626e-12, "Unc_Flux10000_100000": [null, 1.4694681235716267e-11], "nuFnu10000_100000": 3.8385524007414004e-14, "Sqrt_TS10000_100000": 0.43047380447387695, "Variability_Index": 51.07524108886719, "Signif_Peak": null, "Flux_Peak": null, "Unc_Flux_Peak": null, "Time_Peak": null, "Peak_Interval": null, "Flux_History": [0.0, 2.0873017092526425e-08, 4.757549909584213e-09, 1.0306822062489118e-08, 6.463869794970378e-08, 2.7674824210066618e-08, 0.0, 5.7389783592043386e-08, 3.56386493649552e-08, 4.528621033728086e-09, 5.2407518325026103e-08, 5.096810440363697e-08, 1.9502852666164472e-08, 1.3370588192174182e-08, 0.0, 5.951719472818695e-08, 1.976399843783838e-08, 2.238990104430627e-09, 0.0, 3.775058132760023e-08, 2.1835868224684418e-08, 1.0369416969524536e-07, 0.0, 3.103507140167494e-08, 6.703265142959935e-08, 2.6050827273138566e-08, 0.0, 3.177675367282973e-08, 2.8063933399380403e-08, 0.0, 1.6391874524401828e-08, 3.4871521226165214e-09, 5.6743576948292684e-08, 2.955371058988021e-09, 0.0, 2.8267672647075415e-08, 5.247124690299643e-08, 0.0, 0.0, 4.314150103823522e-08, 0.0, 1.7892428871846278e-08, 0.0, 4.700650180211596e-08, 0.0, 2.4014919830506187e-08, 4.71812029445573e-08, 4.696528499437136e-09], "Unc_Flux_History": [[null, 2.264713927502271e-08], [null, 2.9414964686225176e-08], [null, 3.2989515119652424e-08], [null, 3.087744104846024e-08], [-3.813659432694294e-08, 3.649363122804061e-08], [null, 3.342419674368102e-08], [null, 2.1213651280049817e-08], [-3.471730281034979e-08, 3.6899244548749266e-08], [-3.056307207316422e-08, 3.1543045508897194e-08], [null, 3.0767164815870274e-08], [-3.1191920157880304e-08, 3.375657442461488e-08], [-2.985158431556556e-08, 3.159692951726356e-08], [null, 2.920092612157532e-08], [null, 2.418788191960175e-08], [null, 3.193774134047089e-08], [-2.5211114973444637e-08, 2.6852617907024978e-08], [null, 2.2584979220141577e-08], [null, 2.6327999336217545e-08], [null, 2.680394928233909e-08], [-3.1104811171189795e-08, 3.234764278658986e-08], [null, 2.407716692687245e-08], [-3.1383049048372413e-08, 3.278838178744081e-08], [null, 2.5302799855353442e-08], [-2.5192488095626686e-08, 2.773529672595032e-08], [-2.882818783689345e-08, 2.984802804917308e-08], [null, 2.624422279495775e-08], [null, 2.2122550902281546e-08], [-2.035130286515141e-08, 2.335184667856538e-08], [-2.3073409849416748e-08, 2.6916721296288415e-08], [null, 1.7202118840486946e-08], [null, 2.38736017621477e-08], [null, 2.996374703911897e-08], [-2.585586855730071e-08, 2.8382908467960988e-08], [null, 3.013766303183729e-08], [null, 1.828912843393482e-08], [-2.5428013472605926e-08, 2.8555945164043806e-08], [-2.4138943288676273e-08, 2.58672070430066e-08], [null, 2.1898808100218048e-08], [null, 2.468236459662876e-08], [-2.5644149914683112e-08, 2.7609130981431917e-08], [null, 3.08392387182721e-08], [null, 2.293523060359348e-08], [null, 2.538638810278826e-08], [-2.4162430278806823e-08, 2.6409328057752646e-08], [null, 2.878512184167903e-08], [null, 2.6039931100285685e-08], [-2.4490617533956538e-08, 2.57919197110823e-08], [null, 3.0426999586552483e-08]], "Extended_Source_Name": "                  ", "0FGL_Name": "                 ", "1FGL_Name": "                  ", "2FGL_Name": "                  ", "1FHL_Name": "                  ", "ASSOC_GAM1": "               ", "ASSOC_GAM2": "              ", "ASSOC_GAM3": "               ", "TEVCAT_FLAG": "N", "ASSOC_TEV": "                     ", "CLASS1": "     ", "ASSOC1": "                          ", "ASSOC2": "                          ", "Flags": 0, "source_id": 1546}