{"Source_Name": "3FGL J1837.9-0607 ", "RAJ2000": 279.4877014160156, "DEJ2000": -6.125800132751465, "GLON": 25.945701599121094, "GLAT": 0.1937873810529709, "Conf_68_SemiMajor": 0.033981673419475555, "Conf_68_SemiMinor": 0.030219636857509613, "Conf_68_PosAng": -5.159999847412109, "Conf_95_SemiMajor": 0.05510000139474869, "Conf_95_SemiMinor": 0.04899999871850014, "Conf_95_PosAng": -5.159999847412109, "ROI_num": 80, "Signif_Avg": 6.5701003074646, "Pivot_Energy": 3476.693603515625, "Flux_Density": 2.711914351936906e-13, "Unc_Flux_Density": 4.3558421978931797e-14, "Flux1000": 3.5985041613173507e-09, "Unc_Flux1000": 5.947871084543976e-10, "Energy_Flux100": 4.269549991331445e-11, "Unc_Energy_Flux100": 7.8967483593817e-12, "Signif_Curve": 3.4720492362976074, "SpectrumType": "PowerLaw        ", "Spectral_Index": 2.2667288780212402, "Unc_Spectral_Index": 0.08338799327611923, "beta": null, "Unc_beta": null, "Cutoff": null, "Unc_Cutoff": null, "Exp_Index": null, "Unc_Exp_Index": null, "PowerLaw_Index": 2.2667288780212402, "Flux30_100": null, "Unc_Flux30_100": null, "nuFnu30_100": null, "Sqrt_TS30_100": null, "Flux100_300": 1.5686904930589662e-07, "Unc_Flux100_300": [-6.157647192139848e-08, 6.14488016026371e-08], "nuFnu100_300": 3.6725303353968286e-11, "Sqrt_TS100_300": 2.3820769786834717, "Flux300_1000": 9.606542228368653e-09, "Unc_Flux300_1000": [-6.6592700243006675e-09, 7.442181537697934e-09], "nuFnu300_1000": 6.3933337790533784e-12, "Sqrt_TS300_1000": 1.3997547626495361, "Flux1000_3000": 4.473854176012537e-09, "Unc_Flux1000_3000": [-8.503386328406748e-10, 8.743779589259759e-10], "nuFnu1000_3000": 1.0473936822019692e-11, "Sqrt_TS1000_3000": 5.474327087402344, "Flux3000_10000": 6.94490964736616e-10, "Unc_Flux3000_10000": [-1.867453414128306e-10, 1.9538591577994424e-10], "nuFnu3000_10000": 4.621967305412644e-12, "Sqrt_TS3000_10000": 4.190427780151367, "Flux10000_100000": 1.0855194521042222e-10, "Unc_Flux10000_100000": [-4.475438769580009e-11, 5.3065486033121445e-11], "nuFnu10000_100000": 1.7400136236370156e-12, "Sqrt_TS10000_100000": 3.093222141265869, "Variability_Index": 47.90547180175781, "Signif_Peak": null, "Flux_Peak": null, "Unc_Flux_Peak": null, "Time_Peak": null, "Peak_Interval": null, "Flux_History": [3.193242648080741e-08, 6.655390194509891e-08, 5.24533696477647e-08, 8.06375624051725e-08, 3.3790868769756344e-08, 1.5226103045051786e-08, 7.045665739724427e-08, 1.0922388327117005e-07, 1.4175475371303037e-07, 6.892165060889965e-08, 9.996792016409017e-08, 4.720462598584163e-08, 3.263623682414618e-08, 7.055702866409774e-08, 9.59640971132103e-08, 0.0, 1.1838427127486284e-07, 0.0, 0.0, 0.0, 1.639429392241709e-08, 6.55640306490568e-08, 1.230026640541837e-07, 0.0, 2.0025220592856385e-08, 0.0, 7.041212768399419e-08, 1.4842783002677606e-07, 3.382268687346368e-07, 8.025191533533871e-08, 4.2014985268679084e-08, 0.0, 8.186847821889387e-08, 8.385298855273504e-08, 3.460884556716337e-08, 1.5890260840478732e-07, 2.710946667150438e-08, 3.4644880742007444e-08, 1.3738358006776252e-07, 1.5470426717456576e-07, 1.2281091699151148e-07, 0.0, 1.5164569333592226e-07, 0.0, 1.0258982285904494e-07, 4.489646698857541e-08, 0.0, 4.510448903261022e-08], "Unc_Flux_History": [[null, 6.371396921167616e-08], [-5.6472661214002073e-08, 6.387209339209221e-08], [-3.968048645219824e-08, 4.725521307591407e-08], [-6.093655002814558e-08, 6.493008442021164e-08], [null, 6.54738201433247e-08], [null, 7.85891742793865e-08], [null, 6.975195532277212e-08], [-7.196005213927492e-08, 7.40777750252164e-08], [-6.681275266373632e-08, 7.077039754221914e-08], [-4.4594738568548564e-08, 5.545463821476915e-08], [-7.051098549482049e-08, 7.37625640567785e-08], [-4.65426204243613e-08, 5.312478634778017e-08], [null, 6.081311454408933e-08], [-5.951868686793205e-08, 6.310614253379754e-08], [-7.048476646787094e-08, 7.424617365359154e-08], [null, 7.263408008384431e-08], [-6.834830656998747e-08, 7.651834010857783e-08], [null, 6.562316201552676e-08], [null, 6.734634894201008e-08], [null, 7.685131464540973e-08], [null, 7.077174757341709e-08], [null, 6.69256081664571e-08], [-9.448532267697374e-08, 9.829576441688914e-08], [null, 3.915531010534323e-08], [null, 7.386934441910853e-08], [null, 6.365046090195392e-08], [-6.270482799664023e-08, 6.960799225907977e-08], [-7.819886604920612e-08, 8.18306986616335e-08], [-7.845292060437714e-08, 8.161286757513153e-08], [-5.434547745153395e-08, 6.470745717024329e-08], [null, 5.872399455597588e-08], [null, 7.924546707727131e-08], [-6.903835014782089e-08, 7.34943625957385e-08], [-5.873388175814398e-08, 6.984776490526201e-08], [null, 5.111252221468021e-08], [-6.349422676521499e-08, 7.009600011542716e-08], [null, 7.609664010033157e-08], [null, 6.202010638389766e-08], [-8.051591038338302e-08, 8.925319150421274e-08], [-6.992164003349899e-08, 7.230530485458075e-08], [-6.573666411213708e-08, 7.407059854358522e-08], [null, 5.142295123050644e-08], [-7.883836872224492e-08, 8.06770117378619e-08], [null, 6.091501347782469e-08], [-5.358538501809562e-08, 5.894851895504871e-08], [null, 7.437214577521445e-08], [null, 7.246481459333154e-08], [null, 8.592641620452923e-08]], "Extended_Source_Name": "                  ", "0FGL_Name": "                 ", "1FGL_Name": "                  ", "2FGL_Name": "                  ", "1FHL_Name": "                  ", "ASSOC_GAM1": "               ", "ASSOC_GAM2": "              ", "ASSOC_GAM3": "               ", "TEVCAT_FLAG": "N", "ASSOC_TEV": "                     ", "CLASS1": "PSR  ", "ASSOC1": "PSR J1837-0604            ", "ASSOC2": "                          ", "Flags": 28, "source_id": 2395}