{"Source_Name": "3FHL J0009.4+5030 ", "RAJ2000": 2.350379228591919, "DEJ2000": 50.504878997802734, "GLON": 116.12566375732422, "GLAT": -11.810517311096191, "Conf_95_SemiMajor": 0.01760995201766491, "Conf_95_SemiMinor": 0.01760995201766491, "Conf_95_PosAng": null, "ROI_num": 302, "Signif_Avg": 22.40245819091797, "Pivot_Energy": 17.03700828552246, "Flux_Density": 9.825164119792174e-12, "Unc_Flux_Density": 1.319185320876326e-12, "Flux": 2.2190976833869058e-10, "Unc_Flux": 2.621151906634367e-11, "Energy_Flux": 8.733559882234676e-12, "Unc_Energy_Flux": 1.2488152872913716e-12, "Signif_Curve": 3.150425434112549, "SpectrumType": "LogParabola", "Spectral_Index": 1.4304664134979248, "Unc_Spectral_Index": 0.3505321741104126, "beta": 0.7964898943901062, "Unc_beta": 0.30720776319503784, "PowerLaw_Index": 2.360978841781616, "Unc_PowerLaw_Index": 0.16113296151161194, "Flux_Band": [1.1627399737479394e-10, 8.636119597227321e-11, 1.920063934235383e-11, 2.2687666650004352e-17, 9.252794024670394e-17], "Unc_Flux_Band": [[-1.8225134942873034e-11, 2.0227571354003437e-11], [-1.522323413161164e-11, 1.7072884772595387e-11], [-6.605065019232859e-12, 8.500838054315007e-12], [null, 4.205696988585084e-12], [null, 4.417992881255994e-12]], "nuFnu": [3.8564164882293195e-12, 4.4826052592039645e-12, 1.935409298103874e-12, 5.9220647651335555e-18, 7.043676511694016e-17], "Sqrt_TS_Band": [15.78067684173584, 14.62761402130127, 7.501069068908691, 0.0, 0.0], "Npred": 78.4981689453125, "HEP_Energy": 72.76170349121094, "HEP_Prob": 0.9949906468391418, "Variability_BayesBlocks": 2, "Extended_Source_Name": "                  ", "ASSOC_GAM": "3FGL J0009.3+5030 ", "TEVCAT_FLAG": "N", "ASSOC_TEV": "                     ", "CLASS": "bll    ", "ASSOC1": "NVSS J000922+503028       ", "ASSOC2": "                          ", "ASSOC_PROB_BAY": 0.9999794960021973, "ASSOC_PROB_LR": 0.9697686433792114, "Redshift": null, "NuPeak_obs": 1412536360501248.0, "catalog_row_index": 8}