{"Source_Name": "3FGL J1744.9-1725 ", "RAJ2000": 266.2475891113281, "DEJ2000": -17.433000564575195, "GLON": 9.777036666870117, "GLAT": 6.092658042907715, "Conf_68_SemiMajor": 0.02306560054421425, "Conf_68_SemiMinor": 0.02263389155268669, "Conf_68_PosAng": 76.33000183105469, "Conf_95_SemiMajor": 0.03739999979734421, "Conf_95_SemiMinor": 0.03669999912381172, "Conf_95_PosAng": 76.33000183105469, "ROI_num": 86, "Signif_Avg": 11.775317192077637, "Pivot_Energy": 3056.43212890625, "Flux_Density": 1.674263212878696e-13, "Unc_Flux_Density": 1.9692619862804288e-14, "Flux1000": 1.571600849459287e-09, "Unc_Flux1000": 1.873373955962876e-10, "Energy_Flux100": 1.7462755200203794e-11, "Unc_Energy_Flux100": 2.094931433188618e-12, "Signif_Curve": 0.9258100390434265, "SpectrumType": "PowerLaw        ", "Spectral_Index": 2.0760579109191895, "Unc_Spectral_Index": 0.08842481672763824, "beta": null, "Unc_beta": null, "Cutoff": null, "Unc_Cutoff": null, "Exp_Index": null, "Unc_Exp_Index": null, "PowerLaw_Index": 2.0760579109191895, "Flux30_100": null, "Unc_Flux30_100": null, "nuFnu30_100": null, "Sqrt_TS30_100": null, "Flux100_300": 3.496219136422951e-08, "Unc_Flux100_300": [-8.14684142369515e-09, 8.852510724466356e-09], "nuFnu100_300": 8.338685644759813e-12, "Sqrt_TS100_300": 3.9175233840942383, "Flux300_1000": 3.6338065889651716e-09, "Unc_Flux300_1000": [-1.1552204748355166e-09, 1.147041461813103e-09], "nuFnu300_1000": 2.4726084894843847e-12, "Sqrt_TS300_1000": 3.238372325897217, "Flux1000_3000": 1.1071863426082018e-09, "Unc_Flux1000_3000": [-2.2494722751176255e-10, 2.35649999513754e-10], "nuFnu1000_3000": 2.6407036279874063e-12, "Sqrt_TS1000_3000": 5.603913307189941, "Flux3000_10000": 2.9577909566036453e-10, "Unc_Flux3000_10000": [-6.696562054875344e-11, 7.459356049510646e-11], "nuFnu3000_10000": 2.0126164190087392e-12, "Sqrt_TS3000_10000": 6.140697956085205, "Flux10000_100000": 1.3702504408907856e-10, "Unc_Flux10000_100000": [-3.422400557395733e-11, 3.938025947003432e-11], "nuFnu10000_100000": 2.3652390809814072e-12, "Sqrt_TS10000_100000": 7.739535331726074, "Variability_Index": 56.227420806884766, "Signif_Peak": null, "Flux_Peak": null, "Unc_Flux_Peak": null, "Time_Peak": null, "Peak_Interval": null, "Flux_History": [5.5843116797404946e-09, 2.2044766012641048e-08, 1.55211843377856e-08, 1.0126339766713954e-08, 3.347393828789791e-08, 2.8172440380558328e-08, 1.7571553101447535e-08, 9.760293018246102e-09, 3.693746819521948e-08, 2.2143520794770666e-08, 2.717068570134984e-09, 2.995895798107995e-08, 1.091559287402788e-08, 4.736977032848699e-08, 1.940733618255308e-08, 2.6787979834352882e-08, 2.1204556333032087e-08, 1.0306783870817071e-08, 3.7336562286327535e-08, 4.1697031605281154e-08, 2.1304472852534673e-08, 1.1788035436666178e-08, 7.566991655494348e-08, 1.5952524634599285e-08, 0.0, 2.7111465072948704e-08, 1.7219157655290473e-08, 4.126181174513022e-09, 1.2588396991475292e-08, 1.1390769216745866e-08, 2.2538662491911055e-08, 0.0, 2.060913573131984e-08, 2.2103538555029445e-08, 0.0, 0.0, 0.0, 2.995404102534849e-08, 7.765319942620863e-09, 7.957543957104463e-09, 3.3732103332795305e-08, 1.2199241616883683e-08, 5.7995634961116593e-08, 2.6441101752538998e-08, 0.0, 1.350574141412153e-08, 5.1517929477995494e-08, 3.369092027583065e-08], "Unc_Flux_History": [[null, 2.11811759243119e-08], [-1.176780095590857e-08, 1.5563864863565868e-08], [-1.1365159480192233e-08, 1.3379192864704237e-08], [-8.175458532377888e-09, 1.2883643485395169e-08], [-1.2686327544031428e-08, 1.475901267866675e-08], [-1.2434439256026053e-08, 1.4756154520512155e-08], [-1.5796635111087198e-08, 1.7240143534991148e-08], [null, 1.7670444663053786e-08], [-1.644126967903503e-08, 1.8471716600743093e-08], [-1.0619719326143695e-08, 1.3669895437828927e-08], [null, 1.892803069836191e-08], [-1.71247780400563e-08, 1.8519932254434934e-08], [-9.046160265313574e-09, 1.3146551403053763e-08], [-1.7307772992580794e-08, 1.8526927547668492e-08], [-1.271976213246262e-08, 1.5714446632841828e-08], [-1.527049064975472e-08, 1.935896953852989e-08], [-1.679462080517169e-08, 1.853303999155287e-08], [null, 2.61161208214844e-08], [-1.614490940937685e-08, 1.880869682224784e-08], [-2.0611672368886502e-08, 2.2561792434316885e-08], [-1.5255073648745565e-08, 1.8813663515970802e-08], [-9.909880915870417e-09, 1.286367634634189e-08], [-2.4293608902326014e-08, 2.7080803377543816e-08], [-1.1299927216157357e-08, 1.5121782936944328e-08], [null, 9.62648627478302e-09], [-1.6039773953480108e-08, 1.8883106633893476e-08], [-1.507648583753962e-08, 1.931255688703004e-08], [null, 1.9735436396217665e-08], [-8.453683975062631e-09, 1.3072950721948473e-08], [null, 1.993428000446329e-08], [-1.5776423722968502e-08, 1.7937573204562796e-08], [null, 1.7614803837773252e-08], [-1.368126145706583e-08, 1.701319796154621e-08], [-1.2300836793599501e-08, 1.6445499184669643e-08], [null, 1.3407652765806688e-08], [null, 1.3115657893081334e-08], [null, 1.7845195543486625e-08], [-1.4330750808255743e-08, 1.7584502742806762e-08], [null, 2.265240794940837e-08], [null, 1.7137530505806353e-08], [-1.564543161691745e-08, 1.91984135256007e-08], [-9.229491837459136e-09, 1.4727512542833665e-08], [-1.684778005994758e-08, 1.876159849700798e-08], [-1.6703891603242482e-08, 1.917501357695528e-08], [null, 1.1224741136572902e-08], [null, 2.111901586943077e-08], [-1.6589506657282982e-08, 1.8702223769651027e-08], [-2.390313014188905e-08, 2.72242086651886e-08]], "Extended_Source_Name": "                  ", "0FGL_Name": "                 ", "1FGL_Name": "                  ", "2FGL_Name": "2FGL J1745.1-1729 ", "1FHL_Name": "                  ", "ASSOC_GAM1": "               ", "ASSOC_GAM2": "              ", "ASSOC_GAM3": "               ", "TEVCAT_FLAG": "N", "ASSOC_TEV": "                     ", "CLASS1": "bcu  ", "ASSOC1": "1RXS J174459.5-172640     ", "ASSOC2": "                          ", "Flags": 0, "catalog_row_index": 2220}