{"Source_Name": "3FHL J1231.1-1411 ", "RAJ2000": 187.7841796875, "DEJ2000": -14.183879852294922, "GLON": 295.51025390625, "GLAT": 48.39510726928711, "Conf_95_SemiMajor": 0.031049668788909912, "Conf_95_SemiMinor": 0.031049668788909912, "Conf_95_PosAng": null, "ROI_num": 495, "Signif_Avg": 14.105215072631836, "Pivot_Energy": 12.482036590576172, "Flux_Density": 1.7123868295554345e-11, "Unc_Flux_Density": 3.02731385966315e-12, "Flux": 1.292815993148011e-10, "Unc_Flux": 2.277406388473402e-11, "Energy_Flux": 2.661227575112557e-12, "Unc_Energy_Flux": 4.88173629124844e-13, "Signif_Curve": 0.9879917502403259, "SpectrumType": "PowerLaw   ", "Spectral_Index": 5.094322681427002, "Unc_Spectral_Index": 0.836863100528717, "beta": 0.994505763053894, "Unc_beta": 0.16529859602451324, "PowerLaw_Index": 5.486978054046631, "Unc_PowerLaw_Index": 0.7748790383338928, "Flux_Band": [1.258942117221551e-10, 3.5844350491226473e-12, 1.975307567474426e-16, 7.571192087631743e-17, 6.4102817973162204e-21], "Unc_Flux_Band": [[-2.1307813152793287e-11, 2.3907350057972288e-11], [-2.6262796191250937e-12, 5.125704114622431e-12], [null, 5.75672495783941e-12], [null, 7.093759173820713e-12], [null, 5.7096146387214386e-12]], "nuFnu": [3.5692232589618067e-12, 1.572426135696206e-13, 1.8260782954438985e-17, 1.9237628663943683e-17, 4.736945097425813e-21], "Sqrt_TS_Band": [14.403678894042969, 2.04445481300354, 0.0, 0.0, 0.0], "Npred": 35.04194641113281, "HEP_Energy": 21.11359977722168, "HEP_Prob": 0.9699426293373108, "Variability_BayesBlocks": 1, "Extended_Source_Name": "                  ", "ASSOC_GAM": "3FGL J1231.2-1411 ", "TEVCAT_FLAG": "N", "ASSOC_TEV": "                     ", "CLASS": "PSR    ", "ASSOC1": "PSR J1231-1411            ", "ASSOC2": "                          ", "ASSOC_PROB_BAY": 0.9999875426292419, "ASSOC_PROB_LR": 0.0, "Redshift": null, "NuPeak_obs": null, "catalog_row_index": 800}