{"source_id": 131, "common_name": "HESS J1858+020", "gamma_names": "1HWC J1857+023", "fermi_names": "", "other_names": "G35.6-0.4", "where": "gal", "classes": "unid", "discoverer": "hess", "seen_by": "hess,hawc", "discovery_date": "2007-07", "tevcat_id": 144, "tevcat2_id": "KxJfNI", "tevcat_name": "TeV J1858+020", "tgevcat_id": 131, "tgevcat_name": "TeV J1858+0205", "reference_id": "2008A&A...477..353A", "significance": 7.0, "livetime": 25.0, "ra": 284.5833435058594, "dec": 2.0899999141693115, "glon": 35.57807159423828, "glat": -0.5801709890365601, "pos_ra": 284.58404541015625, "pos_dec": 2.0895578861236572, "pos_glon": 35.577999114990234, "pos_glat": -0.5809999704360962, "pos_err": 0.05000000074505806, "morph_type": "gauss", "morph_sigma": 0.07999999821186066, "morph_sigma_err": 0.019999999552965164, "morph_sigma2": 0.019999999552965164, "morph_sigma2_err": 0.03999999910593033, "morph_pa": 4.0, "morph_pa_err": 17.0, "morph_pa_frame": "radec", "spec_type": "pl", "spec_pl_norm": 5.999999759184749e-13, "spec_pl_norm_err": 9.9999998245167e-14, "spec_pl_norm_err_sys": 1.99999996490334e-13, "spec_pl_index": 2.1700000762939453, "spec_pl_index_err": 0.11999999731779099, "spec_pl_index_err_sys": 0.20000000298023224, "spec_pl_e_ref": 1.0, "spec_pl2_flux": null, "spec_pl2_flux_err": null, "spec_pl2_flux_err_sys": null, "spec_pl2_index": null, "spec_pl2_index_err": null, "spec_pl2_index_err_sys": null, "spec_pl2_e_min": null, "spec_pl2_e_max": null, "spec_ecpl_norm": null, "spec_ecpl_norm_err": null, "spec_ecpl_norm_err_sys": null, "spec_ecpl_index": null, "spec_ecpl_index_err": null, "spec_ecpl_index_err_sys": null, "spec_ecpl_e_cut": null, "spec_ecpl_e_cut_err": null, "spec_ecpl_e_cut_err_sys": null, "spec_ecpl_e_ref": null, "spec_erange_min": 0.5, "spec_erange_max": 80.0, "spec_theta": 0.15000000596046448, "spec_dnde_1TeV": 5.999999759184749e-13, "spec_dnde_1TeV_err": 9.9999998245167e-14, "spec_flux_1TeV": 5.128204718513052e-13, "spec_flux_1TeV_err": 1.0035719542715593e-13, "spec_flux_1TeV_crab": 2.4720869064331055, "spec_flux_1TeV_crab_err": 0.4837788939476013, "spec_eflux_1TeV_10TeV": 1.8316669795487295e-12, "spec_eflux_1TeV_10TeV_err": 3.8622262939908003e-13, "sed_reference_id": "2008A&A...477..353A", "sed_n_points": 8, "sed_n_ul": 0, "sed_e_ref": [0.8176320195198059, 1.4258099794387817, 2.5206799507141113, 4.456240177154541, 7.887139797210693, 13.975799560546875, 24.735700607299805, 43.88199996948242, null, null, null, null, null, null, null, null, null, null, null, null, null, null, null, null, null, null, null, null, null, null, null, null, null, null, null, null, null, null, null, null], "sed_e_min": [null, null, null, null, null, null, null, null, null, null, null, null, null, null, null, null, null, null, null, null, null, null, null, null, null, null, null, null, null, null, null, null, null, null, null, null, null, null, null, null], "sed_e_max": [null, null, null, null, null, null, null, null, null, null, null, null, null, null, null, null, null, null, null, null, null, null, null, null, null, null, null, null, null, null, null, null, null, null, null, null, null, null, null, null], "sed_dnde": [1.2700600120207906e-12, 2.189910037163345e-13, 6.068339868147213e-14, 3.438680004803907e-14, 1.0130700396409828e-14, 2.4826599211494587e-15, 1.0012000375555163e-15, 1.1755399851192018e-16, null, null, null, null, null, null, null, null, null, null, null, null, null, null, null, null, null, null, null, null, null, null, null, null, null, null, null, null, null, null, null, null], "sed_dnde_err": [null, null, null, null, null, null, null, null, null, null, null, null, null, null, null, null, null, null, null, null, null, null, null, null, null, null, null, null, null, null, null, null, null, null, null, null, null, null, null, null], "sed_dnde_errp": [4.58488011011865e-13, 9.456210093390302e-14, 2.7719200632742025e-14, 9.854320321984328e-15, 4.15327994367806e-15, 1.5115099655845649e-15, 6.243780021512131e-16, 6.736989704294875e-17, null, null, null, null, null, null, null, null, null, null, null, null, null, null, null, null, null, null, null, null, null, null, null, null, null, null, null, null, null, null, null, null], "sed_dnde_errn": [4.2881101230615726e-13, 8.680489866404878e-14, 2.481449934584306e-14, 8.632399909637694e-15, 3.571339933310623e-15, 1.2211599885182363e-15, 4.6601799288197e-16, 6.736989704294875e-17, null, null, null, null, null, null, null, null, null, null, null, null, null, null, null, null, null, null, null, null, null, null, null, null, null, null, null, null, null, null, null, null], "sed_dnde_ul": [null, null, null, null, null, null, null, null, null, null, null, null, null, null, null, null, null, null, null, null, null, null, null, null, null, null, null, null, null, null, null, null, null, null, null, null, null, null, null, null], "catalog_row_index": 139}