{"Source_Name": "3FGL J2321.3+5113 ", "RAJ2000": 350.3453063964844, "DEJ2000": 51.22100067138672, "GLON": 108.87267303466797, "GLAT": -9.175679206848145, "Conf_68_SemiMajor": 0.05266851186752319, "Conf_68_SemiMinor": 0.051681749522686005, "Conf_68_PosAng": -24.209999084472656, "Conf_95_SemiMajor": 0.08540000021457672, "Conf_95_SemiMinor": 0.08380000293254852, "Conf_95_PosAng": -24.209999084472656, "ROI_num": 242, "Signif_Avg": 4.332798480987549, "Pivot_Energy": 3944.929443359375, "Flux_Density": 1.7650326865218183e-14, "Unc_Flux_Density": 4.872259296999403e-15, "Flux1000": 2.7417690340314493e-10, "Unc_Flux1000": 8.02497374108313e-11, "Energy_Flux100": 3.054522997383846e-12, "Unc_Energy_Flux100": 8.673305671759446e-13, "Signif_Curve": 0.31810954213142395, "SpectrumType": "PowerLaw        ", "Spectral_Index": 2.018815279006958, "Unc_Spectral_Index": 0.22484035789966583, "beta": null, "Unc_beta": null, "Cutoff": null, "Unc_Cutoff": null, "Exp_Index": null, "Unc_Exp_Index": null, "PowerLaw_Index": 2.018815279006958, "Flux30_100": null, "Unc_Flux30_100": null, "nuFnu30_100": null, "Sqrt_TS30_100": null, "Flux100_300": 2.4830966172117996e-09, "Unc_Flux100_300": [null, 2.4010247123840145e-09], "nuFnu100_300": 5.955763226345168e-13, "Sqrt_TS100_300": 0.9131736159324646, "Flux300_1000": 6.684201525608557e-10, "Unc_Flux300_1000": [-5.137333891624962e-10, 5.389088619800475e-10], "nuFnu300_1000": 4.57895440314493e-13, "Sqrt_TS300_1000": 1.3047230243682861, "Flux1000_3000": 1.0851530785060959e-10, "Unc_Flux1000_3000": [-9.012726676083105e-11, 1.0009970630164844e-10], "nuFnu1000_3000": 2.6027641955757297e-13, "Sqrt_TS1000_3000": 1.2196855545043945, "Flux3000_10000": 7.44730596635712e-11, "Unc_Flux3000_10000": [-2.9656884587003773e-11, 3.538923321055876e-11], "nuFnu3000_10000": 5.101712238428369e-13, "Sqrt_TS3000_10000": 3.119474411010742, "Flux10000_100000": 2.260784788543635e-11, "Unc_Flux10000_100000": [-1.1305332538180668e-11, 1.5638854794497448e-11], "nuFnu10000_100000": 3.993369491420845e-13, "Sqrt_TS10000_100000": 3.372621774673462, "Variability_Index": 39.188232421875, "Signif_Peak": null, "Flux_Peak": null, "Unc_Flux_Peak": null, "Time_Peak": null, "Peak_Interval": null, "Flux_History": [1.8750426988844993e-08, 0.0, 0.0, 0.0, 7.712186445019142e-09, 6.831319510069989e-09, 0.0, 0.0, 4.566767408675787e-09, 0.0, 1.8888226094304628e-08, 0.0, 1.1599038174381349e-08, 2.7580757677725387e-09, 0.0, 0.0, 2.9313100835537398e-09, 7.108857946747094e-09, 6.294590626509944e-09, 0.0, 0.0, 4.150690458004647e-09, 0.0, 0.0, 0.0, 9.953438073750931e-09, 1.0493515389953245e-08, 0.0, 0.0, 1.0996069832458488e-08, 1.1358541662787047e-08, 5.000356573248155e-09, 0.0, 0.0, 0.0, 0.0, 6.203908498036981e-09, 0.0, 0.0, 5.141179038048449e-09, 0.0, 1.4464639486178044e-09, 6.7790137947554285e-09, 4.231156314205009e-09, 6.688173570523759e-09, 0.0, 3.297883299779869e-09, 8.190731648483052e-09], "Unc_Flux_History": [[-9.462055139408676e-09, 1.1035970359785097e-08], [null, 9.7928802844649e-09], [null, 7.970635707010842e-09], [null, 7.2390453631498985e-09], [-5.626194621299874e-09, 7.445495775471045e-09], [-5.771593425407673e-09, 7.1085977104701215e-09], [null, 8.240029991668507e-09], [null, 7.332542573124101e-09], [null, 1.020711959398568e-08], [null, 9.654609556264404e-09], [-8.882170554613822e-09, 9.948224466427291e-09], [null, 6.29030738608094e-09], [-9.767168407393001e-09, 1.0868067334968146e-08], [-2.474651594752686e-09, 4.205202852602952e-09], [null, 7.752094965951528e-09], [null, 8.094660053359348e-09], [null, 1.0174083797664935e-08], [-4.657557006737534e-09, 6.481751135822833e-09], [null, 7.963726567083995e-09], [null, 9.570573666906057e-09], [null, 6.031997568101133e-09], [-3.6209111264895455e-09, 5.583179252255377e-09], [null, 5.935878011342766e-09], [null, 7.95950594323358e-09], [null, 8.881766433432858e-09], [-7.748520047812235e-09, 8.245958582620005e-09], [-7.533688339833589e-09, 8.663639583517124e-09], [null, 5.7413691578744874e-09], [null, 5.742792463792057e-09], [-5.901931388052617e-09, 8.78926265102109e-09], [-6.5844987240382125e-09, 8.221734404401104e-09], [null, 7.443689664654585e-09], [null, 5.496554766892814e-09], [null, 4.985150514613679e-09], [null, 4.299231193272135e-09], [null, 6.5956431427594e-09], [-3.849401242206341e-09, 6.260337581664999e-09], [null, 5.1889372798541444e-09], [null, 8.35748714678175e-09], [null, 8.314434474243626e-09], [null, 1.0051977028524561e-08], [null, 6.306092092955851e-09], [-5.759674071015297e-09, 8.004127138860895e-09], [-3.618078281419912e-09, 6.201548163886628e-09], [-5.147523740589577e-09, 7.70014008111275e-09], [null, 5.3714837022766915e-09], [null, 6.307092181856433e-09], [-5.130117219920294e-09, 8.650877347804453e-09]], "Extended_Source_Name": "                  ", "0FGL_Name": "                 ", "1FGL_Name": "                  ", "2FGL_Name": "                  ", "1FHL_Name": "                  ", "ASSOC_GAM1": "               ", "ASSOC_GAM2": "              ", "ASSOC_GAM3": "               ", "TEVCAT_FLAG": "N", "ASSOC_TEV": "                     ", "CLASS1": "     ", "ASSOC1": "                          ", "ASSOC2": "                          ", "Flags": 0, "catalog_row_index": 2951}