{"Source_Name": "3FGL J1813.6+3143 ", "RAJ2000": 273.4128112792969, "DEJ2000": 31.73240089416504, "GLON": 58.66917419433594, "GLAT": 21.349750518798828, "Conf_68_SemiMajor": 0.029849600046873093, "Conf_68_SemiMinor": 0.02799941971898079, "Conf_68_PosAng": 53.709999084472656, "Conf_95_SemiMajor": 0.04839999973773956, "Conf_95_SemiMinor": 0.04540000110864639, "Conf_95_PosAng": 53.709999084472656, "ROI_num": 411, "Signif_Avg": 17.781709671020508, "Pivot_Energy": 919.2279052734375, "Flux_Density": 2.220794945509419e-12, "Unc_Flux_Density": 2.084024955644609e-13, "Flux1000": 1.5444644452244916e-09, "Unc_Flux1000": 1.3618098315681948e-10, "Energy_Flux100": 1.126773674364756e-11, "Unc_Energy_Flux100": 1.1146722650803853e-12, "Signif_Curve": 3.909421920776367, "SpectrumType": "LogParabola     ", "Spectral_Index": 1.9108731746673584, "Unc_Spectral_Index": 0.10039550811052322, "beta": 0.19996455311775208, "Unc_beta": 0.06217123195528984, "Cutoff": null, "Unc_Cutoff": null, "Exp_Index": null, "Unc_Exp_Index": null, "PowerLaw_Index": 2.1193039417266846, "Flux30_100": null, "Unc_Flux30_100": null, "nuFnu30_100": null, "Sqrt_TS30_100": null, "Flux100_300": 7.563254911246986e-09, "Unc_Flux100_300": [-2.3717792174693386e-09, 2.499323858984326e-09], "nuFnu100_300": 1.9598786569346993e-12, "Sqrt_TS100_300": 3.221475124359131, "Flux300_1000": 3.780256996321896e-09, "Unc_Flux300_1000": [-4.834488365190737e-10, 4.969530342791018e-10], "nuFnu300_1000": 2.6884891882184014e-12, "Sqrt_TS300_1000": 9.084003448486328, "Flux1000_3000": 1.2766432355704183e-09, "Unc_Flux1000_3000": [-1.429319856915967e-10, 1.498935559007819e-10], "nuFnu1000_3000": 3.0187072459775255e-12, "Sqrt_TS1000_3000": 12.578604698181152, "Flux3000_10000": 2.058351128431113e-10, "Unc_Flux3000_10000": [-4.4562152579086245e-11, 5.0228165376919875e-11], "nuFnu3000_10000": 1.3156701205926935e-12, "Sqrt_TS3000_10000": 7.347558975219727, "Flux10000_100000": 6.421849163551485e-11, "Unc_Flux10000_100000": [-2.1118193999081214e-11, 2.6284044385427308e-11], "nuFnu10000_100000": 7.501857208352947e-13, "Sqrt_TS10000_100000": 5.911993026733398, "Variability_Index": 69.04399108886719, "Signif_Peak": null, "Flux_Peak": null, "Unc_Flux_Peak": null, "Time_Peak": null, "Peak_Interval": null, "Flux_History": [1.4176483098538029e-08, 4.058188451949718e-09, 1.568878538193985e-08, 1.5853631296636195e-08, 2.661756326460818e-08, 2.4143862020764573e-08, 1.507631530728304e-08, 1.7908398319832486e-08, 8.292189157543817e-09, 8.446051857902148e-09, 2.1558063778570613e-08, 4.306052403535432e-09, 1.1596434923433208e-08, 5.949590153875306e-09, 1.7654385731091793e-09, 2.2691581946787664e-08, 1.083802114720811e-08, 1.4016877436517916e-08, 1.3695919065526141e-08, 2.1589860565995878e-08, 0.0, 3.0786446725272754e-09, 1.3608359772376843e-08, 6.289967657835405e-09, 8.322827760309792e-09, 0.0, 1.1158319601634048e-08, 2.595147208239723e-09, 5.56483747971015e-09, 1.1840651126249213e-08, 9.160388891871207e-09, 1.0883757894930568e-08, 5.13134201796106e-09, 7.91958232326806e-09, 4.52638815318096e-09, 1.551261696874917e-08, 1.6264204205640453e-08, 4.018863908328285e-09, 9.430838332491476e-09, 2.213375971393816e-08, 1.1207399452928257e-08, 1.2681453664953324e-09, 8.749628799264997e-10, 9.138326539925856e-09, 2.296002499235783e-08, 0.0, 4.92152585351846e-09, 1.024509277414154e-08], "Unc_Flux_History": [[-5.191018725980712e-09, 6.024941878735035e-09], [null, 6.244294414869955e-09], [-5.016054682727145e-09, 5.7687588039812e-09], [-5.975091532661736e-09, 7.022928460997946e-09], [-6.65855193204834e-09, 7.400096535548073e-09], [-6.876852864934335e-09, 7.702618987082133e-09], [-5.412418513373041e-09, 6.2566059000346286e-09], [-5.861068075319054e-09, 6.767899130011301e-09], [-4.350408033815256e-09, 5.522712065442192e-09], [-5.374251266232477e-09, 6.328686463774602e-09], [-6.406896346788926e-09, 7.307511484810902e-09], [-3.5968286127285864e-09, 5.2850364085088586e-09], [-5.295150096173984e-09, 6.307582900433317e-09], [-3.5897969041798206e-09, 4.7407144876387974e-09], [null, 6.496877702488746e-09], [-6.488496406831246e-09, 7.463327733603364e-09], [-5.528301816326575e-09, 6.662241869292984e-09], [-5.4018718387283116e-09, 6.299794463870967e-09], [-6.375361127908263e-09, 7.598869089520122e-09], [-6.802215679613255e-09, 7.717352090708118e-09], [null, 6.258633167277594e-09], [null, 5.645401479625889e-09], [-5.58891599666822e-09, 6.576971856020464e-09], [-3.754884847495532e-09, 5.143832471077303e-09], [-5.636162203614958e-09, 6.535472163449185e-09], [null, 5.459373397798117e-09], [-5.672250225075004e-09, 6.658750884014353e-09], [null, 6.194244228652224e-09], [-4.416621290914691e-09, 5.793767687833906e-09], [-6.5596101883613755e-09, 7.518620392943376e-09], [-6.422547382811672e-09, 8.014866104133489e-09], [-4.684040710856152e-09, 5.6049382912704004e-09], [-4.221624827493997e-09, 5.86306247996049e-09], [-4.4998609283197766e-09, 5.650779844046383e-09], [null, 6.805433994117038e-09], [-5.550024884115601e-09, 6.536527763500999e-09], [-6.04115690805429e-09, 7.048843730927956e-09], [null, 6.871346602821404e-09], [-5.5507900498241725e-09, 6.52731424466424e-09], [-7.123981848877747e-09, 8.26389445762743e-09], [-5.734268171408985e-09, 6.811763153535821e-09], [null, 4.590221980294018e-09], [null, 5.763094446109562e-09], [-4.179045554053573e-09, 5.271906466930432e-09], [-6.519955242367814e-09, 7.362559450996287e-09], [null, 6.677585151493304e-09], [null, 6.6105707574593e-09], [-5.6717586183197e-09, 6.903669635960341e-09]], "Extended_Source_Name": "                  ", "0FGL_Name": "                 ", "1FGL_Name": "1FGL J1813.4+3141 ", "2FGL_Name": "2FGL J1813.5+3143 ", "1FHL_Name": "1FHL J1813.4+3145 ", "ASSOC_GAM1": "               ", "ASSOC_GAM2": "              ", "ASSOC_GAM3": "               ", "TEVCAT_FLAG": "N", "ASSOC_TEV": "                     ", "CLASS1": "bll  ", "ASSOC1": "B2 1811+31                ", "ASSOC2": "                          ", "Flags": 0, "catalog_row_index": 2316}