{"Source_Name": "3FGL J1250.2-0233 ", "RAJ2000": 192.5677032470703, "DEJ2000": -2.563800096511841, "GLON": 302.3443603515625, "GLAT": 60.30656814575195, "Conf_68_SemiMajor": 0.04705629497766495, "Conf_68_SemiMinor": 0.03977890685200691, "Conf_68_PosAng": 64.43000030517578, "Conf_95_SemiMajor": 0.0763000026345253, "Conf_95_SemiMinor": 0.06449999660253525, "Conf_95_PosAng": 64.43000030517578, "ROI_num": 688, "Signif_Avg": 5.120180606842041, "Pivot_Energy": 33148.875, "Flux_Density": 5.349604396787209e-16, "Unc_Flux_Density": 2.0802029365223166e-16, "Flux1000": 9.25646156946236e-11, "Unc_Flux1000": 5.214766812811078e-11, "Energy_Flux100": 2.8219041686705637e-12, "Unc_Energy_Flux100": 1.0969735319762974e-12, "Signif_Curve": 0.7302268147468567, "SpectrumType": "PowerLaw        ", "Spectral_Index": 1.0975341796875, "Unc_Spectral_Index": 0.2975044548511505, "beta": null, "Unc_beta": null, "Cutoff": null, "Unc_Cutoff": null, "Exp_Index": null, "Unc_Exp_Index": null, "PowerLaw_Index": 1.0975341796875, "Flux30_100": null, "Unc_Flux30_100": null, "nuFnu30_100": null, "Sqrt_TS30_100": null, "Flux100_300": 4.651659946119935e-09, "Unc_Flux100_300": [-2.6221693705252846e-09, 2.7255402379466886e-09], "nuFnu100_300": 1.2230010840857952e-12, "Sqrt_TS100_300": 1.4661976099014282, "Flux300_1000": 3.1809574505686777e-12, "Unc_Flux300_1000": [null, 3.785013413803995e-10], "nuFnu300_1000": 2.4326301318781203e-15, "Sqrt_TS300_1000": 0.0, "Flux1000_3000": 9.21176763341025e-13, "Unc_Flux1000_3000": [null, 7.789374006916816e-11], "nuFnu1000_3000": 2.421931470479588e-15, "Sqrt_TS1000_3000": 0.0, "Flux3000_10000": 6.182670261173362e-12, "Unc_Flux3000_10000": [null, 3.166545498034523e-11], "nuFnu3000_10000": 4.7281833125394773e-14, "Sqrt_TS3000_10000": 0.23734605312347412, "Flux10000_100000": 6.377855882311323e-11, "Unc_Flux10000_100000": [-2.3188817185881838e-11, 2.9349883634566254e-11], "nuFnu10000_100000": 1.66621187333571e-12, "Sqrt_TS10000_100000": 5.435885429382324, "Variability_Index": 26.46799659729004, "Signif_Peak": null, "Flux_Peak": null, "Unc_Flux_Peak": null, "Time_Peak": null, "Peak_Interval": null, "Flux_History": [0.0, 0.0, 6.169956212609407e-10, 0.0, 5.273385061954627e-10, 4.1292483321520024e-10, 8.668484263729681e-10, 0.0, 6.250961970266644e-10, 6.326217327767836e-10, 0.0, 0.0, 0.0, 0.0, 0.0, 0.0, 0.0, 7.471270824233045e-10, 0.0, 0.0, 8.708216925334966e-10, 0.0, 0.0, 0.0, 0.0, 0.0, 0.0, 0.0, 0.0, 4.800497777068813e-10, 1.6212753362054855e-09, 0.0, 0.0, 0.0, 1.2946056449081311e-09, 0.0, 0.0, 8.948548568810111e-10, 1.1512276548719669e-10, 0.0, 0.0, 0.0, 0.0, 0.0, 0.0, 1.0905704117547543e-09, 6.049217793346884e-10, 0.0], "Unc_Flux_History": [[null, 9.87012471753701e-10], [null, 1.2505231294923647e-09], [-4.4243148034084356e-10, 6.270135521901921e-10], [null, 8.993559230674464e-10], [null, 1.2331337062576608e-09], [null, 1.305050956190712e-09], [-5.784054346591461e-10, 1.0122765958797686e-09], [null, 1.0402878558579687e-09], [-5.998207486257456e-10, 8.570737453084121e-10], [-6.1080723812168e-10, 9.637376452431567e-10], [null, 8.888122460248837e-10], [null, 7.562869774879744e-10], [null, 1.236844293650563e-09], [null, 1.139267014060863e-09], [null, 1.4487141486441146e-09], [null, 1.2953599304310615e-09], [null, 1.4740662024337325e-09], [-5.643511769015674e-10, 1.09763953481945e-09], [null, 9.580469750858356e-10], [null, 1.513595138113999e-09], [-6.22802753813545e-10, 1.115945225116377e-09], [null, 1.0967778907300385e-09], [null, 1.2429750562148456e-09], [null, 1.0340269751552e-09], [null, 1.5041683454342092e-09], [null, 1.2797308768242033e-09], [null, 1.3712116997410817e-09], [null, 1.3994326808486335e-09], [null, 1.3378421703791332e-09], [null, 1.3826082501111614e-09], [-1.1312754066850061e-09, 1.6727567109242614e-09], [null, 1.3588280500798078e-09], [null, 1.7907133553762833e-09], [null, 2.36528929775659e-09], [-8.346951463344965e-10, 1.3488355987689715e-09], [null, 1.349426459462677e-09], [null, 1.0656756588289795e-09], [null, 2.3257937797893646e-09], [null, 1.8436775439667485e-09], [null, 1.565560014959999e-09], [null, 1.2866926413224178e-09], [null, 8.06727240565408e-10], [null, 1.5424764798765978e-09], [null, 1.4233250134054742e-09], [null, 1.5234655759144289e-09], [-7.328710971421515e-10, 1.3800094400551188e-09], [null, 1.5139437481437312e-09], [null, 1.5577703571523216e-09]], "Extended_Source_Name": "                  ", "0FGL_Name": "                 ", "1FGL_Name": "                  ", "2FGL_Name": "                  ", "1FHL_Name": "                  ", "ASSOC_GAM1": "               ", "ASSOC_GAM2": "              ", "ASSOC_GAM3": "               ", "TEVCAT_FLAG": "N", "ASSOC_TEV": "                     ", "CLASS1": "     ", "ASSOC1": "                          ", "ASSOC2": "                          ", "Flags": 0, "source_id": 1534}