{"Source_Name": "3FGL J1206.4-7123 ", "RAJ2000": 181.62420654296875, "DEJ2000": -71.39749908447266, "GLON": 299.32598876953125, "GLAT": -8.841143608093262, "Conf_68_SemiMajor": 0.15442851185798645, "Conf_68_SemiMinor": 0.11582139134407043, "Conf_68_PosAng": -82.80999755859375, "Conf_95_SemiMajor": 0.25040000677108765, "Conf_95_SemiMinor": 0.18780000507831573, "Conf_95_PosAng": -82.80999755859375, "ROI_num": 148, "Signif_Avg": 6.717700958251953, "Pivot_Energy": 487.91864013671875, "Flux_Density": 5.092357525243729e-12, "Unc_Flux_Density": 7.501908165855053e-13, "Flux1000": 4.428205024886722e-10, "Unc_Flux1000": 9.232858921848219e-11, "Energy_Flux100": 8.317084000675212e-12, "Unc_Energy_Flux100": 1.2363898967138187e-12, "Signif_Curve": 2.26442551612854, "SpectrumType": "PowerLaw        ", "Spectral_Index": 2.680323839187622, "Unc_Spectral_Index": 0.11268387734889984, "beta": null, "Unc_beta": null, "Cutoff": null, "Unc_Cutoff": null, "Exp_Index": null, "Unc_Exp_Index": null, "PowerLaw_Index": 2.680323839187622, "Flux30_100": null, "Unc_Flux30_100": null, "nuFnu30_100": null, "Sqrt_TS30_100": null, "Flux100_300": 2.0480346307749642e-08, "Unc_Flux100_300": [-4.905094552754008e-09, 4.8227954962953845e-09], "nuFnu100_300": 4.610662546200572e-12, "Sqrt_TS100_300": 4.167875289916992, "Flux300_1000": 2.6902111649462768e-09, "Unc_Flux300_1000": [-7.09659331299406e-10, 7.250580136286544e-10], "nuFnu300_1000": 1.709092611358598e-12, "Sqrt_TS300_1000": 3.9199652671813965, "Flux1000_3000": 3.1862787408520887e-10, "Unc_Flux1000_3000": [-1.2435208418537513e-10, 1.328865351091224e-10], "nuFnu1000_3000": 7.173148251597705e-13, "Sqrt_TS1000_3000": 2.7595832347869873, "Flux3000_10000": 6.002668501148278e-11, "Unc_Flux3000_10000": [-3.004090726177466e-11, 3.6268200248601445e-11], "nuFnu3000_10000": 3.813498453651698e-13, "Sqrt_TS3000_10000": 2.3291680812835693, "Flux10000_100000": 1.001957920285072e-15, "Unc_Flux10000_100000": [null, 1.2287017757406371e-11], "nuFnu10000_100000": 1.3912044665702728e-17, "Sqrt_TS10000_100000": 0.0, "Variability_Index": 43.30988311767578, "Signif_Peak": null, "Flux_Peak": null, "Unc_Flux_Peak": null, "Time_Peak": null, "Peak_Interval": null, "Flux_History": [6.799303520210742e-08, 0.0, 4.304980372182854e-09, 0.0, 2.902496554213485e-08, 4.101120154587079e-08, 0.0, 2.6899153127146747e-08, 5.803489599998102e-08, 0.0, 1.5995581748029508e-08, 0.0, 0.0, 1.7333601221025674e-08, 2.1240403214051184e-08, 1.4237516055004562e-08, 0.0, 0.0, 3.308875307084236e-08, 0.0, 1.7433022136970067e-08, 4.167119627140892e-08, 1.0205813971708722e-08, 6.756593950996148e-09, 0.0, 3.305104456785557e-08, 3.7593945734215595e-08, 2.55435694818118e-09, 3.010467608532963e-08, 3.6459862684523614e-08, 1.6314482209622838e-08, 1.3796077169558885e-08, 0.0, 3.0186349420091574e-08, 1.7451294853643162e-09, 2.2348771722136007e-08, 0.0, 1.50309986679531e-08, 7.243587507588245e-09, 2.8485191094773654e-08, 2.2453249926002172e-08, 1.7401905694214292e-08, 0.0, 0.0, 1.0830326857558248e-08, 1.454330078587418e-08, 9.064196504482425e-09, 3.133996173687592e-08], "Unc_Flux_History": [[-2.9209145324671226e-08, 3.0891349922512745e-08], [null, 2.4202623905011933e-08], [null, 2.4507381013449958e-08], [null, 1.5447556123149297e-08], [-2.1469359623438322e-08, 2.584318714582423e-08], [-2.3988771857830216e-08, 2.620720174206781e-08], [null, 2.1339410238851997e-08], [null, 2.706533486218632e-08], [-2.5601053721402423e-08, 2.7600691510087927e-08], [null, 2.17423252735216e-08], [null, 2.3713893071430903e-08], [null, 1.963942608540492e-08], [null, 2.067556970075657e-08], [null, 1.7964891796395932e-08], [-1.9339209345048403e-08, 2.1758427948270764e-08], [null, 1.9214366986375353e-08], [null, 2.0641580888991484e-08], [null, 2.0394919530986044e-08], [-1.989215903108743e-08, 2.0237356679331242e-08], [null, 1.697662277422296e-08], [-1.4618163568513864e-08, 1.7733505330852495e-08], [-2.0747339846138857e-08, 2.250953379245857e-08], [null, 1.896955126312605e-08], [null, 1.6636022337479517e-08], [null, 1.624232304209272e-08], [-2.1941120920132562e-08, 2.2871342153507612e-08], [-2.1805252714557355e-08, 2.482464900310788e-08], [null, 1.85195609958555e-08], [-1.923475245746431e-08, 2.1625590207463574e-08], [-1.8204440621616413e-08, 2.091980277896255e-08], [null, 1.8914088073529456e-08], [null, 2.011758759579152e-08], [null, 1.63603814939961e-08], [-1.984856723424855e-08, 2.2050283376984225e-08], [null, 1.6403523872554615e-08], [null, 2.204144244899453e-08], [null, 1.620770717636333e-08], [-1.4569046413726028e-08, 1.9455891120401247e-08], [null, 1.99612006923644e-08], [-1.7679070651865914e-08, 1.830325579987857e-08], [null, 2.1913800551942586e-08], [null, 1.8274985080779516e-08], [null, 2.0517328280789116e-08], [null, 1.8657621225770527e-08], [null, 2.148227906673128e-08], [null, 1.7755072079239653e-08], [null, 1.960711593085307e-08], [-1.9352391689153592e-08, 2.1393264049152094e-08]], "Extended_Source_Name": "                  ", "0FGL_Name": "                 ", "1FGL_Name": "                  ", "2FGL_Name": "                  ", "1FHL_Name": "                  ", "ASSOC_GAM1": "               ", "ASSOC_GAM2": "              ", "ASSOC_GAM3": "               ", "TEVCAT_FLAG": "N", "ASSOC_TEV": "                     ", "CLASS1": "     ", "ASSOC1": "                          ", "ASSOC2": "                          ", "Flags": 9, "catalog_row_index": 1432}