{"Source_Name": "3FHL J1924.8-2913 ", "RAJ2000": 291.21771240234375, "DEJ2000": -29.222068786621094, "GLON": 9.365189552307129, "GLAT": -19.60387420654297, "Conf_95_SemiMajor": 0.03173303231596947, "Conf_95_SemiMinor": 0.03173303231596947, "Conf_95_PosAng": null, "ROI_num": 395, "Signif_Avg": 8.809885025024414, "Pivot_Energy": 16.357961654663086, "Flux_Density": 3.4891111267559838e-12, "Unc_Flux_Density": 8.161243490907577e-13, "Flux": 7.64068391889694e-11, "Unc_Flux": 1.785947431609536e-11, "Energy_Flux": 2.3684628477210756e-12, "Unc_Energy_Flux": 7.214066041587308e-13, "Signif_Curve": 1.3712148666381836, "SpectrumType": "PowerLaw   ", "Spectral_Index": 2.4062387943267822, "Unc_Spectral_Index": 0.5989812612533569, "beta": 0.9821495413780212, "Unc_beta": 0.26823127269744873, "PowerLaw_Index": 3.0511891841888428, "Unc_PowerLaw_Index": 0.4619855284690857, "Flux_Band": [5.758446497416969e-11, 1.745665591246226e-11, 1.218805344458349e-18, 7.688973838744801e-18, 4.33310027381982e-17], "Unc_Flux_Band": [[-1.444099874403637e-11, 1.6861453205896382e-11], [-7.060752156562433e-12, 9.416490157065915e-12], [null, 6.045890350858674e-12], [null, 4.6987552737576266e-12], [null, 5.139665169157093e-12]], "nuFnu": [1.7710650654367832e-12, 8.691634109485313e-13, 1.326940261943751e-19, 2.3485254048962683e-18, 3.9791943574614573e-17], "Sqrt_TS_Band": [8.071369171142578, 4.9000020027160645, 0.0, 0.0, 0.0], "Npred": 24.03404998779297, "HEP_Energy": 34.66360092163086, "HEP_Prob": 0.865004301071167, "Variability_BayesBlocks": 1, "Extended_Source_Name": "                  ", "ASSOC_GAM": "3FGL J1924.8-2914 ", "TEVCAT_FLAG": "N", "ASSOC_TEV": "                     ", "CLASS": "fsrq   ", "ASSOC1": "PKS B1921-293             ", "ASSOC2": "                          ", "ASSOC_PROB_BAY": 0.9998161792755127, "ASSOC_PROB_LR": 0.9999278783798218, "Redshift": 0.3529999852180481, "NuPeak_obs": 3311314665472.0, "catalog_row_index": 1293}