{"Source_Name": "3FHL J1925.3+1617 ", "RAJ2000": 291.3468933105469, "DEJ2000": 16.29851722717285, "GLON": 51.25431442260742, "GLAT": 0.1083851009607315, "Conf_95_SemiMajor": 0.07159841060638428, "Conf_95_SemiMinor": 0.07159841060638428, "Conf_95_PosAng": null, "ROI_num": 113, "Signif_Avg": 5.665531635284424, "Pivot_Energy": 27.910396575927734, "Flux_Density": 1.3844164530041336e-12, "Unc_Flux_Density": 3.425023123188736e-13, "Flux": 1.0811067319149714e-10, "Unc_Flux": 2.710162302910213e-11, "Energy_Flux": 7.0012645854433675e-12, "Unc_Energy_Flux": 2.673185457713334e-12, "Signif_Curve": 0.3001440763473511, "SpectrumType": "PowerLaw   ", "Spectral_Index": 2.0040438175201416, "Unc_Spectral_Index": 0.3922550082206726, "beta": 0.10236968845129013, "Unc_beta": 0.25604644417762756, "PowerLaw_Index": 2.108299493789673, "Unc_PowerLaw_Index": 0.2678995132446289, "Flux_Band": [4.69312332052052e-11, 4.0034305731628805e-11, 1.0353635483684176e-11, 8.649431865181967e-12, 2.0202210130465525e-15], "Unc_Flux_Band": [[-1.874167314397379e-11, 2.214876025641299e-11], [-1.3451750130455409e-11, 1.634435121966593e-11], [-6.087385803765777e-12, 8.728277649250327e-12], [-5.053177928177055e-12, 7.491354758748514e-12], [null, 5.8123215442018594e-12]], "nuFnu": [1.4975273625317254e-12, 2.122680503591212e-12, 1.2314214318381866e-12, 2.933396581195069e-12, 2.1234406597571984e-15], "Sqrt_TS_Band": [3.120129346847534, 4.632113456726074, 2.6459665298461914, 2.5452120304107666, 0.0], "Npred": 34.410560607910156, "HEP_Energy": 282.9960021972656, "HEP_Prob": 0.8856282830238342, "Variability_BayesBlocks": 1, "Extended_Source_Name": "                  ", "ASSOC_GAM": "3FGL J1925.4+1605 ", "TEVCAT_FLAG": "C", "ASSOC_TEV": "                     ", "CLASS": "       ", "ASSOC1": "                          ", "ASSOC2": "                          ", "ASSOC_PROB_BAY": 0.0, "ASSOC_PROB_LR": 0.0, "Redshift": null, "NuPeak_obs": null, "source_id": 1293}