{"Source_Name": "3FHL J1006.9+3455 ", "RAJ2000": 151.74993896484375, "DEJ2000": 34.92112350463867, "GLON": 190.0281982421875, "GLAT": 54.17913818359375, "Conf_95_SemiMajor": 0.04124922677874565, "Conf_95_SemiMinor": 0.04124922677874565, "Conf_95_PosAng": null, "ROI_num": 154, "Signif_Avg": 6.109639644622803, "Pivot_Energy": 21.192901611328125, "Flux_Density": 7.424390421027771e-13, "Unc_Flux_Density": 2.590054364558225e-13, "Flux": 3.206132234701009e-11, "Unc_Flux": 1.1181396086801243e-11, "Energy_Flux": 1.6461519647403833e-12, "Unc_Energy_Flux": 9.607455889876215e-13, "Signif_Curve": 0.348989337682724, "SpectrumType": "PowerLaw   ", "Spectral_Index": 2.1291141510009766, "Unc_Spectral_Index": 0.7596771121025085, "beta": 0.1475258618593216, "Unc_beta": 0.4744085669517517, "PowerLaw_Index": 2.31425142288208, "Unc_PowerLaw_Index": 0.4611755907535553, "Flux_Band": [1.7978684513364485e-11, 1.1285509853020681e-11, 2.692709336754584e-12, 2.935317570710158e-17, 2.0386277801442173e-16], "Unc_Flux_Band": [[-6.987770605204613e-12, 9.681136968475723e-12], [-5.5592063070986075e-12, 8.060676258414556e-12], [-2.297045366417283e-12, 4.323969567815444e-12], [null, 5.266257482178238e-12], [null, 5.597438745147398e-12]], "nuFnu": [5.689195859207019e-13, 5.89810806531782e-13, 3.1375883878873023e-13, 9.714328050122727e-18, 2.075266190277702e-16], "Sqrt_TS_Band": [5.260932445526123, 4.355547904968262, 1.339066743850708, 0.0, 0.0], "Npred": 9.919438362121582, "HEP_Energy": 83.72779846191406, "HEP_Prob": 0.8491085171699524, "Variability_BayesBlocks": 1, "Extended_Source_Name": "                  ", "ASSOC_GAM": "3FGL J1006.7+3453 ", "TEVCAT_FLAG": "N", "ASSOC_TEV": "                     ", "CLASS": "bll    ", "ASSOC1": "EXO 1004.0+3509           ", "ASSOC2": "                          ", "ASSOC_PROB_BAY": 0.9995885491371155, "ASSOC_PROB_LR": 0.928038477897644, "Redshift": 0.6119999885559082, "NuPeak_obs": 350751926779904.0, "source_id": 619}