{"Source_Name": "3FGL J0026.2-4812 ", "RAJ2000": 6.557199954986572, "DEJ2000": -48.21009826660156, "GLON": 314.37054443359375, "GLAT": -68.35450744628906, "Conf_68_SemiMajor": 0.10848233103752136, "Conf_68_SemiMinor": 0.06753163784742355, "Conf_68_PosAng": -67.87000274658203, "Conf_95_SemiMajor": 0.17589999735355377, "Conf_95_SemiMinor": 0.10949999839067459, "Conf_95_PosAng": -67.87000274658203, "ROI_num": 524, "Signif_Avg": 6.034789562225342, "Pivot_Energy": 1436.45068359375, "Flux_Density": 1.6956164391405265e-13, "Unc_Flux_Density": 3.1965122687443656e-14, "Flux1000": 3.1408362022311564e-10, "Unc_Flux1000": 6.294462173705995e-11, "Energy_Flux100": 3.5776681096832963e-12, "Unc_Energy_Flux100": 6.752802527223989e-13, "Signif_Curve": 0.6747607588768005, "SpectrumType": "PowerLaw        ", "Spectral_Index": 2.1874866485595703, "Unc_Spectral_Index": 0.14802084863185883, "beta": null, "Unc_beta": null, "Cutoff": null, "Unc_Cutoff": null, "Exp_Index": null, "Unc_Exp_Index": null, "PowerLaw_Index": 2.1874866485595703, "Flux30_100": null, "Unc_Flux30_100": null, "nuFnu30_100": null, "Sqrt_TS30_100": null, "Flux100_300": 1.8527418488289982e-09, "Unc_Flux100_300": [null, 2.0832588987218514e-09], "nuFnu100_300": 4.371016894787194e-13, "Sqrt_TS100_300": 0.8125747442245483, "Flux300_1000": 7.767951282211527e-10, "Unc_Flux300_1000": [-3.2538710614815614e-10, 3.3817834643734557e-10], "nuFnu300_1000": 5.217342400123948e-13, "Sqrt_TS300_1000": 2.4976682662963867, "Flux1000_3000": 2.887636518789094e-10, "Unc_Flux1000_3000": [-7.506838900495083e-11, 8.365544368338362e-11], "nuFnu1000_3000": 6.812556703657269e-13, "Sqrt_TS1000_3000": 4.890203475952148, "Flux3000_10000": 6.036902228112595e-11, "Unc_Flux3000_10000": [-2.4998060912939657e-11, 3.094322714725095e-11], "nuFnu3000_10000": 4.0546835637297884e-13, "Sqrt_TS3000_10000": 3.28405499458313, "Flux10000_100000": 1.7714572864147016e-11, "Unc_Flux10000_100000": [-1.1001572916558011e-11, 1.6304266964306535e-11], "nuFnu10000_100000": 2.9267086258839836e-13, "Sqrt_TS10000_100000": 2.14034366607666, "Variability_Index": 51.54129409790039, "Signif_Peak": null, "Flux_Peak": null, "Unc_Flux_Peak": null, "Time_Peak": null, "Peak_Interval": null, "Flux_History": [6.641079686175999e-09, 4.633338601678361e-09, 0.0, 8.964359032859193e-09, 3.610347576454842e-09, 7.655561740094186e-10, 1.8343078167504245e-08, 8.648671112609918e-09, 6.493790838391078e-09, 8.743100465835596e-09, 4.2885051065866264e-09, 6.1693623543135345e-09, 0.0, 0.0, 1.0058188948391944e-08, 5.214385812024602e-09, 2.4946955612392685e-09, 1.6005745617775347e-09, 2.7670438385030138e-08, 1.0007353168361988e-08, 1.2492111345352441e-08, 4.93198193396438e-09, 1.2593968534702071e-08, 0.0, 0.0, 0.0, 8.446438548581625e-10, 4.014319987533099e-09, 1.4593452668520968e-08, 1.1428232582488818e-08, 0.0, 0.0, 0.0, 0.0, 5.518438150886595e-09, 1.003573335545127e-09, 9.736718986630422e-09, 0.0, 2.277795951854955e-09, 1.9878944712559132e-08, 2.533019793915514e-09, 0.0, 7.587831696298508e-09, 0.0, 8.976739351851393e-09, 0.0, 1.062550936126172e-08, 7.226891973743932e-09], "Unc_Flux_History": [[-5.195768704169268e-09, 7.108801547417443e-09], [null, 8.734111212049811e-09], [null, 4.966856703703115e-09], [-7.313663452634955e-09, 8.940625129127966e-09], [null, 6.482547387776094e-09], [null, 9.352421059816152e-09], [-8.963723985289107e-09, 1.0507431369433107e-08], [-5.361551203009185e-09, 7.523610179305251e-09], [null, 8.998065403886812e-09], [-6.1773772763729085e-09, 8.603031176335207e-09], [-3.339351906106458e-09, 5.155825544278514e-09], [null, 1.0997566413095683e-08], [null, 6.638229521627181e-09], [null, 8.958931374536405e-09], [-6.469916158380329e-09, 7.740858620763902e-09], [null, 8.352320612914355e-09], [null, 9.303511738778525e-09], [null, 6.531536200782284e-09], [-9.176751802897343e-09, 1.084121770134061e-08], [-5.494634969238632e-09, 6.845830569091049e-09], [-8.09678812885295e-09, 1.0443094389245289e-08], [-4.3519796655289156e-09, 6.182403922139201e-09], [-6.660495710519854e-09, 8.359269720870088e-09], [null, 4.816742560365128e-09], [null, 7.64306662404124e-09], [null, 8.610053114921357e-09], [null, 5.965666627361088e-09], [null, 9.047906424086705e-09], [-5.69139446682243e-09, 6.888079440159345e-09], [-7.2827504027372925e-09, 9.049188953724752e-09], [null, 7.1630390507948505e-09], [null, 7.771231658182387e-09], [null, 6.822352460744696e-09], [null, 5.007179559868291e-09], [-5.348538056892949e-09, 8.120929706478819e-09], [null, 8.219174674195528e-09], [-8.481723767772564e-09, 1.0436711939121324e-08], [null, 6.190205681377847e-09], [null, 7.154200343251205e-09], [-9.134771161711797e-09, 1.0594857435819449e-08], [null, 6.23394269538835e-09], [null, 6.769898863723256e-09], [-5.635273581106048e-09, 6.738108737636139e-09], [null, 5.897100585627868e-09], [-4.770183359426028e-09, 6.400756813462749e-09], [null, 4.973637057759106e-09], [-6.537646424220611e-09, 8.276869856160829e-09], [-5.3944821942764065e-09, 6.826423426531392e-09]], "Extended_Source_Name": "                  ", "0FGL_Name": "                 ", "1FGL_Name": "                  ", "2FGL_Name": "                  ", "1FHL_Name": "                  ", "ASSOC_GAM1": "               ", "ASSOC_GAM2": "              ", "ASSOC_GAM3": "               ", "TEVCAT_FLAG": "N", "ASSOC_TEV": "                     ", "CLASS1": "     ", "ASSOC1": "                          ", "ASSOC2": "                          ", "Flags": 0, "catalog_row_index": 60}