{"Source_Name": "3FGL J2022.2-7220 ", "RAJ2000": 305.5650939941406, "DEJ2000": -72.339599609375, "GLON": 322.333740234375, "GLAT": -32.59619140625, "Conf_68_SemiMajor": 0.05865076556801796, "Conf_68_SemiMinor": 0.056800585240125656, "Conf_68_PosAng": 36.41999816894531, "Conf_95_SemiMajor": 0.09510000050067902, "Conf_95_SemiMinor": 0.09210000187158585, "Conf_95_PosAng": 36.41999816894531, "ROI_num": 535, "Signif_Avg": 4.716437339782715, "Pivot_Energy": 3438.88525390625, "Flux_Density": 2.020078033885056e-14, "Unc_Flux_Density": 5.2415203457396e-15, "Flux1000": 2.3343535437980734e-10, "Unc_Flux1000": 6.154608073183354e-11, "Energy_Flux100": 2.6458689839775618e-12, "Unc_Energy_Flux100": 6.891767430176887e-13, "Signif_Curve": 3.0194661617279053, "SpectrumType": "PowerLaw        ", "Spectral_Index": 1.949418306350708, "Unc_Spectral_Index": 0.1952834576368332, "beta": null, "Unc_beta": null, "Cutoff": null, "Unc_Cutoff": null, "Exp_Index": null, "Unc_Exp_Index": null, "PowerLaw_Index": 1.949418306350708, "Flux30_100": null, "Unc_Flux30_100": null, "nuFnu30_100": null, "Sqrt_TS30_100": null, "Flux100_300": 9.529771069494153e-12, "Unc_Flux100_300": [null, 2.480332161880483e-09], "nuFnu100_300": 2.3014503510950836e-15, "Sqrt_TS100_300": 0.0, "Flux300_1000": 4.450611060247134e-11, "Unc_Flux300_1000": [null, 3.9344094648896544e-10], "nuFnu300_1000": 3.073948295342563e-14, "Sqrt_TS300_1000": 0.1102880910038948, "Flux1000_3000": 5.883545040052951e-11, "Unc_Flux1000_3000": [-5.832524047066912e-11, 7.269919388708246e-11], "nuFnu1000_3000": 1.420882590188674e-13, "Sqrt_TS1000_3000": 1.0101577043533325, "Flux3000_10000": 1.2114888259251444e-10, "Unc_Flux3000_10000": [-3.133992371173733e-11, 3.6373171835579754e-11], "nuFnu3000_10000": 8.367511870020772e-13, "Sqrt_TS3000_10000": 6.048646450042725, "Flux10000_100000": 6.228353336551473e-12, "Unc_Flux10000_100000": [-5.321345794562227e-12, 1.0238674491569455e-11], "nuFnu10000_100000": 1.1318044076816594e-13, "Sqrt_TS10000_100000": 1.3280062675476074, "Variability_Index": 38.67851257324219, "Signif_Peak": null, "Flux_Peak": null, "Unc_Flux_Peak": null, "Time_Peak": null, "Peak_Interval": null, "Flux_History": [9.186051919130023e-09, 8.649298166574226e-09, 4.935059028099431e-09, 0.0, 1.117092995883695e-08, 0.0, 1.379052427807892e-09, 1.9903134695908875e-09, 0.0, 0.0, 2.8605853241714385e-09, 0.0, 0.0, 0.0, 4.460408709050512e-10, 0.0, 0.0, 5.017575244181671e-09, 6.313539135938129e-10, 7.924001899084487e-09, 2.558418366049864e-09, 0.0, 2.6898385740992126e-09, 2.4503192808111862e-09, 2.802007958990771e-09, 6.491691184606907e-09, 6.892631354560308e-09, 0.0, 0.0, 6.8930856578219846e-09, 4.42690062385509e-09, 1.0998904897974171e-08, 0.0, 0.0, 6.018817444441993e-09, 0.0, 0.0, 0.0, 0.0, 1.8186513406348581e-09, 7.972071891515498e-09, 0.0, 4.851464230348768e-10, 1.4191026131982198e-09, 3.3427571821675883e-10, 2.009451938178586e-09, 4.28171098576513e-09, 0.0], "Unc_Flux_History": [[-6.671052599216409e-09, 7.862131390368177e-09], [-8.013573804532825e-09, 9.748961637967568e-09], [-4.226204275425971e-09, 6.034714949976205e-09], [null, 6.766877724828646e-09], [-5.7196438696394125e-09, 6.4785985465221074e-09], [null, 8.228604464477485e-09], [null, 6.381468686811331e-09], [null, 9.50774303731805e-09], [null, 4.958405241950459e-09], [null, 5.268367075927927e-09], [null, 7.450049022139638e-09], [null, 5.534324554190562e-09], [null, 4.229249395137913e-09], [null, 4.588599278321226e-09], [null, 6.015989484353668e-09], [null, 6.367548710528581e-09], [null, 5.546438419656852e-09], [-3.4307401364230827e-09, 5.005452052841974e-09], [null, 5.235348154997155e-09], [-5.790782520165294e-09, 7.043903238468374e-09], [null, 6.545466835206071e-09], [null, 3.425201233753228e-09], [-1.9273926898932814e-09, 3.5444041035503915e-09], [-1.9212937907298056e-09, 3.523794589455065e-09], [-2.4658353137141376e-09, 3.892040911779304e-09], [-5.897319077519114e-09, 7.273881941216587e-09], [-4.811416598471396e-09, 6.270981511846685e-09], [null, 6.543094510647052e-09], [null, 3.078497678998815e-09], [-4.3959129669701724e-09, 6.116678274992182e-09], [-2.9981128690792502e-09, 4.492310079484696e-09], [-5.705151018275956e-09, 7.457381379083472e-09], [null, 3.744624166301946e-09], [null, 4.493915017889094e-09], [-4.372783468653552e-09, 6.139369013169471e-09], [null, 4.3611230182705185e-09], [null, 7.855697425895869e-09], [null, 3.7530178964573224e-09], [null, 4.457777258437545e-09], [null, 4.473823089767848e-09], [-4.163922540101339e-09, 5.380269119115155e-09], [null, 6.480679548559465e-09], [null, 4.9879829155941025e-09], [null, 7.634782583920696e-09], [null, 3.6171048378719206e-09], [null, 5.394817925719053e-09], [-2.87168755441769e-09, 4.399426156709296e-09], [null, 4.077103099575652e-09]], "Extended_Source_Name": "                  ", "0FGL_Name": "                 ", "1FGL_Name": "                  ", "2FGL_Name": "                  ", "1FHL_Name": "                  ", "ASSOC_GAM1": "               ", "ASSOC_GAM2": "              ", "ASSOC_GAM3": "               ", "TEVCAT_FLAG": "N", "ASSOC_TEV": "                     ", "CLASS1": "     ", "ASSOC1": "                          ", "ASSOC2": "                          ", "Flags": 0, "catalog_row_index": 2617}