{"Source_Name": "3FGL J1958.2-1413 ", "RAJ2000": 299.5679931640625, "DEJ2000": -14.222299575805664, "GLON": 27.299055099487305, "GLAT": -21.104124069213867, "Conf_68_SemiMajor": 0.11008582264184952, "Conf_68_SemiMinor": 0.09028887748718262, "Conf_68_PosAng": -25.899999618530273, "Conf_95_SemiMajor": 0.1784999966621399, "Conf_95_SemiMinor": 0.14640000462532043, "Conf_95_PosAng": -25.899999618530273, "ROI_num": 251, "Signif_Avg": 5.0898308753967285, "Pivot_Energy": 881.616943359375, "Flux_Density": 8.633220006937226e-13, "Unc_Flux_Density": 1.69734912973743e-13, "Flux1000": 4.496934491449167e-10, "Unc_Flux1000": 9.845079612658125e-11, "Energy_Flux100": 6.028414312880814e-12, "Unc_Energy_Flux100": 1.1920955758984442e-12, "Signif_Curve": 3.7428905963897705, "SpectrumType": "PowerLaw        ", "Spectral_Index": 2.4146227836608887, "Unc_Spectral_Index": 0.11680418252944946, "beta": null, "Unc_beta": null, "Cutoff": null, "Unc_Cutoff": null, "Exp_Index": null, "Unc_Exp_Index": null, "PowerLaw_Index": 2.4146227836608887, "Flux30_100": null, "Unc_Flux30_100": null, "nuFnu30_100": null, "Sqrt_TS30_100": null, "Flux100_300": 4.4550971800561e-09, "Unc_Flux100_300": [null, 4.090481731111595e-09], "nuFnu100_300": 1.0282934443175962e-12, "Sqrt_TS100_300": 0.9842512607574463, "Flux300_1000": 3.4222487066415397e-09, "Unc_Flux300_1000": [-7.117033629100433e-10, 7.36069760698399e-10], "nuFnu300_1000": 2.2393933495762353e-12, "Sqrt_TS300_1000": 5.075254440307617, "Flux1000_3000": 3.454602159891351e-10, "Unc_Flux1000_3000": [-1.274767513770314e-10, 1.3778372887074397e-10], "nuFnu1000_3000": 7.973664588843687e-13, "Sqrt_TS1000_3000": 2.955444097518921, "Flux3000_10000": 1.4563537875655896e-11, "Unc_Flux3000_10000": [null, 3.4344867227975584e-11], "nuFnu3000_10000": 9.529840973429224e-14, "Sqrt_TS3000_10000": 0.5894841551780701, "Flux10000_100000": 1.3219801121844288e-11, "Unc_Flux10000_100000": [-9.00740940168454e-12, 1.4660007582878443e-11], "nuFnu10000_100000": 2.0072348460003359e-13, "Sqrt_TS10000_100000": 1.96950364112854, "Variability_Index": 32.160194396972656, "Signif_Peak": null, "Flux_Peak": null, "Unc_Flux_Peak": null, "Time_Peak": null, "Peak_Interval": null, "Flux_History": [2.1832036622981832e-08, 0.0, 2.186568615059059e-08, 0.0, 7.11650960383281e-09, 1.930577475661721e-08, 0.0, 2.16305462430455e-08, 4.5616981303453485e-09, 0.0, 4.933756958536151e-09, 1.7488529735487646e-08, 0.0, 4.684852950020968e-09, 0.0, 0.0, 1.6519694057137713e-08, 2.2504483609964154e-08, 1.640827385074317e-08, 1.67178733079254e-08, 2.1443206321691832e-08, 3.968559258993309e-09, 4.958677379818255e-08, 4.4138115384839693e-08, 3.2406888283986746e-09, 1.5423193389096923e-08, 2.2281687606096057e-08, 0.0, 0.0, 3.8917235656299454e-08, 7.339064467259959e-09, 1.8716114880135137e-08, 1.747998368273329e-08, 6.851274214625391e-09, 2.058057546605596e-08, 1.463997367778802e-09, 3.5755007843363273e-08, 2.3989339403840404e-09, 2.4582156754604512e-08, 1.0672073891271339e-08, 2.141303667713146e-08, 0.0, 1.28048229797173e-08, 2.3095909185144592e-08, 1.2247983072199986e-08, 1.4124680092209019e-08, 0.0, 0.0], "Unc_Flux_History": [[-1.3508930862826674e-08, 1.779876690477522e-08], [null, 1.4743665843752751e-08], [-1.1797707699656712e-08, 1.4940052750489485e-08], [null, 1.3514492636090836e-08], [null, 1.7452993716915444e-08], [-1.410616334851511e-08, 1.614310640718486e-08], [null, 1.5559905364170845e-08], [-1.5434858724461265e-08, 1.702306740014592e-08], [null, 1.7979632005449275e-08], [null, 1.185374998158295e-08], [null, 1.4770568768085468e-08], [-1.5456532054258787e-08, 1.7361589499387264e-08], [null, 1.5287538346342444e-08], [null, 2.0047666637879047e-08], [null, 1.3533468568027729e-08], [null, 2.1297514862794742e-08], [-1.5355977822650857e-08, 1.7175267430502572e-08], [-1.4269068593364409e-08, 1.9789277772019886e-08], [null, 1.756274059516727e-08], [-1.4472568032886102e-08, 1.7087478099142572e-08], [-1.7488178016833444e-08, 1.9088865599314886e-08], [null, 1.55144892488579e-08], [-2.2238953789610605e-08, 2.52465905958843e-08], [-1.8082738861835423e-08, 1.9536757989158104e-08], [null, 2.0567364700241342e-08], [null, 1.664537307988212e-08], [-1.2421191186717806e-08, 1.536076510433304e-08], [null, 1.5129311137229706e-08], [null, 1.2127143733664525e-08], [-2.2444096359208743e-08, 2.523331943393714e-08], [null, 1.7394381046642593e-08], [-1.795015158734259e-08, 2.0612851869827864e-08], [-1.444840336262132e-08, 1.698764506841144e-08], [null, 1.82400796688853e-08], [-1.6775530298218655e-08, 1.948570726995058e-08], [null, 1.515805969631856e-08], [-2.306916790928426e-08, 2.5552035154419173e-08], [null, 1.7571204935507012e-08], [-1.7834501875313435e-08, 2.155321432439905e-08], [null, 1.6281104464610507e-08], [-1.4318699115278832e-08, 1.8416232094864426e-08], [null, 1.8544461966030212e-08], [null, 1.4703760875534044e-08], [-2.2465643567670668e-08, 2.4585583346947715e-08], [-1.2143133609754386e-08, 1.4955988447695745e-08], [null, 1.7712734390329388e-08], [null, 1.8498985454584727e-08], [null, 1.583904385427104e-08]], "Extended_Source_Name": "                  ", "0FGL_Name": "                 ", "1FGL_Name": "                  ", "2FGL_Name": "                  ", "1FHL_Name": "                  ", "ASSOC_GAM1": "               ", "ASSOC_GAM2": "3EG J1955-1414", "ASSOC_GAM3": "               ", "TEVCAT_FLAG": "N", "ASSOC_TEV": "                     ", "CLASS1": "     ", "ASSOC1": "                          ", "ASSOC2": "                          ", "Flags": 1, "catalog_row_index": 2566}