{"Source_Name": "3FGL J1849.5-0124c", "RAJ2000": 282.3965148925781, "DEJ2000": -1.4132000207901, "GLON": 31.463546752929688, "GLAT": -0.23266509175300598, "Conf_68_SemiMajor": 0.047117963433265686, "Conf_68_SemiMinor": 0.04095069319009781, "Conf_68_PosAng": 67.98999786376953, "Conf_95_SemiMajor": 0.07639999687671661, "Conf_95_SemiMinor": 0.06639999896287918, "Conf_95_PosAng": 67.98999786376953, "ROI_num": 31, "Signif_Avg": 4.90238094329834, "Pivot_Energy": 4057.376708984375, "Flux_Density": 1.500732047313158e-13, "Unc_Flux_Density": 3.025187657887743e-14, "Flux1000": 2.8564206555614646e-09, "Unc_Flux1000": 6.091187554346789e-10, "Energy_Flux100": 3.4267082227312784e-11, "Unc_Energy_Flux100": 8.493346650984002e-12, "Signif_Curve": 3.0346016883850098, "SpectrumType": "PowerLaw        ", "Spectral_Index": 2.2836320400238037, "Unc_Spectral_Index": 0.11001989990472794, "beta": null, "Unc_beta": null, "Cutoff": null, "Unc_Cutoff": null, "Exp_Index": null, "Unc_Exp_Index": null, "PowerLaw_Index": 2.2836320400238037, "Flux30_100": null, "Unc_Flux30_100": null, "nuFnu30_100": null, "Sqrt_TS30_100": null, "Flux100_300": 7.973206095357455e-08, "Unc_Flux100_300": [-5.874659692040041e-08, 5.972228933615042e-08], "nuFnu100_300": 1.8635959095347765e-11, "Sqrt_TS100_300": 1.3496657609939575, "Flux300_1000": 1.3755641070645197e-08, "Unc_Flux300_1000": [-7.764612952598782e-09, 7.661913770107276e-09], "nuFnu300_1000": 9.136835385503694e-12, "Sqrt_TS300_1000": 1.770478367805481, "Flux1000_3000": 3.6617404663985553e-09, "Unc_Flux1000_3000": [-8.634780113148111e-10, 8.783453964156251e-10], "nuFnu1000_3000": 8.558670265557122e-12, "Sqrt_TS1000_3000": 4.40057373046875, "Flux3000_10000": 6.148686004792125e-10, "Unc_Flux3000_10000": [-1.720388137504969e-10, 1.7993569134677756e-10], "nuFnu3000_10000": 4.084108485430393e-12, "Sqrt_TS3000_10000": 4.008707046508789, "Flux10000_100000": 4.0211840801607224e-11, "Unc_Flux10000_100000": [-2.951332928047279e-11, 4.14201242748824e-11], "nuFnu10000_100000": 6.404909155127703e-13, "Sqrt_TS10000_100000": 1.5202521085739136, "Variability_Index": 36.74694061279297, "Signif_Peak": null, "Flux_Peak": null, "Unc_Flux_Peak": null, "Time_Peak": null, "Peak_Interval": null, "Flux_History": [1.0899099400774048e-08, 4.4021650325021255e-08, 1.0021921070801909e-08, 1.2317399011863017e-07, 0.0, 9.194718586513773e-08, 4.864707392471246e-08, 0.0, 4.3572988772666577e-08, 7.304979288136337e-09, 9.242506138207318e-08, 2.5233335421148695e-08, 1.1468800664715673e-07, 2.261995035723885e-07, 1.5594100943872036e-07, 0.0, 1.8577706839550956e-07, 5.094104338354555e-08, 1.260475954723006e-07, 1.6326197282978683e-07, 1.3458431169510732e-07, 1.0647438841715484e-07, 0.0, 6.123789120238143e-08, 0.0, 5.7016947607735347e-08, 0.0, 1.3676638843662658e-07, 0.0, 2.3976904017786183e-08, 1.7398939178292494e-08, 6.699688270828119e-08, 1.2279481609311915e-07, 0.0, 2.1905860236870467e-08, 1.9571491094438898e-08, 1.3888379157833697e-07, 9.223527541735166e-08, 3.66957912945054e-08, 0.0, 7.670834634154744e-08, 0.0, 0.0, 6.496140514400395e-08, 0.0, 7.504151966486461e-08, 1.0172436049060707e-07, 8.966270570454071e-08], "Unc_Flux_History": [[null, 8.406848195363636e-08], [null, 7.682034208755795e-08], [null, 6.613380776343547e-08], [-7.662602996560963e-08, 8.114584204577113e-08], [null, 6.95903565883782e-08], [-5.990446538817196e-08, 6.824768661317648e-08], [null, 6.541448982488873e-08], [null, 7.396164392048377e-08], [null, 6.373291228101152e-08], [null, 4.95308754011603e-08], [-7.208832641936169e-08, 8.078688296109249e-08], [null, 6.145491227016464e-08], [-6.181327449894525e-08, 7.43166168604148e-08], [-7.995792117299061e-08, 8.355520009217798e-08], [-8.175761223583322e-08, 8.759676717318143e-08], [null, 9.060102712510343e-08], [-8.355729619324848e-08, 8.977811916111023e-08], [null, 7.866150752988688e-08], [-9.616783813726215e-08, 1.0149725682140343e-07], [-8.571045384542231e-08, 8.9974030004214e-08], [-8.698008002738788e-08, 9.659245137072503e-08], [-7.279722780140219e-08, 7.810860580548251e-08], [null, 8.288859731919729e-08], [null, 7.878680463591081e-08], [null, 6.233397442656496e-08], [-3.888384370043241e-08, 5.533977542881985e-08], [null, 7.253408540464079e-08], [-8.203880241808292e-08, 8.971555587322655e-08], [null, 6.669472440989921e-08], [null, 7.602119467264856e-08], [null, 7.262742229841024e-08], [-6.453582557242044e-08, 7.995081574563301e-08], [-7.742546159761332e-08, 8.527845096750752e-08], [null, 8.286642838584157e-08], [null, 1.057288940842227e-07], [null, 8.521218575197054e-08], [-7.785352096334464e-08, 9.263632705369673e-08], [-8.093802961184338e-08, 8.97573926295081e-08], [null, 8.70606697844778e-08], [null, 8.354087555062506e-08], [null, 9.686266366770724e-08], [null, 4.476805415265517e-08], [null, 8.588865085812358e-08], [null, 9.013020729753407e-08], [null, 5.926473889417139e-08], [null, 8.334045986657657e-08], [-6.278170872064948e-08, 7.997356021860469e-08], [-7.787862443819904e-08, 8.492629888223746e-08]], "Extended_Source_Name": "                  ", "0FGL_Name": "                 ", "1FGL_Name": "1FGL J1849.7-0121c", "2FGL_Name": "2FGL J1849.9-0125c", "1FHL_Name": "                  ", "ASSOC_GAM1": "               ", "ASSOC_GAM2": "              ", "ASSOC_GAM3": "               ", "TEVCAT_FLAG": "N", "ASSOC_TEV": "                     ", "CLASS1": "     ", "ASSOC1": "                          ", "ASSOC2": "                          ", "Flags": 316, "source_id": 2430}