{"Source_Name": "3FHL J0521.6+0104 ", "RAJ2000": 80.40988159179688, "DEJ2000": 1.0667284727096558, "GLON": 201.2733917236328, "GLAT": -19.348451614379883, "Conf_95_SemiMajor": 0.041885796934366226, "Conf_95_SemiMinor": 0.041885796934366226, "Conf_95_PosAng": null, "ROI_num": 284, "Signif_Avg": 5.929858207702637, "Pivot_Energy": 19.24628257751465, "Flux_Density": 9.957765948614972e-13, "Unc_Flux_Density": 3.4535501086500886e-13, "Flux": 3.409714177671219e-11, "Unc_Flux": 1.182199390464822e-11, "Energy_Flux": 1.4259947389572147e-12, "Unc_Energy_Flux": 7.675271009033313e-13, "Signif_Curve": 0.9788451194763184, "SpectrumType": "PowerLaw   ", "Spectral_Index": 1.9781204462051392, "Unc_Spectral_Index": 0.8753089308738708, "beta": 0.7731890082359314, "Unc_beta": 0.9468315243721008, "PowerLaw_Index": 2.5425543785095215, "Unc_PowerLaw_Index": 0.530513346195221, "Flux_Band": [2.292341663712172e-11, 1.1222843834812757e-11, 4.319753970545279e-20, 2.033749432850849e-17, 2.9574300673427106e-24], "Unc_Flux_Band": [[-8.56895457368445e-12, 1.1193481037896635e-11], [-5.470093562137679e-12, 7.633753004721022e-12], [null, 5.919224312089799e-12], [null, 5.369990476594699e-12], [null, 6.075502514274467e-12]], "nuFnu": [7.189358700379622e-13, 5.775919564680876e-13, 4.925265607791224e-21, 6.559092684882587e-18, 2.911313061608264e-24], "Sqrt_TS_Band": [5.1720194816589355, 4.493568420410156, 0.0, 0.0, 0.0], "Npred": 9.324010848999023, "HEP_Energy": 38.50559997558594, "HEP_Prob": 0.984116792678833, "Variability_BayesBlocks": 1, "Extended_Source_Name": "                  ", "ASSOC_GAM": "3FGL J0521.7+0103 ", "TEVCAT_FLAG": "N", "ASSOC_TEV": "                     ", "CLASS": "bll    ", "ASSOC1": "NVSS J052140+010257       ", "ASSOC2": "                          ", "ASSOC_PROB_BAY": 0.9997190237045288, "ASSOC_PROB_LR": 0.7614843845367432, "Redshift": null, "NuPeak_obs": 36307841581056.0, "catalog_row_index": 334}