{"Source_Name": "3FGL J2200.0-6930 ", "RAJ2000": 330.02398681640625, "DEJ2000": -69.50360107421875, "GLON": 321.3102111816406, "GLAT": -40.96809387207031, "Conf_68_SemiMajor": 0.07863272726535797, "Conf_68_SemiMinor": 0.04995490983128548, "Conf_68_PosAng": 42.439998626708984, "Conf_95_SemiMajor": 0.1274999976158142, "Conf_95_SemiMinor": 0.08100000023841858, "Conf_95_PosAng": 42.439998626708984, "ROI_num": 672, "Signif_Avg": 9.506515502929688, "Pivot_Energy": 871.58544921875, "Flux_Density": 1.0089900919982298e-12, "Unc_Flux_Density": 1.2299270759838499e-13, "Flux1000": 4.86218731943211e-10, "Unc_Flux1000": 7.359104992055165e-11, "Energy_Flux100": 6.9600562292715384e-12, "Unc_Energy_Flux100": 8.859896323543115e-13, "Signif_Curve": 0.6315391063690186, "SpectrumType": "PowerLaw        ", "Spectral_Index": 2.4756062030792236, "Unc_Spectral_Index": 0.11088888347148895, "beta": null, "Unc_beta": null, "Cutoff": null, "Unc_Cutoff": null, "Exp_Index": null, "Unc_Exp_Index": null, "PowerLaw_Index": 2.4756062030792236, "Flux30_100": null, "Unc_Flux30_100": null, "nuFnu30_100": null, "Sqrt_TS30_100": null, "Flux100_300": 1.5525023044915542e-08, "Unc_Flux100_300": [-3.2730833599003972e-09, 3.342995213984068e-09], "nuFnu100_300": 3.5626712083930423e-12, "Sqrt_TS100_300": 4.711880207061768, "Flux300_1000": 1.7384778061568795e-09, "Unc_Flux300_1000": [-4.2993614224329235e-10, 4.44641157226755e-10], "nuFnu300_1000": 1.1297931990991716e-12, "Sqrt_TS300_1000": 4.310340404510498, "Flux1000_3000": 5.689882454085193e-10, "Unc_Flux1000_3000": [-9.41487443562039e-11, 1.0038464504091849e-10], "nuFnu1000_3000": 1.3057100973351554e-12, "Sqrt_TS1000_3000": 8.166579246520996, "Flux3000_10000": 6.975073296722201e-11, "Unc_Flux3000_10000": [-2.5639735126703478e-11, 3.123087205514352e-11], "nuFnu3000_10000": 4.5329254130636876e-13, "Sqrt_TS3000_10000": 3.762085199356079, "Flux10000_100000": 4.372367485433459e-12, "Unc_Flux10000_100000": [null, 1.6084683931993915e-11], "nuFnu10000_100000": 6.49790076888597e-14, "Sqrt_TS10000_100000": 0.4992242753505707, "Variability_Index": 41.003692626953125, "Signif_Peak": null, "Flux_Peak": null, "Unc_Flux_Peak": null, "Time_Peak": null, "Peak_Interval": null, "Flux_History": [9.003606749047322e-09, 0.0, 8.144567686940718e-09, 5.6773163947809735e-09, 8.10235434300921e-09, 1.0277365625199764e-08, 1.4027513373093825e-08, 6.838616783966245e-09, 7.440704052896763e-09, 1.5783124807100535e-09, 7.464696416548122e-09, 6.558070531070825e-09, 4.57888411631302e-08, 5.622239562796949e-09, 2.0603165395982614e-08, 2.7413191716618712e-08, 6.827929333041993e-09, 1.8483969910221276e-08, 8.158909992062036e-09, 1.2627864087733087e-08, 0.0, 2.869652959702762e-08, 8.309390508998149e-09, 1.5141353060244e-08, 1.2695736906209731e-08, 2.159610268392953e-08, 1.5934196184730354e-08, 2.1805005800956678e-08, 2.3745966970523114e-08, 4.729783231738338e-09, 2.038578195140417e-08, 5.978982198229232e-09, 1.8463621742625946e-08, 2.9717954763697207e-09, 3.062387321506321e-08, 1.1439144742553253e-08, 1.456246412345763e-08, 3.4910499380202964e-08, 5.125670554662065e-09, 1.054986231707744e-08, 2.557191791652258e-08, 1.939457705546488e-09, 0.0, 1.440720520662353e-08, 2.0321527571809384e-08, 1.4935665149096167e-08, 2.1310180287059666e-08, 0.0], "Unc_Flux_History": [[null, 1.627144463611785e-08], [null, 7.204215890510568e-09], [null, 1.2088293921408422e-08], [null, 1.1489500906236572e-08], [-6.942238339746609e-09, 1.1396870114310786e-08], [null, 1.3150491362523553e-08], [-1.11399183211347e-08, 1.388165582483225e-08], [null, 1.5147891829769833e-08], [null, 1.445272879152526e-08], [null, 1.5013425169740913e-08], [-7.116753852898228e-09, 1.1262359933539301e-08], [null, 1.582191977433922e-08], [-1.575546093590674e-08, 1.730491305806936e-08], [null, 1.464341004009384e-08], [-1.2095492607500091e-08, 1.325120280171177e-08], [-1.0429154428948095e-08, 1.2073764210640547e-08], [null, 9.541891721198681e-09], [-1.2084099942910598e-08, 1.3693040479267893e-08], [null, 1.1558110024623147e-08], [-8.070063728382593e-09, 9.796333522160694e-09], [null, 1.2705755558783949e-08], [-1.1410498323982665e-08, 1.272728411549906e-08], [-7.355122288998928e-09, 1.0181514298324146e-08], [-9.775856568694508e-09, 1.069919797203056e-08], [-9.509218301673172e-09, 1.1326149795820584e-08], [-9.757476604477233e-09, 1.173009422927862e-08], [-1.0718515852659039e-08, 1.2340242605546337e-08], [-1.1939773614244586e-08, 1.37652262921506e-08], [-9.775930287503343e-09, 1.1024866353182006e-08], [null, 1.2631752532854534e-08], [-9.9901988903639e-09, 1.1271255928591017e-08], [null, 1.5110691364839113e-08], [-1.2064433008163178e-08, 1.3237632323637172e-08], [null, 1.225756740552697e-08], [-1.2537682003710415e-08, 1.409887939729515e-08], [-8.173968168989632e-09, 1.0908816072685568e-08], [-9.083440666302067e-09, 1.118585757353685e-08], [-1.2467078036593193e-08, 1.3649821717365285e-08], [null, 1.1877315131414434e-08], [-7.0846128963353294e-09, 9.440676684846494e-09], [-1.3268214971162706e-08, 1.4428804817612217e-08], [null, 1.3355442085583036e-08], [null, 7.893619979881805e-09], [-1.0548670381638203e-08, 1.320834730478282e-08], [-9.990602123366443e-09, 1.1062145865992079e-08], [-9.699872904889162e-09, 1.1530144838900469e-08], [-1.2562651363623445e-08, 1.487102974095933e-08], [null, 1.0323011778723412e-08]], "Extended_Source_Name": "                  ", "0FGL_Name": "                 ", "1FGL_Name": "                  ", "2FGL_Name": "2FGL J2200.1-6931 ", "1FHL_Name": "                  ", "ASSOC_GAM1": "               ", "ASSOC_GAM2": "              ", "ASSOC_GAM3": "               ", "TEVCAT_FLAG": "N", "ASSOC_TEV": "                     ", "CLASS1": "     ", "ASSOC1": "                          ", "ASSOC2": "                          ", "Flags": 0, "source_id": 2823}