{"Source_Name": "3FHL J1239.6+0443 ", "RAJ2000": 189.90968322753906, "DEJ2000": 4.720644950866699, "GLON": 295.2572937011719, "GLAT": 67.4164047241211, "Conf_95_SemiMajor": 0.05262566730380058, "Conf_95_SemiMinor": 0.05262566730380058, "Conf_95_PosAng": null, "ROI_num": 106, "Signif_Avg": 6.840482234954834, "Pivot_Energy": 15.691008567810059, "Flux_Density": 3.0687819906755065e-12, "Unc_Flux_Density": 8.60352913044371e-13, "Flux": 5.902345279196197e-11, "Unc_Flux": 1.6535457031396916e-11, "Energy_Flux": 1.7366489106149241e-12, "Unc_Energy_Flux": 6.121487865218267e-13, "Signif_Curve": 1.4060407876968384, "SpectrumType": "PowerLaw   ", "Spectral_Index": 2.5502986907958984, "Unc_Spectral_Index": 0.7233841419219971, "beta": 0.9879235029220581, "Unc_beta": 0.2082471251487732, "PowerLaw_Index": 3.1825344562530518, "Unc_PowerLaw_Index": 0.5698610544204712, "Flux_Band": [4.611707890567196e-11, 1.2835192110538518e-11, 3.007010290780213e-23, 3.5696459115668796e-20, 1.978140840661086e-21], "Unc_Flux_Band": [[-1.3398315443224895e-11, 1.6120509441219788e-11], [-6.236732918302179e-12, 8.878639143339306e-12], [null, 5.420118780880001e-12], [null, 5.449077820907089e-12], [null, 6.025140889681646e-12]], "nuFnu": [1.4113886925501418e-12, 6.338135311728665e-13, 3.236898242513548e-24, 1.075986847286175e-20, 1.786644085990442e-21], "Sqrt_TS_Band": [6.783585548400879, 3.494346857070923, 0.0, 0.0, 0.0], "Npred": 15.815037727355957, "HEP_Energy": 26.367300033569336, "HEP_Prob": 0.9630468487739563, "Variability_BayesBlocks": 1, "Extended_Source_Name": "                  ", "ASSOC_GAM": "3FGL J1239.5+0443 ", "TEVCAT_FLAG": "N", "ASSOC_TEV": "                     ", "CLASS": "fsrq   ", "ASSOC1": "MG1 J123931+0443          ", "ASSOC2": "                          ", "ASSOC_PROB_BAY": 0.9982652068138123, "ASSOC_PROB_LR": 0.981279730796814, "Redshift": 1.7610000371932983, "NuPeak_obs": 2018367766528.0, "catalog_row_index": 809}