{"Source_Name": "3FGL J0324.5-1315 ", "RAJ2000": 51.14670181274414, "DEJ2000": -13.255800247192383, "GLON": 199.47653198242188, "GLAT": -51.67500686645508, "Conf_68_SemiMajor": 0.13210299611091614, "Conf_68_SemiMinor": 0.11791826039552689, "Conf_68_PosAng": 25.6200008392334, "Conf_95_SemiMajor": 0.2142000049352646, "Conf_95_SemiMinor": 0.19120000302791595, "Conf_95_PosAng": 25.6200008392334, "ROI_num": 543, "Signif_Avg": 4.1876349449157715, "Pivot_Energy": 572.0578002929688, "Flux_Density": 1.4957401636706003e-12, "Unc_Flux_Density": 3.2412397418801753e-13, "Flux1000": 2.07078090785906e-10, "Unc_Flux1000": 6.254877171762985e-11, "Energy_Flux100": 3.703558727058409e-12, "Unc_Energy_Flux100": 8.238407243725543e-13, "Signif_Curve": 0.041538480669260025, "SpectrumType": "PowerLaw        ", "Spectral_Index": 2.646927833557129, "Unc_Spectral_Index": 0.18105745315551758, "beta": null, "Unc_beta": null, "Cutoff": null, "Unc_Cutoff": null, "Exp_Index": null, "Unc_Exp_Index": null, "PowerLaw_Index": 2.646927833557129, "Flux30_100": null, "Unc_Flux30_100": null, "nuFnu30_100": null, "Sqrt_TS30_100": null, "Flux100_300": 6.783852146696745e-09, "Unc_Flux100_300": [-3.0067039968884046e-09, 3.0525646455004107e-09], "nuFnu100_300": 1.5319505646677056e-12, "Sqrt_TS100_300": 2.261840343475342, "Flux300_1000": 1.7704532284668062e-09, "Unc_Flux300_1000": [-4.889770810478922e-10, 5.02203723051764e-10], "nuFnu300_1000": 1.1288863724021048e-12, "Sqrt_TS300_1000": 3.8384599685668945, "Flux1000_3000": 5.392176982699226e-11, "Unc_Flux1000_3000": [null, 7.806298663037836e-11], "nuFnu1000_3000": 1.2176781664149233e-13, "Sqrt_TS1000_3000": 0.7646558284759521, "Flux3000_10000": 5.429072816309777e-11, "Unc_Flux3000_10000": [-2.394089440582725e-11, 3.1249700743751774e-11], "nuFnu3000_10000": 3.4617163194132494e-13, "Sqrt_TS3000_10000": 2.9916796684265137, "Flux10000_100000": 1.2720835034280465e-15, "Unc_Flux10000_100000": [null, 1.2221006324975026e-11], "nuFnu10000_100000": 1.7851846366288695e-17, "Sqrt_TS10000_100000": 0.0, "Variability_Index": 40.06801986694336, "Signif_Peak": null, "Flux_Peak": null, "Unc_Flux_Peak": null, "Time_Peak": null, "Peak_Interval": null, "Flux_History": [0.0, 3.591364716726275e-08, 3.759225108979081e-08, 0.0, 1.1171283453847991e-08, 1.1219272622042809e-08, 2.2007073940955024e-09, 1.6610444575348993e-08, 0.0, 1.8645099686409594e-08, 0.0, 1.3632976525457252e-08, 1.0430316166321063e-08, 1.2036277752258684e-08, 2.8516398131728238e-09, 2.0246950782620843e-08, 0.0, 9.53916767798546e-09, 9.621625274292e-09, 0.0, 3.0240784099078155e-08, 1.586688824772864e-08, 2.4980451485134836e-08, 0.0, 0.0, 1.1633210839079311e-08, 0.0, 3.3855258152470924e-08, 1.6204813491071945e-08, 9.44616562748024e-09, 3.746523447034633e-08, 0.0, 0.0, 1.373824431993853e-08, 0.0, 8.13194489523994e-09, 8.11245381981962e-09, 1.0014995499574297e-09, 1.7635739979482423e-08, 0.0, 1.1269664312862915e-08, 9.952954016512194e-09, 2.5334341291483042e-09, 1.437403263082615e-08, 0.0, 1.0340176714862537e-08, 1.994138409955326e-09, 2.5706302864136887e-08], "Unc_Flux_History": [[null, 1.3495715656119955e-08], [-1.3282148714210962e-08, 1.4936079040239747e-08], [-1.526142412444642e-08, 1.674364646930826e-08], [null, 1.0018612606188526e-08], [null, 1.4506875700703858e-08], [null, 1.33786501876898e-08], [null, 1.6949883274719468e-08], [-1.3937504483862995e-08, 1.4630554545647101e-08], [null, 9.119895949538659e-09], [-1.1099128727209973e-08, 1.3520947916845216e-08], [null, 1.0481513434967837e-08], [null, 1.7068924051955037e-08], [-8.831486653093634e-09, 1.1132994970353138e-08], [null, 1.725696030518975e-08], [null, 1.300048513286356e-08], [-1.6430233173991837e-08, 1.7633002613592907e-08], [null, 9.816375268201227e-09], [-8.25338108967344e-09, 1.0884340539973891e-08], [-8.248600913418613e-09, 1.312511788142956e-08], [null, 9.454585558898998e-09], [-1.6889886822468725e-08, 1.9551276153606523e-08], [-1.4240137069521097e-08, 1.5918617535248814e-08], [-1.5483990978282236e-08, 1.8314935346097627e-08], [null, 1.661172355227336e-08], [null, 1.3645234275827534e-08], [null, 2.0254027788269013e-08], [null, 1.4459694774870968e-08], [-1.626557200040679e-08, 1.854654563260283e-08], [-1.1844268676952652e-08, 1.3923069808186028e-08], [null, 1.4224771582860285e-08], [-1.7575974453620802e-08, 1.914560598947901e-08], [null, 1.1768840124659619e-08], [null, 1.750196076955035e-08], [null, 1.5333766256730996e-08], [null, 1.8291149928018058e-08], [null, 1.4713200435778617e-08], [null, 1.4085441257805087e-08], [null, 1.9577150567329227e-08], [-1.2757915612837678e-08, 1.4764020228597019e-08], [null, 1.7972189070292188e-08], [null, 1.4708278150976639e-08], [null, 1.9316079402642572e-08], [null, 1.738017196828423e-08], [null, 1.5780383222363525e-08], [null, 1.2137114424604079e-08], [null, 1.4346515087027001e-08], [null, 1.8261330225755046e-08], [-1.369236990456102e-08, 1.5014961718406994e-08]], "Extended_Source_Name": "                  ", "0FGL_Name": "                 ", "1FGL_Name": "                  ", "2FGL_Name": "                  ", "1FHL_Name": "                  ", "ASSOC_GAM1": "               ", "ASSOC_GAM2": "              ", "ASSOC_GAM3": "               ", "TEVCAT_FLAG": "N", "ASSOC_TEV": "                     ", "CLASS1": "     ", "ASSOC1": "                          ", "ASSOC2": "                          ", "Flags": 0, "catalog_row_index": 393}