{"Source_Name": "3FGL J0322.0+2335 ", "RAJ2000": 50.514801025390625, "DEJ2000": 23.593299865722656, "GLON": 162.10791015625, "GLAT": -27.59370994567871, "Conf_68_SemiMajor": 0.0197969451546669, "Conf_68_SemiMinor": 0.01825512759387493, "Conf_68_PosAng": 88.97000122070312, "Conf_95_SemiMajor": 0.032099999487400055, "Conf_95_SemiMinor": 0.029600000008940697, "Conf_95_PosAng": 88.97000122070312, "ROI_num": 307, "Signif_Avg": 15.548828125, "Pivot_Energy": 2838.114013671875, "Flux_Density": 1.490785847633319e-13, "Unc_Flux_Density": 1.5377854358281616e-14, "Flux1000": 1.1846347236499355e-09, "Unc_Flux1000": 1.2225409573574098e-10, "Energy_Flux100": 1.3444085254776805e-11, "Unc_Energy_Flux100": 1.4285158342688953e-12, "Signif_Curve": 1.0156986713409424, "SpectrumType": "PowerLaw        ", "Spectral_Index": 1.9459643363952637, "Unc_Spectral_Index": 0.07904298603534698, "beta": null, "Unc_beta": null, "Cutoff": null, "Unc_Cutoff": null, "Exp_Index": null, "Unc_Exp_Index": null, "PowerLaw_Index": 1.9459643363952637, "Flux30_100": null, "Unc_Flux30_100": null, "nuFnu30_100": null, "Sqrt_TS30_100": null, "Flux100_300": 7.600819529329783e-09, "Unc_Flux100_300": [-4.1458898536461675e-09, 4.20111945231838e-09], "nuFnu100_300": 1.8362336390992384e-12, "Sqrt_TS100_300": 1.8420970439910889, "Flux300_1000": 2.4383792762705525e-09, "Unc_Flux300_1000": [-5.913987632943929e-10, 6.115750683655108e-10], "nuFnu300_1000": 1.6848290341001104e-12, "Sqrt_TS300_1000": 4.394960880279541, "Flux1000_3000": 7.90300325181903e-10, "Unc_Flux1000_3000": [-1.3133354126448893e-10, 1.3983046665000387e-10], "nuFnu1000_3000": 1.909236223979205e-12, "Sqrt_TS1000_3000": 7.909533500671387, "Flux3000_10000": 2.736982585016534e-10, "Unc_Flux3000_10000": [-5.340484998672679e-11, 5.978151307317603e-11], "nuFnu3000_10000": 1.8911525991038847e-12, "Sqrt_TS3000_10000": 8.112661361694336, "Flux10000_100000": 1.264397753164559e-10, "Unc_Flux10000_100000": [-3.010156707228262e-11, 3.5424656263938203e-11], "nuFnu10000_100000": 2.3009116313643663e-12, "Sqrt_TS10000_100000": 9.543551445007324, "Variability_Index": 56.58154296875, "Signif_Peak": null, "Flux_Peak": null, "Unc_Flux_Peak": null, "Time_Peak": null, "Peak_Interval": null, "Flux_History": [3.118381641797896e-08, 1.3023538691925296e-08, 1.3403782084253635e-08, 3.1008258183362614e-09, 2.2511969177685387e-08, 1.4115605573294943e-08, 1.397356275134598e-08, 1.3756833894262854e-08, 2.24698109008159e-08, 1.7525287887565355e-08, 1.3667877496459369e-08, 3.465656872592149e-09, 2.1382248860390973e-08, 3.940524351264685e-09, 9.96679805354006e-09, 2.186455905217599e-09, 1.2062616683294891e-08, 1.3901979123431829e-08, 1.5496130600922697e-08, 0.0, 2.1971999775161066e-09, 1.5655034601991247e-08, 7.845944338669142e-09, 2.9095150733127184e-09, 2.0749927998053863e-08, 1.5265875674685958e-08, 1.1574650571333223e-08, 9.419922619713361e-09, 1.792861858973538e-08, 1.0920553350501905e-08, 8.194995793076032e-09, 0.0, 0.0, 1.6353757459341978e-08, 0.0, 3.428281214468143e-09, 0.0, 4.09247968846671e-09, 3.26087268298636e-09, 7.430011272901993e-09, 3.2299944940916703e-09, 0.0, 1.4474460741098483e-08, 1.3869331461080492e-08, 4.447358481485253e-09, 3.35297620779329e-08, 2.723386316461074e-08, 6.272998120948614e-09], "Unc_Flux_History": [[-9.665977351858146e-09, 1.0918975057450098e-08], [-6.242009575885277e-09, 7.649869182557723e-09], [-5.75311931427791e-09, 7.404679536193726e-09], [null, 6.537050456500992e-09], [-9.387726151999232e-09, 1.1137634814417652e-08], [-6.436891020200619e-09, 7.678748303874272e-09], [-6.7415024673778134e-09, 8.790721039986238e-09], [-6.648309458512358e-09, 8.488914460258457e-09], [-7.901255649755967e-09, 9.268259049122207e-09], [-8.683370467110763e-09, 1.0771933567355063e-08], [-6.192557133744003e-09, 7.60337748317852e-09], [-3.2077467349012068e-09, 5.693787663574312e-09], [-7.881319596947378e-09, 9.397465916549663e-09], [null, 8.179271482333661e-09], [-7.449369565648567e-09, 9.890960050995545e-09], [null, 1.3178581781403409e-08], [-6.88871670817548e-09, 9.141813528401599e-09], [-7.25127380363233e-09, 9.24292642423552e-09], [-7.353674558174816e-09, 8.94508378479486e-09], [null, 8.817543140082762e-09], [null, 8.186852085145802e-09], [-7.923892653138864e-09, 1.0000953842848048e-08], [-4.875438275320221e-09, 7.264412626994954e-09], [null, 8.43579694986829e-09], [-1.027571538969596e-08, 1.1969268243205988e-08], [-7.240163135691091e-09, 8.840165932610944e-09], [-6.513466210833485e-09, 8.454624556009094e-09], [-5.50465273363443e-09, 7.324084005944087e-09], [-7.502691801164474e-09, 9.386000421329754e-09], [-5.522811985514409e-09, 7.497908072195969e-09], [-6.4074181516105e-09, 7.94632448730681e-09], [null, 7.849320304842422e-09], [null, 6.9694596760427885e-09], [-8.909832871495382e-09, 1.1209665196076912e-08], [null, 6.209096348186449e-09], [-3.067195608608131e-09, 5.423022031436631e-09], [null, 8.869300849312367e-09], [null, 8.79856187907535e-09], [null, 8.53268122824602e-09], [-5.6811844117987675e-09, 7.517087396990974e-09], [null, 7.501539833754123e-09], [null, 7.999860329732655e-09], [-7.478014651951526e-09, 9.733358119490276e-09], [-7.388918810136147e-09, 9.726015548494615e-09], [null, 8.588370903339637e-09], [-1.2148292150016005e-08, 1.3361436401737592e-08], [-9.775606990558572e-09, 1.1344705619364959e-08], [-4.271284215207061e-09, 6.603052771225748e-09]], "Extended_Source_Name": "                  ", "0FGL_Name": "                 ", "1FGL_Name": "1FGL J0322.1+2336 ", "2FGL_Name": "2FGL J0322.0+2336 ", "1FHL_Name": "1FHL J0322.1+2337 ", "ASSOC_GAM1": "               ", "ASSOC_GAM2": "              ", "ASSOC_GAM3": "               ", "TEVCAT_FLAG": "N", "ASSOC_TEV": "                     ", "CLASS1": "bll  ", "ASSOC1": "MG3 J032201+2336          ", "ASSOC2": "                          ", "Flags": 0, "catalog_row_index": 389}