{"Source_Name": "3FGL J1240.3-7149 ", "RAJ2000": 190.07699584960938, "DEJ2000": -71.82579803466797, "GLON": 302.05401611328125, "GLAT": -8.973079681396484, "Conf_68_SemiMajor": 0.03213149309158325, "Conf_68_SemiMinor": 0.025840874761343002, "Conf_68_PosAng": -6.329999923706055, "Conf_95_SemiMajor": 0.05209999904036522, "Conf_95_SemiMinor": 0.04190000146627426, "Conf_95_PosAng": -6.329999923706055, "ROI_num": 148, "Signif_Avg": 10.975319862365723, "Pivot_Energy": 3672.55712890625, "Flux_Density": 6.859361575918196e-14, "Unc_Flux_Density": 9.227187292232611e-15, "Flux1000": 9.053696681249335e-10, "Unc_Flux1000": 1.253532971867699e-10, "Energy_Flux100": 1.0209459146148792e-11, "Unc_Energy_Flux100": 1.37340887360754e-12, "Signif_Curve": 0.2828344702720642, "SpectrumType": "PowerLaw        ", "Spectral_Index": 1.9647562503814697, "Unc_Spectral_Index": 0.10299955308437347, "beta": null, "Unc_beta": null, "Cutoff": null, "Unc_Cutoff": null, "Exp_Index": null, "Unc_Exp_Index": null, "PowerLaw_Index": 1.9647562503814697, "Flux30_100": null, "Unc_Flux30_100": null, "nuFnu30_100": null, "Sqrt_TS30_100": null, "Flux100_300": 1.2838841101370235e-08, "Unc_Flux100_300": [-3.994684139030369e-09, 3.7784539941299045e-09], "nuFnu100_300": 3.0958959354454585e-12, "Sqrt_TS100_300": 2.142789363861084, "Flux300_1000": 2.0460604321925757e-09, "Unc_Flux300_1000": [-7.009452462902743e-10, 7.1845152049832e-10], "nuFnu300_1000": 1.410610560650949e-12, "Sqrt_TS300_1000": 3.017916202545166, "Flux1000_3000": 4.72899885917144e-10, "Unc_Flux1000_3000": [-1.3711258517457026e-10, 1.4676655724077392e-10], "nuFnu1000_3000": 1.140327849508127e-12, "Sqrt_TS1000_3000": 3.817302703857422, "Flux3000_10000": 1.888312839426476e-10, "Unc_Flux3000_10000": [-4.489413354957783e-11, 5.057420801590773e-11], "nuFnu3000_10000": 1.301855108090666e-12, "Sqrt_TS3000_10000": 6.278459548950195, "Flux10000_100000": 1.0263198624294034e-10, "Unc_Flux10000_100000": [-2.7664695187445965e-11, 3.253305611017332e-11], "nuFnu10000_100000": 1.8532829351020075e-12, "Sqrt_TS10000_100000": 6.946796894073486, "Variability_Index": 70.10305786132812, "Signif_Peak": null, "Flux_Peak": null, "Unc_Flux_Peak": null, "Time_Peak": null, "Peak_Interval": null, "Flux_History": [1.1082810225104822e-08, 0.0, 0.0, 7.701320470232531e-09, 1.6185557338843637e-09, 1.1681762224213799e-08, 6.873799751616616e-09, 1.2032251639482183e-08, 3.6943827996793743e-09, 1.8024602255195532e-08, 3.783380009281245e-08, 0.0, 7.021402126383691e-09, 4.999360925239671e-09, 1.2270131577452048e-08, 5.401438851748708e-09, 0.0, 8.030781373236096e-09, 0.0, 1.4537216763699234e-08, 1.1932266730241281e-08, 2.7717983464015106e-10, 1.3682940114279063e-08, 1.578223773890386e-08, 2.494939899122528e-08, 3.419899741174959e-08, 6.986505596273673e-09, 4.260306774028777e-09, 8.635014481228609e-09, 1.4366315248537376e-08, 4.991059565639944e-09, 2.46349731725104e-08, 0.0, 2.1301714170363084e-08, 6.2745519890938795e-09, 0.0, 8.738090251370068e-09, 0.0, 0.0, 0.0, 0.0, 0.0, 0.0, 7.394081791289864e-09, 0.0, 3.869945253143214e-09, 1.9445389298766713e-08, 1.916728642470389e-08], "Unc_Flux_History": [[-7.465467355416422e-09, 1.115754511005207e-08], [null, 6.4526735066294805e-09], [null, 9.912434428827055e-09], [-6.480683989451563e-09, 8.818330954341036e-09], [null, 9.841081727302026e-09], [-7.0097763149590264e-09, 9.273089851546956e-09], [null, 9.808267087407785e-09], [-1.0722763121862044e-08, 1.3940403498224896e-08], [null, 8.702574660901519e-09], [-9.237393960859208e-09, 1.1550364220624942e-08], [-1.3015151623108068e-08, 1.4754394150884309e-08], [null, 7.167998639090456e-09], [-5.4881650335403265e-09, 8.460771638851838e-09], [null, 7.671421720090166e-09], [-7.463260232043467e-09, 9.600452877123189e-09], [-5.15474241069569e-09, 6.993540413446908e-09], [null, 1.0117013005128683e-08], [-5.536954450491294e-09, 7.659226142209263e-09], [null, 8.538375340094717e-09], [-9.263964706462957e-09, 1.1310750558379823e-08], [-5.588394635935856e-09, 7.279226998946342e-09], [null, 1.0986790144329461e-08], [-7.164429938200101e-09, 9.059457184434905e-09], [-7.02191016443976e-09, 8.731042555609747e-09], [-9.25823862019115e-09, 1.0805860206630769e-08], [-1.035074248534329e-08, 1.1843006575418258e-08], [null, 1.0323446097970645e-08], [-3.6914291623446616e-09, 6.201479774148311e-09], [-5.346927345328822e-09, 7.7432931178123e-09], [-7.120431799734206e-09, 8.846251731142729e-09], [null, 7.814665359262563e-09], [-1.0153168972237836e-08, 1.1772734787030004e-08], [null, 7.239255417346158e-09], [-1.108574654296035e-08, 1.2343515543022932e-08], [-5.851160445047299e-09, 7.440025040494902e-09], [null, 8.976003051941461e-09], [-5.554396942386575e-09, 7.553405900750931e-09], [null, 8.994209821366894e-09], [null, 7.466404383649206e-09], [null, 4.584484791791965e-09], [null, 8.434706266768899e-09], [null, 6.786635253774875e-09], [null, 6.703954724684991e-09], [-6.0136207125083274e-09, 7.9691639953694e-09], [null, 5.695612426137586e-09], [-3.045022456404922e-09, 5.351510790063685e-09], [-1.0232737324145091e-08, 1.1612640626879056e-08], [-8.342178503539799e-09, 1.0407144479529506e-08]], "Extended_Source_Name": "                  ", "0FGL_Name": "                 ", "1FGL_Name": "1FGL J1240.3-7154 ", "2FGL_Name": "2FGL J1240.6-7151 ", "1FHL_Name": "1FHL J1240.4-7150 ", "ASSOC_GAM1": "               ", "ASSOC_GAM2": "              ", "ASSOC_GAM3": "               ", "TEVCAT_FLAG": "N", "ASSOC_TEV": "                     ", "CLASS1": "     ", "ASSOC1": "                          ", "ASSOC2": "                          ", "Flags": 0, "source_id": 1517}