{"Source_Name": "3FGL J2050.2+0409 ", "RAJ2000": 312.5682067871094, "DEJ2000": 4.15339994430542, "GLON": 51.432159423828125, "GLAT": -24.00959014892578, "Conf_68_SemiMajor": 0.0708002895116806, "Conf_68_SemiMinor": 0.04822807386517525, "Conf_68_PosAng": -23.040000915527344, "Conf_95_SemiMajor": 0.11479999870061874, "Conf_95_SemiMinor": 0.07819999754428864, "Conf_95_PosAng": -23.040000915527344, "ROI_num": 750, "Signif_Avg": 7.651951789855957, "Pivot_Energy": 1928.919189453125, "Flux_Density": 1.609528482715561e-13, "Unc_Flux_Density": 2.588421894899641e-14, "Flux1000": 5.823367343893437e-10, "Unc_Flux1000": 9.499329101103626e-11, "Energy_Flux100": 6.468745678001042e-12, "Unc_Energy_Flux100": 1.0534114813082196e-12, "Signif_Curve": 1.824286699295044, "SpectrumType": "PowerLaw        ", "Spectral_Index": 2.0669214725494385, "Unc_Spectral_Index": 0.11179598420858383, "beta": null, "Unc_beta": null, "Cutoff": null, "Unc_Cutoff": null, "Exp_Index": null, "Unc_Exp_Index": null, "PowerLaw_Index": 2.0669214725494385, "Flux30_100": null, "Unc_Flux30_100": null, "nuFnu30_100": null, "Sqrt_TS30_100": null, "Flux100_300": 1.3623978611931875e-09, "Unc_Flux100_300": [null, 2.7709419203603147e-09], "nuFnu100_300": 3.2523143249710285e-13, "Sqrt_TS100_300": 0.43382981419563293, "Flux300_1000": 1.3055618808266445e-09, "Unc_Flux300_1000": [-5.007623760100444e-10, 5.458481444620134e-10], "nuFnu300_1000": 8.893173198722126e-13, "Sqrt_TS300_1000": 2.659226655960083, "Flux1000_3000": 4.277344867187338e-10, "Unc_Flux1000_3000": [-1.1038332053958655e-10, 1.205528316061688e-10], "nuFnu1000_3000": 1.021087186157954e-12, "Sqrt_TS1000_3000": 4.638800144195557, "Flux3000_10000": 1.5828072186252484e-10, "Unc_Flux3000_10000": [-4.078929208284343e-11, 4.7971210337394155e-11], "nuFnu3000_10000": 1.0781702136988813e-12, "Sqrt_TS3000_10000": 5.869837284088135, "Flux10000_100000": 2.663509343636683e-11, "Unc_Flux10000_100000": [-1.5527744021137657e-11, 2.193014346507649e-11], "nuFnu10000_100000": 4.61441160889281e-13, "Sqrt_TS10000_100000": 2.318162441253662, "Variability_Index": 38.19328689575195, "Signif_Peak": null, "Flux_Peak": null, "Unc_Flux_Peak": null, "Time_Peak": null, "Peak_Interval": null, "Flux_History": [9.497775899092176e-09, 0.0, 1.974863117482073e-08, 1.667173243902198e-08, 1.4979690377003863e-08, 1.2447938679827075e-08, 2.5807691539370126e-09, 0.0, 6.5151177786049175e-09, 4.601927727776456e-09, 1.0462531285782006e-08, 3.339194920570776e-09, 7.288279757489136e-09, 4.198764003149336e-09, 8.781024796178372e-09, 8.40277625258068e-09, 1.4478892751412786e-08, 8.650149929678719e-09, 9.027369962666398e-09, 1.3024020972807193e-08, 1.5797205321632646e-08, 2.193884895973497e-08, 5.6801865433442345e-09, 1.1430245194787858e-08, 1.0400040828528745e-08, 1.1079206885256099e-08, 0.0, 0.0, 8.140227159003643e-09, 0.0, 6.937952434782346e-09, 5.428301363963328e-09, 8.765323578074913e-09, 0.0, 9.475374262990499e-09, 0.0, 1.4217271804284337e-08, 9.715980020530424e-09, 2.612388305678337e-09, 0.0, 2.795100151331553e-09, 0.0, 8.39071745417641e-09, 4.10607592371548e-09, 5.379741985223063e-09, 2.4424686273505358e-08, 0.0, 0.0], "Unc_Flux_History": [[-6.612073999434642e-09, 8.504859039248913e-09], [null, 6.41372777110405e-09], [-8.314061439307352e-09, 9.357981944901894e-09], [-7.334818086235373e-09, 9.007378842795788e-09], [-7.673230051352675e-09, 8.98871199694895e-09], [-6.8379204520852e-09, 9.24372756117009e-09], [null, 8.808910045843277e-09], [null, 6.008211705932354e-09], [-6.207973246574738e-09, 8.263856265955383e-09], [null, 7.86167575483887e-09], [-6.150048026398736e-09, 8.197877932047959e-09], [-2.5704829376138605e-09, 4.2723242721365295e-09], [-6.684565789782937e-09, 8.197619472127826e-09], [null, 1.0766424196617663e-08], [-5.964112315126613e-09, 8.04140309895729e-09], [null, 1.1641994923650145e-08], [-8.560768094412197e-09, 1.0658194327106685e-08], [-5.946298564651897e-09, 9.467125750006744e-09], [-6.360276749717286e-09, 8.698918918526033e-09], [-8.15344769478088e-09, 1.0287669383046705e-08], [-9.116609689385768e-09, 1.1304145175472513e-08], [-8.729384326500167e-09, 1.0271352657298394e-08], [-5.601609842642574e-09, 8.130059292454916e-09], [-8.143550722650161e-09, 1.0165126518302259e-08], [-6.982470601712976e-09, 8.990970634670248e-09], [-7.321920847402907e-09, 9.565249037279955e-09], [null, 9.518713817158186e-09], [null, 7.76343522801426e-09], [-7.314232330912773e-09, 8.87258089221632e-09], [null, 1.0970819808164833e-08], [null, 1.038927521790356e-08], [-4.8175916589343615e-09, 7.666172585629738e-09], [-6.131751106863703e-09, 8.559768005511614e-09], [null, 7.655585498866913e-09], [-5.891754195630483e-09, 8.558889597054531e-09], [null, 9.96493287885869e-09], [null, 1.523148718263201e-08], [-7.375978494650326e-09, 1.0260666094552562e-08], [null, 1.295975859960663e-08], [null, 1.0319675780579018e-08], [null, 8.11212874651801e-09], [null, 7.890474051919227e-09], [null, 1.0875565337187254e-08], [null, 8.707750964731531e-09], [null, 9.44009670433843e-09], [-1.0061086186397006e-08, 1.1545977507410043e-08], [null, 7.349409969492626e-09], [null, 1.3178733659913178e-08]], "Extended_Source_Name": "                  ", "0FGL_Name": "                 ", "1FGL_Name": "1FGL J2050.1+0407 ", "2FGL_Name": "2FGL J2050.0+0408 ", "1FHL_Name": "                  ", "ASSOC_GAM1": "               ", "ASSOC_GAM2": "              ", "ASSOC_GAM3": "               ", "TEVCAT_FLAG": "N", "ASSOC_TEV": "                     ", "CLASS1": "bll  ", "ASSOC1": "PKS 2047+039              ", "ASSOC2": "                          ", "Flags": 0, "catalog_row_index": 2698}