{"Source_Name": "3FGL J1058.5-6106c", "RAJ2000": 164.64410400390625, "DEJ2000": -61.11009979248047, "GLON": 289.7257080078125, "GLAT": -1.16602623462677, "Conf_68_SemiMajor": 0.0833815261721611, "Conf_68_SemiMinor": 0.07468567788600922, "Conf_68_PosAng": 25.360000610351562, "Conf_95_SemiMajor": 0.13519999384880066, "Conf_95_SemiMinor": 0.12110000103712082, "Conf_95_PosAng": 25.360000610351562, "ROI_num": 72, "Signif_Avg": 4.851577281951904, "Pivot_Energy": 5496.1513671875, "Flux_Density": 3.512546360002165e-14, "Unc_Flux_Density": 7.634038597125782e-15, "Flux1000": 1.1934675470115508e-09, "Unc_Flux1000": 3.0704977449502735e-10, "Energy_Flux100": 1.3452810913860969e-11, "Unc_Energy_Flux100": 3.8525259371535725e-12, "Signif_Curve": 3.621936559677124, "SpectrumType": "PowerLaw        ", "Spectral_Index": 2.157595634460449, "Unc_Spectral_Index": 0.15974491834640503, "beta": null, "Unc_beta": null, "Cutoff": null, "Unc_Cutoff": null, "Exp_Index": null, "Unc_Exp_Index": null, "PowerLaw_Index": 2.157595634460449, "Flux30_100": null, "Unc_Flux30_100": null, "nuFnu30_100": null, "Sqrt_TS30_100": null, "Flux100_300": 3.957938687904061e-08, "Unc_Flux100_300": [-2.8843210486684256e-08, 3.19121831182656e-08], "nuFnu100_300": 9.364875194761701e-12, "Sqrt_TS100_300": 1.1874644756317139, "Flux300_1000": 6.181650302750086e-09, "Unc_Flux300_1000": [-3.2615588008155783e-09, 3.2431446417291454e-09], "nuFnu300_1000": 4.1663673379377375e-12, "Sqrt_TS300_1000": 1.9027040004730225, "Flux1000_3000": 4.1401543304786514e-10, "Unc_Flux1000_3000": [-3.4768635193138664e-10, 3.6491115684711417e-10], "nuFnu1000_3000": 9.796014910704032e-13, "Sqrt_TS1000_3000": 1.194746971130371, "Flux3000_10000": 1.5423942678616243e-10, "Unc_Flux3000_10000": [-7.097068072114965e-11, 7.947626584625667e-11], "nuFnu3000_10000": 1.039557654368417e-12, "Sqrt_TS3000_10000": 2.4019887447357178, "Flux10000_100000": 4.172275719360741e-11, "Unc_Flux10000_100000": [-2.5172986958810206e-11, 3.1746924533671006e-11], "nuFnu10000_100000": 6.973711972474428e-13, "Sqrt_TS10000_100000": 1.9057470560073853, "Variability_Index": 43.992530822753906, "Signif_Peak": null, "Flux_Peak": null, "Unc_Flux_Peak": null, "Time_Peak": null, "Peak_Interval": null, "Flux_History": [2.0903339059685777e-09, 5.580211848155159e-09, 2.945431454293157e-08, 3.889360655762175e-08, 4.527790409269983e-08, 4.957284360784797e-08, 0.0, 0.0, 1.922968984047202e-08, 2.5948271087372632e-08, 0.0, 2.1143399919765216e-08, 3.531044256988025e-08, 0.0, 0.0, 0.0, 9.028727276927384e-08, 0.0, 8.235574888715291e-09, 1.585959452654606e-08, 3.085369826294482e-08, 2.5596968100671802e-08, 3.287143712782381e-08, 2.166126478186925e-08, 0.0, 0.0, 3.513423862955278e-08, 9.737810557908233e-09, 0.0, 0.0, 4.820208232558798e-08, 0.0, 4.904411099460049e-08, 1.9665948869374006e-08, 3.8331947393999144e-08, 0.0, 0.0, 0.0, 0.0, 3.543120996596372e-08, 9.652260324344297e-09, 0.0, 3.1692707125330344e-08, 2.254758868502904e-08, 3.188577579749108e-08, 7.269683521826664e-08, 3.4856682873396494e-08, 0.0], "Unc_Flux_History": [[null, 3.750432853166785e-08], [null, 4.049729440680494e-08], [-2.290875222854538e-08, 3.278549343121995e-08], [-2.838014445671888e-08, 3.485195421149001e-08], [-2.5502894018814004e-08, 3.110503499215156e-08], [-2.993339975887466e-08, 3.721516605992292e-08], [null, 2.6225787763678454e-08], [null, 4.215167948018461e-08], [-1.5313563750396497e-08, 2.4324883440840495e-08], [null, 4.0899529096805054e-08], [null, 3.4891243672063865e-08], [null, 3.692737848837169e-08], [-2.70095323884334e-08, 3.276477755775886e-08], [null, 2.1505389469211877e-08], [null, 2.6912218231700535e-08], [null, 1.8426430159479423e-08], [-3.430380601798788e-08, 3.81340541366626e-08], [null, 2.4659133401883082e-08], [null, 3.144788607301052e-08], [null, 3.175890839202111e-08], [-2.4262387654516715e-08, 2.9656712641212835e-08], [-2.4371736628836516e-08, 3.1890937890466375e-08], [-2.5522760793705856e-08, 3.018228156292935e-08], [null, 3.6954517668164044e-08], [null, 3.5399171594008294e-08], [null, 1.9709291976255372e-08], [-2.3195294573952197e-08, 2.9691072711557354e-08], [null, 2.2105851371634344e-08], [null, 1.98250713623338e-08], [null, 2.3186286668419598e-08], [-2.535718479634852e-08, 3.2211353584443714e-08], [null, 2.802138432400625e-08], [-2.9162565695628473e-08, 3.5062274861275e-08], [null, 3.477081023106621e-08], [-2.2255193243836402e-08, 2.6829845012343867e-08], [null, 2.919992780903158e-08], [null, 2.266727605615415e-08], [null, 2.164548007499434e-08], [null, 2.224950890195032e-08], [-2.360342676865912e-08, 2.9697215353508e-08], [null, 2.9547713609190396e-08], [null, 1.970645158166917e-08], [-2.27504735050843e-08, 3.363852130178202e-08], [-1.5858161006576665e-08, 2.248462394049966e-08], [-2.090819073430339e-08, 2.7811910996433653e-08], [-3.5441935608560016e-08, 3.935719306014107e-08], [-2.910337215666914e-08, 3.3717828529233884e-08], [null, 3.3069269989027816e-08]], "Extended_Source_Name": "                  ", "0FGL_Name": "                 ", "1FGL_Name": "                  ", "2FGL_Name": "2FGL J1059.3-6118c", "1FHL_Name": "                  ", "ASSOC_GAM1": "               ", "ASSOC_GAM2": "3EG J1102-6103", "ASSOC_GAM3": "EGR J1058-6101 ", "TEVCAT_FLAG": "N", "ASSOC_TEV": "                     ", "CLASS1": "     ", "ASSOC1": "                          ", "ASSOC2": "                          ", "Flags": 48, "source_id": 1281}