{"Source_Name": "3FHL J1811.5-1927 ", "RAJ2000": 272.8851318359375, "DEJ2000": -19.450918197631836, "GLON": 11.164168357849121, "GLAT": -0.3717341125011444, "Conf_95_SemiMajor": 0.047558993101119995, "Conf_95_SemiMinor": 0.047558993101119995, "Conf_95_PosAng": null, "ROI_num": 632, "Signif_Avg": 4.784714698791504, "Pivot_Energy": 18.662391662597656, "Flux_Density": 3.5781991519073797e-12, "Unc_Flux_Density": 9.231526133801626e-13, "Flux": 1.136180663441344e-10, "Unc_Flux": 2.938878654323851e-11, "Energy_Flux": 4.1629950355004386e-12, "Unc_Energy_Flux": 1.4931815549637517e-12, "Signif_Curve": 0.2067682147026062, "SpectrumType": "PowerLaw   ", "Spectral_Index": 2.754490375518799, "Unc_Spectral_Index": 0.5385787487030029, "beta": -0.05924800783395767, "Unc_beta": 0.2833224833011627, "PowerLaw_Index": 2.730217933654785, "Unc_PowerLaw_Index": 0.42949363589286804, "Flux_Band": [8.733170436814319e-11, 1.679199487791827e-11, 5.559189827225586e-12, 4.48449567411191e-12, 9.108612018486125e-19], "Unc_Flux_Band": [[-2.408223620520289e-11, 2.7327747703642657e-11], [-1.0377600688504796e-11, 1.3533137284416075e-11], [-4.033788494200996e-12, 7.258884465732862e-12], [-3.789239755302987e-12, 6.562353091488227e-12], [null, 5.812570043339793e-12]], "nuFnu": [2.7190897103346323e-12, 8.535503575636538e-13, 6.228926879500718e-13, 1.4167987529706272e-12, 8.731736123697777e-19], "Sqrt_TS_Band": [4.859261512756348, 1.8454127311706543, 2.0160071849823, 1.32632315158844, 0.0], "Npred": 35.971717834472656, "HEP_Energy": 115.2490005493164, "HEP_Prob": 0.9512055516242981, "Variability_BayesBlocks": 1, "Extended_Source_Name": "                  ", "ASSOC_GAM": "3FGL J1811.3-1927c", "TEVCAT_FLAG": "N", "ASSOC_TEV": "                     ", "CLASS": "psr    ", "ASSOC1": "SWIFT J1811.5-1925        ", "ASSOC2": "                          ", "ASSOC_PROB_BAY": 0.9919575452804565, "ASSOC_PROB_LR": 0.0, "Redshift": null, "NuPeak_obs": null, "source_id": 1208}