{"Source_Name": "3FHL J1846.4+0919 ", "RAJ2000": 281.6114196777344, "DEJ2000": 9.327319145202637, "GLON": 40.692237854003906, "GLAT": 5.338049411773682, "Conf_95_SemiMajor": 0.055282749235630035, "Conf_95_SemiMinor": 0.055282749235630035, "Conf_95_PosAng": null, "ROI_num": 224, "Signif_Avg": 5.144394874572754, "Pivot_Energy": 12.252706527709961, "Flux_Density": 6.1001329855481234e-12, "Unc_Flux_Density": 2.007428077932527e-12, "Flux": 4.1743657142045976e-11, "Unc_Flux": 1.3820011975085311e-11, "Energy_Flux": 8.683457598801514e-13, "Unc_Energy_Flux": 3.1647191920010365e-13, "Signif_Curve": 0.5350521802902222, "SpectrumType": "PowerLaw   ", "Spectral_Index": 4.937263488769531, "Unc_Spectral_Index": 1.7282131910324097, "beta": 0.9926831722259521, "Unc_beta": 0.30403268337249756, "PowerLaw_Index": 5.330207347869873, "Unc_PowerLaw_Index": 1.6301841735839844, "Flux_Band": [4.0018731384261486e-11, 6.34055850358417e-13, 5.800732258523052e-19, 8.75115890609189e-21, 2.0249509699580047e-25], "Unc_Flux_Band": [[-1.1990394788163883e-11, 1.4520256524930275e-11], [null, 8.946046160807075e-12], [null, 6.565853763462748e-12], [null, 4.682270196565419e-12], [null, 4.937223806872337e-12]], "nuFnu": [1.1396942417585265e-12, 2.7993337763923196e-14, 5.403596125593867e-20, 2.2419072506953658e-21, 1.5098526554993996e-25], "Sqrt_TS_Band": [6.022615432739258, 0.16848249733448029, 0.0, 0.0, 0.0], "Npred": 13.077957153320312, "HEP_Energy": 14.36620044708252, "HEP_Prob": 0.9643360376358032, "Variability_BayesBlocks": 1, "Extended_Source_Name": "                  ", "ASSOC_GAM": "3FGL J1846.3+0919 ", "TEVCAT_FLAG": "N", "ASSOC_TEV": "                     ", "CLASS": "PSR    ", "ASSOC1": "LAT PSR J1846+0919        ", "ASSOC2": "                          ", "ASSOC_PROB_BAY": 0.9999838471412659, "ASSOC_PROB_LR": 0.0, "Redshift": null, "NuPeak_obs": null, "source_id": 1248}