{"Source_Name": "3FGL J0102.1+4458 ", "RAJ2000": 15.536700248718262, "DEJ2000": 44.9718017578125, "GLON": 124.92201232910156, "GLAT": -17.858518600463867, "Conf_68_SemiMajor": 0.10798894613981247, "Conf_68_SemiMinor": 0.07456232607364655, "Conf_68_PosAng": 41.7400016784668, "Conf_95_SemiMajor": 0.17509999871253967, "Conf_95_SemiMinor": 0.120899997651577, "Conf_95_PosAng": 41.7400016784668, "ROI_num": 418, "Signif_Avg": 4.1303863525390625, "Pivot_Energy": 1645.4283447265625, "Flux_Density": 1.0339617345905133e-13, "Unc_Flux_Density": 2.5414774654903237e-14, "Flux1000": 2.5183455321098336e-10, "Unc_Flux1000": 6.368961608105295e-11, "Energy_Flux100": 2.9849152663463663e-12, "Unc_Energy_Flux100": 7.664548249547432e-13, "Signif_Curve": 0.36022108793258667, "SpectrumType": "PowerLaw        ", "Spectral_Index": 2.2651009559631348, "Unc_Spectral_Index": 0.21455372869968414, "beta": null, "Unc_beta": null, "Cutoff": null, "Unc_Cutoff": null, "Exp_Index": null, "Unc_Exp_Index": null, "PowerLaw_Index": 2.2651009559631348, "Flux30_100": null, "Unc_Flux30_100": null, "nuFnu30_100": null, "Sqrt_TS30_100": null, "Flux100_300": 6.334978763788968e-09, "Unc_Flux100_300": [-2.6402644515144402e-09, 2.648620434086979e-09], "nuFnu100_300": 1.4833432876101837e-12, "Sqrt_TS100_300": 2.437574863433838, "Flux300_1000": 9.14121167649995e-10, "Unc_Flux300_1000": [-4.431512934388593e-10, 4.478823423248457e-10], "nuFnu300_1000": 6.084789247982891e-13, "Sqrt_TS300_1000": 2.1184656620025635, "Flux1000_3000": 6.070122876566941e-11, "Unc_Flux1000_3000": [-6.053636064651258e-11, 7.177611283104568e-11], "nuFnu1000_3000": 1.4213269775541215e-13, "Sqrt_TS1000_3000": 1.0202348232269287, "Flux3000_10000": 9.244630755356198e-11, "Unc_Flux3000_10000": [-2.926679384951392e-11, 3.681108889930229e-11], "nuFnu3000_10000": 6.1536290386216e-13, "Sqrt_TS3000_10000": 4.373754501342773, "Flux10000_100000": 1.0122997926020894e-11, "Unc_Flux10000_100000": [-8.183626519497889e-12, 1.3085247295430147e-11], "nuFnu10000_100000": 1.6236427621222488e-13, "Sqrt_TS10000_100000": 1.410994529724121, "Variability_Index": 40.731651306152344, "Signif_Peak": null, "Flux_Peak": null, "Unc_Flux_Peak": null, "Time_Peak": null, "Peak_Interval": null, "Flux_History": [1.4315235663531212e-09, 7.579066263474488e-09, 2.275050547950741e-08, 0.0, 0.0, 0.0, 0.0, 2.045333902245261e-09, 9.036557280239776e-09, 5.443890227496695e-09, 1.3254749298141633e-08, 5.550450321578637e-09, 0.0, 0.0, 8.2004225632204e-09, 7.967484449977746e-09, 8.853496602512223e-09, 1.763278412170166e-08, 0.0, 5.239253475508576e-09, 0.0, 4.448193813288981e-09, 4.596396596667773e-09, 0.0, 0.0, 1.4639625511847498e-08, 0.0, 3.001925819035023e-08, 1.3141902677205053e-08, 0.0, 7.416161018625189e-09, 0.0, 6.214967651629877e-09, 3.789135671894428e-09, 3.5119576136111164e-09, 6.584135903153765e-09, 1.0853800080923293e-09, 0.0, 5.130875280201508e-09, 0.0, 1.2146066374896236e-09, 0.0, 2.670994092568435e-09, 3.01018299175837e-09, 1.1558848100889918e-08, 1.015862172160098e-09, 1.4163869188621447e-08, 0.0], "Unc_Flux_History": [[null, 1.2232768575870523e-08], [-7.010898972481527e-09, 9.688438495913942e-09], [-9.941856227158041e-09, 1.071685407083578e-08], [null, 1.0783132609049062e-08], [null, 6.909078642536315e-09], [null, 6.5285319372776485e-09], [null, 5.226474808495141e-09], [null, 8.21724555066794e-09], [-7.986117545044635e-09, 1.027566032263394e-08], [null, 1.1535426835962426e-08], [-7.591225426040182e-09, 9.540515932826565e-09], [null, 1.1717286696466545e-08], [null, 6.871810231956488e-09], [null, 9.374147680318856e-09], [-7.476296026709406e-09, 9.819183688364319e-09], [-6.653089190677974e-09, 9.15961084757555e-09], [-5.686126236525979e-09, 7.773707899616511e-09], [-1.0411816298017129e-08, 1.2058025689043461e-08], [null, 9.708308823519474e-09], [-4.7921613344215075e-09, 7.921894251694539e-09], [null, 7.829442871809533e-09], [-3.730169506610537e-09, 6.458314771862206e-09], [null, 8.945301388507687e-09], [null, 1.1192892834799295e-08], [null, 1.0235922331958136e-08], [-1.218331568964004e-08, 1.3387459141256386e-08], [null, 9.531547995322853e-09], [-9.517270527226174e-09, 1.10815738807446e-08], [-9.465187744694958e-09, 1.1394425847299772e-08], [null, 5.90375837106194e-09], [null, 1.1852853809557473e-08], [null, 1.1646118736052813e-08], [null, 1.1599780691540218e-08], [null, 1.1600318927662556e-08], [null, 1.0512077430746558e-08], [null, 9.159784930545811e-09], [null, 8.796985362380383e-09], [null, 9.119781374522518e-09], [null, 9.489659724692956e-09], [null, 9.477716389483248e-09], [null, 6.759778514719983e-09], [null, 8.331167755670776e-09], [null, 1.3288043554382512e-08], [null, 1.1012039280444696e-08], [-8.227620362788457e-09, 1.0273690342899044e-08], [null, 1.1592435456009298e-08], [-8.649147176242877e-09, 1.0231317126851991e-08], [null, 1.0296393959663419e-08]], "Extended_Source_Name": "                  ", "0FGL_Name": "                 ", "1FGL_Name": "                  ", "2FGL_Name": "                  ", "1FHL_Name": "                  ", "ASSOC_GAM1": "               ", "ASSOC_GAM2": "              ", "ASSOC_GAM3": "               ", "TEVCAT_FLAG": "N", "ASSOC_TEV": "                     ", "CLASS1": "     ", "ASSOC1": "                          ", "ASSOC2": "                          ", "Flags": 0, "catalog_row_index": 128}