{"Source_Name": "3FHL J1733.7-6056 ", "RAJ2000": 263.4326477050781, "DEJ2000": -60.937931060791016, "GLON": 331.2089538574219, "GLAT": -14.760696411132812, "Conf_95_SemiMajor": 0.07510636746883392, "Conf_95_SemiMinor": 0.07510636746883392, "Conf_95_PosAng": null, "ROI_num": 132, "Signif_Avg": 4.619405269622803, "Pivot_Energy": 16.51392364501953, "Flux_Density": 1.321357628349118e-12, "Unc_Flux_Density": 4.680313753745169e-13, "Flux": 2.9843023885423037e-11, "Unc_Flux": 1.0592954464982984e-11, "Energy_Flux": 1.0173985135267238e-12, "Unc_Energy_Flux": 5.512815139281646e-13, "Signif_Curve": 0.31066837906837463, "SpectrumType": "PowerLaw   ", "Spectral_Index": 3.0522501468658447, "Unc_Spectral_Index": 0.9585458040237427, "beta": -0.13997994363307953, "Unc_beta": 0.42490658164024353, "PowerLaw_Index": 2.8537771701812744, "Unc_PowerLaw_Index": 0.7101665735244751, "Flux_Band": [2.4981034602022945e-11, 2.892546377340756e-18, 4.9137191711345896e-12, 3.33321242471645e-19, 7.449976378923732e-17], "Unc_Flux_Band": [[-8.030342016351888e-12, 1.1217617112979639e-11], [null, 5.551372295881096e-12], [-3.2163893944059385e-12, 5.251479806567261e-12], [null, 4.1330766933911356e-12], [null, 4.527375870033712e-12]], "nuFnu": [7.741056060051044e-13, 1.4585135488809963e-19, 5.444189478572004e-13, 1.0392259715120382e-19, 7.021946146130003e-17], "Sqrt_TS_Band": [5.423946857452393, 0.0, 2.4554800987243652, 0.0, 0.0], "Npred": 10.666497230529785, "HEP_Energy": 67.77069854736328, "HEP_Prob": 0.9022700190544128, "Variability_BayesBlocks": 1, "Extended_Source_Name": "                  ", "ASSOC_GAM": "3FGL J1733.8-6056 ", "TEVCAT_FLAG": "N", "ASSOC_TEV": "                     ", "CLASS": "bcu    ", "ASSOC1": "PMN J1733-6055            ", "ASSOC2": "                          ", "ASSOC_PROB_BAY": 0.0, "ASSOC_PROB_LR": 0.9649997353553772, "Redshift": null, "NuPeak_obs": null, "catalog_row_index": 1153}