{"Source_Name": "3FGL J0747.4+0904 ", "RAJ2000": 116.86689758300781, "DEJ2000": 9.067999839782715, "GLON": 211.0626678466797, "GLAT": 16.53478240966797, "Conf_68_SemiMajor": 0.04119738191366196, "Conf_68_SemiMinor": 0.03940887376666069, "Conf_68_PosAng": 51.369998931884766, "Conf_95_SemiMajor": 0.06679999828338623, "Conf_95_SemiMinor": 0.06390000134706497, "Conf_95_PosAng": 51.369998931884766, "ROI_num": 383, "Signif_Avg": 5.853928089141846, "Pivot_Energy": 1915.9603271484375, "Flux_Density": 8.715909396127264e-14, "Unc_Flux_Density": 1.9484654639528518e-14, "Flux1000": 3.110332269518068e-10, "Unc_Flux1000": 7.049419381566224e-11, "Energy_Flux100": 3.455002560090459e-12, "Unc_Energy_Flux100": 7.819775642986526e-13, "Signif_Curve": 1.7846335172653198, "SpectrumType": "PowerLaw        ", "Spectral_Index": 2.066288471221924, "Unc_Spectral_Index": 0.14833441376686096, "beta": null, "Unc_beta": null, "Cutoff": null, "Unc_Cutoff": null, "Exp_Index": null, "Unc_Exp_Index": null, "PowerLaw_Index": 2.066288471221924, "Flux30_100": null, "Unc_Flux30_100": null, "nuFnu30_100": null, "Sqrt_TS30_100": null, "Flux100_300": 1.155396778251827e-09, "Unc_Flux100_300": [null, 2.8693847298200126e-09], "nuFnu100_300": 2.7583331126991573e-13, "Sqrt_TS100_300": 0.4016766846179962, "Flux300_1000": 4.6514025964228267e-10, "Unc_Flux300_1000": [-3.891423294710705e-10, 4.1405717743359105e-10], "nuFnu300_1000": 3.1686589116453057e-13, "Sqrt_TS300_1000": 1.1996992826461792, "Flux1000_3000": 2.5110094559188667e-10, "Unc_Flux1000_3000": [-8.040252491570143e-11, 9.002947692904328e-11], "nuFnu1000_3000": 5.994650847766791e-13, "Sqrt_TS1000_3000": 3.791490077972412, "Flux3000_10000": 7.705887317133175e-11, "Unc_Flux3000_10000": [-2.8341218261118684e-11, 3.473430223999152e-11], "nuFnu3000_10000": 5.24945484216971e-13, "Sqrt_TS3000_10000": 4.025388717651367, "Flux10000_100000": 1.954672708415206e-11, "Unc_Flux10000_100000": [-1.078294311479544e-11, 1.639294949784542e-11], "nuFnu10000_100000": 3.387242201134677e-13, "Sqrt_TS10000_100000": 3.4782509803771973, "Variability_Index": 34.31596374511719, "Signif_Peak": null, "Flux_Peak": null, "Unc_Flux_Peak": null, "Time_Peak": null, "Peak_Interval": null, "Flux_History": [0.0, 5.135191383232041e-09, 9.379088616867648e-09, 3.382017776942803e-09, 2.2273635380543055e-08, 0.0, 3.3706386570742097e-09, 5.048609974522833e-09, 2.8550561914642003e-09, 0.0, 1.569297913839307e-09, 0.0, 1.7930252838027627e-09, 4.532148434321925e-09, 4.990864943543727e-10, 9.975233083991952e-09, 0.0, 0.0, 2.9471505236244866e-09, 1.8281586244839332e-09, 4.624670424391297e-09, 8.29034352278768e-09, 7.370315024957108e-09, 6.450848744066207e-10, 3.605360454628226e-09, 1.2115394021350312e-08, 6.534712326811132e-09, 0.0, 6.307093958213272e-09, 5.174803696661456e-09, 1.231793111955426e-09, 2.982217806035692e-09, 8.181706867560479e-09, 9.707449066809204e-09, 0.0, 0.0, 0.0, 6.97765845103504e-09, 1.431740326296449e-08, 1.0740953904075923e-08, 0.0, 0.0, 7.391667722345119e-09, 3.3802955989870043e-09, 5.440138561851882e-09, 0.0, 9.86058967811232e-09, 0.0], "Unc_Flux_History": [[null, 6.188592749367672e-09], [null, 7.001289326069582e-09], [-7.579419758485528e-09, 8.971706932925372e-09], [-3.246081403673884e-09, 4.924230356806447e-09], [-8.55975024194322e-09, 9.999029160212558e-09], [null, 5.5963429446137525e-09], [null, 6.288289888800591e-09], [-3.707293805277345e-09, 6.315684419888612e-09], [-2.6006190534388907e-09, 4.096648353879573e-09], [null, 6.5126823933781e-09], [null, 5.100263766877333e-09], [null, 9.083742646964765e-09], [null, 7.478140773287123e-09], [-3.3939129284732417e-09, 5.438609562702368e-09], [null, 1.0390492022338549e-08], [-5.678329806357851e-09, 7.629769704919909e-09], [null, 5.643340905692185e-09], [null, 9.399419909073004e-09], [null, 8.971182907657749e-09], [null, 7.033590154748026e-09], [-3.6956580018454588e-09, 6.548422692986833e-09], [null, 1.0313685017138141e-08], [null, 9.629261832344582e-09], [null, 9.567534320353843e-09], [null, 1.0653786297609713e-08], [-7.475664531852999e-09, 9.427703950848354e-09], [-4.604044701039811e-09, 7.398763823829313e-09], [null, 8.082686520083371e-09], [null, 1.027592677615985e-08], [null, 7.743219399003465e-09], [null, 1.1347528250382766e-08], [null, 1.073767386117197e-08], [-5.852565543307264e-09, 8.141921803428431e-09], [-6.177595768264155e-09, 8.653191940766192e-09], [null, 6.443087841034867e-09], [null, 7.08979319696823e-09], [null, 5.629979149546216e-09], [-6.337954605584173e-09, 8.954694763474436e-09], [-9.168283909843922e-09, 1.0219092239083238e-08], [-6.8264891517344495e-09, 8.736666501363288e-09], [null, 7.345420716120543e-09], [null, 5.565907734705888e-09], [-4.498490469018179e-09, 6.65461330484618e-09], [null, 7.262650481010269e-09], [-4.463844405222517e-09, 7.051026429394369e-09], [null, 7.0864132339920616e-09], [-6.714488076653424e-09, 8.681564800383512e-09], [null, 5.162587690676901e-09]], "Extended_Source_Name": "                  ", "0FGL_Name": "                 ", "1FGL_Name": "                  ", "2FGL_Name": "                  ", "1FHL_Name": "                  ", "ASSOC_GAM1": "               ", "ASSOC_GAM2": "              ", "ASSOC_GAM3": "               ", "TEVCAT_FLAG": "N", "ASSOC_TEV": "                     ", "CLASS1": "bll  ", "ASSOC1": "RX J0747.3+0905           ", "ASSOC2": "                          ", "Flags": 0, "catalog_row_index": 861}