{"Source_Name": "3FGL J1053.7+4929 ", "RAJ2000": 163.43040466308594, "DEJ2000": 49.487701416015625, "GLON": 160.25523376464844, "GLAT": 58.23515701293945, "Conf_68_SemiMajor": 0.02263389155268669, "Conf_68_SemiMinor": 0.022387200966477394, "Conf_68_PosAng": 24.549999237060547, "Conf_95_SemiMajor": 0.03669999912381172, "Conf_95_SemiMinor": 0.03629999980330467, "Conf_95_PosAng": 24.549999237060547, "ROI_num": 829, "Signif_Avg": 12.53760051727295, "Pivot_Energy": 3180.29638671875, "Flux_Density": 5.80896482717079e-14, "Unc_Flux_Density": 7.581957082297957e-15, "Flux1000": 5.680796388851661e-10, "Unc_Flux1000": 7.414797942306706e-11, "Energy_Flux100": 7.046074227551324e-12, "Unc_Energy_Flux100": 1.0665708767565452e-12, "Signif_Curve": 0.11132055521011353, "SpectrumType": "PowerLaw        ", "Spectral_Index": 1.7958455085754395, "Unc_Spectral_Index": 0.09823855012655258, "beta": null, "Unc_beta": null, "Cutoff": null, "Unc_Cutoff": null, "Exp_Index": null, "Unc_Exp_Index": null, "PowerLaw_Index": 1.7958455085754395, "Flux30_100": null, "Unc_Flux30_100": null, "nuFnu30_100": null, "Sqrt_TS30_100": null, "Flux100_300": 4.913768503200799e-09, "Unc_Flux100_300": [-1.8148175184862225e-09, 1.8383918831688106e-09], "nuFnu100_300": 1.2049099782154848e-12, "Sqrt_TS100_300": 2.7632856369018555, "Flux300_1000": 6.489009884980135e-10, "Unc_Flux300_1000": [-2.8813984531694814e-10, 3.052109120993407e-10], "nuFnu300_1000": 4.564425551932538e-13, "Sqrt_TS300_1000": 2.3500115871429443, "Flux1000_3000": 3.8003480917758736e-10, "Unc_Flux1000_3000": [-7.62881979810004e-11, 8.254100181126489e-11], "nuFnu1000_3000": 9.318870545019231e-13, "Sqrt_TS1000_3000": 6.813865661621094, "Flux3000_10000": 1.9108005455681365e-10, "Unc_Flux3000_10000": [-3.929457800810887e-11, 4.409539400285212e-11], "nuFnu3000_10000": 1.3440735070063825e-12, "Sqrt_TS3000_10000": 7.908886909484863, "Flux10000_100000": 5.6030902140236094e-11, "Unc_Flux10000_100000": [-1.8683355210158403e-11, 2.366591818347974e-11], "nuFnu10000_100000": 1.0856834094935541e-12, "Sqrt_TS10000_100000": 6.621065139770508, "Variability_Index": 60.75825119018555, "Signif_Peak": null, "Flux_Peak": null, "Unc_Flux_Peak": null, "Time_Peak": null, "Peak_Interval": null, "Flux_History": [1.5340308578970507e-08, 1.0410341921840427e-08, 1.1810342037676946e-08, 5.398760993813312e-09, 2.7865276752692125e-09, 6.0276890145871675e-09, 2.9208109264544646e-09, 7.049325123631434e-09, 3.5568619161097104e-09, 0.0, 0.0, 0.0, 6.665020535479016e-09, 5.869563945992695e-09, 5.124044744064804e-09, 0.0, 4.107561402122428e-09, 1.3883072469411673e-08, 1.4034745587920838e-09, 5.509986689133939e-09, 4.535556819007525e-09, 4.971663969399742e-09, 2.7695004067851414e-09, 3.587179886466174e-09, 1.886170553078159e-09, 5.662431856734429e-09, 2.351149497314964e-09, 2.4758015637615927e-09, 7.535547297266021e-09, 0.0, 0.0, 3.092397893311727e-09, 1.8571385540511187e-09, 1.5732175562277462e-09, 9.104843989860001e-09, 2.6115749562904966e-09, 1.865835125292037e-10, 1.4392238512073163e-09, 4.4516959007978585e-09, 0.0, 2.8947477748175743e-09, 0.0, 0.0, 3.561658523665301e-09, 3.781615909304037e-09, 0.0, 6.589162993009268e-09, 3.1508338160790572e-09], "Unc_Flux_History": [[-5.163676597419453e-09, 6.280168829420063e-09], [-4.028747557782708e-09, 5.010019954454492e-09], [-4.138869691416858e-09, 5.0633999215676795e-09], [-3.8204408525643885e-09, 4.948949694494331e-09], [-1.9012544871799264e-09, 3.3667240106893814e-09], [-2.9506368459664145e-09, 3.9477656699205e-09], [-2.5524948821242788e-09, 3.5667535591699107e-09], [-3.618137567329427e-09, 4.986471235923773e-09], [-3.1888152118852986e-09, 4.803322184443459e-09], [null, 2.7228534982270958e-09], [null, 2.661036946349782e-09], [null, 3.432617079468514e-09], [-3.5596783298785795e-09, 4.792043650780897e-09], [-3.7705429889456354e-09, 4.966067557177212e-09], [-2.713566926715316e-09, 3.6823386562190308e-09], [null, 4.094842243063113e-09], [null, 5.771267908016853e-09], [-5.964063909402739e-09, 6.820552123087964e-09], [null, 5.03475705571077e-09], [-2.9693731917745936e-09, 4.018140487005439e-09], [-2.8953535124998098e-09, 4.145449317149996e-09], [-3.112265334337394e-09, 4.080725535260399e-09], [-1.890355871836391e-09, 3.2016853612759633e-09], [-2.308063740130706e-09, 3.1294005164994587e-09], [null, 3.794714764637774e-09], [-3.596439146491548e-09, 4.996782987376491e-09], [-2.26245333578845e-09, 3.315328456210409e-09], [null, 4.889944005270763e-09], [-3.045058649675525e-09, 3.8121328316265135e-09], [null, 4.184648627614251e-09], [null, 3.2491633827902433e-09], [-2.3261963466580937e-09, 3.609900156575918e-09], [null, 4.235751305259328e-09], [null, 3.3755445105754234e-09], [-4.158979383106498e-09, 5.19105247676066e-09], [-2.470528670528438e-09, 3.504728729453177e-09], [null, 3.790337821385492e-09], [null, 3.913987800530094e-09], [-3.7006904207714797e-09, 4.787420682106358e-09], [null, 3.483350274890995e-09], [-1.964934437381771e-09, 3.165190554099695e-09], [null, 3.5516376506450342e-09], [null, 2.961273892765348e-09], [-2.713439695156694e-09, 3.9923011563303135e-09], [-2.364376916474953e-09, 3.165066209120937e-09], [null, 2.8556843556515332e-09], [-3.328691988713217e-09, 4.4003849453133626e-09], [-2.8751152569839178e-09, 4.097168826433517e-09]], "Extended_Source_Name": "                  ", "0FGL_Name": "0FGL J1053.7+4926", "1FGL_Name": "1FGL J1053.6+4927 ", "2FGL_Name": "2FGL J1053.6+4928 ", "1FHL_Name": "1FHL J1053.6+4931 ", "ASSOC_GAM1": "               ", "ASSOC_GAM2": "              ", "ASSOC_GAM3": "               ", "TEVCAT_FLAG": "N", "ASSOC_TEV": "                     ", "CLASS1": "bll  ", "ASSOC1": "GB6 J1053+4930            ", "ASSOC2": "                          ", "Flags": 0, "source_id": 1266}