{"Source_Name": "3FGL J0809.5+5342 ", "RAJ2000": 122.39649963378906, "DEJ2000": 53.70869827270508, "GLON": 164.58619689941406, "GLAT": 32.93561935424805, "Conf_68_SemiMajor": 0.06013090908527374, "Conf_68_SemiMinor": 0.047919709235429764, "Conf_68_PosAng": -0.38999998569488525, "Conf_95_SemiMajor": 0.09749999642372131, "Conf_95_SemiMinor": 0.07769999653100967, "Conf_95_PosAng": -0.38999998569488525, "ROI_num": 661, "Signif_Avg": 8.331863403320312, "Pivot_Energy": 876.9447021484375, "Flux_Density": 8.000416193247595e-13, "Unc_Flux_Density": 1.0920707019896822e-13, "Flux1000": 4.141016973768785e-10, "Unc_Flux1000": 6.69065913783129e-11, "Energy_Flux100": 5.508142119498016e-12, "Unc_Energy_Flux100": 7.570501300499521e-13, "Signif_Curve": 1.1394258737564087, "SpectrumType": "PowerLaw        ", "Spectral_Index": 2.4068167209625244, "Unc_Spectral_Index": 0.1036456823348999, "beta": null, "Unc_beta": null, "Cutoff": null, "Unc_Cutoff": null, "Exp_Index": null, "Unc_Exp_Index": null, "PowerLaw_Index": 2.4068167209625244, "Flux30_100": null, "Unc_Flux30_100": null, "nuFnu30_100": null, "Sqrt_TS30_100": null, "Flux100_300": 5.463949293016412e-09, "Unc_Flux100_300": [-3.551644534027787e-09, 3.571403173197041e-09], "nuFnu100_300": 1.2620887408082426e-12, "Sqrt_TS100_300": 1.5480948686599731, "Flux300_1000": 1.8775145882443667e-09, "Unc_Flux300_1000": [-4.131091024817124e-10, 4.299331723967015e-10], "nuFnu300_1000": 1.2296638316963704e-12, "Sqrt_TS300_1000": 4.893807411193848, "Flux1000_3000": 3.49000772725816e-10, "Unc_Flux1000_3000": [-8.518991762018757e-11, 9.183020316383406e-11], "nuFnu1000_3000": 8.061384134012972e-13, "Sqrt_TS1000_3000": 4.94705867767334, "Flux3000_10000": 4.372566891897023e-11, "Unc_Flux3000_10000": [-2.0654471188930046e-11, 2.6223192020613517e-11], "nuFnu3000_10000": 2.863779092338037e-13, "Sqrt_TS3000_10000": 2.5418648719787598, "Flux10000_100000": 1.7343996031038422e-11, "Unc_Flux10000_100000": [-8.934243102276529e-12, 1.3091342246362991e-11], "nuFnu10000_100000": 2.64077795004633e-13, "Sqrt_TS10000_100000": 3.1394333839416504, "Variability_Index": 88.67426300048828, "Signif_Peak": 5.162146091461182, "Flux_Peak": 6.297246102349163e-08, "Unc_Flux_Peak": 1.5180249945956348e-08, "Time_Peak": 322175008.0, "Peak_Interval": 2630000.0, "Flux_History": [0.0, 1.1819665246548539e-08, 0.0, 0.0, 0.0, 3.784578428422947e-09, 2.6941089359411308e-09, 3.311753760115721e-09, 0.0, 1.076220002005357e-08, 0.0, 0.0, 0.0, 0.0, 1.497860679933183e-08, 1.5088111871008891e-09, 0.0, 0.0, 5.8558553561738336e-09, 0.0, 6.061095181308929e-09, 7.364832743661509e-09, 0.0, 0.0, 3.3774274044162667e-08, 2.918348407376925e-08, 1.7399726104372348e-08, 1.0357677382444308e-08, 2.6681281628526676e-09, 2.2621717832294053e-08, 2.9830573566869134e-08, 6.297246102349163e-08, 3.207259879900448e-08, 1.2541295113521755e-08, 1.5020875210325357e-08, 0.0, 0.0, 1.5050760637791427e-09, 0.0, 4.349668181191646e-09, 2.480231664492294e-08, 1.3069079152217e-08, 1.1808794830869829e-08, 7.83134979087663e-09, 2.069014115591017e-08, 6.718317901999171e-09, 4.233217509863607e-08, 1.5940234021627475e-08], "Unc_Flux_History": [[null, 1.1351889206423493e-08], [-8.155172537271937e-09, 1.0550598616987372e-08], [null, 9.085740160230671e-09], [null, 1.0643216974415282e-08], [null, 1.134334048913388e-08], [null, 1.2561669038291257e-08], [null, 1.0758902213581223e-08], [null, 1.0547517526049432e-08], [null, 1.0071635081487784e-08], [null, 1.1922846709921942e-08], [null, 9.25862320144688e-09], [null, 1.1703477298397047e-08], [null, 1.1229142060642516e-08], [null, 7.768205634306469e-09], [-8.29487678544183e-09, 1.0000776207164108e-08], [null, 1.3248968144807804e-08], [null, 8.396010109379404e-09], [null, 1.129580429193311e-08], [null, 1.1770234564778548e-08], [null, 1.0403859995733455e-08], [null, 9.87048132117252e-09], [-5.861934049278261e-09, 8.007539520349383e-09], [null, 7.027732173980894e-09], [null, 1.0680203388346854e-08], [-1.0923448812150127e-08, 1.2091648571299629e-08], [-1.0395665661633302e-08, 1.1718955583717161e-08], [-8.912602211808007e-09, 1.0360313495993978e-08], [-7.146448766093272e-09, 8.582016874925102e-09], [null, 8.754501124030867e-09], [-1.0187802601535623e-08, 1.175580344181526e-08], [-1.0593891097698815e-08, 1.2055653364484442e-08], [-1.5180249945956348e-08, 1.6356869636524607e-08], [-1.128389470750335e-08, 1.2252519887567814e-08], [-1.0669716665745455e-08, 1.260946369541216e-08], [-9.827313185439834e-09, 1.1476317673952963e-08], [null, 9.108672927027328e-09], [null, 9.601856199026315e-09], [null, 1.0469397793144708e-08], [null, 8.972754095282198e-09], [null, 8.29401614055314e-09], [-1.1679879285964034e-08, 1.2810907001892247e-08], [-7.626637987812046e-09, 9.547472146209657e-09], [-8.885270297298575e-09, 1.0429025643077239e-08], [-7.13721393097444e-09, 9.079677454337798e-09], [-1.1071097816284237e-08, 1.2361802248506137e-08], [null, 1.1366387830946678e-08], [-1.1418731737933285e-08, 1.239227298555079e-08], [-7.919918942889126e-09, 9.557351354771981e-09]], "Extended_Source_Name": "                  ", "0FGL_Name": "                 ", "1FGL_Name": "                  ", "2FGL_Name": "                  ", "1FHL_Name": "                  ", "ASSOC_GAM1": "               ", "ASSOC_GAM2": "              ", "ASSOC_GAM3": "               ", "TEVCAT_FLAG": "N", "ASSOC_TEV": "                     ", "CLASS1": "fsrq ", "ASSOC1": "87GB 080551.6+535010      ", "ASSOC2": "                          ", "Flags": 0, "catalog_row_index": 905}