{"Source_Name": "3FHL J1923.4-2502 ", "RAJ2000": 290.85028076171875, "DEJ2000": -25.048742294311523, "GLON": 13.336251258850098, "GLAT": -17.766786575317383, "Conf_95_SemiMajor": 0.035967160016298294, "Conf_95_SemiMinor": 0.035967160016298294, "Conf_95_PosAng": null, "ROI_num": 279, "Signif_Avg": 5.5726470947265625, "Pivot_Energy": 19.399290084838867, "Flux_Density": 1.22045613632632e-12, "Unc_Flux_Density": 4.0469946729730644e-13, "Flux": 4.28229188220719e-11, "Unc_Flux": 1.424778264119686e-11, "Energy_Flux": 1.6538595579845827e-12, "Unc_Energy_Flux": 7.531667889186522e-13, "Signif_Curve": 1.3938604593276978, "SpectrumType": "PowerLaw   ", "Spectral_Index": 1.904412031173706, "Unc_Spectral_Index": 0.6705713868141174, "beta": 0.9998533725738525, "Unc_beta": 0.02676307037472725, "PowerLaw_Index": 2.6503918170928955, "Unc_PowerLaw_Index": 0.49369341135025024, "Flux_Band": [2.6093250823922e-11, 1.3119979061504417e-11, 3.118029055435012e-12, 2.0017707815885048e-20, 5.597418294992725e-18], "Unc_Flux_Band": [[-1.0452443598152339e-11, 1.3200032213112056e-11], [-6.225178358909567e-12, 8.607843604568899e-12], [-2.183940094740988e-12, 4.268491810011099e-12], [null, 4.726525160841932e-12], [null, 5.2340748922519165e-12]], "nuFnu": [8.149289077753752e-13, 6.704123475982648e-13, 3.519484237466536e-13, 6.3794782052278566e-21, 5.426083133943697e-18], "Sqrt_TS_Band": [4.083745956420898, 3.9856598377227783, 3.000845193862915, 0.0, 0.0], "Npred": 13.3969144821167, "HEP_Energy": 55.70199966430664, "HEP_Prob": 0.9946960806846619, "Variability_BayesBlocks": 1, "Extended_Source_Name": "                  ", "ASSOC_GAM": "                  ", "TEVCAT_FLAG": "N", "ASSOC_TEV": "                     ", "CLASS": "bcu    ", "ASSOC1": "1RXS J192325.9-250228     ", "ASSOC2": "                          ", "ASSOC_PROB_BAY": 0.0, "ASSOC_PROB_LR": 0.9382932186126709, "Redshift": null, "NuPeak_obs": 1603245122256896.0, "catalog_row_index": 1290}