{"Source_Name": "3FGL J1955.9+0212 ", "RAJ2000": 298.976806640625, "DEJ2000": 2.2063000202178955, "GLON": 42.438541412353516, "GLAT": -13.257733345031738, "Conf_68_SemiMajor": 0.04816640540957451, "Conf_68_SemiMinor": 0.03651025518774986, "Conf_68_PosAng": -10.140000343322754, "Conf_95_SemiMajor": 0.07810000330209732, "Conf_95_SemiMinor": 0.05920000001788139, "Conf_95_PosAng": -10.140000343322754, "ROI_num": 634, "Signif_Avg": 6.051813125610352, "Pivot_Energy": 4041.52294921875, "Flux_Density": 2.9453222765438505e-14, "Unc_Flux_Density": 6.768286645253635e-15, "Flux1000": 4.6222572991361233e-10, "Unc_Flux1000": 1.0964813779157367e-10, "Energy_Flux100": 5.284847212627675e-12, "Unc_Energy_Flux100": 1.2149407998748862e-12, "Signif_Curve": 0.30187004804611206, "SpectrumType": "PowerLaw        ", "Spectral_Index": 1.9272561073303223, "Unc_Spectral_Index": 0.153893381357193, "beta": null, "Unc_beta": null, "Cutoff": null, "Unc_Cutoff": null, "Exp_Index": null, "Unc_Exp_Index": null, "PowerLaw_Index": 1.9272561073303223, "Flux30_100": null, "Unc_Flux30_100": null, "nuFnu30_100": null, "Sqrt_TS30_100": null, "Flux100_300": 7.058768717108088e-13, "Unc_Flux100_300": [null, 2.8255058293069624e-09], "nuFnu100_300": 1.7084436170437524e-16, "Sqrt_TS100_300": 0.0, "Flux300_1000": 1.5241390372011665e-09, "Unc_Flux300_1000": [-6.246217987282421e-10, 6.450390221957036e-10], "nuFnu300_1000": 1.0554601897333482e-12, "Sqrt_TS300_1000": 2.507521152496338, "Flux1000_3000": 3.786869429145412e-10, "Unc_Flux1000_3000": [-1.283322059730807e-10, 1.3879850047082698e-10], "nuFnu1000_3000": 9.165412569525633e-13, "Sqrt_TS1000_3000": 3.2903120517730713, "Flux3000_10000": 1.0427118890543596e-10, "Unc_Flux3000_10000": [-3.971365944432925e-11, 4.85638231018104e-11], "nuFnu3000_10000": 7.220739305958956e-13, "Sqrt_TS3000_10000": 3.3100178241729736, "Flux10000_100000": 5.580219619716331e-11, "Unc_Flux10000_100000": [-2.169139000363085e-11, 2.8081878836183627e-11], "nuFnu10000_100000": 1.0233475308471518e-12, "Sqrt_TS10000_100000": 5.136066913604736, "Variability_Index": 40.50364303588867, "Signif_Peak": null, "Flux_Peak": null, "Unc_Flux_Peak": null, "Time_Peak": null, "Peak_Interval": null, "Flux_History": [0.0, 3.6518477131153304e-09, 4.247143969848821e-09, 0.0, 6.20168982834457e-09, 1.832508367272112e-08, 0.0, 4.365289907326542e-09, 7.458546003036304e-10, 7.36071426032936e-10, 1.796656934338614e-09, 1.4212961474413532e-08, 1.4275142845576738e-08, 1.488049350406584e-09, 3.654588631718525e-09, 4.7328834185123014e-09, 0.0, 0.0, 0.0, 0.0, 0.0, 0.0, 0.0, 1.278979255836532e-09, 9.426771363507669e-09, 1.7228900972554584e-08, 0.0, 8.850656207926022e-09, 0.0, 0.0, 9.742788797950652e-09, 1.3601995085821272e-08, 1.1867963278788807e-09, 1.0567321240273486e-08, 1.1938747768169833e-09, 1.2060010767811491e-08, 0.0, 6.5679421901165824e-09, 0.0, 9.722342042550736e-09, 0.0, 6.026771526279617e-09, 3.5428135980453135e-09, 0.0, 9.361352582004656e-09, 0.0, 2.371946417056847e-09, 1.1189851711890242e-08], "Unc_Flux_History": [[null, 6.704248711741911e-09], [null, 7.48703588016042e-09], [-3.3076494876382867e-09, 5.08884134831078e-09], [null, 6.804166119422916e-09], [-4.3010510708541005e-09, 6.0380940247739545e-09], [-8.210975011024857e-09, 9.596798911104543e-09], [null, 8.454239086574944e-09], [null, 9.715442672586505e-09], [null, 7.122749945409623e-09], [null, 6.306310584847097e-09], [null, 7.388921474671406e-09], [-6.906550886753848e-09, 8.323143951827205e-09], [-6.9126637747274344e-09, 8.729885259128878e-09], [null, 9.024743619079345e-09], [null, 1.0411684847611014e-08], [null, 1.0985630183313333e-08], [null, 6.825877196803276e-09], [null, 1.0367106284547845e-08], [null, 9.06166253145102e-09], [null, 6.510614269927828e-09], [null, 8.52808845763775e-09], [null, 6.583869005538645e-09], [null, 1.0792988724972474e-08], [null, 1.190389387062396e-08], [-6.134792229772756e-09, 9.34919874850948e-09], [-8.269939399951909e-09, 9.757769703355734e-09], [null, 7.3827060020903446e-09], [-6.932709517570856e-09, 9.29295485008197e-09], [null, 9.24781229372229e-09], [null, 1.1459196258556403e-08], [-6.178284106539422e-09, 8.382165184173118e-09], [-7.721530970172807e-09, 1.0068382572114842e-08], [null, 1.0678248507645094e-08], [-8.011656227324693e-09, 9.7552073086149e-09], [null, 1.1129770882689627e-08], [-6.524023543619251e-09, 8.70615490811133e-09], [null, 6.5851146757722745e-09], [null, 1.0535888606000299e-08], [null, 6.422841369868593e-09], [-5.79538506073618e-09, 7.61561036455305e-09], [null, 8.116392002932571e-09], [null, 1.1268442179357407e-08], [null, 9.680047874383035e-09], [null, 5.736418007273869e-09], [-5.720417473042971e-09, 7.36873895235135e-09], [null, 1.1285627543600185e-08], [null, 1.0012169759932021e-08], [-8.499259074312704e-09, 1.1001102251384509e-08]], "Extended_Source_Name": "                  ", "0FGL_Name": "                 ", "1FGL_Name": "                  ", "2FGL_Name": "                  ", "1FHL_Name": "                  ", "ASSOC_GAM1": "               ", "ASSOC_GAM2": "              ", "ASSOC_GAM3": "               ", "TEVCAT_FLAG": "N", "ASSOC_TEV": "                     ", "CLASS1": "bcu  ", "ASSOC1": "NVSS J195547+021514       ", "ASSOC2": "                          ", "Flags": 0, "source_id": 2559}