{"Source_Name": "3FGL J1330.5+3023 ", "RAJ2000": 202.63560485839844, "DEJ2000": 30.388599395751953, "GLON": 56.06779861450195, "GLAT": 80.8345947265625, "Conf_68_SemiMajor": 0.1902603656053543, "Conf_68_SemiMinor": 0.11421789973974228, "Conf_68_PosAng": 46.529998779296875, "Conf_95_SemiMajor": 0.3084999918937683, "Conf_95_SemiMinor": 0.18520000576972961, "Conf_95_PosAng": 46.529998779296875, "ROI_num": 579, "Signif_Avg": 5.248847961425781, "Pivot_Energy": 652.1419067382812, "Flux_Density": 1.1938105668948817e-12, "Unc_Flux_Density": 2.2110572650124033e-13, "Flux1000": 2.454944303398321e-10, "Unc_Flux1000": 6.127751084328281e-11, "Energy_Flux100": 4.110154491060447e-12, "Unc_Energy_Flux100": 7.89472491286719e-13, "Signif_Curve": 0.6443780660629272, "SpectrumType": "PowerLaw        ", "Spectral_Index": 2.5999770164489746, "Unc_Spectral_Index": 0.1595931202173233, "beta": null, "Unc_beta": null, "Cutoff": null, "Unc_Cutoff": null, "Exp_Index": null, "Unc_Exp_Index": null, "PowerLaw_Index": 2.5999770164489746, "Flux30_100": null, "Unc_Flux30_100": null, "nuFnu30_100": null, "Sqrt_TS30_100": null, "Flux100_300": 9.322456584470729e-09, "Unc_Flux100_300": [-3.653963132066451e-09, 3.6742986431193003e-09], "nuFnu100_300": 2.114441651282495e-12, "Sqrt_TS100_300": 2.5757296085357666, "Flux300_1000": 1.0244786130542138e-09, "Unc_Flux300_1000": [-3.999380826513743e-10, 4.1436637454594916e-10], "nuFnu300_1000": 6.566183144082749e-13, "Sqrt_TS300_1000": 2.6963047981262207, "Flux1000_3000": 2.1254656368263625e-10, "Unc_Flux1000_3000": [-7.136150004249942e-11, 8.050088373678932e-11], "nuFnu1000_3000": 4.820803587053668e-13, "Sqrt_TS1000_3000": 3.5387985706329346, "Flux3000_10000": 5.862470925377394e-11, "Unc_Flux3000_10000": [-2.656694135516613e-11, 3.254147645792571e-11], "nuFnu3000_10000": 3.7574292093521533e-13, "Sqrt_TS3000_10000": 2.730759859085083, "Flux10000_100000": 2.995439903131819e-16, "Unc_Flux10000_100000": [null, 1.1872898497689022e-11], "nuFnu10000_100000": 4.268321443945077e-18, "Sqrt_TS10000_100000": 0.0, "Variability_Index": 39.021522521972656, "Signif_Peak": null, "Flux_Peak": null, "Unc_Flux_Peak": null, "Time_Peak": null, "Peak_Interval": null, "Flux_History": [0.0, 1.1249350784225953e-08, 7.434253213034481e-09, 0.0, 1.3086183248134375e-09, 9.551409441144187e-09, 0.0, 1.8380436728193672e-08, 1.5856327806318404e-08, 3.9704040943888685e-08, 4.537290099193569e-09, 2.513839802986695e-08, 1.8464065831835796e-08, 5.333817387764839e-09, 5.1933057854114395e-09, 0.0, 1.2346644595595535e-08, 2.018603595388413e-08, 4.316666579740058e-09, 4.480107840265646e-09, 3.8713196204298583e-08, 0.0, 0.0, 1.45937697482168e-08, 0.0, 1.094301804727138e-08, 0.0, 0.0, 9.381401433472547e-09, 0.0, 2.8470418911297202e-08, 2.0692848323733415e-08, 2.501022944301212e-09, 1.1478706873901956e-08, 0.0, 2.622660311146774e-09, 0.0, 9.300261893940842e-09, 1.405925154074339e-08, 1.0743077538677426e-09, 0.0, 7.727289030867723e-09, 3.5824758715108374e-09, 1.0170658981678571e-08, 4.406212728014225e-09, 1.3153042210944932e-08, 1.96824316844868e-08, 1.2476807143002588e-08], "Unc_Flux_History": [[null, 1.2753528899622779e-08], [null, 1.3011607791213464e-08], [null, 1.1405303368405839e-08], [null, 1.2551019779039052e-08], [null, 9.989538085619643e-09], [null, 1.3344454430352926e-08], [null, 1.1859413007186959e-08], [-1.34712365706946e-08, 1.4669174319692502e-08], [-1.1061278115676032e-08, 1.1952902667644594e-08], [-1.2681321770457998e-08, 1.387123482743391e-08], [null, 1.3236829410345763e-08], [-1.1312700998189484e-08, 1.2726524722950217e-08], [-1.1003932876008093e-08, 1.2542125560344175e-08], [null, 1.2058102072387555e-08], [null, 1.2207204136416294e-08], [null, 1.079608047405145e-08], [-1.1430568491732629e-08, 1.3298192769184425e-08], [-1.1214253525793083e-08, 1.32493962468061e-08], [null, 1.5365142047585323e-08], [null, 9.504180553676633e-09], [-1.819094208599381e-08, 1.93518960855954e-08], [null, 9.88131798607128e-09], [null, 1.3733679971039692e-08], [-8.452521349511244e-09, 1.0759901414303386e-08], [null, 1.466870802602216e-08], [null, 1.884438205479455e-08], [null, 7.953823377704339e-09], [null, 1.270364879957242e-08], [-8.42261638211994e-09, 1.0630204272388255e-08], [null, 1.4146085192123792e-08], [-1.4868948738921972e-08, 1.8014306490954368e-08], [-1.7110250993823684e-08, 1.7774523186631086e-08], [null, 1.5908037553913346e-08], [null, 1.3866541692664214e-08], [null, 1.3264653375699709e-08], [null, 9.00772789691473e-09], [null, 1.4107716772571166e-08], [null, 1.4800350278676433e-08], [-1.3909684071222728e-08, 1.6334864127998117e-08], [null, 1.0735489830437928e-08], [null, 1.2581878650053113e-08], [null, 1.5618940807371473e-08], [null, 1.2425586781716902e-08], [null, 1.4539781822975328e-08], [null, 1.4233203948776918e-08], [-1.0288074392406088e-08, 1.1547535372358197e-08], [-1.2960849282706022e-08, 1.4921566204861847e-08], [-9.09919162239703e-09, 1.1521044562812222e-08]], "Extended_Source_Name": "                  ", "0FGL_Name": "                 ", "1FGL_Name": "                  ", "2FGL_Name": "                  ", "1FHL_Name": "                  ", "ASSOC_GAM1": "               ", "ASSOC_GAM2": "              ", "ASSOC_GAM3": "               ", "TEVCAT_FLAG": "N", "ASSOC_TEV": "                     ", "CLASS1": "css  ", "ASSOC1": "3C 286                    ", "ASSOC2": "                          ", "Flags": 0, "catalog_row_index": 1640}