{"Source_Name": "3FGL J1841.7+3218 ", "RAJ2000": 280.44189453125, "DEJ2000": 32.3129997253418, "GLON": 61.485572814941406, "GLAT": 15.989914894104004, "Conf_68_SemiMajor": 0.02362065576016903, "Conf_68_SemiMinor": 0.022325528785586357, "Conf_68_PosAng": -83.0999984741211, "Conf_95_SemiMajor": 0.03830000013113022, "Conf_95_SemiMinor": 0.03620000183582306, "Conf_95_PosAng": -83.0999984741211, "ROI_num": 277, "Signif_Avg": 12.837367057800293, "Pivot_Energy": 2641.15380859375, "Flux_Density": 1.3488839765204291e-13, "Unc_Flux_Density": 1.6198995202404247e-14, "Flux1000": 9.338630979627283e-10, "Unc_Flux1000": 1.1226076318537892e-10, "Energy_Flux100": 1.037340352505467e-11, "Unc_Energy_Flux100": 1.246703369879587e-12, "Signif_Curve": 0.34658142924308777, "SpectrumType": "PowerLaw        ", "Spectral_Index": 2.0577356815338135, "Unc_Spectral_Index": 0.09563052654266357, "beta": null, "Unc_beta": null, "Cutoff": null, "Unc_Cutoff": null, "Exp_Index": null, "Unc_Exp_Index": null, "PowerLaw_Index": 2.0577356815338135, "Flux30_100": null, "Unc_Flux30_100": null, "nuFnu30_100": null, "Sqrt_TS30_100": null, "Flux100_300": 2.0162658209699202e-09, "Unc_Flux100_300": [null, 5.258727675538921e-09], "nuFnu100_300": 4.817572664579661e-13, "Sqrt_TS100_300": 0.35207492113113403, "Flux300_1000": 3.572210971469758e-09, "Unc_Flux300_1000": [-6.462869128753823e-10, 6.742155722605503e-10], "nuFnu300_1000": 2.435930797350938e-12, "Sqrt_TS300_1000": 5.926565170288086, "Flux1000_3000": 4.803907271977437e-10, "Unc_Flux1000_3000": [-1.1592599102883128e-10, 1.24717333682689e-10], "nuFnu1000_3000": 1.1478234812276056e-12, "Sqrt_TS1000_3000": 5.030044078826904, "Flux3000_10000": 1.792092307884019e-10, "Unc_Flux3000_10000": [-4.2308111875000165e-11, 4.826864602458514e-11], "nuFnu3000_10000": 1.222047853535746e-12, "Sqrt_TS3000_10000": 6.548454284667969, "Flux10000_100000": 1.2192226395146832e-10, "Unc_Flux10000_100000": [-2.950061375739388e-11, 3.4613811816797124e-11], "nuFnu10000_100000": 2.1200419891842515e-12, "Sqrt_TS10000_100000": 9.167024612426758, "Variability_Index": 54.85188293457031, "Signif_Peak": null, "Flux_Peak": null, "Unc_Flux_Peak": null, "Time_Peak": null, "Peak_Interval": null, "Flux_History": [1.9644421200837314e-08, 4.365146111240392e-08, 1.0343034873017132e-08, 1.4609912168950245e-09, 2.561457179695026e-08, 1.846041364217399e-08, 7.836655768755918e-09, 0.0, 0.0, 0.0, 1.793513604297914e-08, 2.33647057257258e-08, 1.0361203450770518e-08, 1.5881054693522856e-08, 1.2129778070857355e-08, 4.397850084103538e-09, 1.2794677317629066e-08, 2.5396232672392216e-08, 1.6993025653277982e-08, 9.716677240589888e-09, 8.887184321793029e-09, 1.8985787164638168e-08, 8.153882014028113e-09, 1.9451345423249222e-08, 4.088786642597597e-09, 8.098380632759472e-09, 7.896462150824846e-09, 1.3280535782200786e-08, 2.4180497604220363e-08, 0.0, 0.0, 0.0, 1.365916624251895e-08, 1.1692029566745532e-08, 2.3191679687784017e-08, 0.0, 0.0, 3.2690077311769983e-09, 1.0384676452090957e-09, 2.462057446805943e-09, 8.318319366651394e-09, 2.1849642095617128e-08, 3.0828410935157535e-09, 1.2948673244750353e-08, 1.617081024640754e-09, 4.466415237658339e-09, 6.731267987447609e-09, 1.883745781583457e-08], "Unc_Flux_History": [[-8.158426823001719e-09, 1.0129793892588168e-08], [-1.2453989839400492e-08, 1.4199732945030519e-08], [-1.0322589893974055e-08, 1.1862423043851322e-08], [null, 1.1779284214696872e-08], [-9.518804411356996e-09, 1.1175207426106226e-08], [-8.253489447440643e-09, 1.0628818714053523e-08], [null, 1.1193369786610674e-08], [null, 1.1305195890543018e-08], [null, 8.365262260667805e-09], [null, 7.244238986459095e-09], [-8.50403747421069e-09, 1.017048401052989e-08], [-9.836809589103268e-09, 1.1312324410539532e-08], [-6.37655483970434e-09, 8.204668944244986e-09], [-7.167626492332602e-09, 8.935140627386318e-09], [-9.85898740424318e-09, 1.1585633785671234e-08], [-3.5688041410963933e-09, 6.168455080057811e-09], [-1.0673532280236486e-08, 1.2595207543597553e-08], [-9.342368656461986e-09, 1.1125189658400814e-08], [-8.980427068649988e-09, 1.1253638021457846e-08], [-6.340891811618121e-09, 9.882512586045777e-09], [-7.978182559043034e-09, 1.0044453269131282e-08], [-1.1408858746619899e-08, 1.3232089202119823e-08], [-4.5026307127216114e-09, 6.4821463752195996e-09], [-1.0794314775353087e-08, 1.1953336986891827e-08], [null, 7.582397820726783e-09], [-5.169455530307232e-09, 7.712467997578187e-09], [null, 1.0706039610397511e-08], [-9.667925127132548e-09, 1.134203486685692e-08], [-1.0130491112647633e-08, 1.2540198213173426e-08], [null, 1.0827116092571032e-08], [null, 1.1412068623428695e-08], [null, 6.022006449057926e-09], [-8.239704030188477e-09, 1.0926348714690448e-08], [-7.284584935263183e-09, 1.0589329413335236e-08], [-1.1037639247035713e-08, 1.3625996331256829e-08], [null, 1.1630645779803217e-08], [null, 8.780384419537768e-09], [null, 1.1872051786099291e-08], [null, 1.2353019940292143e-08], [null, 9.194997652173242e-09], [-5.830874449941348e-09, 8.465636192056536e-09], [-1.1355499651699574e-08, 1.3335818671578181e-08], [null, 9.681884627354975e-09], [-6.673503083476362e-09, 8.585688604512143e-09], [null, 1.089974599466359e-08], [-4.235728656709625e-09, 5.750197651366307e-09], [-6.1760738745419985e-09, 8.77010286615132e-09], [-1.2077230771012637e-08, 1.3726321412832476e-08]], "Extended_Source_Name": "                  ", "0FGL_Name": "                 ", "1FGL_Name": "1FGL J1841.9+3220 ", "2FGL_Name": "2FGL J1841.7+3221 ", "1FHL_Name": "1FHL J1841.8+3219 ", "ASSOC_GAM1": "               ", "ASSOC_GAM2": "              ", "ASSOC_GAM3": "               ", "TEVCAT_FLAG": "N", "ASSOC_TEV": "                     ", "CLASS1": "bll  ", "ASSOC1": "RX J1841.7+3218           ", "ASSOC2": "                          ", "Flags": 0, "source_id": 2407}