{"Source_Name": "3FGL J2056.7+4938 ", "RAJ2000": 314.1788024902344, "DEJ2000": 49.64149856567383, "GLON": 89.30135345458984, "GLAT": 2.744485378265381, "Conf_68_SemiMajor": 0.01807010918855667, "Conf_68_SemiMinor": 0.015479855239391327, "Conf_68_PosAng": 31.25, "Conf_95_SemiMajor": 0.02930000051856041, "Conf_95_SemiMinor": 0.025100000202655792, "Conf_95_PosAng": 31.25, "ROI_num": 187, "Signif_Avg": 12.50433349609375, "Pivot_Energy": 7206.76220703125, "Flux_Density": 3.0942689545603724e-14, "Unc_Flux_Density": 3.957186734191006e-15, "Flux1000": 1.301164731515314e-09, "Unc_Flux1000": 1.8896266495982417e-10, "Energy_Flux100": 1.6305729336196784e-11, "Unc_Energy_Flux100": 2.085286370662187e-12, "Signif_Curve": 2.187823534011841, "SpectrumType": "PowerLaw        ", "Spectral_Index": 1.7832722663879395, "Unc_Spectral_Index": 0.08327408134937286, "beta": null, "Unc_beta": null, "Cutoff": null, "Unc_Cutoff": null, "Exp_Index": null, "Unc_Exp_Index": null, "PowerLaw_Index": 1.7832722663879395, "Flux30_100": null, "Unc_Flux30_100": null, "nuFnu30_100": null, "Sqrt_TS30_100": null, "Flux100_300": 3.287161395946342e-13, "Unc_Flux100_300": [null, 5.607867947787781e-09], "nuFnu100_300": 8.070581537509197e-17, "Sqrt_TS100_300": 0.0, "Flux300_1000": 1.5461373500946785e-13, "Unc_Flux300_1000": [null, 1.066477017808154e-09], "nuFnu300_1000": 1.0892000639209988e-16, "Sqrt_TS300_1000": 0.0, "Flux1000_3000": 9.84472836584871e-10, "Unc_Flux1000_3000": [-2.4507301743526e-10, 2.5521923463500684e-10], "nuFnu1000_3000": 2.417060692219697e-12, "Sqrt_TS1000_3000": 4.313950538635254, "Flux3000_10000": 4.601842518159316e-10, "Unc_Flux3000_10000": [-7.797198303682862e-11, 8.36209573806812e-11], "nuFnu3000_10000": 3.2418386551602563e-12, "Sqrt_TS3000_10000": 8.27247142791748, "Flux10000_100000": 1.6874097952257472e-10, "Unc_Flux10000_100000": [-3.5007410165155406e-11, 3.97234189986051e-11], "nuFnu10000_100000": 3.2870776413285174e-12, "Sqrt_TS10000_100000": 9.626531600952148, "Variability_Index": 44.46299743652344, "Signif_Peak": null, "Flux_Peak": null, "Unc_Flux_Peak": null, "Time_Peak": null, "Peak_Interval": null, "Flux_History": [1.2582721531373409e-08, 6.877001190730425e-09, 1.1670853616863042e-08, 6.837745036847309e-09, 1.746686706383116e-08, 0.0, 1.1164489777115705e-08, 2.2702252522321942e-08, 0.0, 1.4582017371367328e-08, 0.0, 2.0157711055901473e-09, 1.0786849635735507e-08, 0.0, 9.171306381006161e-09, 4.9725543682654916e-09, 0.0, 1.1445572489776623e-08, 5.2712345599559285e-09, 1.0614665590935601e-08, 1.66321623140675e-08, 1.0640865077959916e-08, 0.0, 1.2318769337937852e-09, 1.809283500797676e-09, 4.8672528230042644e-09, 0.0, 0.0, 1.831003970664824e-08, 4.727869651333094e-09, 4.520231744464809e-09, 6.4172205327395204e-09, 8.588590283409303e-09, 8.502483161976215e-10, 1.0015782869743362e-08, 8.537393902940948e-09, 4.043908763406989e-09, 1.004768623857899e-08, 1.1917737019473407e-08, 8.115177863032841e-09, 1.9394567729591472e-08, 1.100650570684536e-09, 2.6628294236274996e-08, 0.0, 1.5286788723756217e-08, 1.0573162789739854e-08, 1.5502438444059408e-08, 2.8333749568787425e-08], "Unc_Flux_History": [[-6.764249604884753e-09, 8.661357853156915e-09], [-5.103506506287658e-09, 7.662387169204976e-09], [-7.023785997262166e-09, 9.511057719180371e-09], [-4.6001042974808115e-09, 7.4341204303607356e-09], [-7.936516333018062e-09, 9.913534881889063e-09], [null, 9.238856790716454e-09], [-7.594423756529523e-09, 9.634706366057344e-09], [-9.36380128990777e-09, 1.1632949714623919e-08], [null, 1.0690724749906622e-08], [-8.429614339888758e-09, 1.0499374702988007e-08], [null, 7.296343085272383e-09], [null, 1.067636468121691e-08], [-6.1657576821971816e-09, 8.491849889935565e-09], [null, 4.7861399288251505e-09], [-5.580869544274947e-09, 7.563909498742305e-09], [-3.3308940050602587e-09, 5.442297279500963e-09], [null, 8.990010513798552e-09], [-7.928693257497343e-09, 9.503308362468488e-09], [null, 9.155977309660557e-09], [-7.72608466093061e-09, 9.97056215368275e-09], [-8.331497269864485e-09, 1.0120912996569587e-08], [-8.536839679607056e-09, 1.0321762111686894e-08], [null, 1.0577274167644646e-08], [null, 1.0510408543495942e-08], [null, 6.7206955556287085e-09], [-3.599620157501704e-09, 6.384972994766258e-09], [null, 1.0700581754008454e-08], [null, 7.945534008513278e-09], [-9.681962787055909e-09, 1.181506803504817e-08], [null, 7.7133792686368e-09], [null, 8.848783927817294e-09], [-4.846768320021511e-09, 7.334965079763833e-09], [-5.066060015934681e-09, 6.937893815006646e-09], [null, 7.263106560628785e-09], [-6.694177212551722e-09, 8.581000798812966e-09], [-5.548484338646631e-09, 7.764988652070315e-09], [null, 8.361934256129189e-09], [-7.224246534320855e-09, 1.0090210444957393e-08], [-5.669422264986679e-09, 7.414434843866502e-09], [-5.536441083364707e-09, 8.036579401959898e-09], [-9.079053953087168e-09, 1.0941071160175397e-08], [null, 9.53659284874675e-09], [-9.396539546457916e-09, 1.0839318775879292e-08], [null, 1.1658930709756987e-08], [-7.012837865971733e-09, 8.872836687601193e-09], [-5.778160172553726e-09, 7.540919888526787e-09], [-7.2246897353522854e-09, 9.302765668905977e-09], [-1.125691451164812e-08, 1.345888822612551e-08]], "Extended_Source_Name": "                  ", "0FGL_Name": "                 ", "1FGL_Name": "1FGL J2056.7+4938 ", "2FGL_Name": "2FGL J2056.7+4939 ", "1FHL_Name": "                  ", "ASSOC_GAM1": "               ", "ASSOC_GAM2": "              ", "ASSOC_GAM3": "               ", "TEVCAT_FLAG": "N", "ASSOC_TEV": "                     ", "CLASS1": "bcu  ", "ASSOC1": "RGB J2056+496             ", "ASSOC2": "                          ", "Flags": 0, "source_id": 2714}