{"Source_Name": "3FHL J1136.5+7009 ", "RAJ2000": 174.1311798095703, "DEJ2000": 70.15264129638672, "GLON": 131.90328979492188, "GLAT": 45.64846420288086, "Conf_95_SemiMajor": 0.015856275334954262, "Conf_95_SemiMinor": 0.015856275334954262, "Conf_95_PosAng": null, "ROI_num": 255, "Signif_Avg": 23.81351089477539, "Pivot_Energy": 29.91595458984375, "Flux_Density": 1.984487227324472e-12, "Unc_Flux_Density": 2.3812985546108056e-13, "Flux": 1.7393501916540544e-10, "Unc_Flux": 2.0888965904242163e-11, "Energy_Flux": 1.524903120442289e-11, "Unc_Energy_Flux": 3.146944510534766e-12, "Signif_Curve": 1.4945231676101685, "SpectrumType": "PowerLaw   ", "Spectral_Index": 1.700722575187683, "Unc_Spectral_Index": 0.18996402621269226, "beta": 0.1556699573993683, "Unc_beta": 0.11213225871324539, "PowerLaw_Index": 1.8841110467910767, "Unc_PowerLaw_Index": 0.11902425438165665, "Flux_Band": [7.575267496617855e-11, 5.627649041217708e-11, 3.583994906408705e-11, 7.0639371088643266e-12, 5.012698033082582e-20], "Unc_Flux_Band": [[-1.3172182962428725e-11, 1.4842137935344724e-11], [-1.1018326875888995e-11, 1.2659391764036076e-11], [-8.586292267465101e-12, 1.0197861652350149e-11], [-3.351034076962134e-12, 4.888824154530846e-12], [null, 3.97105005128795e-12]], "nuFnu": [2.4383205957795306e-12, 3.029330042023104e-12, 4.355786131088335e-12, 2.4584334134408747e-12, 5.451167411868762e-20], "Sqrt_TS_Band": [14.674474716186523, 13.327264785766602, 12.881032943725586, 5.655146598815918, 0.0], "Npred": 73.96261596679688, "HEP_Energy": 311.5169982910156, "HEP_Prob": 0.9918146133422852, "Variability_BayesBlocks": 2, "Extended_Source_Name": "                  ", "ASSOC_GAM": "3FGL J1136.6+7009 ", "TEVCAT_FLAG": "P", "ASSOC_TEV": "Markarian 180        ", "CLASS": "bll    ", "ASSOC1": "Mkn 180                   ", "ASSOC2": "                          ", "ASSOC_PROB_BAY": 0.9999353885650635, "ASSOC_PROB_LR": 0.9988978505134583, "Redshift": 0.04500000178813934, "NuPeak_obs": 5688530638471168.0, "source_id": 729}