{"Source_Name": "3FGL J1728.3+5013 ", "RAJ2000": 262.0960998535156, "DEJ2000": 50.23059844970703, "GLON": 77.08206176757812, "GLAT": 33.52560043334961, "Conf_68_SemiMajor": 0.021955491974949837, "Conf_68_SemiMinor": 0.019550254568457603, "Conf_68_PosAng": -50.130001068115234, "Conf_95_SemiMajor": 0.035599999129772186, "Conf_95_SemiMinor": 0.031700000166893005, "Conf_95_PosAng": -50.130001068115234, "ROI_num": 408, "Signif_Avg": 18.785018920898438, "Pivot_Energy": 1989.3656005859375, "Flux_Density": 2.727224641865117e-13, "Unc_Flux_Density": 2.314998643086416e-14, "Flux1000": 1.080855183133167e-09, "Unc_Flux1000": 9.408056278470411e-11, "Energy_Flux100": 1.2207302876876547e-11, "Unc_Energy_Flux100": 1.147622144884175e-12, "Signif_Curve": 0.16780824959278107, "SpectrumType": "PowerLaw        ", "Spectral_Index": 1.9598603248596191, "Unc_Spectral_Index": 0.064869724214077, "beta": null, "Unc_beta": null, "Cutoff": null, "Unc_Cutoff": null, "Exp_Index": null, "Unc_Exp_Index": null, "PowerLaw_Index": 1.9598603248596191, "Flux30_100": null, "Unc_Flux30_100": null, "nuFnu30_100": null, "Sqrt_TS30_100": null, "Flux100_300": 8.342695423380064e-09, "Unc_Flux100_300": [-2.505318397183487e-09, 2.530650355936359e-09], "nuFnu100_300": 2.0126910121182062e-12, "Sqrt_TS100_300": 3.404385566711426, "Flux300_1000": 2.3667527937476507e-09, "Unc_Flux300_1000": [-3.851805818744225e-10, 3.9708961119266917e-10], "nuFnu300_1000": 1.6326500698257695e-12, "Sqrt_TS300_1000": 6.937474727630615, "Flux1000_3000": 6.526471585388549e-10, "Unc_Flux1000_3000": [-9.570223780119846e-11, 1.0185444154764411e-10], "nuFnu1000_3000": 1.574523497693825e-12, "Sqrt_TS1000_3000": 9.581418991088867, "Flux3000_10000": 3.174819296347664e-10, "Unc_Flux3000_10000": [-4.968002051408682e-11, 5.386655357875192e-11], "nuFnu3000_10000": 2.190076245356387e-12, "Sqrt_TS3000_10000": 12.287885665893555, "Flux10000_100000": 8.772590986971807e-11, "Unc_Flux10000_100000": [-2.3192482656586577e-11, 2.7067695307358974e-11], "nuFnu10000_100000": 1.5873043981637358e-12, "Sqrt_TS10000_100000": 8.447334289550781, "Variability_Index": 54.07965850830078, "Signif_Peak": null, "Flux_Peak": null, "Unc_Flux_Peak": null, "Time_Peak": null, "Peak_Interval": null, "Flux_History": [5.511927358980984e-09, 1.18505241175626e-08, 1.0263470962001975e-08, 1.659564041744943e-08, 1.307050112586694e-08, 1.0337030786899959e-08, 1.5569039391039041e-09, 5.138474978849672e-09, 3.3583262837311167e-09, 8.668373574494126e-09, 1.4195874697975341e-08, 5.01648322881465e-09, 4.806467668316827e-09, 7.08085057254948e-09, 0.0, 9.026079439422574e-09, 6.780895844826773e-09, 1.1474082128870577e-08, 8.780857818635468e-09, 5.138982572816531e-09, 8.224170677806342e-09, 7.123060807856518e-09, 1.022453854915284e-08, 5.2622253221557e-09, 1.1440996594558328e-08, 5.98097305015699e-09, 5.312336348595181e-09, 9.447829185660339e-09, 2.090386352904261e-08, 7.950895941633007e-09, 1.3396056486314478e-09, 2.1628052238042983e-08, 1.394877191529531e-08, 1.2241589075756565e-08, 2.470440030322152e-08, 2.173447555264829e-08, 1.3401596277162753e-08, 1.8816137536958877e-09, 1.5575745138107777e-08, 1.7120310724649812e-09, 1.2473074129104589e-08, 8.183163480168787e-09, 9.054983429734875e-09, 5.1235549136663394e-09, 0.0, 1.5548000220633185e-08, 2.073966243187897e-08, 5.302513983451718e-09], "Unc_Flux_History": [[-3.988152474931894e-09, 5.7187792279478344e-09], [-5.7604103709252286e-09, 7.31347116200709e-09], [-6.259143869868922e-09, 7.401440349497079e-09], [-6.5090635104070316e-09, 7.682986691293081e-09], [-5.616315856826759e-09, 6.7045862195413974e-09], [-5.495314425729703e-09, 7.158674097951234e-09], [null, 5.992930596221413e-09], [null, 7.280911873408513e-09], [null, 7.821526537554746e-09], [-3.98392918654622e-09, 5.177609452289289e-09], [-6.647870698373026e-09, 7.897001275125604e-09], [-3.425247641075657e-09, 5.364892974313307e-09], [-3.248307844927467e-09, 5.196580943334084e-09], [-3.909921719724707e-09, 5.4084829947953494e-09], [null, 5.469062536178626e-09], [-6.2695315605765245e-09, 7.41808259263621e-09], [-4.002574716110985e-09, 5.6140780912983246e-09], [-4.773289319359719e-09, 5.639130051804386e-09], [-4.938800923781628e-09, 6.2194676075932875e-09], [-3.6611325082702706e-09, 5.12533082641653e-09], [-4.880765125392372e-09, 6.765820348419993e-09], [-3.4790186287381175e-09, 4.707827017114141e-09], [-5.987047302369319e-09, 7.195371853896404e-09], [-4.263071229360094e-09, 6.4026686175111536e-09], [-4.875508885504587e-09, 5.994484908455888e-09], [-3.785622038066094e-09, 5.387173818149904e-09], [-3.0259745820160333e-09, 4.1582257637173825e-09], [-5.235611943987806e-09, 6.443766409347518e-09], [-6.98618851657784e-09, 8.112823302042216e-09], [-4.813263121405953e-09, 6.0394063083890615e-09], [null, 5.883365794545625e-09], [-5.561680005428116e-09, 6.391210671807812e-09], [-5.759082544187777e-09, 7.0816832398179486e-09], [-5.559692262124827e-09, 6.864265600370345e-09], [-7.296435899917242e-09, 8.218345115551529e-09], [-6.705136446072402e-09, 7.764628051631917e-09], [-5.520346402221321e-09, 6.699378829466696e-09], [null, 6.965696908167729e-09], [-6.260385987388872e-09, 7.4024733009991905e-09], [null, 6.196353208309802e-09], [-6.00763039315666e-09, 7.092687770438033e-09], [-4.72329020340112e-09, 6.223114468184576e-09], [-5.618493670311864e-09, 6.626957649302767e-09], [-4.194794733791696e-09, 5.511608947017521e-09], [null, 4.792267471742662e-09], [-4.904273875894205e-09, 5.8497482413599755e-09], [-6.579923716998337e-09, 7.63983543095037e-09], [-3.614636812088179e-09, 5.458205443176212e-09]], "Extended_Source_Name": "                  ", "0FGL_Name": "                 ", "1FGL_Name": "1FGL J1727.9+5010 ", "2FGL_Name": "2FGL J1728.2+5015 ", "1FHL_Name": "1FHL J1728.3+5014 ", "ASSOC_GAM1": "               ", "ASSOC_GAM2": "              ", "ASSOC_GAM3": "               ", "TEVCAT_FLAG": "P", "ASSOC_TEV": "1ES 1727+502         ", "CLASS1": "bll  ", "ASSOC1": "I Zw 187                  ", "ASSOC2": "                          ", "Flags": 0, "catalog_row_index": 2163}