{"Source_Name": "3FGL J0910.9+2248 ", "RAJ2000": 137.74549865722656, "DEJ2000": 22.803499221801758, "GLON": 205.0626983642578, "GLAT": 40.23837661743164, "Conf_68_SemiMajor": 0.05581381916999817, "Conf_68_SemiMinor": 0.05180509015917778, "Conf_68_PosAng": -13.5, "Conf_95_SemiMajor": 0.09049999713897705, "Conf_95_SemiMinor": 0.08399999886751175, "Conf_95_PosAng": -13.5, "ROI_num": 795, "Signif_Avg": 8.806883811950684, "Pivot_Energy": 893.1525268554688, "Flux_Density": 1.1673284951510543e-12, "Unc_Flux_Density": 1.4546762232281463e-13, "Flux1000": 6.629372606425932e-10, "Unc_Flux1000": 9.669703232573212e-11, "Energy_Flux100": 8.354847196023751e-12, "Unc_Energy_Flux100": 1.0410977635544327e-12, "Signif_Curve": 1.7682807445526123, "SpectrumType": "PowerLaw        ", "Spectral_Index": 2.348193407058716, "Unc_Spectral_Index": 0.08977138251066208, "beta": null, "Unc_beta": null, "Cutoff": null, "Unc_Cutoff": null, "Exp_Index": null, "Unc_Exp_Index": null, "PowerLaw_Index": 2.348193407058716, "Flux30_100": null, "Unc_Flux30_100": null, "nuFnu30_100": null, "Sqrt_TS30_100": null, "Flux100_300": 5.7581210910484515e-09, "Unc_Flux100_300": [null, 4.24092672091092e-09], "nuFnu100_300": 1.3375199385545766e-12, "Sqrt_TS100_300": 0.8733692765235901, "Flux300_1000": 2.6607511749432433e-09, "Unc_Flux300_1000": [-6.547017372682262e-10, 6.676061370392006e-10], "nuFnu300_1000": 1.7543047093129815e-12, "Sqrt_TS300_1000": 4.224695682525635, "Flux1000_3000": 6.48635145594767e-10, "Unc_Flux1000_3000": [-1.172529850990145e-10, 1.2717668584905084e-10], "nuFnu1000_3000": 1.506676294144027e-12, "Sqrt_TS1000_3000": 7.128815174102783, "Flux3000_10000": 9.987359550489572e-11, "Unc_Flux3000_10000": [-3.313972707363888e-11, 3.9617850666751053e-11], "nuFnu3000_10000": 6.584934420655886e-13, "Sqrt_TS3000_10000": 4.343963146209717, "Flux10000_100000": 7.784183020387303e-12, "Unc_Flux10000_100000": [null, 2.1193744675906956e-11], "nuFnu10000_100000": 1.21059371836936e-13, "Sqrt_TS10000_100000": 0.7461478114128113, "Variability_Index": 169.87928771972656, "Signif_Peak": 8.397379875183105, "Flux_Peak": 9.493204089494611e-08, "Unc_Flux_Peak": 1.461577969763539e-08, "Time_Peak": 248535008.0, "Peak_Interval": 2630000.0, "Flux_History": [3.461444109120748e-08, 9.798789335491165e-09, 6.591488954654778e-08, 9.493204089494611e-08, 6.872837587934555e-08, 5.220822529850011e-08, 3.9916464800171525e-08, 2.0118420707149198e-08, 0.0, 0.0, 0.0, 4.58977300610286e-09, 0.0, 8.690560271418235e-09, 3.005228421670836e-08, 0.0, 0.0, 2.8398140727858845e-08, 1.3943701748786452e-09, 0.0, 0.0, 0.0, 0.0, 4.442436640772485e-09, 0.0, 4.926469898691721e-09, 1.4487847366240203e-08, 0.0, 8.6519253983397e-09, 0.0, 0.0, 1.6487204490545082e-08, 1.3401376008914667e-08, 0.0, 0.0, 3.392727210282942e-09, 3.043261287416499e-08, 3.07493799311942e-08, 1.2124294457294127e-08, 3.021358452315326e-08, 1.172692520867713e-08, 0.0, 0.0, 0.0, 0.0, 0.0, 5.338960828993322e-09, 1.5686979493167996e-09], "Unc_Flux_History": [[-1.1992767667834414e-08, 1.4057477848439248e-08], [-8.772091497633028e-09, 9.783510002137064e-09], [-1.4745523024828344e-08, 1.5852721801934422e-08], [-1.461577969763539e-08, 1.5459704627573956e-08], [-1.414085026851808e-08, 1.4972492579090613e-08], [-1.4012053739520525e-08, 1.4518194646484517e-08], [-1.2970382989863083e-08, 1.3921738428734898e-08], [-1.070823518745101e-08, 1.2796929738101426e-08], [null, 6.629886417641728e-09], [null, 1.1865648019693253e-08], [null, 1.0899900537708618e-08], [null, 1.0118011317672426e-08], [null, 9.576721637927221e-09], [null, 1.7789629325193346e-08], [-1.2114496072967995e-08, 1.3874320359263947e-08], [null, 9.731407679680615e-09], [null, 9.311653670351916e-09], [-1.1345362871395537e-08, 1.3391665554252086e-08], [null, 1.3396414644262222e-08], [null, 1.5658439878052377e-08], [null, 1.4132056413984628e-08], [null, 7.838348636823866e-09], [null, 1.3498211437479313e-08], [null, 1.1859897952604115e-08], [null, 1.2908569324565633e-08], [null, 9.889387087014256e-09], [-1.0234894709526543e-08, 1.315574316151924e-08], [null, 1.2870819965371538e-08], [null, 1.3918159957881926e-08], [null, 1.0114666437743836e-08], [null, 1.257039539126481e-08], [-1.2678108340935523e-08, 1.4335832965173267e-08], [-1.205477317967052e-08, 1.4060619335509728e-08], [null, 9.253911414930371e-09], [null, 1.0588964372004739e-08], [null, 1.4256108293864145e-08], [-1.7838772237155354e-08, 1.867331000937611e-08], [-1.537012828123352e-08, 1.601483035074125e-08], [-1.2124294457294127e-08, 1.362412760386178e-08], [-1.14487228586313e-08, 1.2783459624188254e-08], [-8.933817241540964e-09, 1.139469585353936e-08], [null, 1.2885541522678068e-08], [null, 9.413992252405023e-09], [null, 1.1489709628165201e-08], [null, 1.1066336291776224e-08], [null, 9.663792432945684e-09], [null, 1.2009766514609055e-08], [null, 1.3882795357744726e-08]], "Extended_Source_Name": "                  ", "0FGL_Name": "                 ", "1FGL_Name": "1FGL J0911.0+2247 ", "2FGL_Name": "2FGL J0910.9+2246 ", "1FHL_Name": "                  ", "ASSOC_GAM1": "               ", "ASSOC_GAM2": "              ", "ASSOC_GAM3": "               ", "TEVCAT_FLAG": "N", "ASSOC_TEV": "                     ", "CLASS1": "fsrq ", "ASSOC1": "TXS 0907+230              ", "ASSOC2": "                          ", "Flags": 0, "catalog_row_index": 1043}