{"Source_Name": "3FHL J1849.3+6705 ", "RAJ2000": 282.3381652832031, "DEJ2000": 67.09416198730469, "GLON": 97.49223327636719, "GLAT": 25.035476684570312, "Conf_95_SemiMajor": 0.020909467712044716, "Conf_95_SemiMinor": 0.020909467712044716, "Conf_95_PosAng": null, "ROI_num": 390, "Signif_Avg": 18.704572677612305, "Pivot_Energy": 16.764684677124023, "Flux_Density": 6.030021100500438e-12, "Unc_Flux_Density": 8.265554039821321e-13, "Flux": 1.4206208431843947e-10, "Unc_Flux": 1.9460006522864504e-11, "Energy_Flux": 4.630744138839349e-12, "Unc_Energy_Flux": 8.709835695557e-13, "Signif_Curve": 1.2974450588226318, "SpectrumType": "PowerLaw   ", "Spectral_Index": 2.584310531616211, "Unc_Spectral_Index": 0.4353315532207489, "beta": 0.4844825565814972, "Unc_beta": 0.4582504630088806, "PowerLaw_Index": 2.9410979747772217, "Unc_PowerLaw_Index": 0.265811562538147, "Flux_Band": [9.406129347633296e-11, 4.503641556907745e-11, 2.6217251026389166e-12, 5.514435949531711e-18, 1.7465571030387903e-22], "Unc_Flux_Band": [[-1.512118728841383e-11, 1.6804587235630386e-11], [-9.961866401231312e-12, 1.1550047376851502e-11], [-1.8698924787036164e-12, 3.6076441313481755e-12], [null, 3.659527975791166e-12], [null, 3.852206314353124e-12]], "nuFnu": [2.905046862788918e-12, 2.258137687255468e-12, 2.882146832392657e-13, 1.7035756798183931e-18, 1.627112076173549e-22], "Sqrt_TS_Band": [15.36057186126709, 11.338263511657715, 2.3766801357269287, 0.0, 0.0], "Npred": 59.39232635498047, "HEP_Energy": 76.1355972290039, "HEP_Prob": 0.9904925227165222, "Variability_BayesBlocks": 5, "Extended_Source_Name": "                  ", "ASSOC_GAM": "3FGL J1849.2+6705 ", "TEVCAT_FLAG": "N", "ASSOC_TEV": "                     ", "CLASS": "FSRQ   ", "ASSOC1": "S4 1849+67                ", "ASSOC2": "                          ", "ASSOC_PROB_BAY": 0.9998970031738281, "ASSOC_PROB_LR": 0.9990757703781128, "Redshift": 0.6570000052452087, "NuPeak_obs": 15848925298688.0, "catalog_row_index": 1256}