{"Source_Name": "3FHL J1126.7-3828 ", "RAJ2000": 171.6806640625, "DEJ2000": -38.48100280761719, "GLON": 285.2406005859375, "GLAT": 21.463027954101562, "Conf_95_SemiMajor": 0.05704401805996895, "Conf_95_SemiMinor": 0.05704401805996895, "Conf_95_PosAng": null, "ROI_num": 349, "Signif_Avg": 4.855912685394287, "Pivot_Energy": 12.843873023986816, "Flux_Density": 3.059492329621216e-12, "Unc_Flux_Density": 1.176064779416508e-12, "Flux": 2.6830166560687374e-11, "Unc_Flux": 1.029501917743092e-11, "Energy_Flux": 5.813164077710098e-13, "Unc_Energy_Flux": 2.382494429607057e-13, "Signif_Curve": 0.8309829831123352, "SpectrumType": "PowerLaw   ", "Spectral_Index": 4.596802711486816, "Unc_Spectral_Index": 1.6543514728546143, "beta": 0.9939752817153931, "Unc_beta": 0.1953991949558258, "PowerLaw_Index": 4.824158191680908, "Unc_PowerLaw_Index": 1.3859000205993652, "Flux_Band": [2.7195195748119794e-11, 6.144074582150745e-17, 2.0562099284540333e-24, 1.5366913708503604e-18, 4.323779286668729e-21], "Unc_Flux_Band": [[-9.165198981697653e-12, 1.1663743755552236e-11], [null, 5.4821676712113465e-12], [null, 4.9992917791619185e-12], [null, 5.068427448573498e-12], [null, 5.352933374336288e-12]], "nuFnu": [7.864169385141118e-13, 2.7736842456296425e-18, 1.9681648176956702e-25, 4.054768793888933e-19, 3.3316843862493432e-21], "Sqrt_TS_Band": [5.8240790367126465, 0.0, 0.0, 0.0, 0.0], "Npred": 7.831786155700684, "HEP_Energy": 14.63659954071045, "HEP_Prob": 0.9721629023551941, "Variability_BayesBlocks": 1, "Extended_Source_Name": "                  ", "ASSOC_GAM": "3FGL J1126.7-3834 ", "TEVCAT_FLAG": "N", "ASSOC_TEV": "                     ", "CLASS": "bcu    ", "ASSOC1": "PKS 1124-382              ", "ASSOC2": "                          ", "ASSOC_PROB_BAY": 0.9987704753875732, "ASSOC_PROB_LR": 0.9934232234954834, "Redshift": null, "NuPeak_obs": 3273409429504.0, "source_id": 719}