{"source_id": 61, "common_name": "HESS J1303-631", "gamma_names": "", "fermi_names": "", "other_names": "", "where": "gal", "classes": "pwn", "discoverer": "hess", "seen_by": "hess", "discovery_date": "2005-09", "tevcat_id": 94, "tevcat2_id": "4au9RH", "tevcat_name": "TeV J1303-631", "tgevcat_id": 61, "tgevcat_name": "TeV J1302-6310", "reference_id": "2012A&A...548A..46H", "significance": 33.0, "livetime": null, "ra": 195.7516632080078, "dec": -63.1986083984375, "glon": 304.235595703125, "glat": -0.356149822473526, "pos_ra": 195.6999969482422, "pos_dec": -63.1775016784668, "pos_glon": 304.2132568359375, "pos_glat": -0.33402344584465027, "pos_err": 0.009128709323704243, "morph_type": "gauss", "morph_sigma": 0.1940000057220459, "morph_sigma_err": 0.00800000037997961, "morph_sigma2": 0.14499999582767487, "morph_sigma2_err": 0.006000000052154064, "morph_pa": 147.0, "morph_pa_err": 6.0, "morph_pa_frame": "radec", "spec_type": "ecpl", "spec_pl_norm": null, "spec_pl_norm_err": null, "spec_pl_norm_err_sys": null, "spec_pl_index": null, "spec_pl_index_err": null, "spec_pl_index_err_sys": null, "spec_pl_e_ref": null, "spec_pl2_flux": null, "spec_pl2_flux_err": null, "spec_pl2_flux_err_sys": null, "spec_pl2_index": null, "spec_pl2_index_err": null, "spec_pl2_index_err_sys": null, "spec_pl2_e_min": null, "spec_pl2_e_max": null, "spec_ecpl_norm": 5.600000064359678e-12, "spec_ecpl_norm_err": 4.999999980020986e-13, "spec_ecpl_norm_err_sys": 1.0999999739205735e-12, "spec_ecpl_index": 1.5, "spec_ecpl_index_err": 0.20000000298023224, "spec_ecpl_index_err_sys": 0.20000000298023224, "spec_ecpl_e_cut": 7.699999809265137, "spec_ecpl_e_cut_err": 2.200000047683716, "spec_ecpl_e_cut_err_sys": null, "spec_ecpl_e_ref": 1.0, "spec_erange_min": 0.8399999737739563, "spec_erange_max": null, "spec_theta": 0.6000000238418579, "spec_dnde_1TeV": 4.917973146778554e-12, "spec_dnde_1TeV_err": 4.755142135083601e-13, "spec_flux_1TeV": 5.469786082401562e-12, "spec_flux_1TeV_err": 1.2212833825839264e-12, "spec_flux_1TeV_crab": 26.367488861083984, "spec_flux_1TeV_crab_err": 5.887282371520996, "spec_eflux_1TeV_10TeV": 2.2207563912801653e-11, "spec_eflux_1TeV_10TeV_err": 6.4057413887153025e-12, "sed_reference_id": "2012A&A...548A..46H", "sed_n_points": 11, "sed_n_ul": 0, "sed_e_ref": [0.8799999952316284, 1.2899999618530273, 1.8899999856948853, 2.759999990463257, 4.039999961853027, 5.920000076293945, 8.670000076293945, 12.699999809265137, 18.600000381469727, 27.260000228881836, 39.95000076293945, null, null, null, null, null, null, null, null, null, null, null, null, null, null, null, null, null, null, null, null, null, null, null, null, null, null, null, null, null], "sed_e_min": [null, null, null, null, null, null, null, null, null, null, null, null, null, null, null, null, null, null, null, null, null, null, null, null, null, null, null, null, null, null, null, null, null, null, null, null, null, null, null, null], "sed_e_max": [null, null, null, null, null, null, null, null, null, null, null, null, null, null, null, null, null, null, null, null, null, null, null, null, null, null, null, null, null, null, null, null, null, null, null, null, null, null, null, null], "sed_dnde": [4.250000091438055e-12, 3.0300000789657e-12, 2.2200000084765525e-12, 7.729999908397123e-13, 3.389999869360394e-13, 1.5199999462214842e-13, 7.399999666854451e-14, 1.99999996490334e-14, 4.39999988890603e-15, 1.0300000047951097e-15, 1.2400000129684217e-15, null, null, null, null, null, null, null, null, null, null, null, null, null, null, null, null, null, null, null, null, null, null, null, null, null, null, null, null, null], "sed_dnde_err": [null, null, null, null, null, null, null, null, null, null, null, null, null, null, null, null, null, null, null, null, null, null, null, null, null, null, null, null, null, null, null, null, null, null, null, null, null, null, null, null], "sed_dnde_errp": [1.090000052023088e-12, 4.320000032611432e-13, 1.9299999424148007e-13, 8.900000148751724e-14, 4.2500000101228924e-14, 2.1500000130930674e-14, 1.0699999710588916e-14, 5.280000205500415e-15, 2.4900000969121277e-15, 1.1100000432017918e-15, 5.109999951832648e-16, null, null, null, null, null, null, null, null, null, null, null, null, null, null, null, null, null, null, null, null, null, null, null, null, null, null, null, null, null], "sed_dnde_errn": [1.090000052023088e-12, 4.309999893873512e-13, 1.9199999392021522e-13, 8.87000027463905e-14, 4.229999868172324e-14, 2.1399999421177832e-14, 1.059999984786902e-14, 5.239999921599278e-15, 2.469999954961559e-15, 1.0900000071303417e-15, 4.939999909923118e-16, null, null, null, null, null, null, null, null, null, null, null, null, null, null, null, null, null, null, null, null, null, null, null, null, null, null, null, null, null], "sed_dnde_ul": [null, null, null, null, null, null, null, null, null, null, null, null, null, null, null, null, null, null, null, null, null, null, null, null, null, null, null, null, null, null, null, null, null, null, null, null, null, null, null, null], "catalog_row_index": 61}