{"Source_Name": "3FGL J2206.9-0031 ", "RAJ2000": 331.747314453125, "DEJ2000": -0.5238000154495239, "GLON": 59.95888900756836, "GLAT": -42.42939376831055, "Conf_68_SemiMajor": 0.04631621763110161, "Conf_68_SemiMinor": 0.04249250888824463, "Conf_68_PosAng": -58.119998931884766, "Conf_95_SemiMajor": 0.07509999722242355, "Conf_95_SemiMinor": 0.06889999657869339, "Conf_95_PosAng": -58.119998931884766, "ROI_num": 611, "Signif_Avg": 9.400655746459961, "Pivot_Energy": 1111.6749267578125, "Flux_Density": 6.194952862324798e-13, "Unc_Flux_Density": 8.101014298397477e-14, "Flux1000": 6.277315334202171e-10, "Unc_Flux1000": 9.170919579304382e-11, "Energy_Flux100": 7.366315890600106e-12, "Unc_Energy_Flux100": 9.65982068640292e-13, "Signif_Curve": 1.2910100221633911, "SpectrumType": "PowerLaw        ", "Spectral_Index": 2.2484781742095947, "Unc_Spectral_Index": 0.09588000178337097, "beta": null, "Unc_beta": null, "Cutoff": null, "Unc_Cutoff": null, "Exp_Index": null, "Unc_Exp_Index": null, "PowerLaw_Index": 2.2484781742095947, "Flux30_100": null, "Unc_Flux30_100": null, "nuFnu30_100": null, "Sqrt_TS30_100": null, "Flux100_300": 4.884511906055877e-09, "Unc_Flux100_300": [-2.806098242658095e-09, 2.866759496455984e-09], "nuFnu100_300": 1.1455561976445039e-12, "Sqrt_TS100_300": 1.7517343759536743, "Flux300_1000": 2.2554498269045098e-09, "Unc_Flux300_1000": [-5.003770731093482e-10, 5.184691564963373e-10], "nuFnu300_1000": 1.504207782637712e-12, "Sqrt_TS300_1000": 4.875220775604248, "Flux1000_3000": 5.804474123571879e-10, "Unc_Flux1000_3000": [-1.1760939444549479e-10, 1.2651889258474824e-10], "nuFnu1000_3000": 1.3613134057510745e-12, "Sqrt_TS1000_3000": 6.21143913269043, "Flux3000_10000": 1.3485293437476287e-10, "Unc_Flux3000_10000": [-3.772759882281207e-11, 4.190219698996245e-11], "nuFnu3000_10000": 8.993631577317029e-13, "Sqrt_TS3000_10000": 5.842038631439209, "Flux10000_100000": 1.7915348024533095e-11, "Unc_Flux10000_100000": [-1.1212817133121611e-11, 1.732085135042194e-11], "nuFnu10000_100000": 2.8915745123835046e-13, "Sqrt_TS10000_100000": 2.339423894882202, "Variability_Index": 67.64459228515625, "Signif_Peak": null, "Flux_Peak": null, "Unc_Flux_Peak": null, "Time_Peak": null, "Peak_Interval": null, "Flux_History": [3.7602143621029427e-10, 4.81949280484173e-09, 6.558219300956125e-09, 1.6438269412333284e-08, 4.776182560561892e-09, 2.060632198208623e-08, 4.143726428651462e-08, 2.1782330605901734e-08, 1.71145888572255e-08, 1.1669182953255586e-08, 2.4929390107786276e-08, 2.34520758368717e-09, 9.040673987215087e-09, 2.1057173782423888e-08, 0.0, 1.8686550973257e-08, 1.526498216719574e-08, 4.570076583831906e-08, 1.1824087486900225e-08, 9.772612941105763e-09, 2.330733295252685e-08, 4.222037119916422e-08, 9.847309634380963e-09, 0.0, 1.9633375814009923e-08, 1.1020088841462439e-08, 9.216281959822936e-09, 9.453488658550668e-09, 4.172751477682368e-09, 0.0, 0.0, 0.0, 0.0, 6.8268684039196614e-09, 1.6964023075161094e-08, 1.973500696195174e-09, 0.0, 1.4665494596499684e-08, 0.0, 1.8005350099770112e-08, 0.0, 0.0, 1.570309215992438e-08, 9.482229224033745e-09, 1.4072147891397435e-08, 2.848816293976597e-08, 2.374109087099896e-08, 1.8912700294748674e-09], "Unc_Flux_History": [[null, 8.80591066731995e-09], [null, 1.143782046852948e-08], [-6.477388847514476e-09, 8.327531553220524e-09], [-9.14761422166066e-09, 1.0702064123790933e-08], [null, 1.1280668843483e-08], [-8.751874780443814e-09, 1.0313164544584197e-08], [-1.3644462448780814e-08, 1.5086811799847055e-08], [-1.1413189504594357e-08, 1.2834220797230955e-08], [-9.484424801087243e-09, 1.1460762117110335e-08], [-1.0552336782154725e-08, 1.203812605155008e-08], [-1.0652421167378634e-08, 1.2167223673031913e-08], [null, 1.1989981452131815e-08], [-7.476985253163093e-09, 1.0146250950526792e-08], [-1.0545978312848092e-08, 1.3329044534771128e-08], [null, 6.900300331125209e-09], [-1.0789260151966573e-08, 1.357383716538152e-08], [-9.425182412314825e-09, 1.123783910372822e-08], [-1.3688224775876279e-08, 1.5318743606940188e-08], [null, 1.5154943966422252e-08], [-7.895545550695715e-09, 1.1117644582725461e-08], [-1.1544480038594429e-08, 1.417073391962731e-08], [-1.1261851895483233e-08, 1.2646506952762593e-08], [-9.719831162158243e-09, 1.2265885196427462e-08], [null, 6.7758949562346515e-09], [-1.0627853264111309e-08, 1.3050817315729546e-08], [null, 1.3615943927902663e-08], [-8.076471935680729e-09, 9.52320444724819e-09], [-9.21748277704637e-09, 1.2273420502140198e-08], [-3.297459416629067e-09, 5.988397777656473e-09], [null, 9.509764531401288e-09], [null, 1.2217652667345646e-08], [null, 1.0189078025746312e-08], [null, 9.629470554273212e-09], [-5.793479918025923e-09, 7.756606024145185e-09], [-9.33406418823779e-09, 1.1729061277776509e-08], [null, 1.1077496253619756e-08], [null, 1.5796533858747352e-08], [-1.2150700001711812e-08, 1.5089264948642267e-08], [null, 1.1705286517837976e-08], [-1.0721984189387967e-08, 1.2904575186212242e-08], [null, 1.3959295053211918e-08], [null, 1.0976955344688122e-08], [-1.1034487990002617e-08, 1.28304131763457e-08], [null, 1.4524675684413069e-08], [-8.241992865976044e-09, 1.043053465821231e-08], [-1.067458832437751e-08, 1.2321221376510039e-08], [-1.0895809587907479e-08, 1.2605454458025633e-08], [null, 1.4529446090705278e-08]], "Extended_Source_Name": "                  ", "0FGL_Name": "                 ", "1FGL_Name": "1FGL J2207.1-0021 ", "2FGL_Name": "2FGL J2206.6-0029 ", "1FHL_Name": "                  ", "ASSOC_GAM1": "               ", "ASSOC_GAM2": "              ", "ASSOC_GAM3": "               ", "TEVCAT_FLAG": "N", "ASSOC_TEV": "                     ", "CLASS1": "bll  ", "ASSOC1": "PMN J2206-0031            ", "ASSOC2": "                          ", "Flags": 0, "source_id": 2834}