{"Source_Name": "3FGL J0845.1-5458 ", "RAJ2000": 131.29660034179688, "DEJ2000": -54.97359848022461, "GLON": 272.33306884765625, "GLAT": -7.478399276733398, "Conf_68_SemiMajor": 0.024854110553860664, "Conf_68_SemiMinor": 0.023744000121951103, "Conf_68_PosAng": 79.0199966430664, "Conf_95_SemiMajor": 0.040300000458955765, "Conf_95_SemiMinor": 0.03849999979138374, "Conf_95_PosAng": 79.0199966430664, "ROI_num": 175, "Signif_Avg": 19.29927635192871, "Pivot_Energy": 934.3125610351562, "Flux_Density": 2.7015655337803146e-12, "Unc_Flux_Density": 1.779569059386782e-13, "Flux1000": 1.781559344493644e-09, "Unc_Flux1000": 1.3776794982600649e-10, "Energy_Flux100": 2.1534538041656504e-11, "Unc_Energy_Flux100": 1.4242440777093024e-12, "Signif_Curve": 2.191974401473999, "SpectrumType": "PowerLaw        ", "Spectral_Index": 2.294551134109497, "Unc_Spectral_Index": 0.04894459992647171, "beta": null, "Unc_beta": null, "Cutoff": null, "Unc_Cutoff": null, "Exp_Index": null, "Unc_Exp_Index": null, "PowerLaw_Index": 2.294551134109497, "Flux30_100": null, "Unc_Flux30_100": null, "nuFnu30_100": null, "Sqrt_TS30_100": null, "Flux100_300": 2.4297925449445756e-08, "Unc_Flux100_300": [-4.0874557072356765e-09, 4.137325593234209e-09], "nuFnu100_300": 5.673228380131956e-12, "Sqrt_TS100_300": 6.084494590759277, "Flux300_1000": 7.1399246515113646e-09, "Unc_Flux300_1000": [-7.571712701270883e-10, 7.712382399382989e-10], "nuFnu300_1000": 4.736563138235672e-12, "Sqrt_TS300_1000": 10.409771919250488, "Flux1000_3000": 1.3643075558178452e-09, "Unc_Flux1000_3000": [-1.6767934263306472e-10, 1.7833633181307817e-10], "nuFnu1000_3000": 3.1854690326488244e-12, "Sqrt_TS1000_3000": 10.320487022399902, "Flux3000_10000": 3.995852260185728e-10, "Unc_Flux3000_10000": [-6.03657263065216e-11, 6.581907241454132e-11], "nuFnu3000_10000": 2.6508133795649647e-12, "Sqrt_TS3000_10000": 10.890507698059082, "Flux10000_100000": 4.1770597397627895e-11, "Unc_Flux10000_100000": [-1.6116531720289373e-11, 2.107783739213609e-11], "nuFnu10000_100000": 6.626100492942988e-13, "Sqrt_TS10000_100000": 4.564876556396484, "Variability_Index": 43.17687225341797, "Signif_Peak": null, "Flux_Peak": null, "Unc_Flux_Peak": null, "Time_Peak": null, "Peak_Interval": null, "Flux_History": [4.074496118278148e-08, 5.093531640909532e-08, 4.4591956793738063e-08, 7.572553251122827e-09, 4.8308763211935e-08, 4.43464891475287e-08, 3.544002424860082e-08, 2.199888049503329e-09, 0.0, 4.0096185927041006e-08, 4.6958280819353604e-08, 3.6774874256906287e-09, 5.5217697081388906e-08, 2.691851364033937e-08, 5.766231581105785e-08, 3.219084732108968e-08, 6.056770729401251e-08, 4.352864735324147e-08, 3.945540782979151e-08, 2.577770175093974e-08, 2.3280483318899314e-08, 3.990513164353615e-08, 1.6616365172694714e-08, 4.2114734810638765e-08, 4.692976318665387e-08, 4.8293561150103415e-08, 3.1118226218040945e-08, 2.9410905710847146e-08, 1.6531172875033917e-08, 2.9791543454393832e-08, 4.352737192903078e-08, 4.747811388483569e-08, 4.81839634858261e-08, 3.539124193707721e-08, 2.2554779377514933e-08, 5.047849427342044e-08, 3.913185508963579e-08, 4.955671073503254e-08, 2.5258540148342945e-08, 3.479129517813817e-08, 3.885915589307842e-08, 1.5995603730445396e-09, 2.5503078759925302e-08, 3.066214304681125e-08, 2.5505032752448642e-08, 2.7256088941385315e-08, 4.6282149668286365e-08, 3.733500264502254e-08], "Unc_Flux_History": [[-1.9815372453990676e-08, 2.1625554680326786e-08], [-1.6138619329808535e-08, 1.773953250960858e-08], [-1.6410519165788173e-08, 1.8944181334745736e-08], [null, 1.832224327813492e-08], [-1.6268163705035477e-08, 1.8393221168366836e-08], [-1.6340917952106793e-08, 1.8378733201984687e-08], [-1.503529034607709e-08, 1.709468655519686e-08], [null, 1.9274269291713608e-08], [null, 1.1554980972050544e-08], [-1.6694849946929935e-08, 1.8722046135621895e-08], [-1.7016889231058485e-08, 1.8429396675401222e-08], [null, 1.8827627457085327e-08], [-1.6124257484761984e-08, 1.7945721353385125e-08], [-1.2399212323543907e-08, 1.393189119625049e-08], [-1.7547504782555734e-08, 1.8206755214578152e-08], [-1.3500454976167475e-08, 1.4682503213236942e-08], [-1.75941075042374e-08, 1.931054605108784e-08], [-1.3876895188502658e-08, 1.5363299965542865e-08], [-1.6635858912650292e-08, 1.782106728853705e-08], [-1.144842443068228e-08, 1.348157407932149e-08], [-1.287116813131206e-08, 1.4827407746054178e-08], [-1.619464207180954e-08, 1.8225760456402895e-08], [-1.286672635103514e-08, 1.4634739642360728e-08], [-1.775033808826265e-08, 2.0120857868732855e-08], [-1.4138512582917429e-08, 1.5555459143001826e-08], [-2.0689004287532953e-08, 2.1802433636253227e-08], [-1.3635464313210832e-08, 1.5663626840023426e-08], [-1.2347291189485077e-08, 1.4118000990492874e-08], [-1.1839136782043624e-08, 1.4422989025320021e-08], [-1.155629458793328e-08, 1.305296848386206e-08], [-1.9258257211163254e-08, 2.0825041247007903e-08], [-1.6819424075720235e-08, 1.8138170077008908e-08], [-1.854657405431226e-08, 2.032444434973968e-08], [-1.3180678770652321e-08, 1.4849507401493156e-08], [-1.3069677784471878e-08, 1.4803726244849713e-08], [-1.7001612562239643e-08, 1.807451610602584e-08], [-1.4366847267410776e-08, 1.590926679284621e-08], [-1.9082380120494236e-08, 2.1454683363231197e-08], [-1.1582859116288091e-08, 1.3828149292294256e-08], [-1.3844869251045111e-08, 1.5821941090621294e-08], [-1.5508613060433163e-08, 1.659567594458622e-08], [null, 1.3644353202835191e-08], [-1.5699766819921024e-08, 1.7473080760055382e-08], [-1.3394107156727841e-08, 1.4835360495624172e-08], [-1.6507216926697765e-08, 1.8663991241396616e-08], [-1.0911330505791739e-08, 1.2920794212334386e-08], [-1.7892856973844573e-08, 1.8753521402459228e-08], [-1.570176699772219e-08, 1.8251787636813788e-08]], "Extended_Source_Name": "                  ", "0FGL_Name": "                 ", "1FGL_Name": "1FGL J0845.0-5459 ", "2FGL_Name": "2FGL J0844.8-5459 ", "1FHL_Name": "                  ", "ASSOC_GAM1": "               ", "ASSOC_GAM2": "              ", "ASSOC_GAM3": "               ", "TEVCAT_FLAG": "N", "ASSOC_TEV": "                     ", "CLASS1": "bcu  ", "ASSOC1": "PMN J0845-5458            ", "ASSOC2": "                          ", "Flags": 0, "catalog_row_index": 980}