{"Source_Name": "3FGL J1052.0+0816 ", "RAJ2000": 163.01759338378906, "DEJ2000": 8.281000137329102, "GLON": 241.05853271484375, "GLAT": 56.05816650390625, "Conf_68_SemiMajor": 0.0828881487250328, "Conf_68_SemiMinor": 0.06851840764284134, "Conf_68_PosAng": 88.2699966430664, "Conf_95_SemiMajor": 0.13439999520778656, "Conf_95_SemiMinor": 0.11110000312328339, "Conf_95_PosAng": 88.2699966430664, "ROI_num": 623, "Signif_Avg": 4.460079669952393, "Pivot_Energy": 1607.2696533203125, "Flux_Density": 1.1634782221860152e-13, "Unc_Flux_Density": 2.836956099997335e-14, "Flux1000": 2.722398972920814e-10, "Unc_Flux1000": 6.792622714302254e-11, "Energy_Flux100": 3.1518342623326756e-12, "Unc_Energy_Flux100": 7.739794590823357e-13, "Signif_Curve": 0.957423210144043, "SpectrumType": "PowerLaw        ", "Spectral_Index": 2.2235260009765625, "Unc_Spectral_Index": 0.16313570737838745, "beta": null, "Unc_beta": null, "Cutoff": null, "Unc_Cutoff": null, "Exp_Index": null, "Unc_Exp_Index": null, "PowerLaw_Index": 2.2235260009765625, "Flux30_100": null, "Unc_Flux30_100": null, "nuFnu30_100": null, "Sqrt_TS30_100": null, "Flux100_300": 2.7392517143454143e-09, "Unc_Flux100_300": [-2.735734083714192e-09, 2.853806746472287e-09], "nuFnu100_300": 6.439882806706654e-13, "Sqrt_TS100_300": 1.0021653175354004, "Flux300_1000": 1.2046229569406819e-09, "Unc_Flux300_1000": [-4.261387631654401e-10, 4.4610851124282647e-10], "nuFnu300_1000": 8.057099909128396e-13, "Sqrt_TS300_1000": 2.9887750148773193, "Flux1000_3000": 1.5651091533896988e-10, "Unc_Flux1000_3000": [-8.08073608027371e-11, 9.103184872572001e-11], "nuFnu1000_3000": 3.6795157307319137e-13, "Sqrt_TS1000_3000": 2.092710018157959, "Flux3000_10000": 3.072695223260702e-11, "Unc_Flux3000_10000": [-1.8441768945276493e-11, 2.508313522164851e-11], "nuFnu3000_10000": 2.0551670174701053e-13, "Sqrt_TS3000_10000": 1.9867079257965088, "Flux10000_100000": 2.6116281012789067e-11, "Unc_Flux10000_100000": [-1.3374862849191427e-11, 1.9355694130807066e-11], "nuFnu10000_100000": 4.255436064290463e-13, "Sqrt_TS10000_100000": 3.180738925933838, "Variability_Index": 36.60824203491211, "Signif_Peak": null, "Flux_Peak": null, "Unc_Flux_Peak": null, "Time_Peak": null, "Peak_Interval": null, "Flux_History": [4.729371561040807e-09, 0.0, 6.894776305443884e-09, 0.0, 0.0, 0.0, 8.854822652892835e-09, 1.371203373068397e-09, 2.5581861073931123e-09, 6.055384638159467e-09, 2.0771837583311026e-08, 3.85378573497519e-09, 9.646769605353711e-09, 0.0, 0.0, 0.0, 6.432935073519275e-09, 1.338229171921057e-08, 0.0, 1.1433582969289091e-08, 0.0, 8.89455709085496e-09, 0.0, 7.576058891345383e-09, 4.9903672305617874e-09, 6.385473927394969e-09, 9.33112875856068e-09, 1.4109298618336652e-08, 9.654344879095333e-09, 9.57904755516381e-10, 3.585384789062118e-08, 1.464800014616685e-08, 9.1951806169277e-09, 5.581669348941887e-09, 1.0026756092074152e-09, 1.0563114827277786e-08, 0.0, 2.6624057625213027e-08, 4.9362838261401976e-09, 0.0, 6.7224932287501815e-09, 7.709880733841601e-09, 1.588747267078361e-08, 4.37551372911571e-09, 4.215451987477081e-09, 2.961273892765348e-09, 0.0, 1.4415760807295896e-09], "Unc_Flux_History": [[null, 1.2141431859902241e-08], [null, 9.595641614623673e-09], [-4.986927759631499e-09, 7.320298589519325e-09], [null, 5.56400747697694e-09], [null, 8.326222378229886e-09], [null, 5.589913421033543e-09], [-5.867444752283291e-09, 7.73194752667905e-09], [null, 9.107103515759718e-09], [null, 9.224341290803295e-09], [null, 8.720113520155337e-09], [-9.120562083353434e-09, 1.0575341491403378e-08], [null, 8.332921908049684e-09], [-7.328826434616076e-09, 1.0311582698818711e-08], [null, 1.352220824202277e-08], [null, 6.867536761490101e-09], [null, 7.405362101309265e-09], [null, 1.0577694276037164e-08], [-9.25151599773244e-09, 1.1702884883391107e-08], [null, 9.23691700904783e-09], [-7.85705722705643e-09, 1.0902017066882763e-08], [null, 7.52705187068159e-09], [null, 1.1218747708596766e-08], [null, 8.584811084233479e-09], [-6.947844966020966e-09, 9.666359268578617e-09], [null, 1.1417195189267204e-08], [-4.9738368979035386e-09, 8.501506165714545e-09], [-6.535477936608913e-09, 9.855945393155707e-09], [-1.0818882678620412e-08, 1.1942376865192728e-08], [null, 1.1567831137426765e-08], [null, 8.723441524693953e-09], [-1.308747243911057e-08, 1.4792235880634053e-08], [-1.1216415352066633e-08, 1.2766633972205454e-08], [null, 1.2544551175608376e-08], [null, 1.0762426505550593e-08], [null, 8.939495366178107e-09], [-8.540522067335132e-09, 1.0717320364506122e-08], [null, 1.2568013296743175e-08], [-1.4610141541027133e-08, 1.595935472664678e-08], [-4.331178082850329e-09, 7.554956660271728e-09], [null, 6.8931065300148475e-09], [-4.677453979695656e-09, 7.552502623298096e-09], [null, 1.1801016164270095e-08], [-1.0380630577344618e-08, 1.3096500772746822e-08], [null, 1.0466776778628173e-08], [null, 1.2432519902461081e-08], [null, 1.0044582055002138e-08], [null, 9.514419474498936e-09], [null, 1.3112069652265745e-08]], "Extended_Source_Name": "                  ", "0FGL_Name": "                 ", "1FGL_Name": "                  ", "2FGL_Name": "                  ", "1FHL_Name": "                  ", "ASSOC_GAM1": "               ", "ASSOC_GAM2": "              ", "ASSOC_GAM3": "               ", "TEVCAT_FLAG": "N", "ASSOC_TEV": "                     ", "CLASS1": "     ", "ASSOC1": "                          ", "ASSOC2": "                          ", "Flags": 0, "source_id": 1264}