{"Source_Name": "3FGL J0823.3-4205c", "RAJ2000": 125.84819793701172, "DEJ2000": -42.092899322509766, "GLON": 259.78277587890625, "GLAT": -2.735826253890991, "Conf_68_SemiMajor": 0.040457312017679214, "Conf_68_SemiMinor": 0.035708509385585785, "Conf_68_PosAng": 62.709999084472656, "Conf_95_SemiMajor": 0.06560000032186508, "Conf_95_SemiMinor": 0.05790000036358833, "Conf_95_PosAng": 62.709999084472656, "ROI_num": 69, "Signif_Avg": 4.712921619415283, "Pivot_Energy": 6279.13525390625, "Flux_Density": 1.7562728411879037e-14, "Unc_Flux_Density": 4.417981551343292e-15, "Flux1000": 7.252641265331761e-10, "Unc_Flux1000": 2.2142750133458122e-10, "Energy_Flux100": 8.0560697002241e-12, "Unc_Energy_Flux100": 2.4607536060899937e-12, "Signif_Curve": 0.3445330262184143, "SpectrumType": "PowerLaw        ", "Spectral_Index": 2.0618700981140137, "Unc_Spectral_Index": 0.18606825172901154, "beta": null, "Unc_beta": null, "Cutoff": null, "Unc_Cutoff": null, "Exp_Index": null, "Unc_Exp_Index": null, "PowerLaw_Index": 2.0618700981140137, "Flux30_100": null, "Unc_Flux30_100": null, "nuFnu30_100": null, "Sqrt_TS30_100": null, "Flux100_300": 1.5561656852014494e-08, "Unc_Flux100_300": [null, 1.3593073333595385e-08], "nuFnu100_300": 3.716720507751514e-12, "Sqrt_TS100_300": 0.9864314794540405, "Flux300_1000": 2.141534061195216e-09, "Unc_Flux300_1000": [-1.7554779851991498e-09, 1.8189625361486605e-09], "nuFnu300_1000": 1.4596269071881496e-12, "Sqrt_TS300_1000": 1.2196424007415771, "Flux1000_3000": 5.547463599597791e-10, "Unc_Flux1000_3000": [-2.700615009398888e-10, 2.850802649501105e-10], "nuFnu1000_3000": 1.3249470964815657e-12, "Sqrt_TS1000_3000": 2.1043972969055176, "Flux3000_10000": 9.403438444577361e-11, "Unc_Flux3000_10000": [-4.867373518124829e-11, 5.802129957044322e-11], "nuFnu3000_10000": 6.40919609051771e-13, "Sqrt_TS3000_10000": 2.2379260063171387, "Flux10000_100000": 5.4637665919399225e-11, "Unc_Flux10000_100000": [-2.4095376735533414e-11, 3.0513109400276406e-11], "nuFnu10000_100000": 9.484910686724524e-13, "Sqrt_TS10000_100000": 3.3043088912963867, "Variability_Index": 50.07721710205078, "Signif_Peak": null, "Flux_Peak": null, "Unc_Flux_Peak": null, "Time_Peak": null, "Peak_Interval": null, "Flux_History": [0.0, 0.0, 1.5856501889288666e-08, 0.0, 3.4730863518461774e-08, 0.0, 4.875557024774935e-08, 1.5132711084220318e-08, 0.0, 1.908923685789432e-08, 3.165841988561624e-08, 0.0, 2.4510708129810155e-08, 9.17954423584888e-09, 0.0, 1.3344386040614609e-08, 1.2882535038727383e-08, 5.430011107421251e-09, 4.6616658977427505e-08, 2.4726803715680035e-08, 0.0, 0.0, 2.1139115347068582e-08, 0.0, 2.4876822379837904e-08, 0.0, 3.6724234320217874e-08, 0.0, 3.514010771255016e-08, 0.0, 6.292056653478539e-09, 0.0, 8.711613652678807e-09, 0.0, 8.091626035877653e-09, 5.1140265355797965e-09, 5.421539661654151e-09, 2.8860194234425762e-08, 1.0987517562455196e-08, 2.329228543374029e-08, 2.730695669583838e-08, 1.4500133538319915e-08, 0.0, 0.0, 0.0, 0.0, 0.0, 0.0], "Unc_Flux_History": [[null, 1.431008733732142e-08], [null, 1.8584415784062003e-08], [-1.1908599439891532e-08, 1.6927504731256704e-08], [null, 1.1945170186322684e-08], [-1.9587520938557645e-08, 2.220126127383537e-08], [null, 1.8019086667209194e-08], [-1.983804942540246e-08, 2.0343490447771728e-08], [null, 2.865071024871213e-08], [null, 1.9016177077446628e-08], [-1.441135033530827e-08, 2.1220579071723478e-08], [-2.036167146002299e-08, 2.2360708840096777e-08], [null, 1.3156509659495441e-08], [-1.4676706960869979e-08, 2.139916688292942e-08], [null, 1.81124217846218e-08], [null, 2.148003197532944e-08], [-1.1352750739490602e-08, 1.4961205607733064e-08], [null, 2.8539623997403396e-08], [null, 1.5523569985020913e-08], [-1.945490701871222e-08, 2.2838436919414562e-08], [-1.924316528345571e-08, 2.3130489523737197e-08], [null, 1.7656121897857702e-08], [null, 1.2470558807819998e-08], [-1.949091910091738e-08, 2.4190260461409707e-08], [null, 2.2376204000806865e-08], [-1.9842858023366716e-08, 2.2173884062226534e-08], [null, 1.34523414629939e-08], [-1.6819148740410128e-08, 2.0304756986888606e-08], [null, 1.2448158948075161e-08], [-2.2383765951872192e-08, 2.8048521727441766e-08], [null, 1.3624774197751321e-08], [null, 2.5001369863275613e-08], [null, 1.3254078723434759e-08], [-7.855415873336824e-09, 1.4047231822189588e-08], [null, 1.2513514668910375e-08], [null, 2.456131475980783e-08], [null, 1.9582278909524575e-08], [null, 1.4255543412389216e-08], [-1.961209505907391e-08, 2.4199689363513244e-08], [null, 1.9634725845207868e-08], [-2.0094613972787556e-08, 2.351655581378509e-08], [-1.5509236561683792e-08, 1.946533068064582e-08], [-9.93620385969507e-09, 1.7132041563172606e-08], [null, 1.6238606903584696e-08], [null, 1.7422456366489314e-08], [null, 2.6354957327612283e-08], [null, 1.4239010859284917e-08], [null, 2.4222012839913987e-08], [null, 2.6256831375803813e-08]], "Extended_Source_Name": "                  ", "0FGL_Name": "                 ", "1FGL_Name": "                  ", "2FGL_Name": "                  ", "1FHL_Name": "                  ", "ASSOC_GAM1": "               ", "ASSOC_GAM2": "              ", "ASSOC_GAM3": "               ", "TEVCAT_FLAG": "N", "ASSOC_TEV": "                     ", "CLASS1": "     ", "ASSOC1": "                          ", "ASSOC2": "                          ", "Flags": 32, "catalog_row_index": 931}