{"Source_Name": "3FGL J2359.3-3038 ", "RAJ2000": 359.8291015625, "DEJ2000": -30.646499633789062, "GLON": 12.706573486328125, "GLAT": -78.06986236572266, "Conf_68_SemiMajor": 0.03348829224705696, "Conf_68_SemiMinor": 0.03139141947031021, "Conf_68_PosAng": -6.679999828338623, "Conf_95_SemiMajor": 0.05429999902844429, "Conf_95_SemiMinor": 0.05090000107884407, "Conf_95_PosAng": -6.679999828338623, "ROI_num": 528, "Signif_Avg": 11.055235862731934, "Pivot_Energy": 2239.887939453125, "Flux_Density": 1.1999255755679172e-13, "Unc_Flux_Density": 1.6301365910343507e-14, "Flux1000": 5.943243674977339e-10, "Unc_Flux1000": 8.121960742846213e-11, "Energy_Flux100": 6.618738543351377e-12, "Unc_Energy_Flux100": 9.207047017151249e-13, "Signif_Curve": 0.5893841981887817, "SpectrumType": "PowerLaw        ", "Spectral_Index": 2.021590232849121, "Unc_Spectral_Index": 0.11544528603553772, "beta": null, "Unc_beta": null, "Cutoff": null, "Unc_Cutoff": null, "Exp_Index": null, "Unc_Exp_Index": null, "PowerLaw_Index": 2.021590232849121, "Flux30_100": null, "Unc_Flux30_100": null, "nuFnu30_100": null, "Sqrt_TS30_100": null, "Flux100_300": 7.705422966353126e-09, "Unc_Flux100_300": [-2.7230497856578495e-09, 2.812469146462604e-09], "nuFnu100_300": 1.847657877390718e-12, "Sqrt_TS100_300": 2.225155830383301, "Flux300_1000": 1.2295882090285204e-09, "Unc_Flux300_1000": [-3.8751138409232055e-10, 4.060674019257249e-10], "nuFnu300_1000": 8.42043448856522e-13, "Sqrt_TS300_1000": 3.401552438735962, "Flux1000_3000": 4.3722073184149224e-10, "Unc_Flux1000_3000": [-8.889936703448953e-11, 9.726358607409225e-11], "nuFnu1000_3000": 1.0483971546806914e-12, "Sqrt_TS1000_3000": 6.6092610359191895, "Flux3000_10000": 1.2679524097336525e-10, "Unc_Flux3000_10000": [-3.3178095687480536e-11, 3.9503768312076915e-11], "nuFnu3000_10000": 8.683159985305167e-13, "Sqrt_TS3000_10000": 6.162047863006592, "Flux10000_100000": 5.5734323406442243e-11, "Unc_Flux10000_100000": [-1.961114083626203e-11, 2.512511552976715e-11], "nuFnu10000_100000": 9.833647568111004e-13, "Sqrt_TS10000_100000": 6.002106666564941, "Variability_Index": 40.96702194213867, "Signif_Peak": null, "Flux_Peak": null, "Unc_Flux_Peak": null, "Time_Peak": null, "Peak_Interval": null, "Flux_History": [7.1200245699287734e-09, 9.773928333345339e-09, 2.8616877756348913e-09, 1.0643717018865573e-09, 0.0, 0.0, 1.6699122085128693e-08, 1.7590544132417563e-08, 1.5626723026684886e-08, 4.6514503360128856e-10, 4.808254683297264e-09, 1.0687334572878626e-08, 0.0, 3.1759788132745825e-09, 0.0, 1.2835484675122188e-08, 8.942867779637709e-09, 3.987966401552967e-09, 5.85280657272591e-10, 1.3086083328062159e-08, 0.0, 3.4575928786750865e-09, 1.6095670574145515e-08, 3.813005466923869e-09, 0.0, 7.69314745241445e-09, 7.57686624552889e-09, 4.492647587284182e-09, 2.7416413583836174e-09, 1.3172463120270095e-08, 5.94581717194842e-09, 2.4637702988883348e-09, 4.5670471848779925e-09, 1.0519673132591834e-08, 9.888198704288698e-09, 6.343742420256149e-09, 5.0796424844179455e-09, 1.502400870379006e-08, 4.4451442526849405e-09, 0.0, 1.0346909995462283e-08, 5.937930702692995e-10, 6.423280574097134e-09, 0.0, 1.1691685841697108e-08, 3.683715332769566e-09, 7.073835739390688e-09, 1.0599810806866117e-08], "Unc_Flux_History": [[-4.619202798039623e-09, 5.993214369226507e-09], [-5.757441190468171e-09, 6.923966733296538e-09], [null, 7.548665692524992e-09], [null, 6.2130287581396715e-09], [null, 6.7347403209794265e-09], [null, 7.85302756156625e-09], [-7.316742767216056e-09, 8.637022652635551e-09], [-7.037985749747122e-09, 8.470567358642711e-09], [-6.738436475473009e-09, 8.042121635298827e-09], [null, 9.004645029619951e-09], [-3.508036972021955e-09, 5.797284430286709e-09], [-6.062021551400676e-09, 7.974486848638662e-09], [null, 5.604543495962844e-09], [null, 7.401600665701835e-09], [null, 4.632727979014817e-09], [-6.068576308138063e-09, 7.940437640741038e-09], [-5.849875250873993e-09, 8.004506391046107e-09], [-3.3582416847366403e-09, 5.783541645598689e-09], [null, 8.432308185035708e-09], [-5.513348888541714e-09, 6.636502902779284e-09], [null, 7.545222224791814e-09], [null, 6.196339441544296e-09], [-6.963545740035215e-09, 8.627241143699393e-09], [null, 6.373957361915927e-09], [null, 7.241001132030078e-09], [-4.810216225337172e-09, 7.1233565712702784e-09], [-4.751426363469591e-09, 6.42391562166722e-09], [null, 8.096665560231031e-09], [null, 4.526475638755301e-09], [-6.370551197676377e-09, 7.989735095748074e-09], [-4.245504392486055e-09, 6.261594798218084e-09], [-2.1513422154839645e-09, 4.15693079958146e-09], [null, 9.271263756716053e-09], [-6.678845476670858e-09, 8.008659513336625e-09], [-6.216164027961213e-09, 9.007175449937677e-09], [-5.170549322031093e-09, 6.667066010379585e-09], [null, 9.648531751338396e-09], [-7.8086888066764e-09, 9.6877332822487e-09], [null, 7.042503913368137e-09], [null, 6.190506329772916e-09], [-4.845952528143016e-09, 5.909122080538509e-09], [null, 1.13639542220767e-08], [-3.830666450710396e-09, 5.2948139206421274e-09], [null, 8.928151551401697e-09], [-5.292502880394068e-09, 6.612885350421038e-09], [-2.864748438469178e-09, 5.083500287383913e-09], [-4.82417039648908e-09, 7.0080581338061165e-09], [-5.936037883458312e-09, 6.912876493458953e-09]], "Extended_Source_Name": "                  ", "0FGL_Name": "                 ", "1FGL_Name": "1FGL J2359.0-3035 ", "2FGL_Name": "2FGL J2359.0-3037 ", "1FHL_Name": "1FHL J2359.2-3037 ", "ASSOC_GAM1": "               ", "ASSOC_GAM2": "              ", "ASSOC_GAM3": "               ", "TEVCAT_FLAG": "P", "ASSOC_TEV": "H 2356-309           ", "CLASS1": "bll  ", "ASSOC1": "H 2356-309                ", "ASSOC2": "                          ", "Flags": 0, "source_id": 3032}