{"Source_Name": "3FHL J0050.7-0929 ", "RAJ2000": 12.682050704956055, "DEJ2000": -9.49457836151123, "GLON": 122.354248046875, "GLAT": -72.36553192138672, "Conf_95_SemiMajor": 0.022908927872776985, "Conf_95_SemiMinor": 0.022908927872776985, "Conf_95_PosAng": null, "ROI_num": 20, "Signif_Avg": 19.203330993652344, "Pivot_Energy": 17.01186752319336, "Flux_Density": 8.986487769202522e-12, "Unc_Flux_Density": 1.2375159490901622e-12, "Flux": 2.209069593916979e-10, "Unc_Flux": 3.040302384849092e-11, "Energy_Flux": 7.49205038286238e-12, "Unc_Energy_Flux": 1.4813842427047197e-12, "Signif_Curve": 2.149474620819092, "SpectrumType": "PowerLaw   ", "Spectral_Index": 2.2790393829345703, "Unc_Spectral_Index": 0.3379967212677002, "beta": 0.9996166229248047, "Unc_beta": 0.041708674281835556, "PowerLaw_Index": 2.8634397983551025, "Unc_PowerLaw_Index": 0.2634070813655853, "Flux_Band": [1.6303201844092285e-10, 5.234573885459781e-11, 4.243693504241142e-12, 5.086296052441092e-15, 1.2044761360661235e-17], "Unc_Flux_Band": [[-2.4862020428506604e-11, 2.7543991393264022e-11], [-1.3307030824472044e-11, 1.592845647047092e-11], [-3.002780966585017e-12, 5.72461479261821e-12], [null, 7.876679343488124e-12], [null, 6.354571382982677e-12]], "nuFnu": [5.050124381178467e-12, 2.6377884251860273e-12, 4.697741219465701e-13, 1.584179463228353e-15, 1.1337959515472437e-17], "Sqrt_TS_Band": [16.684585571289062, 9.982930183410645, 2.508626937866211, 0.0, 0.0], "Npred": 56.953636169433594, "HEP_Energy": 56.35879898071289, "HEP_Prob": 0.9929178953170776, "Variability_BayesBlocks": 1, "Extended_Source_Name": "                  ", "ASSOC_GAM": "3FGL J0050.6-0929 ", "TEVCAT_FLAG": "N", "ASSOC_TEV": "                     ", "CLASS": "BLL    ", "ASSOC1": "PKS 0048-09               ", "ASSOC2": "                          ", "ASSOC_PROB_BAY": 0.9999127984046936, "ASSOC_PROB_LR": 0.9983992576599121, "Redshift": 0.6349999904632568, "NuPeak_obs": 251188427620352.0, "catalog_row_index": 49}