{"Source_Name": "3FGL J2334.8+1432 ", "RAJ2000": 353.7236022949219, "DEJ2000": 14.53969955444336, "GLON": 96.5755386352539, "GLAT": -44.37957763671875, "Conf_68_SemiMajor": 0.021277090534567833, "Conf_68_SemiMinor": 0.01887185499072075, "Conf_68_PosAng": 51.7400016784668, "Conf_95_SemiMajor": 0.03449999913573265, "Conf_95_SemiMinor": 0.03060000017285347, "Conf_95_PosAng": 51.7400016784668, "ROI_num": 717, "Signif_Avg": 19.642024993896484, "Pivot_Energy": 2288.975341796875, "Flux_Density": 2.4477720740080644e-13, "Unc_Flux_Density": 2.0943821357104556e-14, "Flux1000": 1.2974887830807802e-09, "Unc_Flux1000": 1.123653392554047e-10, "Energy_Flux100": 1.520951420364014e-11, "Unc_Energy_Flux100": 1.48660142355872e-12, "Signif_Curve": 3.2897143363952637, "SpectrumType": "PowerLaw        ", "Spectral_Index": 1.8775426149368286, "Unc_Spectral_Index": 0.05873747915029526, "beta": null, "Unc_beta": null, "Cutoff": null, "Unc_Cutoff": null, "Exp_Index": null, "Unc_Exp_Index": null, "PowerLaw_Index": 1.8775426149368286, "Flux30_100": null, "Unc_Flux30_100": null, "nuFnu30_100": null, "Sqrt_TS30_100": null, "Flux100_300": 5.388702262187905e-10, "Unc_Flux100_300": [null, 2.6220077220528992e-09], "nuFnu100_300": 1.3106792669421996e-13, "Sqrt_TS100_300": 0.22142255306243896, "Flux300_1000": 2.4364044115543493e-09, "Unc_Flux300_1000": [-4.5351600252985236e-10, 4.718254120739118e-10], "nuFnu300_1000": 1.6971887220260107e-12, "Sqrt_TS300_1000": 5.968465805053711, "Flux1000_3000": 9.345647589142914e-10, "Unc_Flux1000_3000": [-1.245615971479097e-10, 1.3190826209097395e-10], "nuFnu1000_3000": 2.27311615710879e-12, "Sqrt_TS1000_3000": 10.497719764709473, "Flux3000_10000": 3.694685946076248e-10, "Unc_Flux3000_10000": [-5.546055975580444e-11, 6.038992916845842e-11], "nuFnu3000_10000": 2.5737018852917126e-12, "Sqrt_TS3000_10000": 13.134048461914062, "Flux10000_100000": 1.2312482977616668e-10, "Unc_Flux10000_100000": [-2.964742687461275e-11, 3.470105452985095e-11], "nuFnu10000_100000": 2.305130045177073e-12, "Sqrt_TS10000_100000": 9.6651611328125, "Variability_Index": 123.49909973144531, "Signif_Peak": 8.228046417236328, "Flux_Peak": 4.782382490020609e-08, "Unc_Flux_Peak": 1.0048950116470223e-08, "Time_Peak": 301135008.0, "Peak_Interval": 2630000.0, "Flux_History": [0.0, 5.1690633995349344e-09, 7.820554870363594e-09, 3.1423390556284403e-09, 4.324181457349141e-09, 0.0, 6.422885334700368e-09, 3.0585516341830044e-09, 7.270955393323675e-09, 0.0, 9.9582111445784e-09, 8.89837803441651e-09, 1.8039557403426443e-08, 1.7547534980622004e-08, 4.022473909515156e-09, 1.073589572797573e-08, 4.969582079183965e-09, 1.6963841886763475e-08, 1.78282650864503e-08, 1.99241227960556e-08, 6.300031163419817e-09, 1.1744273997749133e-08, 2.0199733441472745e-08, 4.782382490020609e-08, 1.867016763412721e-08, 1.569290475345042e-08, 2.4932673703403907e-09, 6.7683956217479135e-09, 6.708586575143727e-09, 0.0, 1.0685415219313654e-08, 1.1806575272998998e-08, 1.9870109113639955e-08, 4.207582904314222e-08, 1.676627547908538e-08, 2.5539495851489846e-08, 1.0480814438551533e-08, 0.0, 8.006555418660355e-09, 1.7773251759223285e-09, 7.210020580572518e-09, 1.750939482292324e-08, 0.0, 8.142412966094525e-09, 4.229746275452584e-10, 0.0, 0.0, 1.0396937533130313e-08], "Unc_Flux_History": [[null, 5.854685181105879e-09], [-3.5665788100658347e-09, 5.15536369150027e-09], [-4.803455411206414e-09, 5.9965068466283356e-09], [-2.1853712173225404e-09, 3.5068008497063374e-09], [null, 6.168804578265963e-09], [null, 3.6070890718775672e-09], [-3.5212404103646122e-09, 4.863184521752828e-09], [-2.7845439287688123e-09, 4.543364795495108e-09], [-5.1630091313370485e-09, 6.39334851726403e-09], [null, 3.64235686056702e-09], [-4.463625025152851e-09, 5.786070733648785e-09], [-3.9148608799166595e-09, 4.923960350566858e-09], [-6.019811316093637e-09, 7.024147929968194e-09], [-7.018076786380334e-09, 8.492051506436837e-09], [null, 7.034351767742919e-09], [-5.038662376222192e-09, 6.512940409209023e-09], [-4.105266793175133e-09, 5.896521049209014e-09], [-7.035210636274769e-09, 8.3138020912088e-09], [-6.719589773496182e-09, 8.17735035241185e-09], [-6.890633841294402e-09, 8.200166767835526e-09], [-4.275658493924084e-09, 5.7663314123601594e-09], [-5.186967744208459e-09, 6.513690475884459e-09], [-7.073388097467159e-09, 8.357187830654311e-09], [-1.0048950116470223e-08, 1.1067826655164481e-08], [-6.3817049422709715e-09, 7.669994417369708e-09], [-6.917925787774948e-09, 8.471710444268865e-09], [null, 6.78647227303486e-09], [-5.11999820318465e-09, 6.755479731168634e-09], [-4.788182739190461e-09, 6.339130553811856e-09], [null, 6.2651008825298504e-09], [-5.9648508354825935e-09, 7.1668213585951435e-09], [-4.962545485653891e-09, 6.365050264633965e-09], [-6.866676560690621e-09, 8.22740275907563e-09], [-8.409681839793848e-09, 9.314609528132678e-09], [-6.674583996613137e-09, 7.94297960737822e-09], [-7.644304744758301e-09, 8.85498518954364e-09], [-7.305102300847466e-09, 8.829788455955168e-09], [null, 7.298036841518751e-09], [-4.414324017432136e-09, 6.2331753092337294e-09], [null, 5.935936187029256e-09], [-5.298676164500193e-09, 6.859292689398444e-09], [-6.768650084865158e-09, 8.12397704663681e-09], [null, 6.381982942116338e-09], [-4.63745708501051e-09, 6.2766636332867165e-09], [null, 8.259794626042094e-09], [null, 6.06580163875492e-09], [null, 5.859417839815251e-09], [-5.263864899518467e-09, 6.912839189965325e-09]], "Extended_Source_Name": "                  ", "0FGL_Name": "                 ", "1FGL_Name": "1FGL J2334.7+1429 ", "2FGL_Name": "2FGL J2334.8+1431 ", "1FHL_Name": "1FHL J2334.7+1433 ", "ASSOC_GAM1": "               ", "ASSOC_GAM2": "              ", "ASSOC_GAM3": "               ", "TEVCAT_FLAG": "N", "ASSOC_TEV": "                     ", "CLASS1": "bll  ", "ASSOC1": "NVSS J233453+143214       ", "ASSOC2": "                          ", "Flags": 0, "catalog_row_index": 2982}