{"Source_Name": "3FGL J0221.8+6138c", "RAJ2000": 35.472900390625, "DEJ2000": 61.64139938354492, "GLON": 133.4564971923828, "GLAT": 0.6319488286972046, "Conf_68_SemiMajor": 0.067099928855896, "Conf_68_SemiMinor": 0.04508276656270027, "Conf_68_PosAng": -86.73999786376953, "Conf_95_SemiMajor": 0.1088000014424324, "Conf_95_SemiMinor": 0.0731000006198883, "Conf_95_PosAng": -86.73999786376953, "ROI_num": 1, "Signif_Avg": 4.66633415222168, "Pivot_Energy": 3022.228271484375, "Flux_Density": 1.083339757419928e-13, "Unc_Flux_Density": 2.3389654403289765e-14, "Flux1000": 1.1075566019869143e-09, "Unc_Flux1000": 2.44925996151224e-10, "Energy_Flux100": 1.492594416119264e-11, "Unc_Energy_Flux100": 4.089245869004499e-12, "Signif_Curve": 2.2494373321533203, "SpectrumType": "PowerLaw        ", "Spectral_Index": 2.4198193550109863, "Unc_Spectral_Index": 0.11806061863899231, "beta": null, "Unc_beta": null, "Cutoff": null, "Unc_Cutoff": null, "Exp_Index": null, "Unc_Exp_Index": null, "PowerLaw_Index": 2.4198193550109863, "Flux30_100": null, "Unc_Flux30_100": null, "nuFnu30_100": null, "Sqrt_TS30_100": null, "Flux100_300": 7.363515721649228e-13, "Unc_Flux100_300": [null, 3.0305589149293155e-08], "nuFnu100_300": 1.698752236638183e-16, "Sqrt_TS100_300": 0.0, "Flux300_1000": 1.00933261748537e-08, "Unc_Flux300_1000": [-3.5347134108576483e-09, 3.3555933587336995e-09], "nuFnu300_1000": 6.6008136456741084e-12, "Sqrt_TS300_1000": 2.929858446121216, "Flux1000_3000": 8.896453018714112e-10, "Unc_Flux1000_3000": [-3.193346975738365e-10, 3.330003772727963e-10], "nuFnu1000_3000": 2.0523988324833153e-12, "Sqrt_TS1000_3000": 2.894543409347534, "Flux3000_10000": 1.75903000498856e-10, "Unc_Flux3000_10000": [-6.062809976281613e-11, 6.761143034328398e-11], "nuFnu3000_10000": 1.1503671279444738e-12, "Sqrt_TS3000_10000": 3.424772024154663, "Flux10000_100000": 1.504363821014376e-11, "Unc_Flux10000_100000": [-1.1259715382294644e-11, 1.643981478727241e-11], "nuFnu10000_100000": 2.2799381198083946e-13, "Sqrt_TS10000_100000": 1.4780967235565186, "Variability_Index": 44.205081939697266, "Signif_Peak": null, "Flux_Peak": null, "Unc_Flux_Peak": null, "Time_Peak": null, "Peak_Interval": null, "Flux_History": [0.0, 2.98222673222881e-08, 0.0, 0.0, 5.6049409558056595e-09, 9.31806809489899e-08, 8.329187295430529e-08, 3.642761825517482e-08, 2.8992658940296678e-08, 1.25508190507162e-08, 0.0, 3.05580485360224e-08, 3.484017696564479e-08, 0.0, 8.670240525532336e-09, 6.74685480817061e-08, 1.6559845050778677e-07, 0.0, 9.966850456066823e-09, 7.949857661060378e-08, 8.133947915212048e-08, 0.0, 4.8554856135751834e-08, 0.0, 0.0, 3.7756045401238225e-08, 2.48786076184615e-08, 4.295176125879152e-08, 3.236236167936113e-09, 7.434249216231592e-09, 3.5329239977954785e-08, 6.128851026687698e-08, 1.1990981363396713e-07, 0.0, 6.268042795909423e-08, 5.0796657546925417e-08, 0.0, 6.526209261892291e-08, 6.648210870707771e-08, 7.65210028674801e-09, 3.0757000502035226e-08, 4.899136030189766e-08, 6.946184782918863e-08, 0.0, 0.0, 3.5448600499421445e-08, 7.301407123350145e-08, 0.0], "Unc_Flux_History": [[null, 4.803358422122983e-08], [null, 4.1115654880741204e-08], [null, 3.8728387607989134e-08], [null, 3.558455929919546e-08], [null, 5.390037216557175e-08], [-3.5998375835788465e-08, 3.899401335161201e-08], [-4.2020964485800505e-08, 4.73155559177485e-08], [null, 4.8733607371787e-08], [null, 4.532925856892689e-08], [null, 4.6043901136272325e-08], [null, 5.943153880139107e-08], [null, 3.708571583160847e-08], [-2.838589097109434e-08, 4.3406707561644e-08], [null, 2.9691122449548857e-08], [null, 4.938384989827682e-08], [-4.305983836161431e-08, 4.292407851380631e-08], [-4.484341786792356e-08, 4.2082152873490486e-08], [null, 4.560791211360993e-08], [null, 3.9442781485377054e-08], [-4.3843790820119466e-08, 5.172716299739477e-08], [-3.258283243212645e-08, 3.6155146432292895e-08], [null, 3.5592602642964266e-08], [-3.978477280952575e-08, 4.6248626262013204e-08], [null, 2.942108245918007e-08], [null, 5.370928590764379e-08], [-3.337699538974448e-08, 4.040663270643563e-08], [null, 4.9939711033175627e-08], [null, 4.612984128016251e-08], [null, 5.0064645762404325e-08], [null, 5.469356167964179e-08], [-2.7563903159943948e-08, 3.549425642290771e-08], [-4.031928568792864e-08, 4.3813045635943126e-08], [-4.4453987158021846e-08, 4.671921516319344e-08], [null, 4.533547226515111e-08], [-5.2057931299032134e-08, 4.813918152990482e-08], [-4.104816753169871e-08, 4.2367108932239717e-08], [null, 4.6177451196172115e-08], [-4.75713228809127e-08, 5.1601066530793105e-08], [-4.2220356988309504e-08, 5.003489533805805e-08], [null, 3.63542191905708e-08], [-2.680791943987515e-08, 3.2677125005875496e-08], [-3.894473010745969e-08, 4.085188365365866e-08], [-4.022607669185163e-08, 4.6293884281567443e-08], [null, 5.476736220089151e-08], [null, 3.6285999982510475e-08], [null, 3.6783852408461826e-08], [-3.476405296964913e-08, 3.54751037434653e-08], [null, 5.139728642689079e-08]], "Extended_Source_Name": "                  ", "0FGL_Name": "                 ", "1FGL_Name": "                  ", "2FGL_Name": "                  ", "1FHL_Name": "                  ", "ASSOC_GAM1": "               ", "ASSOC_GAM2": "              ", "ASSOC_GAM3": "               ", "TEVCAT_FLAG": "N", "ASSOC_TEV": "                     ", "CLASS1": "     ", "ASSOC1": "                          ", "ASSOC2": "                          ", "Flags": 48, "catalog_row_index": 276}