{"Source_Name": "3FHL J0322.6-3712e", "RAJ2000": 50.66999816894531, "DEJ2000": -37.209999084472656, "GLON": 240.16665649414062, "GLAT": -56.69290542602539, "Conf_95_SemiMajor": null, "Conf_95_SemiMinor": null, "Conf_95_PosAng": null, "ROI_num": 294, "Signif_Avg": 4.225207805633545, "Pivot_Energy": 22.638219833374023, "Flux_Density": 9.640511045710953e-13, "Unc_Flux_Density": 3.0981020158159234e-13, "Flux": 4.83880123469671e-11, "Unc_Flux": 1.5566263555921722e-11, "Energy_Flux": 2.5907969346261606e-12, "Unc_Energy_Flux": 1.2743377316923321e-12, "Signif_Curve": 1.5813926458358765, "SpectrumType": "PowerLaw   ", "Spectral_Index": 1.5911871194839478, "Unc_Spectral_Index": 0.6186092495918274, "beta": 0.8711903095245361, "Unc_beta": 0.5540223121643066, "PowerLaw_Index": 2.2738497257232666, "Unc_PowerLaw_Index": 0.36727213859558105, "Flux_Band": [2.480362269741132e-11, 1.680235638124028e-11, 6.631635778714395e-12, 1.8209367889104527e-19, 3.554374412625046e-19], "Unc_Flux_Band": [[-9.859398020228838e-12, 1.2364172186085653e-11], [-8.861801049919737e-12, 1.140992769016469e-11], [-3.802480465914249e-12, 6.032452749132888e-12], [null, 5.102698645564896e-12], [null, 5.7301867244230476e-12]], "nuFnu": [7.86138298555783e-13, 8.805499732145172e-13, 7.757464375729439e-13, 6.054368840292597e-20, 3.640245841471766e-19], "Sqrt_TS_Band": [3.594292402267456, 2.296325445175171, 3.1057074069976807, 0.0, 0.0], "Npred": 14.137296676635742, "HEP_Energy": 85.81410217285156, "HEP_Prob": 0.9620358943939209, "Variability_BayesBlocks": 1, "Extended_Source_Name": "Fornax A          ", "ASSOC_GAM": "3FGL J0322.5-3721 ", "TEVCAT_FLAG": "N", "ASSOC_TEV": "                     ", "CLASS": "RDG    ", "ASSOC1": "Fornax A                  ", "ASSOC2": "                          ", "ASSOC_PROB_BAY": null, "ASSOC_PROB_LR": null, "Redshift": null, "NuPeak_obs": null, "source_id": 216}