{"Source_Name": "3FGL J1951.8-1102 ", "RAJ2000": 297.968505859375, "DEJ2000": -11.033599853515625, "GLON": 29.690570831298828, "GLAT": -18.35873031616211, "Conf_68_SemiMajor": 0.08566341549158096, "Conf_68_SemiMinor": 0.06568145751953125, "Conf_68_PosAng": -89.33999633789062, "Conf_95_SemiMajor": 0.1388999968767166, "Conf_95_SemiMinor": 0.10649999976158142, "Conf_95_PosAng": -89.33999633789062, "ROI_num": 251, "Signif_Avg": 4.076980113983154, "Pivot_Energy": 2906.124755859375, "Flux_Density": 4.9958209905097764e-14, "Unc_Flux_Density": 1.310925956817758e-14, "Flux1000": 4.245333806718321e-10, "Unc_Flux1000": 1.121497339440225e-10, "Energy_Flux100": 4.729669780823009e-12, "Unc_Energy_Flux100": 1.2666453172785475e-12, "Signif_Curve": 2.146821975708008, "SpectrumType": "PowerLaw        ", "Spectral_Index": 2.104773998260498, "Unc_Spectral_Index": 0.16293282806873322, "beta": null, "Unc_beta": null, "Cutoff": null, "Unc_Cutoff": null, "Exp_Index": null, "Unc_Exp_Index": null, "PowerLaw_Index": 2.104773998260498, "Flux30_100": null, "Unc_Flux30_100": null, "nuFnu30_100": null, "Sqrt_TS30_100": null, "Flux100_300": 7.835516957488409e-12, "Unc_Flux100_300": [null, 8.006537655091961e-09], "nuFnu100_300": 1.863560998902449e-15, "Sqrt_TS100_300": 0.0, "Flux300_1000": 7.93179855129722e-10, "Unc_Flux300_1000": [null, 7.914720545620924e-10], "nuFnu300_1000": 5.379027843803452e-13, "Sqrt_TS300_1000": 0.9402848482131958, "Flux1000_3000": 3.006644100356226e-10, "Unc_Flux1000_3000": [-1.3713508106860672e-10, 1.4605203157991298e-10], "nuFnu1000_3000": 7.150855428628144e-13, "Sqrt_TS1000_3000": 2.393343210220337, "Flux3000_10000": 6.394263590836502e-11, "Unc_Flux3000_10000": [-3.199625633887315e-11, 3.8737055230164685e-11], "nuFnu3000_10000": 4.336333267289383e-13, "Sqrt_TS3000_10000": 2.3499231338500977, "Flux10000_100000": 2.553334453592182e-11, "Unc_Flux10000_100000": [-1.570490612556874e-11, 2.228910632451342e-11], "nuFnu10000_100000": 4.3573329081177115e-13, "Sqrt_TS10000_100000": 2.2465951442718506, "Variability_Index": 36.86972427368164, "Signif_Peak": null, "Flux_Peak": null, "Unc_Flux_Peak": null, "Time_Peak": null, "Peak_Interval": null, "Flux_History": [0.0, 5.799002167350409e-09, 4.925403196409661e-09, 0.0, 3.9237022519955644e-09, 0.0, 0.0, 0.0, 0.0, 0.0, 1.4080612231737177e-08, 7.292249915025195e-09, 1.744266420189433e-08, 0.0, 2.4306938684048873e-09, 0.0, 0.0, 1.4788276159194425e-09, 2.3807449345270015e-09, 3.118153513170796e-09, 2.6264913799423084e-08, 1.5479365345072438e-08, 8.055122791006397e-09, 0.0, 1.0102019665225725e-08, 2.8504552052055487e-09, 4.048535728884417e-09, 0.0, 1.1392677912169802e-08, 0.0, 1.8589911832123107e-08, 0.0, 3.0049571719814594e-09, 0.0, 1.71522032132998e-08, 2.391008813162898e-08, 0.0, 1.4219639687951258e-08, 3.1447817683272206e-09, 2.1090976076720835e-08, 0.0, 0.0, 7.541338220562466e-09, 1.1941473587739893e-08, 0.0, 2.0890885465973952e-08, 0.0, 0.0], "Unc_Flux_History": [[null, 9.497412634118518e-09], [-5.2026920549508304e-09, 8.86111894971009e-09], [-4.143299925374322e-09, 6.9221561815879795e-09], [null, 1.150603079480561e-08], [null, 9.40816669015021e-09], [null, 1.2596335530190572e-08], [null, 1.2730994036758148e-08], [null, 9.288740443480492e-09], [null, 1.0476995271346823e-08], [null, 1.3488081762602633e-08], [-1.0094554525608146e-08, 1.3236350682177545e-08], [null, 1.5528325292279987e-08], [-1.0672361661079321e-08, 1.2667109139385957e-08], [null, 1.7945721353385125e-08], [null, 9.287268731839049e-09], [null, 2.172518343002139e-08], [null, 1.2961644202391653e-08], [null, 1.7072013136498754e-08], [null, 1.0415726947599069e-08], [null, 9.793435395977212e-09], [-1.3404783061332637e-08, 1.6617486053860375e-08], [-8.369384296713633e-09, 1.0507685388461141e-08], [null, 1.5309533196727898e-08], [null, 1.3068860660325754e-08], [null, 1.4440159290529664e-08], [null, 1.4224207589563775e-08], [null, 1.3057952052974997e-08], [null, 8.870731704746504e-09], [null, 1.3659732012172299e-08], [null, 1.308178720904607e-08], [-1.0762203572767248e-08, 1.3173309554304069e-08], [null, 1.2098657187209483e-08], [null, 1.663583582001138e-08], [null, 7.783961919471949e-09], [-1.3070089899258619e-08, 1.5365014149892886e-08], [-1.0577461573291203e-08, 1.3114104469025278e-08], [null, 9.581509807787825e-09], [-8.103646642609874e-09, 1.0816411766256806e-08], [null, 1.6266916702534218e-08], [-1.1241380271087564e-08, 1.3161773004810584e-08], [null, 1.2016513117885097e-08], [null, 1.50135193166534e-08], [null, 1.2551938155525022e-08], [null, 1.7057823598065625e-08], [null, 9.417916224663259e-09], [-1.2409802074841991e-08, 1.3908658225147974e-08], [null, 1.6084245046954493e-08], [null, 1.456317377801497e-08]], "Extended_Source_Name": "                  ", "0FGL_Name": "                 ", "1FGL_Name": "                  ", "2FGL_Name": "                  ", "1FHL_Name": "                  ", "ASSOC_GAM1": "               ", "ASSOC_GAM2": "              ", "ASSOC_GAM3": "               ", "TEVCAT_FLAG": "N", "ASSOC_TEV": "                     ", "CLASS1": "     ", "ASSOC1": "                          ", "ASSOC2": "                          ", "Flags": 16, "source_id": 2549}