{"Source_Name": "3FGL J0333.6+0233 ", "RAJ2000": 53.41230010986328, "DEJ2000": 2.563499927520752, "GLON": 182.21449279785156, "GLAT": -40.93061828613281, "Conf_68_SemiMajor": 0.09065891057252884, "Conf_68_SemiMinor": 0.05686225742101669, "Conf_68_PosAng": -77.93000030517578, "Conf_95_SemiMajor": 0.1469999998807907, "Conf_95_SemiMinor": 0.09220000356435776, "Conf_95_PosAng": -77.93000030517578, "ROI_num": 372, "Signif_Avg": 5.360175609588623, "Pivot_Energy": 2619.402587890625, "Flux_Density": 5.343478209820368e-14, "Unc_Flux_Density": 1.1926860866116884e-14, "Flux1000": 3.639811507749613e-10, "Unc_Flux1000": 8.131591233695445e-11, "Energy_Flux100": 4.04358317662723e-12, "Unc_Energy_Flux100": 9.047499078054799e-13, "Signif_Curve": 0.3497123122215271, "SpectrumType": "PowerLaw        ", "Spectral_Index": 2.0710270404815674, "Unc_Spectral_Index": 0.16803337633609772, "beta": null, "Unc_beta": null, "Cutoff": null, "Unc_Cutoff": null, "Exp_Index": null, "Unc_Exp_Index": null, "PowerLaw_Index": 2.0710270404815674, "Flux30_100": null, "Unc_Flux30_100": null, "nuFnu30_100": null, "Sqrt_TS30_100": null, "Flux100_300": 2.6956652465770503e-09, "Unc_Flux100_300": [null, 3.34106342592122e-09], "nuFnu100_300": 6.432493968901165e-13, "Sqrt_TS100_300": 0.7079001665115356, "Flux300_1000": 1.022110396320386e-09, "Unc_Flux300_1000": [-4.93355134523199e-10, 5.172891559546144e-10], "nuFnu300_1000": 6.959014527824214e-13, "Sqrt_TS300_1000": 2.128499746322632, "Flux1000_3000": 1.7825442510943645e-10, "Unc_Flux1000_3000": [-8.602639434140968e-11, 9.706631332040416e-11], "nuFnu1000_3000": 4.2535717786548743e-13, "Sqrt_TS1000_3000": 2.2737364768981934, "Flux3000_10000": 1.2378678637681162e-10, "Unc_Flux3000_10000": [-3.68641193959629e-11, 4.310358320269714e-11], "nuFnu3000_10000": 8.427994630313962e-13, "Sqrt_TS3000_10000": 4.957665920257568, "Flux10000_100000": 1.544161847000236e-11, "Unc_Flux10000_100000": [-9.74226255223698e-12, 1.5358558175249115e-11], "nuFnu10000_100000": 2.6707992371519107e-13, "Sqrt_TS10000_100000": 2.1707921028137207, "Variability_Index": 38.33130645751953, "Signif_Peak": null, "Flux_Peak": null, "Unc_Flux_Peak": null, "Time_Peak": null, "Peak_Interval": null, "Flux_History": [1.1555659540363195e-08, 1.0234731284697318e-08, 2.2439945457364274e-09, 5.500463196028704e-09, 0.0, 2.352161843077738e-08, 3.9915692973124806e-09, 2.875244486943984e-09, 7.615150288131645e-09, 1.897488388635793e-08, 0.0, 0.0, 0.0, 0.0, 1.4538344750292254e-08, 2.5082014243338335e-09, 1.0055996924052124e-08, 0.0, 6.3710334785582745e-09, 1.8420700520493938e-09, 0.0, 9.96229676530902e-09, 1.1430699942138745e-08, 1.1175356640080736e-08, 0.0, 0.0, 0.0, 0.0, 0.0, 5.45249490002675e-09, 4.606664383288717e-09, 0.0, 1.2109707014928972e-08, 0.0, 0.0, 5.922653478762641e-09, 0.0, 2.084412464853358e-08, 8.579933208352486e-09, 7.503664356534046e-09, 9.253041000079065e-09, 9.184062399469894e-09, 1.0377076087308978e-08, 3.0434545994495465e-09, 6.505036065362901e-09, 0.0, 0.0, 0.0], "Unc_Flux_History": [[-8.408359342126914e-09, 1.0237735104112744e-08], [-7.3119719168346364e-09, 8.723298527968382e-09], [null, 6.292343091018893e-09], [-4.104025119744392e-09, 5.891888754661068e-09], [null, 9.97331639496224e-09], [-9.84255077440821e-09, 1.1142160971644444e-08], [null, 7.972559501467913e-09], [-2.2613235728385916e-09, 4.322719515670315e-09], [-5.152500204275157e-09, 7.080291020145069e-09], [-8.734954093370106e-09, 1.0296997920988815e-08], [null, 4.604514103334623e-09], [null, 9.675863665847828e-09], [null, 7.371616650431179e-09], [null, 8.46390513231654e-09], [-8.453317157375295e-09, 1.1089586138268714e-08], [null, 1.3814852373172926e-08], [null, 1.3728730152706703e-08], [null, 7.101195187431131e-09], [-4.967865230298685e-09, 7.884561448179284e-09], [null, 9.169479397996838e-09], [null, 1.3776103813256668e-08], [-6.3032903341309066e-09, 8.695532294211716e-09], [-6.695326959516024e-09, 8.969793796609338e-09], [-6.821509135335191e-09, 9.19254627973487e-09], [null, 8.492802905379904e-09], [null, 1.2323562614824368e-08], [null, 8.504347448479166e-09], [null, 9.502520548210214e-09], [null, 9.434157455245895e-09], [-4.283883914268927e-09, 6.627959958649399e-09], [null, 1.1607664163193476e-08], [null, 4.976664413902654e-09], [-1.1874393024413621e-08, 1.3877433424624996e-08], [null, 9.441284198885569e-09], [null, 7.396325329978026e-09], [null, 9.968176506447435e-09], [null, 8.628266101595727e-09], [-1.0453349297279146e-08, 1.2785014824601149e-08], [-5.928072255301231e-09, 8.380226290682913e-09], [-5.350188736485961e-09, 8.819558416917062e-09], [-6.5421090766903944e-09, 8.83964279552174e-09], [-6.921467843312712e-09, 9.48724832028347e-09], [-6.97398760962642e-09, 9.586252680549023e-09], [null, 1.030107021904314e-08], [-5.401774583191354e-09, 8.540721907479565e-09], [null, 1.0098963443283537e-08], [null, 9.55125134538548e-09], [null, 8.34845526043182e-09]], "Extended_Source_Name": "                  ", "0FGL_Name": "                 ", "1FGL_Name": "                  ", "2FGL_Name": "                  ", "1FHL_Name": "                  ", "ASSOC_GAM1": "               ", "ASSOC_GAM2": "              ", "ASSOC_GAM3": "               ", "TEVCAT_FLAG": "N", "ASSOC_TEV": "                     ", "CLASS1": "     ", "ASSOC1": "                          ", "ASSOC2": "                          ", "Flags": 0, "source_id": 408}