{"Source_Name": "3FGL J0734.3-7709 ", "RAJ2000": 113.57689666748047, "DEJ2000": -77.16089630126953, "GLON": 289.09735107421875, "GLAT": -24.06702995300293, "Conf_68_SemiMajor": 0.03293323516845703, "Conf_68_SemiMinor": 0.030589673668146133, "Conf_68_PosAng": -16.239999771118164, "Conf_95_SemiMajor": 0.05339999869465828, "Conf_95_SemiMinor": 0.04960000142455101, "Conf_95_PosAng": -16.239999771118164, "ROI_num": 757, "Signif_Avg": 17.206336975097656, "Pivot_Energy": 847.4517822265625, "Flux_Density": 2.6261835588126115e-12, "Unc_Flux_Density": 1.8880142132852995e-13, "Flux1000": 1.3898807660339685e-09, "Unc_Flux1000": 1.220083478692402e-10, "Energy_Flux100": 1.675034763670702e-11, "Unc_Energy_Flux100": 1.2226898096420746e-12, "Signif_Curve": 2.1934072971343994, "SpectrumType": "PowerLaw        ", "Spectral_Index": 2.290316581726074, "Unc_Spectral_Index": 0.05430745705962181, "beta": null, "Unc_beta": null, "Cutoff": null, "Unc_Cutoff": null, "Exp_Index": null, "Unc_Exp_Index": null, "PowerLaw_Index": 2.290316581726074, "Flux30_100": null, "Unc_Flux30_100": null, "nuFnu30_100": null, "Sqrt_TS30_100": null, "Flux100_300": 1.3047271707478103e-08, "Unc_Flux100_300": [-3.240840928953048e-09, 3.294732042746773e-09], "nuFnu100_300": 3.047601667555133e-12, "Sqrt_TS100_300": 4.092091083526611, "Flux300_1000": 6.397812502001443e-09, "Unc_Flux300_1000": [-6.505627148101212e-10, 6.636498017797976e-10], "nuFnu300_1000": 4.2463185745411636e-12, "Sqrt_TS300_1000": 10.977559089660645, "Flux1000_3000": 1.1449594605750235e-09, "Unc_Flux1000_3000": [-1.4759121702567768e-10, 1.5144074883011172e-10], "nuFnu1000_3000": 2.67441385877476e-12, "Sqrt_TS1000_3000": 10.034031867980957, "Flux3000_10000": 2.345887650800904e-10, "Unc_Flux3000_10000": [-4.898443109468964e-11, 5.4493125289933886e-11], "nuFnu3000_10000": 1.5569989958788555e-12, "Sqrt_TS3000_10000": 7.364604473114014, "Flux10000_100000": 3.621116601015828e-11, "Unc_Flux10000_100000": [-1.5645391232554928e-11, 2.078452167320055e-11], "nuFnu10000_100000": 5.753287386431327e-13, "Sqrt_TS10000_100000": 3.821171760559082, "Variability_Index": 124.02899932861328, "Signif_Peak": 7.612353324890137, "Flux_Peak": 8.635750958774224e-08, "Unc_Flux_Peak": 1.5616556936492998e-08, "Time_Peak": 309024992.0, "Peak_Interval": 2630000.0, "Flux_History": [1.8593359740748383e-08, 6.524314244416018e-08, 4.669774966714613e-08, 1.7741175639685025e-08, 4.7828230265167804e-08, 7.276489100149774e-08, 4.797648855969783e-08, 0.0, 3.193531483702827e-08, 3.170984541611688e-08, 1.89978397457935e-08, 0.0, 0.0, 0.0, 0.0, 2.2850510372762756e-09, 1.7200616042600814e-08, 1.5516079532318372e-09, 8.692137676291622e-09, 5.431467187122507e-08, 3.8097606847031784e-08, 3.422609040626412e-08, 7.79186493105044e-09, 3.1332273664474997e-08, 5.836865213382225e-08, 5.209655640214805e-08, 8.635750958774224e-08, 6.35079331345878e-08, 5.802010250022249e-08, 1.2713239350148342e-08, 2.5268796832733642e-08, 6.030126087352983e-08, 4.801137620802365e-08, 2.5770424016968718e-08, 9.738519324287154e-09, 1.6422870174892523e-08, 1.1836763569306186e-08, 1.743141631038725e-08, 2.6604210390246408e-08, 2.1368036229318932e-08, 1.4812137294484273e-08, 2.4435506063014145e-08, 4.684567844748244e-09, 2.2033589175407542e-08, 3.2078215639330665e-08, 3.170764273363602e-08, 2.3242774815912526e-08, 1.825341300332184e-08], "Unc_Flux_History": [[-1.3785859565018654e-08, 1.6827033988420226e-08], [-1.8525136979974377e-08, 1.9996424072132868e-08], [-1.6433650884550843e-08, 1.8130007717331864e-08], [-1.4785886293111616e-08, 1.6678740166753414e-08], [-1.6907302224922205e-08, 1.8557061665092078e-08], [-1.8671519441681994e-08, 2.0291079039225224e-08], [-1.77313594917905e-08, 1.9215169899666762e-08], [null, 1.7449044875661457e-08], [-1.4481761567708418e-08, 1.6511807032770776e-08], [-1.5517546358978507e-08, 1.806334459786285e-08], [-1.5906090666817363e-08, 1.77794561295741e-08], [null, 1.4176142038024864e-08], [null, 1.3113021779531664e-08], [null, 9.11861874897113e-09], [null, 9.618319474213877e-09], [null, 1.0438583331051632e-08], [-1.2827902295953209e-08, 1.4069124532056776e-08], [null, 1.3198961035243428e-08], [null, 1.2227236112494211e-08], [-1.4013289195702328e-08, 1.5138180486928832e-08], [-1.3700289791529485e-08, 1.5137022302269543e-08], [-1.4139618365049955e-08, 1.544165506572881e-08], [null, 1.1483320072613878e-08], [-1.1632144136797251e-08, 1.3283549371578829e-08], [-1.3311126423332098e-08, 1.451178555100796e-08], [-1.4726126984498933e-08, 1.6075940578730297e-08], [-1.5616556936492998e-08, 1.665200599632044e-08], [-1.5187936242000433e-08, 1.6162877258807384e-08], [-1.4388114699670496e-08, 1.5402211062109927e-08], [-9.666999645219221e-09, 1.1336315886012471e-08], [-1.3055088565749884e-08, 1.4866243347455566e-08], [-1.6015651027601052e-08, 1.7223326764792546e-08], [-1.5399464814436215e-08, 1.707080876656164e-08], [-1.181524833526737e-08, 1.3565824907857404e-08], [null, 1.2679296723661082e-08], [-8.440491860994825e-09, 9.991437899259381e-09], [-1.042783903670852e-08, 1.2077987499026221e-08], [-1.2577850760919773e-08, 1.4306927198504127e-08], [-1.1111033870747633e-08, 1.2139492078233616e-08], [-1.3122765096795774e-08, 1.4074271525998938e-08], [-1.1048498116394967e-08, 1.2712693120420226e-08], [-1.1868309890417095e-08, 1.3369569451526786e-08], [null, 1.0915929493648946e-08], [-1.0044569620504262e-08, 1.1931700960587932e-08], [-1.1827743229275711e-08, 1.3423798961298417e-08], [-1.0592686727761702e-08, 1.2011520666987963e-08], [-1.1453540338379753e-08, 1.3312297930667683e-08], [-1.0901898939152943e-08, 1.307689867502404e-08]], "Extended_Source_Name": "                  ", "0FGL_Name": "                 ", "1FGL_Name": "1FGL J0734.1-7715 ", "2FGL_Name": "2FGL J0734.2-7706 ", "1FHL_Name": "1FHL J0735.0-7708 ", "ASSOC_GAM1": "               ", "ASSOC_GAM2": "              ", "ASSOC_GAM3": "               ", "TEVCAT_FLAG": "N", "ASSOC_TEV": "                     ", "CLASS1": "bcu  ", "ASSOC1": "PKS 0736-770              ", "ASSOC2": "                          ", "Flags": 0, "source_id": 835}