{"Source_Name": "3FGL J0421.6+1950 ", "RAJ2000": 65.4041976928711, "DEJ2000": 19.846900939941406, "GLON": 175.91635131835938, "GLAT": -20.749164581298828, "Conf_68_SemiMajor": 0.07289716601371765, "Conf_68_SemiMinor": 0.06586647033691406, "Conf_68_PosAng": 58.849998474121094, "Conf_95_SemiMajor": 0.11819999665021896, "Conf_95_SemiMinor": 0.10679999738931656, "Conf_95_PosAng": 58.849998474121094, "ROI_num": 510, "Signif_Avg": 6.103076457977295, "Pivot_Energy": 1118.3623046875, "Flux_Density": 6.235552438976777e-13, "Unc_Flux_Density": 1.070792353440389e-13, "Flux1000": 6.069242330930535e-10, "Unc_Flux1000": 1.1262847599002868e-10, "Energy_Flux100": 7.54105892314394e-12, "Unc_Energy_Flux100": 1.3033032769324548e-12, "Signif_Curve": 1.8665771484375, "SpectrumType": "PowerLaw        ", "Spectral_Index": 2.331000328063965, "Unc_Spectral_Index": 0.1120087131857872, "beta": null, "Unc_beta": null, "Cutoff": null, "Unc_Cutoff": null, "Exp_Index": null, "Unc_Exp_Index": null, "PowerLaw_Index": 2.331000328063965, "Flux30_100": null, "Unc_Flux30_100": null, "nuFnu30_100": null, "Sqrt_TS30_100": null, "Flux100_300": 6.687585596409917e-09, "Unc_Flux100_300": [-4.022024935323998e-09, 4.047078228097689e-09], "nuFnu100_300": 1.555987218411492e-12, "Sqrt_TS100_300": 1.6878749132156372, "Flux300_1000": 2.834389611905408e-09, "Unc_Flux300_1000": [-7.746321362134267e-10, 7.888896758068142e-10], "nuFnu300_1000": 1.8724661578206625e-12, "Sqrt_TS300_1000": 3.7978851795196533, "Flux1000_3000": 4.945558407243311e-10, "Unc_Flux1000_3000": [-1.4930096048360042e-10, 1.5911238993027155e-10], "nuFnu1000_3000": 1.1506733066379837e-12, "Sqrt_TS1000_3000": 3.6544482707977295, "Flux3000_10000": 1.2652701109061582e-10, "Unc_Flux3000_10000": [-4.168412143235045e-11, 4.788991425641598e-11], "nuFnu3000_10000": 8.358678874921532e-13, "Sqrt_TS3000_10000": 4.199944019317627, "Flux10000_100000": 7.124047445711268e-12, "Unc_Flux10000_100000": [null, 1.914310723827306e-11], "nuFnu10000_100000": 1.1149378132974813e-13, "Sqrt_TS10000_100000": 0.9335246086120605, "Variability_Index": 47.075748443603516, "Signif_Peak": null, "Flux_Peak": null, "Unc_Flux_Peak": null, "Time_Peak": null, "Peak_Interval": null, "Flux_History": [1.5681957066249197e-08, 8.014517938192967e-09, 3.46195498934776e-08, 1.641721780742955e-08, 5.154113225103174e-08, 0.0, 1.627896217826219e-08, 4.332459369038588e-08, 1.2653598169265479e-08, 5.2673811978820595e-09, 5.005742931274426e-09, 3.422271888098294e-08, 1.3526925357609798e-08, 6.2346647844435665e-09, 2.5458961161461957e-08, 7.71598696047704e-09, 2.8733335710739993e-08, 1.6340608866016737e-08, 4.018733079647063e-08, 1.9329624123543e-08, 1.7819212771996717e-08, 2.433958457004337e-08, 0.0, 0.0, 1.64156510606972e-08, 2.566024059902361e-09, 2.9297716253040562e-08, 1.9723490396472698e-08, 3.3047660163987302e-09, 0.0, 5.286791893155396e-09, 0.0, 0.0, 1.664113291610647e-08, 1.892817280690906e-08, 0.0, 0.0, 3.142873072903285e-09, 1.6393769897149468e-08, 2.363041140540645e-08, 1.1505523644927962e-08, 0.0, 6.473864555545106e-09, 0.0, 1.6538794778142574e-09, 3.7897617488624746e-08, 5.600816521678098e-08, 1.680447958563036e-08], "Unc_Flux_History": [[-1.1230156360397814e-08, 1.3956883648802432e-08], [null, 1.4003393111750029e-08], [-1.6874077246598063e-08, 1.8719507721698392e-08], [-1.379997183192927e-08, 1.5280541276752047e-08], [-1.7107051775155924e-08, 1.8846359139956803e-08], [null, 1.4300375994480419e-08], [-1.524548842724016e-08, 1.7170490806961425e-08], [-1.765266333109139e-08, 1.980330210926695e-08], [null, 1.5354919113974574e-08], [null, 1.7715528599637764e-08], [null, 1.5029058886284474e-08], [-1.4735038078583784e-08, 1.7034842869634303e-08], [null, 1.6405397929020182e-08], [null, 1.8863030248894574e-08], [-1.5847803069846123e-08, 1.939688587526689e-08], [null, 2.2241625430297063e-08], [-1.5783674811586934e-08, 1.9121353389550677e-08], [-1.4360252542644503e-08, 1.685711481513863e-08], [-1.6891933185547714e-08, 1.8910537136207495e-08], [-1.747252120765097e-08, 1.9659918137904242e-08], [-1.23790906414456e-08, 1.638366065037644e-08], [-1.90000264410628e-08, 2.106125229772715e-08], [null, 1.78952657137188e-08], [null, 1.521569181761606e-08], [null, 1.919746317469162e-08], [null, 1.648166936263351e-08], [-1.7797034956856805e-08, 2.0464185013224778e-08], [-1.77229466657991e-08, 1.9039145371380073e-08], [null, 1.514606218222525e-08], [null, 1.7878276636906776e-08], [null, 1.62128905856207e-08], [null, 1.414197203786216e-08], [null, 1.2640496649396482e-08], [-1.588264275653728e-08, 1.8942452939541e-08], [null, 1.946701821964325e-08], [null, 1.3458993919357454e-08], [null, 1.6790856705029e-08], [null, 1.5955128773725846e-08], [-1.60994435560724e-08, 1.9118814975627174e-08], [-1.8175091653915842e-08, 1.9555539410021083e-08], [-1.0258801808049611e-08, 1.4880283671914185e-08], [null, 1.3195228909523848e-08], [null, 1.708408170486564e-08], [null, 1.195555210387056e-08], [null, 1.8517850364219157e-08], [-1.9009203100495142e-08, 2.2019072787315963e-08], [-1.9837584019910537e-08, 2.140012256290902e-08], [-1.1432295998758946e-08, 1.4492554711864614e-08]], "Extended_Source_Name": "                  ", "0FGL_Name": "                 ", "1FGL_Name": "                  ", "2FGL_Name": "                  ", "1FHL_Name": "                  ", "ASSOC_GAM1": "               ", "ASSOC_GAM2": "              ", "ASSOC_GAM3": "               ", "TEVCAT_FLAG": "N", "ASSOC_TEV": "                     ", "CLASS1": "     ", "ASSOC1": "                          ", "ASSOC2": "                          ", "Flags": 0, "catalog_row_index": 484}