{"Source_Name": "3FGL J1115.0-0701 ", "RAJ2000": 168.76100158691406, "DEJ2000": -7.027599811553955, "GLON": 265.10992431640625, "GLAT": 48.63636016845703, "Conf_68_SemiMajor": 0.03336494788527489, "Conf_68_SemiMinor": 0.03126807510852814, "Conf_68_PosAng": -1.3799999952316284, "Conf_95_SemiMajor": 0.054099999368190765, "Conf_95_SemiMinor": 0.050700001418590546, "Conf_95_PosAng": -1.3799999952316284, "ROI_num": 393, "Signif_Avg": 10.010913848876953, "Pivot_Energy": 1946.8802490234375, "Flux_Density": 1.7002252470504908e-13, "Unc_Flux_Density": 2.413588873575491e-14, "Flux1000": 6.212848568942775e-10, "Unc_Flux1000": 8.933482426032313e-11, "Energy_Flux100": 6.9254216077119235e-12, "Unc_Energy_Flux100": 9.840993037829593e-13, "Signif_Curve": 0.056767821311950684, "SpectrumType": "PowerLaw        ", "Spectral_Index": 2.1085550785064697, "Unc_Spectral_Index": 0.11113139986991882, "beta": null, "Unc_beta": null, "Cutoff": null, "Unc_Cutoff": null, "Exp_Index": null, "Unc_Exp_Index": null, "PowerLaw_Index": 2.1085550785064697, "Flux30_100": null, "Unc_Flux30_100": null, "nuFnu30_100": null, "Sqrt_TS30_100": null, "Flux100_300": 7.14586168015785e-09, "Unc_Flux100_300": [-3.3373890317989208e-09, 3.3701113011375128e-09], "nuFnu100_300": 1.6989073993098347e-12, "Sqrt_TS100_300": 2.173614025115967, "Flux300_1000": 1.8838062221249174e-09, "Unc_Flux300_1000": [-4.93717344784983e-10, 5.223981802693345e-10], "nuFnu300_1000": 1.276956730460188e-12, "Sqrt_TS300_1000": 4.061729431152344, "Flux1000_3000": 3.999724995651377e-10, "Unc_Flux1000_3000": [-9.67399632623156e-11, 1.063371682374914e-10], "nuFnu1000_3000": 9.509227173049029e-13, "Sqrt_TS1000_3000": 5.181232452392578, "Flux3000_10000": 1.608757987936471e-10, "Unc_Flux3000_10000": [-3.975534138001002e-11, 4.57759039007577e-11], "nuFnu3000_10000": 1.0905125543900218e-12, "Sqrt_TS3000_10000": 6.563178539276123, "Flux10000_100000": 4.238329825989595e-11, "Unc_Flux10000_100000": [-1.738070798396052e-11, 2.2892066714463866e-11], "nuFnu10000_100000": 7.22199698047904e-13, "Sqrt_TS10000_100000": 5.348095417022705, "Variability_Index": 86.88784790039062, "Signif_Peak": 4.674513339996338, "Flux_Peak": 4.925584207171596e-08, "Unc_Flux_Peak": 1.4411230431221611e-08, "Time_Peak": 314284992.0, "Peak_Interval": 2630000.0, "Flux_History": [0.0, 0.0, 0.0, 7.380811961610334e-09, 2.77867151510236e-09, 0.0, 7.467658491577822e-09, 0.0, 5.818833859194683e-09, 0.0, 0.0, 7.594207040995116e-09, 9.92118653897478e-09, 2.2437870228486645e-08, 0.0, 0.0, 0.0, 8.901954728912642e-09, 1.5827561483661157e-08, 6.684580444726862e-09, 5.279475079333906e-09, 1.0218506041326236e-08, 1.3940867349404584e-09, 4.913672801976077e-10, 6.520167183943215e-10, 7.752937847271824e-09, 2.627887685235919e-09, 0.0, 4.925584207171596e-08, 4.1022857999450935e-08, 3.295332362540648e-08, 1.535119587003919e-08, 7.561721027116164e-09, 6.377980366067959e-09, 7.03422964321021e-09, 2.6838774758175532e-08, 1.664123061573264e-08, 0.0, 1.1030175883774973e-08, 1.9771935200196822e-08, 1.7571904820101736e-08, 0.0, 0.0, 3.098235268339522e-08, 0.0, 3.0875831669163745e-08, 3.3391167608698424e-09, 0.0], "Unc_Flux_History": [[null, 9.37884347962381e-09], [null, 8.176396448789092e-09], [null, 8.18096257404477e-09], [-4.608123216343074e-09, 6.670366925476401e-09], [null, 8.660608230570688e-09], [null, 1.0391978833013127e-08], [-5.386134649398855e-09, 7.3155494995091885e-09], [null, 1.077798650328532e-08], [-3.980588747509728e-09, 6.069674096664812e-09], [null, 7.05493485853026e-09], [null, 7.157537229574018e-09], [-6.191311907599584e-09, 7.824140446643923e-09], [-8.66747473793339e-09, 9.955329005606472e-09], [-9.272429934981119e-09, 1.109682568056769e-08], [null, 9.13206665842381e-09], [null, 5.575516048850204e-09], [null, 1.2820567718563325e-08], [-6.369639926617765e-09, 8.563052489307665e-09], [-7.073761132403433e-09, 9.116671861875147e-09], [null, 1.0802860828107441e-08], [-3.4468967680112428e-09, 5.521905599437105e-09], [-6.312243172601484e-09, 9.058035210784965e-09], [null, 8.49666470514876e-09], [null, 1.0445650566737186e-08], [null, 1.1224434715018106e-08], [-7.204360219503769e-09, 1.09947899673557e-08], [null, 1.1134280164526444e-08], [null, 5.918516787772887e-09], [-1.4411230431221611e-08, 1.6139535929937665e-08], [-1.037283592353333e-08, 1.167080032615786e-08], [-1.1266454436054119e-08, 1.324516230027939e-08], [-9.4012051476966e-09, 1.1033772118196339e-08], [null, 1.057442045038215e-08], [-5.601375363539773e-09, 8.944810225841593e-09], [null, 1.0563974583988056e-08], [-1.0774990677475671e-08, 1.305897789904975e-08], [-8.72454553046964e-09, 1.1086647155877927e-08], [null, 1.0775641712257311e-08], [-7.70935226768188e-09, 9.719885341041845e-09], [-7.897540399426362e-09, 9.113888310707807e-09], [-7.537951596248149e-09, 9.493239083724347e-09], [null, 7.823925507466356e-09], [null, 1.1747784967042207e-08], [-1.279748129690006e-08, 1.4536094994355153e-08], [null, 1.2701411478133195e-08], [-1.288455653281062e-08, 1.4268344727952353e-08], [null, 1.2414586691988916e-08], [null, 9.084223151489823e-09]], "Extended_Source_Name": "                  ", "0FGL_Name": "                 ", "1FGL_Name": "                  ", "2FGL_Name": "2FGL J1115.0-0701 ", "1FHL_Name": "1FHL J1115.0-0701 ", "ASSOC_GAM1": "               ", "ASSOC_GAM2": "              ", "ASSOC_GAM3": "               ", "TEVCAT_FLAG": "N", "ASSOC_TEV": "                     ", "CLASS1": "     ", "ASSOC1": "                          ", "ASSOC2": "                          ", "Flags": 0, "source_id": 1320}