{"Source_Name": "3FGL J1236.6-7050 ", "RAJ2000": 189.1573944091797, "DEJ2000": -70.84639739990234, "GLON": 301.7064514160156, "GLAT": -8.009949684143066, "Conf_68_SemiMajor": 0.06506472826004028, "Conf_68_SemiMinor": 0.05606050789356232, "Conf_68_PosAng": 61.220001220703125, "Conf_95_SemiMajor": 0.1054999977350235, "Conf_95_SemiMinor": 0.0908999964594841, "Conf_95_PosAng": 61.220001220703125, "ROI_num": 148, "Signif_Avg": 5.372826099395752, "Pivot_Energy": 2018.47705078125, "Flux_Density": 1.3524068204293777e-13, "Unc_Flux_Density": 2.7595547374970053e-14, "Flux1000": 5.260066826551224e-10, "Unc_Flux1000": 1.0759226148904233e-10, "Energy_Flux100": 6.043623500956441e-12, "Unc_Energy_Flux100": 1.2677589013299073e-12, "Signif_Curve": 0.3818717300891876, "SpectrumType": "PowerLaw        ", "Spectral_Index": 2.2077085971832275, "Unc_Spectral_Index": 0.13906605541706085, "beta": null, "Unc_beta": null, "Cutoff": null, "Unc_Cutoff": null, "Exp_Index": null, "Unc_Exp_Index": null, "PowerLaw_Index": 2.2077085971832275, "Flux30_100": null, "Unc_Flux30_100": null, "nuFnu30_100": null, "Sqrt_TS30_100": null, "Flux100_300": 8.54339793354697e-11, "Unc_Flux100_300": [null, 6.016474429770824e-09], "nuFnu100_300": 2.0116105843245337e-14, "Sqrt_TS100_300": 0.0, "Flux300_1000": 1.9406170004288015e-09, "Unc_Flux300_1000": [-7.334198803832237e-10, 7.554701864087576e-10], "nuFnu300_1000": 1.3003592343532877e-12, "Sqrt_TS300_1000": 2.6998143196105957, "Flux1000_3000": 4.4154649381233924e-10, "Unc_Flux1000_3000": [-1.4311858642646058e-10, 1.520745473992946e-10], "nuFnu1000_3000": 1.0396560999256788e-12, "Sqrt_TS1000_3000": 3.333116292953491, "Flux3000_10000": 7.747583130601754e-11, "Unc_Flux3000_10000": [-3.3990199543865174e-11, 4.002463985242066e-11], "nuFnu3000_10000": 5.191463036367805e-13, "Sqrt_TS3000_10000": 2.7785658836364746, "Flux10000_100000": 2.8224634435192186e-11, "Unc_Flux10000_100000": [-1.44053102779651e-11, 2.013987240867543e-11], "nuFnu10000_100000": 4.626929265075241e-13, "Sqrt_TS10000_100000": 3.0558128356933594, "Variability_Index": 51.689239501953125, "Signif_Peak": null, "Flux_Peak": null, "Unc_Flux_Peak": null, "Time_Peak": null, "Peak_Interval": null, "Flux_History": [0.0, 1.2381762282132058e-08, 0.0, 0.0, 5.194705110511677e-09, 1.3312965840839297e-08, 4.01351885059853e-09, 3.531791303856835e-09, 7.3323342952846815e-09, 2.907439622390484e-08, 4.604638004224171e-09, 1.2168646534860272e-08, 2.1781820791488826e-08, 4.992704916162438e-09, 0.0, 1.3321067582339197e-09, 5.232161370827271e-08, 0.0, 2.6897704064055006e-09, 1.9108231441578027e-08, 4.186056834498686e-09, 0.0, 2.080624383893337e-08, 6.4437197799804835e-09, 8.533915796249403e-09, 9.684745228000224e-10, 0.0, 6.76763667328828e-09, 0.0, 0.0, 0.0, 0.0, 1.4433382489187352e-08, 0.0, 2.910093721553153e-09, 2.089100448188219e-08, 3.4811808546919565e-08, 1.1504382335658647e-08, 2.118369302195333e-08, 0.0, 1.9853104049616377e-08, 1.595384269137412e-09, 2.9782436072878227e-08, 0.0, 9.824360880372751e-09, 0.0, 1.8169902915587954e-08, 3.883534382964626e-09], "Unc_Flux_History": [[null, 1.0620695434226946e-08], [-9.482199914145895e-09, 1.1990523240967832e-08], [null, 1.2184127484715646e-08], [null, 1.293259987988904e-08], [null, 1.4176056772896573e-08], [null, 1.562437290658636e-08], [null, 1.2577499930443992e-08], [null, 1.9555898234102642e-08], [null, 1.6856985141089353e-08], [-1.5118088114718375e-08, 1.7215178615970217e-08], [null, 1.852211006792004e-08], [null, 1.3769325235557517e-08], [-1.4248502822056253e-08, 1.6550661285918977e-08], [null, 1.2299349094746503e-08], [null, 1.0480549761382463e-08], [null, 1.3075104554616246e-08], [-1.5555849941506494e-08, 1.639068258896259e-08], [null, 7.683068403707694e-09], [null, 1.3653990826867357e-08], [-1.2463577725441155e-08, 1.4755676680522356e-08], [null, 1.1173869829406158e-08], [null, 1.263149940200492e-08], [-1.0798401284262127e-08, 1.2612882294149586e-08], [null, 1.1101547237046816e-08], [-8.364826165063732e-09, 1.1853738435263494e-08], [null, 1.2932482640337639e-08], [null, 1.634403723471678e-08], [null, 1.1865643578801155e-08], [null, 1.2942395599679912e-08], [null, 9.630593211795713e-09], [null, 1.3810913301881556e-08], [null, 1.0466237654327415e-08], [-8.207286406047842e-09, 1.0988803644806922e-08], [null, 1.231612412055938e-08], [null, 1.0191450350305331e-08], [-1.3376064700310053e-08, 1.6049467532752715e-08], [-1.2629619128290415e-08, 1.4139649451294645e-08], [-1.0243732972980979e-08, 1.3337346338460065e-08], [-1.2047507880197372e-08, 1.3611326288298642e-08], [null, 9.709407500224643e-09], [-1.1428099355725863e-08, 1.3847637703179316e-08], [null, 1.1288559420563615e-08], [-1.3496664230672195e-08, 1.5212304305123325e-08], [null, 9.94455628955393e-09], [null, 1.2049792275092841e-08], [null, 1.0651953985529872e-08], [-1.3672709187062537e-08, 1.5145461773613533e-08], [null, 1.3739546389501811e-08]], "Extended_Source_Name": "                  ", "0FGL_Name": "                 ", "1FGL_Name": "                  ", "2FGL_Name": "                  ", "1FHL_Name": "                  ", "ASSOC_GAM1": "               ", "ASSOC_GAM2": "              ", "ASSOC_GAM3": "               ", "TEVCAT_FLAG": "N", "ASSOC_TEV": "                     ", "CLASS1": "     ", "ASSOC1": "                          ", "ASSOC2": "                          ", "Flags": 1, "catalog_row_index": 1509}