{"Source_Name": "3FGL J1015.0+4925 ", "RAJ2000": 153.77110290527344, "DEJ2000": 49.43259811401367, "GLON": 165.53396606445312, "GLAT": 52.71513366699219, "Conf_68_SemiMajor": 0.007709091063588858, "Conf_68_SemiMinor": 0.007400727365165949, "Conf_68_PosAng": -11.529999732971191, "Conf_95_SemiMajor": 0.012500000186264515, "Conf_95_SemiMinor": 0.012000000104308128, "Conf_95_PosAng": -11.529999732971191, "ROI_num": 332, "Signif_Avg": 84.57476806640625, "Pivot_Energy": 1301.9000244140625, "Flux_Density": 3.861268509791627e-12, "Unc_Flux_Density": 9.042769923703689e-14, "Flux1000": 7.354191922104292e-09, "Unc_Flux1000": 2.0054817528869506e-10, "Energy_Flux100": 8.867388073818816e-11, "Unc_Energy_Flux100": 3.0842416294529773e-12, "Signif_Curve": 2.4423530101776123, "SpectrumType": "PowerLaw        ", "Spectral_Index": 1.833418369293213, "Unc_Spectral_Index": 0.016745932400226593, "beta": null, "Unc_beta": null, "Cutoff": null, "Unc_Cutoff": null, "Exp_Index": null, "Unc_Exp_Index": null, "PowerLaw_Index": 1.833418369293213, "Flux30_100": null, "Unc_Flux30_100": null, "nuFnu30_100": null, "Sqrt_TS30_100": null, "Flux100_300": 2.9932280654065835e-08, "Unc_Flux100_300": [-2.107425567388077e-09, 2.107425567388077e-09], "nuFnu100_300": 7.312333030751184e-12, "Sqrt_TS100_300": 16.163118362426758, "Flux300_1000": 1.2324557374654432e-08, "Unc_Flux300_1000": [-5.099390909535373e-10, 5.099390909535373e-10], "nuFnu300_1000": 8.63044097992871e-12, "Sqrt_TS300_1000": 35.392333984375, "Flux1000_3000": 5.043567785634195e-09, "Unc_Flux1000_3000": [-2.105016994047304e-10, 2.105016994047304e-10], "nuFnu1000_3000": 1.232122823907611e-11, "Sqrt_TS1000_3000": 48.27028274536133, "Flux3000_10000": 1.9313697308120936e-09, "Unc_Flux3000_10000": [-1.1391275422933944e-10, 1.1391275422933944e-10], "nuFnu3000_10000": 1.3524682242194164e-11, "Sqrt_TS3000_10000": 43.72296142578125, "Flux10000_100000": 8.188295597122419e-10, "Unc_Flux10000_100000": [-7.290468923004667e-11, 7.290468923004667e-11], "nuFnu10000_100000": 1.5616374512972264e-11, "Sqrt_TS10000_100000": 33.34822463989258, "Variability_Index": 110.45854187011719, "Signif_Peak": 17.425756454467773, "Flux_Peak": 7.896228737536148e-08, "Unc_Flux_Peak": 9.34522859097342e-09, "Time_Peak": 358995008.0, "Peak_Interval": 2630000.0, "Flux_History": [7.780381139355086e-08, 7.190775619392298e-08, 6.627978876849738e-08, 7.236255328280095e-08, 5.4071144006684335e-08, 5.80488759283071e-08, 4.985771795418259e-08, 4.824663335512014e-08, 5.8053242213418343e-08, 4.3879182953787677e-08, 3.6789153057270596e-08, 4.708435241695952e-08, 4.025430655474338e-08, 3.633012468640118e-08, 5.689219406690427e-08, 5.102224065467453e-08, 4.117378082924006e-08, 4.3657845338884727e-08, 5.853362239349735e-08, 4.331941738655587e-08, 3.8892796538902985e-08, 3.80458544668727e-08, 6.780764749692025e-08, 6.206587244150796e-08, 3.396136349920198e-08, 4.7318529539097653e-08, 6.607257319046766e-08, 4.535398190341766e-08, 4.1145895579575154e-08, 4.8618915116094286e-08, 5.956008664043111e-08, 2.5266842840210302e-08, 5.0523937034085975e-08, 3.492759148571167e-08, 4.930011954229485e-08, 3.737966736139242e-08, 3.215161825664836e-08, 3.1483690321465474e-08, 5.360831778489228e-08, 4.221949012617188e-08, 4.028158429036921e-08, 5.020913462772114e-08, 6.368922811361699e-08, 5.9053391510133224e-08, 5.956932369599599e-08, 7.896228737536148e-08, 4.5629093392562936e-08, 6.720480172361931e-08], "Unc_Flux_History": [[-1.0775567993448476e-08, 1.1562688584376701e-08], [-9.306919679374914e-09, 9.893430075180731e-09], [-9.021070113135465e-09, 9.606117679084036e-09], [-9.178511284346769e-09, 9.803242662087541e-09], [-8.286068720053663e-09, 8.93519480626992e-09], [-9.11171760265006e-09, 9.836575998178887e-09], [-7.728290896125145e-09, 8.299179121706857e-09], [-9.21289622368704e-09, 1.0100484004738064e-08], [-8.35387226061357e-09, 8.96649776649383e-09], [-7.602789509064678e-09, 8.372527560140952e-09], [-7.086424780311518e-09, 7.958762537896291e-09], [-7.956615810655876e-09, 8.590689937193474e-09], [-7.429823423166226e-09, 8.162412967749333e-09], [-7.638407240051492e-09, 8.460497191720151e-09], [-7.723936157333355e-09, 8.275302221250058e-09], [-8.371721982314284e-09, 9.061184691461222e-09], [-7.23859638895874e-09, 7.889766173718726e-09], [-7.54363504995581e-09, 8.204488644025787e-09], [-8.578887822352499e-09, 9.22213327925192e-09], [-7.092410658771087e-09, 7.698171877734694e-09], [-7.2700911957213066e-09, 7.975978988383758e-09], [-6.7839986961359955e-09, 7.407492841338126e-09], [-8.863430878136569e-09, 9.50362633034274e-09], [-8.651600325038089e-09, 9.204403461637867e-09], [-6.541982067176377e-09, 7.18430603896536e-09], [-7.986736605403166e-09, 8.684781782619666e-09], [-8.561098496784325e-09, 9.138606316128062e-09], [-7.764491272155283e-09, 8.420298236444523e-09], [-7.058182482921893e-09, 7.617931174763726e-09], [-7.953925518222604e-09, 8.660249406489129e-09], [-8.528672879037913e-09, 9.089773378434529e-09], [-6.439166533311891e-09, 7.291486081584253e-09], [-8.801949391568087e-09, 9.49394252103275e-09], [-6.666977636626825e-09, 7.301449223007239e-09], [-7.733362394901633e-09, 8.394880346429545e-09], [-6.988095879734146e-09, 7.539766144759597e-09], [-6.8998859958924186e-09, 7.67508190335775e-09], [-6.457104628765364e-09, 7.1611614416156044e-09], [-8.218218994215931e-09, 8.84254536259732e-09], [-6.885751968610521e-09, 7.504212362619e-09], [-6.822817866236619e-09, 7.389436174065622e-09], [-7.777663846297855e-09, 8.472635926182193e-09], [-8.351070945877836e-09, 8.958664032832075e-09], [-8.11793654520443e-09, 8.722313538100934e-09], [-8.00802180123128e-09, 8.598799894343756e-09], [-9.34522859097342e-09, 9.937410894167442e-09], [-7.38861238858135e-09, 8.003386398058865e-09], [-8.713349153310901e-09, 9.364227615549225e-09]], "Extended_Source_Name": "                  ", "0FGL_Name": "0FGL J1015.2+4927", "1FGL_Name": "1FGL J1015.1+4927 ", "2FGL_Name": "2FGL J1015.1+4925 ", "1FHL_Name": "1FHL J1015.0+4925 ", "ASSOC_GAM1": "               ", "ASSOC_GAM2": "              ", "ASSOC_GAM3": "               ", "TEVCAT_FLAG": "P", "ASSOC_TEV": "1ES 1011+496         ", "CLASS1": "bll  ", "ASSOC1": "1H 1013+498               ", "ASSOC2": "                          ", "Flags": 0, "source_id": 1157}