{"Source_Name": "3FHL J0933.5-5240 ", "RAJ2000": 143.38832092285156, "DEJ2000": -52.67140579223633, "GLON": 275.48455810546875, "GLAT": -0.681106448173523, "Conf_95_SemiMajor": 0.03268980607390404, "Conf_95_SemiMinor": 0.03268980607390404, "Conf_95_PosAng": null, "ROI_num": 303, "Signif_Avg": 5.542230606079102, "Pivot_Energy": 19.637414932250977, "Flux_Density": 1.3359221498129847e-12, "Unc_Flux_Density": 4.016475194969227e-13, "Flux": 4.809096870728169e-11, "Unc_Flux": 1.4453273647352383e-11, "Energy_Flux": 2.1165244036558395e-12, "Unc_Energy_Flux": 1.016450270306668e-12, "Signif_Curve": 1.0197497606277466, "SpectrumType": "PowerLaw   ", "Spectral_Index": 2.0644989013671875, "Unc_Spectral_Index": 0.7378122210502625, "beta": 0.7624303102493286, "Unc_beta": 0.9782806634902954, "PowerLaw_Index": 2.4800219535827637, "Unc_PowerLaw_Index": 0.44515490531921387, "Flux_Band": [2.925847411572313e-11, 1.7913864835961135e-11, 3.3268809307771116e-15, 8.807427544143383e-20, 6.707899548861508e-16], "Unc_Flux_Band": [[-1.026204642096129e-11, 1.2695129669726413e-11], [-7.166944121506091e-12, 9.587492258433805e-12], [null, 6.566659976198208e-12], [null, 4.580473153548148e-12], [null, 5.0494803650880105e-12]], "nuFnu": [9.198603250631932e-13, 9.2581411287318e-13, 3.8156557872760484e-16, 2.8604435494663614e-20, 6.663369438637573e-16], "Sqrt_TS_Band": [4.63832426071167, 4.623307704925537, 0.0, 0.0, 0.0], "Npred": 15.649057388305664, "HEP_Energy": 39.856300354003906, "HEP_Prob": 0.9897822141647339, "Variability_BayesBlocks": 1, "Extended_Source_Name": "                  ", "ASSOC_GAM": "                  ", "TEVCAT_FLAG": "N", "ASSOC_TEV": "                     ", "CLASS": "       ", "ASSOC1": "                          ", "ASSOC2": "                          ", "ASSOC_PROB_BAY": 0.0, "ASSOC_PROB_LR": 0.0, "Redshift": null, "NuPeak_obs": null, "source_id": 595}