{"Source_Name": "3FGL J1145.8+4425 ", "RAJ2000": 176.4615020751953, "DEJ2000": 44.420501708984375, "GLON": 155.93113708496094, "GLAT": 68.27117919921875, "Conf_68_SemiMajor": 0.09183069318532944, "Conf_68_SemiMinor": 0.06568145751953125, "Conf_68_PosAng": -48.40999984741211, "Conf_95_SemiMajor": 0.14890000224113464, "Conf_95_SemiMinor": 0.10649999976158142, "Conf_95_PosAng": -48.40999984741211, "ROI_num": 563, "Signif_Avg": 4.089946269989014, "Pivot_Energy": 3605.852294921875, "Flux_Density": 1.4460842937056954e-14, "Unc_Flux_Density": 4.233164044450087e-15, "Flux1000": 1.788785647383051e-10, "Unc_Flux1000": 5.284991194676181e-11, "Energy_Flux100": 2.1324754028578807e-12, "Unc_Energy_Flux100": 6.539778484374037e-13, "Signif_Curve": 0.9552976489067078, "SpectrumType": "PowerLaw        ", "Spectral_Index": 1.850176215171814, "Unc_Spectral_Index": 0.20132574439048767, "beta": null, "Unc_beta": null, "Cutoff": null, "Unc_Cutoff": null, "Exp_Index": null, "Unc_Exp_Index": null, "PowerLaw_Index": 1.850176215171814, "Flux30_100": null, "Unc_Flux30_100": null, "nuFnu30_100": null, "Sqrt_TS30_100": null, "Flux100_300": 1.6056624346089121e-12, "Unc_Flux100_300": [null, 1.6389373191927348e-09], "nuFnu100_300": 3.9160376618551556e-16, "Sqrt_TS100_300": 0.0, "Flux300_1000": 3.061984832353204e-10, "Unc_Flux300_1000": [-3.004038684473187e-10, 2.9641736287722154e-10], "nuFnu300_1000": 2.1399215407481853e-13, "Sqrt_TS300_1000": 1.0192456245422363, "Flux1000_3000": 1.5280741949563748e-10, "Unc_Flux1000_3000": [-5.692073201668535e-11, 6.395359936073319e-11], "nuFnu1000_3000": 3.7268083584451883e-13, "Sqrt_TS1000_3000": 3.365591526031494, "Flux3000_10000": 3.4441512142269204e-11, "Unc_Flux3000_10000": [-1.8124465470115148e-11, 2.3989935038493115e-11], "nuFnu3000_10000": 2.407004988120437e-13, "Sqrt_TS3000_10000": 2.617861747741699, "Flux10000_100000": 2.2617992548323862e-11, "Unc_Flux10000_100000": [-1.2529148725459738e-11, 1.7505772872961067e-11], "nuFnu10000_100000": 4.2833282493798253e-13, "Sqrt_TS10000_100000": 2.6139490604400635, "Variability_Index": 31.184375762939453, "Signif_Peak": null, "Flux_Peak": null, "Unc_Flux_Peak": null, "Time_Peak": null, "Peak_Interval": null, "Flux_History": [5.3471196359566875e-09, 7.096804033324133e-09, 8.286740182938956e-09, 1.7097231408413904e-09, 2.3517641167813963e-09, 0.0, 0.0, 0.0, 2.6439450628856775e-09, 0.0, 2.740679683199687e-09, 0.0, 2.084617145570178e-09, 0.0, 2.9427162928641337e-09, 0.0, 2.2175956626568905e-09, 0.0, 0.0, 4.35134506204804e-09, 0.0, 6.241804406670326e-09, 3.465795650470227e-09, 0.0, 0.0, 0.0, 3.1197042726915925e-09, 0.0, 0.0, 0.0, 3.1274589584739942e-09, 0.0, 1.930832826957385e-09, 0.0, 0.0, 2.004238330854946e-09, 0.0, 2.943678190092669e-09, 1.6980877814987139e-09, 0.0, 0.0, 1.7022833143087723e-09, 2.615587302301492e-09, 0.0, 0.0, 1.5047723067596053e-09, 0.0, 0.0], "Unc_Flux_History": [[-3.4478961907780104e-09, 4.749395987602156e-09], [-3.7856064949437496e-09, 5.16810017003877e-09], [-5.183296014621419e-09, 5.804667413400466e-09], [null, 4.8666217722370675e-09], [-1.894467027696578e-09, 3.3564104828798236e-09], [null, 6.417572251393722e-09], [null, 4.796142594187813e-09], [null, 4.2375436493102825e-09], [-2.047267466664948e-09, 3.190889774629113e-09], [null, 4.1504391035118715e-09], [null, 5.078605536112946e-09], [null, 4.08948874763837e-09], [null, 5.151536086600572e-09], [null, 6.182962586365193e-09], [-2.8738003088335518e-09, 4.228482897161712e-09], [null, 4.490038119087103e-09], [-1.7359329529398337e-09, 3.5160565570180324e-09], [null, 3.986473373629451e-09], [null, 5.009736181449398e-09], [-2.408345300963788e-09, 3.343729959581765e-09], [null, 3.0839728548670564e-09], [-3.634089695836451e-09, 4.758835991935939e-09], [-2.1881636502740776e-09, 3.4397118486850786e-09], [null, 3.775502577241241e-09], [null, 3.0783215976271094e-09], [null, 5.621857646076478e-09], [-2.5400390679664042e-09, 3.844785823048369e-09], [null, 3.2716314102287924e-09], [null, 4.5150763128276594e-09], [null, 5.877288433708827e-09], [-2.4574497992091437e-09, 3.921392544015134e-09], [null, 4.38703429139764e-09], [null, 4.403416742349009e-09], [null, 3.357629729805467e-09], [null, 3.525878922161496e-09], [null, 4.382224805254964e-09], [null, 2.710836222163948e-09], [-1.939312488374867e-09, 3.0526889904791688e-09], [null, 6.2377867315888125e-09], [null, 4.007236320546781e-09], [null, 2.526128195512456e-09], [null, 6.006443342698731e-09], [-2.214816330337044e-09, 3.69263331023717e-09], [null, 4.180752632976237e-09], [null, 3.883014354499892e-09], [null, 3.968066319970376e-09], [null, 4.294967048679155e-09], [null, 3.943161797081984e-09]], "Extended_Source_Name": "                  ", "0FGL_Name": "                 ", "1FGL_Name": "                  ", "2FGL_Name": "                  ", "1FHL_Name": "                  ", "ASSOC_GAM1": "               ", "ASSOC_GAM2": "              ", "ASSOC_GAM3": "               ", "TEVCAT_FLAG": "N", "ASSOC_TEV": "                     ", "CLASS1": "fsrq ", "ASSOC1": "B3 1143+446A              ", "ASSOC2": "                          ", "Flags": 0, "catalog_row_index": 1387}