{"Source_Name": "3FHL J1052.9-3743 ", "RAJ2000": 163.23556518554688, "DEJ2000": -37.73040008544922, "GLON": 278.43878173828125, "GLAT": 19.441627502441406, "Conf_95_SemiMajor": 0.0362083725631237, "Conf_95_SemiMinor": 0.0362083725631237, "Conf_95_PosAng": null, "ROI_num": 144, "Signif_Avg": 7.203615188598633, "Pivot_Energy": 17.763511657714844, "Flux_Density": 1.8463806872315303e-12, "Unc_Flux_Density": 5.410033315431106e-13, "Flux": 5.125623536716972e-11, "Unc_Flux": 1.5014907719934634e-11, "Energy_Flux": 1.8175442704701505e-12, "Unc_Energy_Flux": 7.399002200855764e-13, "Signif_Curve": 1.2600079774856567, "SpectrumType": "PowerLaw   ", "Spectral_Index": 2.0919220447540283, "Unc_Spectral_Index": 0.6614567041397095, "beta": 0.9999192953109741, "Unc_beta": 0.03898080065846443, "PowerLaw_Index": 2.784057140350342, "Unc_PowerLaw_Index": 0.49340105056762695, "Flux_Band": [2.6650379819637138e-11, 2.4870765169549003e-11, 1.1127485890150157e-17, 1.1934554640084723e-18, 8.781245985286373e-19], "Unc_Flux_Band": [[-1.007762189669803e-11, 1.229950516434819e-11], [-8.706975244965331e-12, 1.109876166666135e-11], [null, 5.116974552410447e-12], [null, 5.1901712094792884e-12], [null, 5.565839889670743e-12]], "nuFnu": [8.280465072299514e-13, 1.259757380876747e-12, 1.2406868565997908e-18, 3.7487062803776017e-19, 8.355626921939689e-19], "Sqrt_TS_Band": [5.070154666900635, 6.480264186859131, 0.0, 0.0, 0.0], "Npred": 15.015420913696289, "HEP_Energy": 38.61579895019531, "HEP_Prob": 0.9970147013664246, "Variability_BayesBlocks": 1, "Extended_Source_Name": "                  ", "ASSOC_GAM": "3FGL J1052.8-3741 ", "TEVCAT_FLAG": "N", "ASSOC_TEV": "                     ", "CLASS": "bll    ", "ASSOC1": "PMN J1053-3743            ", "ASSOC2": "                          ", "ASSOC_PROB_BAY": 0.9993206262588501, "ASSOC_PROB_LR": 0.964832603931427, "Redshift": null, "NuPeak_obs": 298538512678912.0, "source_id": 674}