{"Source_Name": "3FGL J1637.8+7325 ", "RAJ2000": 249.4676971435547, "DEJ2000": 73.41899871826172, "GLON": 105.97401428222656, "GLAT": 35.225860595703125, "Conf_68_SemiMajor": 0.04434269294142723, "Conf_68_SemiMinor": 0.03860712796449661, "Conf_68_PosAng": -3.2799999713897705, "Conf_95_SemiMajor": 0.07190000265836716, "Conf_95_SemiMinor": 0.06260000169277191, "Conf_95_PosAng": -3.2799999713897705, "ROI_num": 554, "Signif_Avg": 5.263721942901611, "Pivot_Energy": 4205.98974609375, "Flux_Density": 1.0621857533072918e-14, "Unc_Flux_Density": 2.812406035867295e-15, "Flux1000": 1.7891517434254212e-10, "Unc_Flux1000": 5.0254217454082095e-11, "Energy_Flux100": 2.059150809932686e-12, "Unc_Energy_Flux100": 5.459497329045326e-13, "Signif_Curve": 0.9464950561523438, "SpectrumType": "PowerLaw        ", "Spectral_Index": 1.9125760793685913, "Unc_Spectral_Index": 0.22860907018184662, "beta": null, "Unc_beta": null, "Cutoff": null, "Unc_Cutoff": null, "Exp_Index": null, "Unc_Exp_Index": null, "PowerLaw_Index": 1.9125760793685913, "Flux30_100": null, "Unc_Flux30_100": null, "nuFnu30_100": null, "Sqrt_TS30_100": null, "Flux100_300": 2.6852715606651145e-09, "Unc_Flux100_300": [-2.3651214320352665e-09, 2.373850893633289e-09], "nuFnu100_300": 6.508658087316099e-13, "Sqrt_TS100_300": 1.1374328136444092, "Flux300_1000": 1.1522166554200908e-10, "Unc_Flux300_1000": [null, 2.8992877543210227e-10], "nuFnu300_1000": 7.992960677008498e-14, "Sqrt_TS300_1000": 0.38080495595932007, "Flux1000_3000": 9.05604966017215e-11, "Unc_Flux1000_3000": [-5.0071530255380026e-11, 5.852458101474056e-11], "nuFnu1000_3000": 2.1950380423886584e-13, "Sqrt_TS1000_3000": 1.9791264533996582, "Flux3000_10000": 7.781294358855106e-11, "Unc_Flux3000_10000": [-2.3033640966785285e-11, 2.7192423660005183e-11], "nuFnu3000_10000": 5.397906514131856e-13, "Sqrt_TS3000_10000": 5.248005390167236, "Flux10000_100000": 1.2688364248170103e-11, "Unc_Flux10000_100000": [-7.175925652302961e-12, 1.0809801838373989e-11], "nuFnu10000_100000": 2.341097964358302e-13, "Sqrt_TS10000_100000": 3.4721200466156006, "Variability_Index": 32.01741027832031, "Signif_Peak": null, "Flux_Peak": null, "Unc_Flux_Peak": null, "Time_Peak": null, "Peak_Interval": null, "Flux_History": [0.0, 0.0, 0.0, 0.0, 3.874863097053094e-09, 0.0, 6.188908496795875e-09, 0.0, 6.177391043138414e-09, 0.0, 0.0, 0.0, 0.0, 5.687987414404461e-09, 0.0, 4.500759487324757e-10, 0.0, 0.0, 0.0, 0.0, 0.0, 0.0, 1.367268853691428e-09, 6.026214527388163e-10, 4.983260026847347e-09, 1.697067153472176e-09, 0.0, 0.0, 0.0, 3.934943926253709e-09, 4.58112348056261e-09, 3.849305318937013e-09, 0.0, 3.650311608538459e-09, 3.7180747369802702e-09, 6.610966774012184e-10, 3.6663421187910217e-09, 2.0566375269481796e-09, 2.3156914163990905e-09, 0.0, 1.1858806159281698e-09, 0.0, 0.0, 3.6577509909818673e-09, 0.0, 2.657192244015505e-09, 1.3260462727870959e-09, 6.0421161407475665e-09], "Unc_Flux_History": [[null, 4.909871176295155e-09], [null, 5.505139899497635e-09], [null, 5.243445677649561e-09], [null, 3.6951053328238004e-09], [-2.7021600512711075e-09, 4.291229149799847e-09], [null, 3.455310704225667e-09], [-4.285825028205181e-09, 5.902109911914977e-09], [null, 5.863607377420976e-09], [-4.5132928505609016e-09, 5.948743719841332e-09], [null, 5.245663903252762e-09], [null, 4.0191441286197005e-09], [null, 4.284130827869603e-09], [null, 4.928187191666211e-09], [-4.156503585761584e-09, 5.391839863477799e-09], [null, 4.587593860350125e-09], [null, 5.4483431100038615e-09], [null, 3.422055083746045e-09], [null, 2.996342951533393e-09], [null, 2.848784319553488e-09], [null, 3.860647357356584e-09], [null, 2.3379969071868345e-09], [null, 3.941734050272316e-09], [null, 4.664087338568379e-09], [null, 3.543946469619641e-09], [-2.8403592811088174e-09, 3.891529765098767e-09], [null, 4.3893613188572544e-09], [null, 4.683960774798379e-09], [null, 4.090427108138783e-09], [null, 4.452937130139389e-09], [-2.1994903676159083e-09, 3.139502657845128e-09], [-2.755008887689314e-09, 3.961736716462383e-09], [-2.1257484661418857e-09, 3.289220673607929e-09], [null, 3.6410272574727287e-09], [-2.4339803506023827e-09, 3.947345561527982e-09], [-2.48601317309749e-09, 3.815146865093766e-09], [null, 3.3918605701899196e-09], [-3.0856157628988967e-09, 4.037586709415564e-09], [-1.9677683926744294e-09, 3.4347864552586316e-09], [null, 4.491940153172891e-09], [null, 4.963752520126263e-09], [-1.0772895908672808e-09, 2.030856149914939e-09], [null, 3.076287891090601e-09], [null, 3.3719542713583905e-09], [-2.745863314501662e-09, 3.958150696092844e-09], [null, 5.3895625740096875e-09], [-2.112250596653098e-09, 3.3531559751054374e-09], [null, 5.096340238708308e-09], [-4.407838094522276e-09, 5.589669616057336e-09]], "Extended_Source_Name": "                  ", "0FGL_Name": "                 ", "1FGL_Name": "                  ", "2FGL_Name": "                  ", "1FHL_Name": "                  ", "ASSOC_GAM1": "               ", "ASSOC_GAM2": "              ", "ASSOC_GAM3": "               ", "TEVCAT_FLAG": "N", "ASSOC_TEV": "                     ", "CLASS1": "bll  ", "ASSOC1": "RX J1637.9+7326           ", "ASSOC2": "                          ", "Flags": 0, "catalog_row_index": 2028}