{"Source_Name": "3FHL J1558.8-6432 ", "RAJ2000": 239.72268676757812, "DEJ2000": -64.53973388671875, "GLON": 321.43115234375, "GLAT": -8.63304328918457, "Conf_95_SemiMajor": 0.020388836041092873, "Conf_95_SemiMinor": 0.020388836041092873, "Conf_95_PosAng": null, "ROI_num": 194, "Signif_Avg": 17.260454177856445, "Pivot_Energy": 22.349016189575195, "Flux_Density": 3.4278810259052994e-12, "Unc_Flux_Density": 4.764352974639952e-13, "Flux": 1.6696725946285795e-10, "Unc_Flux": 2.3203714991093527e-11, "Energy_Flux": 9.257539179685637e-12, "Unc_Energy_Flux": 2.18578258791291e-12, "Signif_Curve": 1.1303504705429077, "SpectrumType": "PowerLaw   ", "Spectral_Index": 2.0298140048980713, "Unc_Spectral_Index": 0.289255291223526, "beta": 0.19519226253032684, "Unc_beta": 0.19622257351875305, "PowerLaw_Index": 2.241417646408081, "Unc_PowerLaw_Index": 0.17668573558330536, "Flux_Band": [8.654769956262243e-11, 6.134968227877735e-11, 1.3554643518709497e-11, 4.333519220550697e-12, 1.4548450997995517e-20], "Unc_Flux_Band": [[-1.5850969842245988e-11, 1.7892113138295862e-11], [-1.2841152620401974e-11, 1.47088608654089e-11], [-5.848379506373513e-12, 7.86927380896918e-12], [-2.76503299423414e-12, 4.951924720969503e-12], [null, 4.579217213751541e-12]], "nuFnu": [2.7465950520888516e-12, 3.222222185253476e-12, 1.5905613414898823e-12, 1.4462374440388226e-12, 1.4972959442122877e-20], "Sqrt_TS_Band": [12.427580833435059, 11.390109062194824, 4.85690450668335, 2.553226947784424, 0.0], "Npred": 60.238609313964844, "HEP_Energy": 204.9149932861328, "HEP_Prob": 0.9798107147216797, "Variability_BayesBlocks": 1, "Extended_Source_Name": "                  ", "ASSOC_GAM": "3FGL J1558.9-6432 ", "TEVCAT_FLAG": "C", "ASSOC_TEV": "                     ", "CLASS": "bll    ", "ASSOC1": "PMN J1558-6432            ", "ASSOC2": "                          ", "ASSOC_PROB_BAY": 0.9998478293418884, "ASSOC_PROB_LR": 0.9575176239013672, "Redshift": 0.07958199828863144, "NuPeak_obs": 1995263161925632.0, "source_id": 1043}