{"Source_Name": "3FGL J1953.4+7653 ", "RAJ2000": 298.3617858886719, "DEJ2000": 76.88999938964844, "GLON": 109.20024108886719, "GLAT": 22.963472366333008, "Conf_68_SemiMajor": 0.08930211514234543, "Conf_68_SemiMinor": 0.0766592025756836, "Conf_68_PosAng": 3.1500000953674316, "Conf_95_SemiMajor": 0.14480000734329224, "Conf_95_SemiMinor": 0.12430000305175781, "Conf_95_PosAng": 3.1500000953674316, "ROI_num": 279, "Signif_Avg": 5.195868968963623, "Pivot_Energy": 1383.477783203125, "Flux_Density": 2.0192913096836462e-13, "Unc_Flux_Density": 4.0736257276479185e-14, "Flux1000": 3.1948721446184436e-10, "Unc_Flux1000": 6.695288767843977e-11, "Energy_Flux100": 4.051808367988574e-12, "Unc_Energy_Flux100": 8.590391852719703e-13, "Signif_Curve": 0.7764431238174438, "SpectrumType": "PowerLaw        ", "Spectral_Index": 2.3555235862731934, "Unc_Spectral_Index": 0.1410295069217682, "beta": null, "Unc_beta": null, "Cutoff": null, "Unc_Cutoff": null, "Exp_Index": null, "Unc_Exp_Index": null, "PowerLaw_Index": 2.3555235862731934, "Flux30_100": null, "Unc_Flux30_100": null, "nuFnu30_100": null, "Sqrt_TS30_100": null, "Flux100_300": 7.141519819953146e-09, "Unc_Flux100_300": [-3.819615290723277e-09, 3.908983359224294e-09], "nuFnu100_300": 1.6576953568506192e-12, "Sqrt_TS100_300": 1.8709126710891724, "Flux300_1000": 1.4423575667166233e-09, "Unc_Flux300_1000": [-4.705157374829128e-10, 4.868491720877444e-10], "nuFnu300_1000": 9.501895797958682e-13, "Sqrt_TS300_1000": 3.1703600883483887, "Flux1000_3000": 1.9632739878261418e-10, "Unc_Flux1000_3000": [-8.073399587749108e-11, 8.709247212301818e-11], "nuFnu1000_3000": 4.557167360488834e-13, "Sqrt_TS1000_3000": 2.661790370941162, "Flux3000_10000": 3.957150579436686e-11, "Unc_Flux3000_10000": [-2.0943673878504043e-11, 2.587446923385528e-11], "nuFnu3000_10000": 2.60687332180945e-13, "Sqrt_TS3000_10000": 2.230931520462036, "Flux10000_100000": 1.485592378280831e-11, "Unc_Flux10000_100000": [-8.690948134770782e-12, 1.2579224120679022e-11], "nuFnu10000_100000": 2.3042144906525175e-13, "Sqrt_TS10000_100000": 2.6026976108551025, "Variability_Index": 52.71698760986328, "Signif_Peak": null, "Flux_Peak": null, "Unc_Flux_Peak": null, "Time_Peak": null, "Peak_Interval": null, "Flux_History": [0.0, 0.0, 0.0, 2.3606849808288644e-09, 2.4768926465412733e-08, 1.3345340388326576e-09, 1.2777272573316623e-08, 3.741453014072249e-08, 7.292765946687041e-09, 2.790032871402559e-09, 1.3574790180825858e-08, 1.0583470988478894e-08, 1.1418750389680099e-08, 1.0562644092715345e-08, 0.0, 7.383540001626443e-09, 1.3737609272368445e-08, 0.0, 8.174966481533374e-09, 0.0, 1.3309011670514792e-08, 0.0, 1.0416489892861591e-08, 5.460591534500736e-09, 3.815321392153237e-09, 0.0, 0.0, 1.2460859011298453e-09, 1.5855912138817985e-08, 2.210044769412889e-08, 0.0, 1.5844010547994003e-08, 3.2788602943867318e-09, 0.0, 0.0, 0.0, 2.5359872424246532e-08, 1.7799752782821088e-08, 0.0, 0.0, 2.295652778983026e-09, 0.0, 4.083041105218399e-08, 1.2363019497030336e-09, 3.036463525063482e-09, 1.3747175842127035e-08, 1.2939183946514277e-08, 1.0267872774250009e-08], "Unc_Flux_History": [[null, 9.782058718599274e-09], [null, 1.4841098128215435e-08], [null, 1.30376864859727e-08], [null, 1.2481800482078143e-08], [-1.2241429203641019e-08, 1.379662251110858e-08], [null, 1.5582470425101747e-08], [null, 1.4980546581000453e-08], [-1.5928735663806037e-08, 1.6646209743953477e-08], [null, 1.0800047078873831e-08], [null, 1.1443677117028983e-08], [-1.2033884999596012e-08, 1.392848503201094e-08], [null, 1.3120014408229963e-08], [-7.554517900132396e-09, 1.0623441681900658e-08], [null, 1.2333320142943194e-08], [null, 7.191640616355244e-09], [null, 8.960743258512593e-09], [-1.0014618467835135e-08, 1.1699108348750542e-08], [null, 9.460257466287203e-09], [null, 1.2849960207006461e-08], [null, 7.917424937886608e-09], [-7.764655585162927e-09, 9.91221149604371e-09], [null, 7.160084969370928e-09], [-7.64818874898765e-09, 9.943596168682234e-09], [null, 8.765395520526909e-09], [null, 1.0092620961188459e-08], [null, 8.912879323474954e-09], [null, 8.360998116074825e-09], [null, 1.1513977327126668e-08], [-1.1584170067635569e-08, 1.2783489822254523e-08], [-9.870261052924434e-09, 1.1405771438433021e-08], [null, 1.0401999261944184e-08], [-9.628753794288514e-09, 1.098457502735073e-08], [null, 1.2353608802584404e-08], [null, 7.754040964869091e-09], [null, 1.2572726859616523e-08], [null, 9.584972815446235e-09], [-1.1967292046222155e-08, 1.3295093914678091e-08], [-1.1011324296816838e-08, 1.2907544366669299e-08], [null, 6.246071659887775e-09], [null, 1.1149736245386066e-08], [null, 9.108529042123337e-09], [null, 7.2811507934034125e-09], [-1.2055132003752078e-08, 1.3001685950086994e-08], [null, 1.1712910641392682e-08], [null, 1.1794820231614267e-08], [-7.49719664128179e-09, 9.646706544685912e-09], [-1.269399163561502e-08, 1.3982559998737543e-08], [-7.528100809395255e-09, 1.1033550961769834e-08]], "Extended_Source_Name": "                  ", "0FGL_Name": "                 ", "1FGL_Name": "                  ", "2FGL_Name": "                  ", "1FHL_Name": "                  ", "ASSOC_GAM1": "               ", "ASSOC_GAM2": "              ", "ASSOC_GAM3": "               ", "TEVCAT_FLAG": "N", "ASSOC_TEV": "                     ", "CLASS1": "     ", "ASSOC1": "                          ", "ASSOC2": "                          ", "Flags": 16, "catalog_row_index": 2552}