{"Source_Name": "3FGL J1328.5-4728 ", "RAJ2000": 202.14700317382812, "DEJ2000": -47.48139953613281, "GLON": 309.4136962890625, "GLAT": 14.922220230102539, "Conf_68_SemiMajor": 0.018378473818302155, "Conf_68_SemiMinor": 0.016713310033082962, "Conf_68_PosAng": 21.950000762939453, "Conf_95_SemiMajor": 0.02979999966919422, "Conf_95_SemiMinor": 0.02710000053048134, "Conf_95_PosAng": 21.950000762939453, "ROI_num": 340, "Signif_Avg": 12.115527153015137, "Pivot_Energy": 10204.390625, "Flux_Density": 1.1340875849909834e-14, "Unc_Flux_Density": 1.793143338348936e-15, "Flux1000": 8.065182965921736e-10, "Unc_Flux1000": 1.7158695297947446e-10, "Energy_Flux100": 1.0931833563376792e-11, "Unc_Energy_Flux100": 1.7301579006284706e-12, "Signif_Curve": 0.31075042486190796, "SpectrumType": "PowerLaw        ", "Spectral_Index": 1.6994322538375854, "Unc_Spectral_Index": 0.1312764286994934, "beta": null, "Unc_beta": null, "Cutoff": null, "Unc_Cutoff": null, "Exp_Index": null, "Unc_Exp_Index": null, "PowerLaw_Index": 1.6994322538375854, "Flux30_100": null, "Unc_Flux30_100": null, "nuFnu30_100": null, "Sqrt_TS30_100": null, "Flux100_300": 1.9584852850584866e-08, "Unc_Flux100_300": [-3.4284013405994074e-09, 3.4253917480242535e-09], "nuFnu100_300": 4.848820563813083e-12, "Sqrt_TS100_300": 2.543369770050049, "Flux300_1000": 2.407387483804868e-11, "Unc_Flux300_1000": [null, 1.038832797561895e-09], "nuFnu300_1000": 1.713011649846427e-14, "Sqrt_TS300_1000": 0.0, "Flux1000_3000": 4.265275077575126e-10, "Unc_Flux1000_3000": [-1.8447532390553079e-10, 1.9941534534773098e-10], "nuFnu1000_3000": 1.0559974119098148e-12, "Sqrt_TS1000_3000": 2.464183807373047, "Flux3000_10000": 1.6707436822915867e-10, "Unc_Flux3000_10000": [-5.173417944037695e-11, 5.851288897851248e-11], "nuFnu3000_10000": 1.1888419935990324e-12, "Sqrt_TS3000_10000": 4.324339389801025, "Flux10000_100000": 1.6084303333663286e-10, "Unc_Flux10000_100000": [-3.3491546341801737e-11, 3.8614354769261894e-11], "nuFnu10000_100000": 3.2472377651387996e-12, "Sqrt_TS10000_100000": 10.567177772521973, "Variability_Index": 50.21773910522461, "Signif_Peak": null, "Flux_Peak": null, "Unc_Flux_Peak": null, "Time_Peak": null, "Peak_Interval": null, "Flux_History": [0.0, 4.577742185318812e-09, 8.036477261441632e-09, 3.9079419700271956e-09, 0.0, 9.274782719614905e-09, 6.397668617097452e-09, 1.745353550575146e-08, 5.114350720702987e-09, 1.1529804666565724e-08, 7.734358042910117e-09, 6.006080521814283e-09, 1.1568448421428457e-08, 2.600689219534047e-09, 0.0, 5.799060343036899e-09, 2.462555714899395e-09, 3.6616238929809697e-09, 4.854526114428381e-09, 1.7814784092351488e-09, 4.6296424471847786e-09, 2.8033031451712986e-09, 0.0, 9.375776599540586e-09, 6.40193897893937e-09, 0.0, 8.448688859630238e-09, 0.0, 4.2640491138001835e-09, 1.6055857754437852e-09, 4.749618476296291e-09, 0.0, 0.0, 2.209473271008733e-09, 0.0, 4.940636344485938e-09, 2.6365885030799063e-09, 6.733290813798476e-09, 0.0, 0.0, 0.0, 0.0, 8.369409609798595e-10, 0.0, 3.726856601105055e-10, 0.0, 1.465608878703506e-08, 8.132600370913678e-09], "Unc_Flux_History": [[null, 5.208424358471575e-09], [-3.1089031349296192e-09, 5.102704037085459e-09], [-4.177328261079083e-09, 5.816541914782647e-09], [null, 9.73663549785897e-09], [null, 3.6881442344594006e-09], [-4.489667304596878e-09, 5.996440677336068e-09], [-3.2202382982404743e-09, 4.116479157545427e-09], [-8.301875631389066e-09, 1.062817656105608e-08], [null, 9.916916177132862e-09], [-6.205770564093882e-09, 8.140159657443746e-09], [-4.308647660877796e-09, 5.119610513304451e-09], [-3.6633689415310755e-09, 4.2904835240165085e-09], [-4.921281604453043e-09, 5.7803113406862394e-09], [-1.772698765556413e-09, 3.2005318395533777e-09], [null, 6.348651382381831e-09], [-4.41706671239217e-09, 5.48320855386919e-09], [-1.8533480306004435e-09, 3.4306377738602123e-09], [-2.592762893272038e-09, 4.612969117800958e-09], [-3.1563094360365085e-09, 4.826041344330179e-09], [null, 7.289250092412658e-09], [-2.554034539414829e-09, 3.970243689366271e-09], [null, 8.250888861027761e-09], [null, 6.265866492327632e-09], [-5.008375936199627e-09, 6.702331578622989e-09], [-4.662808361644011e-09, 6.51925802230835e-09], [null, 5.295642147018498e-09], [-5.388423929275632e-09, 7.665415857616154e-09], [null, 8.310338195371969e-09], [-3.1322537896727454e-09, 5.653428836183139e-09], [null, 7.257988876574473e-09], [-3.638094270286274e-09, 5.380038636815243e-09], [null, 6.122335971525672e-09], [null, 4.53814630319016e-09], [null, 5.609989361943235e-09], [null, 3.836455153560792e-09], [-4.2105581243845336e-09, 6.576579281158956e-09], [-2.1391193261166563e-09, 3.923912750281033e-09], [-4.026248667798882e-09, 6.245994388365261e-09], [null, 6.628835258482013e-09], [null, 5.0047734845293235e-09], [null, 5.282609460977028e-09], [null, 6.899582238872881e-09], [null, 1.0879804612784483e-08], [null, 3.823948269143784e-09], [null, 4.641436124330767e-09], [null, 5.531473945552534e-09], [-5.226813648562256e-09, 6.24342266775102e-09], [-5.501024524789955e-09, 7.389893141862558e-09]], "Extended_Source_Name": "                  ", "0FGL_Name": "                 ", "1FGL_Name": "1FGL J1328.2-4729 ", "2FGL_Name": "2FGL J1328.5-4728 ", "1FHL_Name": "1FHL J1328.5-4728 ", "ASSOC_GAM1": "               ", "ASSOC_GAM2": "              ", "ASSOC_GAM3": "               ", "TEVCAT_FLAG": "N", "ASSOC_TEV": "                     ", "CLASS1": "bcu  ", "ASSOC1": "1WGA J1328.6-4727         ", "ASSOC2": "                          ", "Flags": 512, "catalog_row_index": 1632}