{"Source_Name": "3FGL J1717.4-5157 ", "RAJ2000": 259.364501953125, "DEJ2000": -51.964900970458984, "GLON": 337.7332458496094, "GLAT": -8.0789155960083, "Conf_68_SemiMajor": 0.05784901976585388, "Conf_68_SemiMinor": 0.038360435515642166, "Conf_68_PosAng": -79.93000030517578, "Conf_95_SemiMajor": 0.09380000084638596, "Conf_95_SemiMinor": 0.062199998646974564, "Conf_95_PosAng": -79.93000030517578, "ROI_num": 153, "Signif_Avg": 12.19580078125, "Pivot_Energy": 938.1105346679688, "Flux_Density": 2.468801421975919e-12, "Unc_Flux_Density": 2.2770056239823644e-13, "Flux1000": 1.4084066135566786e-09, "Unc_Flux1000": 1.494669804591453e-10, "Energy_Flux100": 2.0590713162293994e-11, "Unc_Energy_Flux100": 2.0129004799779304e-12, "Signif_Curve": 2.52376651763916, "SpectrumType": "PowerLaw        ", "Spectral_Index": 2.4938011169433594, "Unc_Spectral_Index": 0.07217134535312653, "beta": null, "Unc_beta": null, "Cutoff": null, "Unc_Cutoff": null, "Exp_Index": null, "Unc_Exp_Index": null, "PowerLaw_Index": 2.4938011169433594, "Flux30_100": null, "Unc_Flux30_100": null, "nuFnu30_100": null, "Sqrt_TS30_100": null, "Flux100_300": 2.555832345763065e-08, "Unc_Flux100_300": [-9.968776915059152e-09, 9.742032069937068e-09], "nuFnu100_300": 5.8550191604778146e-12, "Sqrt_TS100_300": 2.646620273590088, "Flux300_1000": 7.3489414553762344e-09, "Unc_Flux300_1000": [-1.01812192010442e-09, 1.0322475096913308e-09], "nuFnu300_1000": 4.7661471123949806e-12, "Sqrt_TS300_1000": 7.7211408615112305, "Flux1000_3000": 1.2902751089782782e-09, "Unc_Flux1000_3000": [-1.931036025526467e-10, 2.0137266854014513e-10], "nuFnu1000_3000": 2.9558220020903248e-12, "Sqrt_TS1000_3000": 7.988121032714844, "Flux3000_10000": 2.3288410089250533e-10, "Unc_Flux3000_10000": [-5.6233927236970516e-11, 6.076819603073602e-11], "nuFnu3000_10000": 1.5103669183391677e-12, "Sqrt_TS3000_10000": 5.712575912475586, "Flux10000_100000": 2.966823401534535e-12, "Unc_Flux10000_100000": [null, 1.5984677123603852e-11], "nuFnu10000_100000": 4.3814124285048925e-14, "Sqrt_TS10000_100000": 0.3790547251701355, "Variability_Index": 383.8681945800781, "Signif_Peak": 13.38961124420166, "Flux_Peak": 3.3598945492485655e-07, "Unc_Flux_Peak": 3.147997773567113e-08, "Time_Peak": 356364992.0, "Peak_Interval": 2630000.0, "Flux_History": [6.95962176777698e-09, 2.7897742782556634e-08, 9.498346109637623e-09, 2.3129866022486567e-08, 0.0, 0.0, 3.300284845408896e-08, 4.7269836045416014e-08, 0.0, 1.6920001399967077e-08, 0.0, 1.9700184594739767e-08, 4.960252653063435e-08, 2.4542023524531942e-08, 0.0, 0.0, 2.652165598249212e-08, 0.0, 2.6813502529421385e-08, 0.0, 1.5303066591698666e-09, 1.177822284148533e-08, 4.6630757033483405e-09, 5.670327318796353e-09, 3.7705842004243095e-08, 0.0, 3.6651638168905265e-08, 0.0, 0.0, 3.671328352439218e-09, 0.0, 6.283468678702775e-08, 5.060148300373157e-09, 1.2664834514453105e-08, 3.227083267276498e-09, 4.0901657172298655e-08, 2.4421405342422986e-08, 1.9892137714805358e-08, 1.3030643231104477e-07, 1.0836718900009146e-07, 3.0140685680635215e-07, 2.590417125247768e-07, 9.38262516569921e-08, 2.065523290184501e-07, 3.3598945492485655e-07, 6.930538631877425e-08, 1.485856060412516e-08, 2.9031713921767732e-08], "Unc_Flux_History": [[null, 2.7669967650467697e-08], [-2.54590126758103e-08, 2.9462739803420845e-08], [null, 3.046077523549684e-08], [null, 2.9515019761561234e-08], [null, 2.340240889964207e-08], [null, 1.8161703252417283e-08], [-2.062533432933833e-08, 2.6240645212283198e-08], [-2.8679657759766997e-08, 3.080124244547733e-08], [null, 2.277570665398798e-08], [null, 2.7677517167035148e-08], [null, 2.9690632175061182e-08], [null, 2.373496421625987e-08], [-2.7355333998002607e-08, 2.9106352883445652e-08], [-2.221563200066612e-08, 2.3025528150810715e-08], [null, 1.7843412081219867e-08], [null, 1.831377360872466e-08], [-2.0547904711065712e-08, 2.2431592583416204e-08], [null, 1.9113802096626387e-08], [-2.110852292958043e-08, 2.2282691247710318e-08], [null, 2.2910853658686392e-08], [null, 2.3217717526335946e-08], [null, 2.3857426256768122e-08], [null, 2.409778154799369e-08], [null, 2.3530732917720343e-08], [-2.7251610745793187e-08, 2.9069328277842033e-08], [null, 2.2867045146313103e-08], [-2.5157161687161533e-08, 2.9796446199270576e-08], [null, 1.4156976924084574e-08], [null, 1.650805891983964e-08], [null, 2.57500403222366e-08], [null, 2.3708080831852385e-08], [-2.6052493495853923e-08, 2.9248017341387822e-08], [null, 2.8143844588157663e-08], [null, 2.8645132488236413e-08], [null, 1.874184718531069e-08], [-2.5836953909674776e-08, 2.7366644061999068e-08], [-2.4150095256914028e-08, 2.7726608564648814e-08], [null, 2.4001028720022077e-08], [-3.569630990796213e-08, 3.7645246919737474e-08], [-2.482888561416985e-08, 2.6535198927035708e-08], [-3.45738158102904e-08, 3.473667220532661e-08], [-3.1620846385749246e-08, 3.2703820096458e-08], [-2.720542902068246e-08, 2.8746448776928446e-08], [-3.7624307225314624e-08, 4.0897184305777046e-08], [-3.147997773567113e-08, 3.147997773567113e-08], [-3.26213189794089e-08, 3.395919989657159e-08], [-1.2836446572350724e-08, 1.7354130577018623e-08], [-2.7139334335402054e-08, 3.042331186975389e-08]], "Extended_Source_Name": "                  ", "0FGL_Name": "                 ", "1FGL_Name": "                  ", "2FGL_Name": "                  ", "1FHL_Name": "                  ", "ASSOC_GAM1": "               ", "ASSOC_GAM2": "              ", "ASSOC_GAM3": "               ", "TEVCAT_FLAG": "N", "ASSOC_TEV": "                     ", "CLASS1": "fsrq ", "ASSOC1": "PMN J1717-5155            ", "ASSOC2": "                          ", "Flags": 0, "source_id": 2128}