{"Source_Name": "3FGL J2135.3-5008 ", "RAJ2000": 323.8279113769531, "DEJ2000": -50.144100189208984, "GLON": 347.4787902832031, "GLAT": -46.3851318359375, "Conf_68_SemiMajor": 0.04946152865886688, "Conf_68_SemiMinor": 0.04267752915620804, "Conf_68_PosAng": 75.48999786376953, "Conf_95_SemiMajor": 0.08020000159740448, "Conf_95_SemiMinor": 0.06920000165700912, "Conf_95_PosAng": 75.48999786376953, "ROI_num": 517, "Signif_Avg": 12.017304420471191, "Pivot_Energy": 819.03466796875, "Flux_Density": 2.026194750176513e-12, "Unc_Flux_Density": 1.9837125377671766e-13, "Flux1000": 8.413074681357102e-10, "Unc_Flux1000": 9.874985551494575e-11, "Energy_Flux100": 1.1964354854065995e-11, "Unc_Energy_Flux100": 1.1927874053047072e-12, "Signif_Curve": 1.967084527015686, "SpectrumType": "PowerLaw        ", "Spectral_Index": 2.4698314666748047, "Unc_Spectral_Index": 0.07411810010671616, "beta": null, "Unc_beta": null, "Cutoff": null, "Unc_Cutoff": null, "Exp_Index": null, "Unc_Exp_Index": null, "PowerLaw_Index": 2.4698314666748047, "Flux30_100": null, "Unc_Flux30_100": null, "nuFnu30_100": null, "Sqrt_TS30_100": null, "Flux100_300": 1.640446001260898e-08, "Unc_Flux100_300": [-6.249164297145171e-09, 6.2779874632212795e-09], "nuFnu100_300": 3.766543500705044e-12, "Sqrt_TS100_300": 2.659114360809326, "Flux300_1000": 4.441276679756356e-09, "Unc_Flux300_1000": [-6.578970701553999e-10, 6.698812060612624e-10], "nuFnu300_1000": 2.888149355090297e-12, "Sqrt_TS300_1000": 7.313817977905273, "Flux1000_3000": 6.673526176115274e-10, "Unc_Flux1000_3000": [-1.1478544503784605e-10, 1.2309499253237988e-10], "nuFnu1000_3000": 1.532273982175758e-12, "Sqrt_TS1000_3000": 7.62501859664917, "Flux3000_10000": 1.2266644644487457e-10, "Unc_Flux3000_10000": [-3.506078413706426e-11, 4.137414716387511e-11], "nuFnu3000_10000": 7.976963273953475e-13, "Sqrt_TS3000_10000": 5.257248401641846, "Flux10000_100000": 3.5021523441675084e-12, "Unc_Flux10000_100000": [null, 1.6898579757729237e-11], "nuFnu10000_100000": 5.2151113831035156e-14, "Sqrt_TS10000_100000": 0.3193821907043457, "Variability_Index": 73.45235443115234, "Signif_Peak": 4.585667610168457, "Flux_Peak": 7.001808199902371e-08, "Unc_Flux_Peak": 1.6730369978290582e-08, "Time_Peak": 335324992.0, "Peak_Interval": 2630000.0, "Flux_History": [8.488583169707908e-09, 2.089782213943181e-08, 0.0, 3.286522343159959e-08, 3.352529631683865e-08, 1.6395208746189383e-08, 4.093052652365259e-08, 0.0, 3.161626693781727e-08, 9.914002951916245e-09, 1.1586910098060343e-08, 3.097822798281413e-08, 3.681092053398061e-08, 1.0277216411225254e-08, 4.6212907278686544e-08, 2.6300188693539894e-08, 2.3886473243805995e-08, 5.50604406512889e-09, 1.723504716721891e-08, 6.025600463033243e-09, 5.387668267076151e-08, 0.0, 2.92428090631347e-08, 3.430064410281375e-08, 8.172530208128137e-09, 0.0, 2.416987143760707e-08, 0.0, 1.7256006401566992e-08, 2.4791839692284157e-08, 0.0, 4.271763387464489e-09, 3.938001214010001e-08, 3.472691290085095e-08, 0.0, 5.446600326308726e-08, 7.001808199902371e-08, 6.19356370634705e-08, 3.15891135471702e-08, 2.813147226277124e-08, 1.0331071109703771e-08, 3.158924144486264e-08, 0.0, 9.243495746602548e-09, 1.874652433286883e-08, 1.061547028058385e-08, 2.512361163553578e-08, 4.482301818597989e-08], "Unc_Flux_History": [[null, 1.3673869148078666e-08], [-1.2696350637497744e-08, 1.4778453127917146e-08], [null, 2.0308689840931038e-08], [-1.7329442769664638e-08, 1.925664250279624e-08], [-1.2467151755402028e-08, 1.4322785624187873e-08], [null, 1.4861442743097086e-08], [-1.4775193513116847e-08, 1.6400571567487532e-08], [null, 1.0295912566959942e-08], [-1.578490049780612e-08, 1.796016135813261e-08], [null, 1.1655655107745133e-08], [null, 1.727253895467129e-08], [-1.4666320602430005e-08, 1.6002132952053216e-08], [-1.7261262641454778e-08, 1.8754596098347065e-08], [null, 1.8395704515228317e-08], [-1.2281483385834235e-08, 1.3156915557033244e-08], [-1.7369933047461927e-08, 1.8233128784572727e-08], [-1.1654011089490268e-08, 1.3719096081388216e-08], [null, 1.2432773921489115e-08], [-1.6297882154958643e-08, 1.799771354171753e-08], [null, 1.5837340328062055e-08], [-1.6915230105496448e-08, 1.852080799835676e-08], [null, 9.54257384222501e-09], [-1.878061439697376e-08, 2.3841343121944192e-08], [-1.060536813923818e-08, 1.2350873213051727e-08], [-6.976795141611092e-09, 9.740972473082365e-09], [null, 1.5525746022149178e-08], [-9.495565223005542e-09, 1.1583669135006858e-08], [null, 1.8722037253837698e-08], [-1.6523870272067143e-08, 1.7310822997274045e-08], [-1.2666292903418253e-08, 1.4546181148489268e-08], [null, 1.7220301629095047e-08], [null, 2.069230298218372e-08], [-1.3849415836375556e-08, 1.509381775122165e-08], [-1.2647248581743042e-08, 1.3792191388972697e-08], [null, 1.8104469035051807e-08], [-1.6020171855757326e-08, 1.643126346095869e-08], [-1.6730369978290582e-08, 1.822740891554986e-08], [-2.051500302968634e-08, 2.1345753609125495e-08], [-1.3264749298969036e-08, 1.5784214824066112e-08], [-1.5881628456781982e-08, 1.7364305548994707e-08], [null, 1.2480096955869158e-08], [-1.2633773138759352e-08, 1.4083223476291096e-08], [null, 1.0585399223828063e-08], [-7.612428021275264e-09, 1.1521774645473215e-08], [-1.2616400368870018e-08, 1.4629454092585092e-08], [null, 1.9139841711535155e-08], [-1.1252266673977829e-08, 1.2656582448755671e-08], [-1.198330146223725e-08, 1.3501608719934666e-08]], "Extended_Source_Name": "                  ", "0FGL_Name": "                 ", "1FGL_Name": "1FGL J2135.8-4957 ", "2FGL_Name": "2FGL J2135.6-4959 ", "1FHL_Name": "                  ", "ASSOC_GAM1": "               ", "ASSOC_GAM2": "              ", "ASSOC_GAM3": "               ", "TEVCAT_FLAG": "N", "ASSOC_TEV": "                     ", "CLASS1": "fsrq ", "ASSOC1": "PMN J2135-5006            ", "ASSOC2": "                          ", "Flags": 0, "source_id": 2781}