{"Source_Name": "3FHL J1154.0+4038 ", "RAJ2000": 178.52215576171875, "DEJ2000": 40.639034271240234, "GLON": 160.4864959716797, "GLAT": 72.04371643066406, "Conf_95_SemiMajor": 0.04033641517162323, "Conf_95_SemiMinor": 0.04033641517162323, "Conf_95_PosAng": null, "ROI_num": 128, "Signif_Avg": 5.454736232757568, "Pivot_Energy": 22.984567642211914, "Flux_Density": 5.516784945536202e-13, "Unc_Flux_Density": 2.1012113219070344e-13, "Flux": 2.8946229094217735e-11, "Unc_Flux": 1.1155921672556524e-11, "Energy_Flux": 1.3888875943432466e-12, "Unc_Energy_Flux": 7.880090351942981e-13, "Signif_Curve": 0.5785729885101318, "SpectrumType": "PowerLaw   ", "Spectral_Index": 2.071322441101074, "Unc_Spectral_Index": 0.8692061901092529, "beta": 0.3349166810512543, "Unc_beta": 0.6958518028259277, "PowerLaw_Index": 2.383402109146118, "Unc_PowerLaw_Index": 0.5094139575958252, "Flux_Band": [1.4967343336946826e-11, 1.3572495558000774e-11, 3.48310866695054e-19, 2.7649550086253704e-18, 2.1014630090660505e-20], "Unc_Flux_Band": [[-7.336668599033924e-12, 9.961863799146098e-12], [-5.6540449405728666e-12, 8.618873843790897e-12], [null, 4.692116053334194e-12], [null, 4.788699384944417e-12], [null, 5.200776441449673e-12]], "nuFnu": [4.723433016246004e-13, 7.060216669109443e-13, 4.0317312968414486e-20, 9.078540901292525e-19, 2.1173358295391188e-20], "Sqrt_TS_Band": [3.4209372997283936, 5.552283763885498, 0.0, 0.0, 0.0], "Npred": 9.235435485839844, "HEP_Energy": 48.68040084838867, "HEP_Prob": 0.990561842918396, "Variability_BayesBlocks": 1, "Extended_Source_Name": "                  ", "ASSOC_GAM": "                  ", "TEVCAT_FLAG": "N", "ASSOC_TEV": "                     ", "CLASS": "fsrq   ", "ASSOC1": "B3 1151+408               ", "ASSOC2": "                          ", "ASSOC_PROB_BAY": 0.9883455038070679, "ASSOC_PROB_LR": 0.9956377744674683, "Redshift": 0.9160000085830688, "NuPeak_obs": 1258926505984.0, "source_id": 748}