{"Source_Name": "3FHL J0114.8+1324 ", "RAJ2000": 18.70676612854004, "DEJ2000": 13.404436111450195, "GLON": 131.63272094726562, "GLAT": -49.07177734375, "Conf_95_SemiMajor": 0.03405633568763733, "Conf_95_SemiMinor": 0.03405633568763733, "Conf_95_PosAng": null, "ROI_num": 324, "Signif_Avg": 10.097630500793457, "Pivot_Energy": 20.07305335998535, "Flux_Density": 2.494736622143945e-12, "Unc_Flux_Density": 5.324491932426345e-13, "Flux": 9.47772207937625e-11, "Unc_Flux": 2.022494845210776e-11, "Energy_Flux": 4.264402633097353e-12, "Unc_Energy_Flux": 1.4199130152908745e-12, "Signif_Curve": 1.4262316226959229, "SpectrumType": "PowerLaw   ", "Spectral_Index": 1.956459641456604, "Unc_Spectral_Index": 0.5185693502426147, "beta": 0.592223584651947, "Unc_beta": 0.5005012154579163, "PowerLaw_Index": 2.454289436340332, "Unc_PowerLaw_Index": 0.2985859811306, "Flux_Band": [5.7851921170248843e-11, 2.6055145888048692e-11, 1.0872937966643903e-11, 1.0738750810317213e-19, 3.1633993897318545e-17], "Unc_Flux_Band": [[-1.4544427294482798e-11, 1.71225863349056e-11], [-9.71022134227395e-12, 1.2310642089063961e-11], [-5.206292862103279e-12, 7.654756169206411e-12], [null, 5.346775105996571e-12], [null, 6.0132385182321e-12]], "nuFnu": [1.820643245539766e-12, 1.3488946288067738e-12, 1.250080876487314e-12, 3.4978059216015027e-20, 3.154223309760681e-17], "Sqrt_TS_Band": [8.519253730773926, 4.3635687828063965, 4.927333831787109, 0.0, 0.0], "Npred": 26.103302001953125, "HEP_Energy": 68.82659912109375, "HEP_Prob": 0.9993083477020264, "Variability_BayesBlocks": 1, "Extended_Source_Name": "                  ", "ASSOC_GAM": "3FGL J0114.8+1326 ", "TEVCAT_FLAG": "N", "ASSOC_TEV": "                     ", "CLASS": "bll    ", "ASSOC1": "GB6 J0114+1325            ", "ASSOC2": "                          ", "ASSOC_PROB_BAY": 0.9994925260543823, "ASSOC_PROB_LR": 0.901226818561554, "Redshift": 0.5830000042915344, "NuPeak_obs": 630957606436864.0, "catalog_row_index": 74}