{"Source_Name": "3FHL J1428.5+4240 ", "RAJ2000": 217.13645935058594, "DEJ2000": 42.672035217285156, "GLON": 77.48566436767578, "GLAT": 64.89881134033203, "Conf_95_SemiMajor": 0.01831652596592903, "Conf_95_SemiMinor": 0.01831652596592903, "Conf_95_PosAng": null, "ROI_num": 533, "Signif_Avg": 20.805021286010742, "Pivot_Energy": 29.808225631713867, "Flux_Density": 2.0197647807723706e-12, "Unc_Flux_Density": 2.7476016795958957e-13, "Flux": 1.7613845104680337e-10, "Unc_Flux": 2.401629936588101e-11, "Energy_Flux": 1.4750398819041166e-11, "Unc_Energy_Flux": 3.412384957934833e-12, "Signif_Curve": 2.4222848415374756, "SpectrumType": "PowerLaw   ", "Spectral_Index": 1.58889639377594, "Unc_Spectral_Index": 0.2298617660999298, "beta": 0.33587074279785156, "Unc_beta": 0.1671099215745926, "PowerLaw_Index": 1.9158954620361328, "Unc_PowerLaw_Index": 0.13772375881671906, "Flux_Band": [7.551863995258756e-11, 4.929032876299644e-11, 4.7844339601255115e-11, 3.0036227411517347e-12, 4.1899411178220026e-18], "Unc_Flux_Band": [[-1.5210534221044014e-11, 1.738366568748706e-11], [-1.159713297615994e-11, 1.3636364606939289e-11], [-1.0961584938351532e-11, 1.3051555496079725e-11], [-2.10485426831164e-12, 4.026842661403185e-12], [null, 5.047208744696219e-12]], "nuFnu": [2.427713412245236e-12, 2.6474334877124583e-12, 5.796434946608864e-12, 1.0414006896414252e-12, 4.533823259517448e-18], "Sqrt_TS_Band": [11.647025108337402, 11.532983779907227, 13.090234756469727, 3.7231762409210205, 0.0], "Npred": 59.37689208984375, "HEP_Energy": 202.7989959716797, "HEP_Prob": 0.9998757243156433, "Variability_BayesBlocks": 1, "Extended_Source_Name": "                  ", "ASSOC_GAM": "3FGL J1428.5+4240 ", "TEVCAT_FLAG": "P", "ASSOC_TEV": "H 1426+428           ", "CLASS": "bll    ", "ASSOC1": "H 1426+428                ", "ASSOC2": "                          ", "ASSOC_PROB_BAY": 0.9999534487724304, "ASSOC_PROB_LR": 0.9972215890884399, "Redshift": 0.1289999932050705, "NuPeak_obs": 1.6672477209532826e+17, "source_id": 937}