{"Source_Name": "3FGL J1650.2-5044 ", "RAJ2000": 252.56419372558594, "DEJ2000": -50.74879837036133, "GLON": 336.1363830566406, "GLAT": -3.958890438079834, "Conf_68_SemiMajor": 0.014308072626590729, "Conf_68_SemiMinor": 0.013876364566385746, "Conf_68_PosAng": -65.26000213623047, "Conf_95_SemiMajor": 0.02319999970495701, "Conf_95_SemiMinor": 0.02250000089406967, "Conf_95_PosAng": -65.26000213623047, "ROI_num": 98, "Signif_Avg": 26.3324031829834, "Pivot_Energy": 1186.976318359375, "Flux_Density": 3.835573785665458e-12, "Unc_Flux_Density": 1.9030850300586627e-13, "Flux1000": 4.377667561783483e-09, "Unc_Flux1000": 2.367286922044798e-10, "Energy_Flux100": 5.2957548068999216e-11, "Unc_Energy_Flux100": 2.6380228296957187e-12, "Signif_Curve": 1.362908124923706, "SpectrumType": "PowerLaw        ", "Spectral_Index": 2.2956883907318115, "Unc_Spectral_Index": 0.03660755231976509, "beta": null, "Unc_beta": null, "Cutoff": null, "Unc_Cutoff": null, "Exp_Index": null, "Unc_Exp_Index": null, "PowerLaw_Index": 2.2956883907318115, "Flux30_100": null, "Unc_Flux30_100": null, "nuFnu30_100": null, "Sqrt_TS30_100": null, "Flux100_300": 8.13726401815984e-08, "Unc_Flux100_300": [-1.1227480278819257e-08, 1.116566039627287e-08], "nuFnu100_300": 1.8997296791223306e-11, "Sqrt_TS100_300": 7.3175530433654785, "Flux300_1000": 1.6949885051076308e-08, "Unc_Flux300_1000": [-1.4529690783859905e-09, 1.4529690783859905e-09], "nuFnu300_1000": 1.1242934534749782e-11, "Sqrt_TS300_1000": 12.68872356414795, "Flux1000_3000": 3.027033290692316e-09, "Unc_Flux1000_3000": [-2.9007937718539267e-10, 2.9007937718539267e-10], "nuFnu1000_3000": 7.066927338456042e-12, "Sqrt_TS1000_3000": 13.026627540588379, "Flux3000_10000": 8.388686412175161e-10, "Unc_Flux3000_10000": [-9.755585922421872e-11, 1.0312978943050055e-10], "nuFnu3000_10000": 5.564253485051962e-12, "Sqrt_TS3000_10000": 13.473645210266113, "Flux10000_100000": 2.0660739785682836e-10, "Unc_Flux10000_100000": [-4.038924403260147e-11, 4.5297876560823624e-11], "nuFnu10000_100000": 3.2760389453295735e-12, "Sqrt_TS10000_100000": 10.382636070251465, "Variability_Index": 222.6150665283203, "Signif_Peak": 8.185888290405273, "Flux_Peak": 2.024540464162783e-07, "Unc_Flux_Peak": 3.4552172678559145e-08, "Time_Peak": 280095008.0, "Peak_Interval": 2630000.0, "Flux_History": [6.510278893756549e-08, 6.060438551003244e-08, 6.315482181662446e-08, 6.570097355051985e-08, 3.66008876540036e-08, 6.430001064927637e-08, 4.8635175886602156e-08, 6.352388481900562e-08, 4.8645571126826326e-08, 2.5539183212686112e-08, 1.5758332949644682e-07, 1.3055871761480375e-07, 1.7563593246450182e-07, 1.3663947129316512e-07, 1.939076241797011e-07, 2.024540464162783e-07, 1.639539846109983e-07, 1.9453709398931096e-07, 1.4286865734902676e-07, 1.0965423058451051e-07, 1.5579556134071026e-07, 1.0841094422175956e-07, 1.5224151184156653e-07, 1.904413977626973e-07, 5.967962124486803e-08, 9.62320996222843e-08, 7.407574287299212e-08, 4.9255739043019275e-08, 1.3664506859356607e-08, 0.0, 4.2246213638463814e-08, 0.0, 4.8420293552453586e-08, 4.2489876506124347e-08, 2.0072160822337537e-08, 0.0, 0.0, 1.7749407277278806e-08, 9.854105798012824e-08, 5.819282122843106e-08, 3.212728572066226e-08, 6.888117809467076e-08, 3.278145399576715e-08, 6.891318182766781e-09, 7.02952860365258e-08, 9.457794902800742e-08, 1.0629092628278158e-07, 1.463070873342076e-07], "Unc_Flux_History": [[-2.8077190350472847e-08, 3.1277451739697426e-08], [-2.84439405362491e-08, 2.998954684585442e-08], [-2.546259736391221e-08, 2.8117952410866565e-08], [-2.7795151069653912e-08, 3.172743134882694e-08], [-2.4165601075765153e-08, 2.753916383824162e-08], [-2.6894369398178242e-08, 2.990342196085294e-08], [-2.8290738640635027e-08, 2.9890603769899826e-08], [-2.8878931246367756e-08, 3.181525087825321e-08], [-2.835633061692988e-08, 3.141433424502793e-08], [-2.476987859267865e-08, 2.7567017113483416e-08], [-3.345309096403071e-08, 3.583409124985337e-08], [-2.86874080046573e-08, 3.0031593212243024e-08], [-3.409914484109322e-08, 3.627813072171193e-08], [-3.0192712330290306e-08, 3.2089971568893816e-08], [-3.169882134557156e-08, 3.329954267883295e-08], [-3.4552172678559145e-08, 3.669190817845447e-08], [-2.8340828350792435e-08, 2.9742842855284835e-08], [-3.710892571007207e-08, 3.921526214867299e-08], [-2.7408152192265334e-08, 2.8896854686877305e-08], [-3.0238322068498746e-08, 3.297492057185991e-08], [-2.8814611141569912e-08, 3.057424535768405e-08], [-2.8595781742524196e-08, 3.06683354267534e-08], [-3.125729719499759e-08, 3.292624128903299e-08], [-2.7337245356306994e-08, 2.8557277431673356e-08], [-2.8658387662972018e-08, 3.130510961568689e-08], [-2.5837776362891418e-08, 2.7777513622595507e-08], [-2.8646969241208353e-08, 3.173569496084383e-08], [-1.985051589770137e-08, 2.2758044337933825e-08], [null, 2.348128269602512e-08], [null, 2.0165376923841904e-08], [-1.790660952849521e-08, 2.0711627968239554e-08], [null, 2.6989679824396262e-08], [-2.2877292948919603e-08, 2.7000655933306916e-08], [-2.3033292606555733e-08, 2.8469630208860508e-08], [-1.376356806304102e-08, 1.761540247002813e-08], [null, 1.903467961028582e-08], [null, 1.8358742082114077e-08], [null, 2.5156300154094424e-08], [-3.099381018500935e-08, 3.3760510831370993e-08], [-2.1401278971211468e-08, 2.364933493481658e-08], [-1.912539993043083e-08, 2.3621723244104942e-08], [-2.367803375591393e-08, 2.5878442500015808e-08], [-2.2109306385686978e-08, 2.5092324662523424e-08], [null, 2.9225288855627696e-08], [-2.511822572159872e-08, 2.7068580266131903e-08], [-2.99301241568628e-08, 3.285037664113588e-08], [-2.7577689465374533e-08, 2.9224841213704167e-08], [-3.3368422691637534e-08, 3.6028236394258784e-08]], "Extended_Source_Name": "                  ", "0FGL_Name": "                 ", "1FGL_Name": "1FGL J1650.4-5042 ", "2FGL_Name": "2FGL J1650.1-5044 ", "1FHL_Name": "1FHL J1650.1-5045 ", "ASSOC_GAM1": "               ", "ASSOC_GAM2": "              ", "ASSOC_GAM3": "               ", "TEVCAT_FLAG": "N", "ASSOC_TEV": "                     ", "CLASS1": "bcu  ", "ASSOC1": "PMN J1650-5044            ", "ASSOC2": "                          ", "Flags": 0, "source_id": 2062}