{"Source_Name": "3FGL J0325.5+2223 ", "RAJ2000": 51.39950180053711, "DEJ2000": 22.398700714111328, "GLON": 163.66822814941406, "GLAT": -28.024559020996094, "Conf_68_SemiMajor": 0.04230749234557152, "Conf_68_SemiMinor": 0.03737367317080498, "Conf_68_PosAng": 32.279998779296875, "Conf_95_SemiMajor": 0.06859999895095825, "Conf_95_SemiMinor": 0.060600001364946365, "Conf_95_PosAng": 32.279998779296875, "ROI_num": 307, "Signif_Avg": 22.17633056640625, "Pivot_Energy": 313.8629150390625, "Flux_Density": 5.883617204549552e-11, "Unc_Flux_Density": 3.4208445538058685e-12, "Flux1000": 1.4646902579684706e-09, "Unc_Flux1000": 1.28453858661004e-10, "Energy_Flux100": 2.510484528595036e-11, "Unc_Energy_Flux100": 1.3619889721247502e-12, "Signif_Curve": 3.796058416366577, "SpectrumType": "LogParabola     ", "Spectral_Index": 2.4347786903381348, "Unc_Spectral_Index": 0.07666243612766266, "beta": 0.15492558479309082, "Unc_beta": 0.044212546199560165, "Cutoff": null, "Unc_Cutoff": null, "Exp_Index": null, "Unc_Exp_Index": null, "PowerLaw_Index": 2.6454179286956787, "Flux30_100": null, "Unc_Flux30_100": null, "nuFnu30_100": null, "Sqrt_TS30_100": null, "Flux100_300": 4.937402309224126e-08, "Unc_Flux100_300": [-5.142350101294824e-09, 5.193484309273799e-09], "nuFnu100_300": 1.1577250443040032e-11, "Sqrt_TS100_300": 10.026020050048828, "Flux300_1000": 1.0601318045644348e-08, "Unc_Flux300_1000": [-8.043175570016103e-10, 8.043175570016103e-10], "nuFnu300_1000": 6.789198977313893e-12, "Sqrt_TS300_1000": 15.497648239135742, "Flux1000_3000": 1.2619351119624866e-09, "Unc_Flux1000_3000": [-1.5584966650550314e-10, 1.6349405163040842e-10], "nuFnu1000_3000": 2.76893091788466e-12, "Sqrt_TS1000_3000": 10.747701644897461, "Flux3000_10000": 1.795825294026443e-10, "Unc_Flux3000_10000": [-4.370193096292496e-11, 4.962222993620813e-11], "nuFnu3000_10000": 1.0680736893878273e-12, "Sqrt_TS3000_10000": 5.956454753875732, "Flux10000_100000": 8.241565355247404e-15, "Unc_Flux10000_100000": [null, 1.2194450310643035e-11], "nuFnu10000_100000": 8.699675554412926e-17, "Sqrt_TS10000_100000": 0.0, "Variability_Index": 261.0523986816406, "Signif_Peak": 15.180059432983398, "Flux_Peak": 3.2530101634620223e-07, "Unc_Flux_Peak": 2.9394653822123473e-08, "Time_Peak": 282724992.0, "Peak_Interval": 2630000.0, "Flux_History": [1.8008644575573385e-09, 0.0, 1.4456418284680694e-08, 7.398556789439681e-08, 3.1772078301628426e-08, 2.361651141313814e-08, 5.3811660905012104e-08, 8.293282860449835e-08, 4.9043350713873224e-08, 7.038391203195715e-08, 2.4276776144915857e-08, 4.849477264201596e-08, 6.845903754992833e-08, 3.440441531665783e-08, 7.048910077855908e-08, 1.0976317099675725e-07, 3.2530101634620223e-07, 7.039145089038357e-08, 2.3743865540382103e-08, 2.0490947605367182e-08, 9.529245659223307e-08, 9.802572265016352e-08, 3.0162620845430865e-08, 1.0236906433647164e-07, 1.355690102400331e-07, 3.5038890899841135e-08, 3.048393892868262e-08, 1.0480804490953233e-07, 9.522529609284902e-08, 5.6346898702486214e-08, 9.609242113128857e-08, 9.608715600961659e-08, 5.785422274584562e-08, 4.639892381419486e-08, 6.95561865882155e-08, 4.4819216782343574e-08, 1.0471068634387848e-07, 8.13620317785535e-08, 5.984652062807072e-08, 8.028182207908685e-08, 0.0, 1.1343973760347126e-08, 4.357466565352297e-08, 9.137488632404711e-08, 5.8012926018591315e-08, 7.233496290837138e-08, 3.1940757594384195e-08, 2.1632452273934177e-08], "Unc_Flux_History": [[null, 1.770241730980615e-08], [null, 1.2843902830184106e-08], [-1.419108297540106e-08, 1.5480084769592395e-08], [-1.634774271508377e-08, 1.7415999309378094e-08], [-1.8496262299549926e-08, 1.9395566042135215e-08], [-1.4362108835541676e-08, 1.585874187526315e-08], [-1.841314301032071e-08, 1.8781697974645795e-08], [-2.0581840232125614e-08, 2.20524327687599e-08], [-1.6187401641332144e-08, 1.7692208587050118e-08], [-2.106010121849522e-08, 2.256393649702204e-08], [-1.501402202563895e-08, 1.61606372728329e-08], [-1.771492108559869e-08, 1.885296896375621e-08], [-1.84603781150372e-08, 1.9657623084867737e-08], [-1.580169950443633e-08, 1.7669531615638334e-08], [-2.3068499999112646e-08, 2.434390822259047e-08], [-2.6078941672835754e-08, 2.724289416278225e-08], [-2.9394653822123473e-08, 2.9394653822123473e-08], [-1.9940728179790312e-08, 2.1353663726131344e-08], [-1.58292134955218e-08, 1.7453219314234047e-08], [-1.5236468087209687e-08, 1.753220502109798e-08], [-2.1181136844461435e-08, 2.2698547041954953e-08], [-2.282220989968664e-08, 2.417541544730284e-08], [-1.854683695512449e-08, 2.0310940485046558e-08], [-2.088316186643624e-08, 2.215626970780704e-08], [-2.5884968835043765e-08, 2.740191185068852e-08], [-1.6359484433792204e-08, 1.7618578596056977e-08], [-1.9202282430796913e-08, 2.153606892818516e-08], [-2.105121943429822e-08, 2.231941564900808e-08], [-2.2199110105702857e-08, 2.35893864442005e-08], [-1.9592741651308643e-08, 2.052673586661058e-08], [-2.047045910558154e-08, 2.1734932076356017e-08], [-2.2834807822391667e-08, 2.4530468323291643e-08], [-1.902739654724428e-08, 2.0242145737370265e-08], [-2.0551214063857515e-08, 2.397871412540553e-08], [-1.931792326104187e-08, 2.0594402627693853e-08], [-1.7700271470744156e-08, 1.8958720815476227e-08], [-2.026540890653905e-08, 2.1141650208278406e-08], [-2.045988978238711e-08, 2.213498184744367e-08], [-2.110354913043011e-08, 2.2742552729937415e-08], [-1.9400864914587146e-08, 2.063270976293552e-08], [null, 1.862295562204963e-08], [null, 1.4032864648072518e-08], [-1.8638901977396927e-08, 2.0686886870180388e-08], [-2.241949381698305e-08, 2.3687171335495805e-08], [-1.950342287670992e-08, 2.0956266055804917e-08], [-2.4647835772384497e-08, 2.665153608916171e-08], [-1.8311977711960026e-08, 1.9907071546754196e-08], [-1.6060420549024457e-08, 1.7645124472664975e-08]], "Extended_Source_Name": "                  ", "0FGL_Name": "                 ", "1FGL_Name": "1FGL J0325.9+2219 ", "2FGL_Name": "2FGL J0326.1+2226 ", "1FHL_Name": "                  ", "ASSOC_GAM1": "               ", "ASSOC_GAM2": "              ", "ASSOC_GAM3": "               ", "TEVCAT_FLAG": "N", "ASSOC_TEV": "                     ", "CLASS1": "fsrq ", "ASSOC1": "TXS 0322+222              ", "ASSOC2": "                          ", "Flags": 0, "catalog_row_index": 396}