{"Source_Name": "3FGL J1848.6+3232 ", "RAJ2000": 282.1571960449219, "DEJ2000": 32.544498443603516, "GLON": 62.28618240356445, "GLAT": 14.743412017822266, "Conf_68_SemiMajor": 0.04039563611149788, "Conf_68_SemiMinor": 0.029849600046873093, "Conf_68_PosAng": 7.309999942779541, "Conf_95_SemiMajor": 0.06549999862909317, "Conf_95_SemiMinor": 0.04839999973773956, "Conf_95_PosAng": 7.309999942779541, "ROI_num": 277, "Signif_Avg": 11.59766674041748, "Pivot_Energy": 1193.363525390625, "Flux_Density": 2.5513308913455157e-12, "Unc_Flux_Density": 2.327098474856626e-13, "Flux1000": 2.358043982297886e-09, "Unc_Flux1000": 2.2589663473127075e-10, "Energy_Flux100": 2.0374087833507915e-11, "Unc_Energy_Flux100": 3.5463949485392554e-12, "Signif_Curve": 6.056979656219482, "SpectrumType": "LogParabola     ", "Spectral_Index": 2.4460947513580322, "Unc_Spectral_Index": 0.11238458007574081, "beta": 0.295709490776062, "Unc_beta": 0.08831247687339783, "Cutoff": null, "Unc_Cutoff": null, "Exp_Index": null, "Unc_Exp_Index": null, "PowerLaw_Index": 2.4027297496795654, "Flux30_100": null, "Unc_Flux30_100": null, "nuFnu30_100": null, "Sqrt_TS30_100": null, "Flux100_300": 1.3791920494554688e-08, "Unc_Flux100_300": [-7.643651933619822e-09, 7.717479100222135e-09], "nuFnu100_300": 3.5521425210960356e-12, "Sqrt_TS100_300": 1.8060157299041748, "Flux300_1000": 1.2736872889718143e-08, "Unc_Flux300_1000": [-1.8249062261332938e-09, 1.7935208873609554e-09], "nuFnu300_1000": 8.759626704546442e-12, "Sqrt_TS300_1000": 7.5045061111450195, "Flux1000_3000": 1.5632416472399768e-09, "Unc_Flux1000_3000": [-2.8735844259664134e-10, 2.972299351089447e-10], "nuFnu1000_3000": 3.523793453211188e-12, "Sqrt_TS1000_3000": 5.931132793426514, "Flux3000_10000": 2.9909527632376864e-10, "Unc_Flux3000_10000": [-6.780784961302189e-11, 7.558308146027315e-11], "nuFnu3000_10000": 1.7743490053970246e-12, "Sqrt_TS3000_10000": 5.508084297180176, "Flux10000_100000": 1.7742482830152007e-12, "Unc_Flux10000_100000": [null, 2.2173788846724385e-11], "nuFnu10000_100000": 1.7451892456664918e-14, "Sqrt_TS10000_100000": 0.1322113275527954, "Variability_Index": 193.2809600830078, "Signif_Peak": 6.4328837394714355, "Flux_Peak": 2.0340495154869132e-07, "Unc_Flux_Peak": 3.466809417318473e-08, "Time_Peak": 309024992.0, "Peak_Interval": 2630000.0, "Flux_History": [5.2567596497965496e-08, 3.210775645356989e-08, 5.6697906813951704e-08, 7.459795625663901e-08, 4.930602592878586e-09, 0.0, 3.030593376252e-08, 1.8835155657370706e-08, 2.528426712444798e-08, 4.804881825748453e-09, 0.0, 0.0, 1.8742895235845936e-08, 0.0, 2.1893329815725338e-08, 8.160157882741714e-09, 1.4694286676331103e-08, 1.0448289344822115e-08, 0.0, 0.0, 8.876486212727741e-09, 1.1023542967336653e-08, 3.193307618332142e-09, 1.060061483038055e-09, 1.862366971749907e-08, 9.973477688163257e-08, 2.0340495154869132e-07, 7.324207018655216e-08, 6.621465331591025e-08, 3.817703131403505e-08, 4.8492982074321844e-08, 2.0949075363319025e-08, 2.7330166574301984e-08, 1.8853219430070567e-08, 1.2850032149458457e-08, 4.381469054237641e-08, 9.83239178964368e-09, 4.768568828694697e-08, 1.784441394647729e-08, 1.2186073661268892e-07, 5.604065833608729e-08, 3.829069683547459e-08, 3.761696376614054e-08, 3.540218429520792e-08, 4.003629427984379e-08, 0.0, 2.5199513586926514e-08, 8.215859104154788e-09], "Unc_Flux_History": [[-2.0400642952722592e-08, 2.1874413391742564e-08], [-2.0910066567125796e-08, 2.368511609063262e-08], [-2.0575065207140142e-08, 2.2358342732786696e-08], [-2.1259184634914163e-08, 2.232447471328669e-08], [null, 1.590989029409684e-08], [null, 1.567066831853481e-08], [-1.712895425498573e-08, 1.898580848092024e-08], [-1.479064604126279e-08, 1.6741285691068697e-08], [-1.3912131890947421e-08, 1.4768278155941061e-08], [null, 7.755814657173232e-09], [null, 7.58045004545238e-09], [null, 1.2289004480692256e-08], [-1.2105214608482129e-08, 1.2325055642747884e-08], [null, 8.025004660794366e-09], [-9.018770619206862e-09, 1.0040782427722661e-08], [null, 1.1472036653970008e-08], [-1.3704815948756277e-08, 1.6087875920334227e-08], [-6.962463494630811e-09, 8.285393704454691e-09], [null, 1.3845841806414683e-08], [null, 7.205765317763735e-09], [-7.0307697441762684e-09, 8.42563707692534e-09], [null, 1.101753799304106e-08], [null, 7.221838682625048e-09], [null, 1.111951242194209e-08], [-1.5542601872198247e-08, 1.4396873027067159e-08], [-2.8883562208648073e-08, 3.027779271747022e-08], [-3.466809417318473e-08, 3.5674680987085594e-08], [-2.294759049448203e-08, 2.3582639840924458e-08], [-2.6608224956703452e-08, 2.8283270836482188e-08], [-2.0293720481845412e-08, 2.2370732821741512e-08], [-1.875114463700811e-08, 1.923661763214568e-08], [-1.40692293371103e-08, 1.5547465537224525e-08], [-1.784233383261835e-08, 2.0489281382651825e-08], [-1.4622543176301406e-08, 1.7191165824215204e-08], [null, 2.012549771279737e-08], [-2.2898722917830128e-08, 2.4922067964894268e-08], [null, 1.7069572422201418e-08], [-1.332051180469307e-08, 1.4638802170452436e-08], [null, 1.8394787915099187e-08], [-1.506469793355336e-08, 1.5918073970055957e-08], [-1.5480054571526125e-08, 1.6058505636351583e-08], [-1.0728442134677607e-08, 1.180067776829219e-08], [-1.8118454292448405e-08, 1.4222686139930829e-08], [-1.584549558231174e-08, 1.771222812863016e-08], [-1.6366197286288298e-08, 1.761928203336538e-08], [null, 1.6654123413673005e-08], [-1.767416080156181e-08, 1.9427622177659032e-08], [null, 1.9998093847561904e-08]], "Extended_Source_Name": "                  ", "0FGL_Name": "                 ", "1FGL_Name": "                  ", "2FGL_Name": "                  ", "1FHL_Name": "                  ", "ASSOC_GAM1": "               ", "ASSOC_GAM2": "              ", "ASSOC_GAM3": "               ", "TEVCAT_FLAG": "N", "ASSOC_TEV": "                     ", "CLASS1": "     ", "ASSOC1": "                          ", "ASSOC2": "                          ", "Flags": 80, "source_id": 2423}