{"Source_Name": "3FGL J0250.6+1713 ", "RAJ2000": 42.65230178833008, "DEJ2000": 17.230600357055664, "GLON": 159.42193603515625, "GLAT": -37.05776596069336, "Conf_68_SemiMajor": 0.030898036435246468, "Conf_68_SemiMinor": 0.02873949147760868, "Conf_68_PosAng": -89.86000061035156, "Conf_95_SemiMajor": 0.05009999871253967, "Conf_95_SemiMinor": 0.04659999907016754, "Conf_95_PosAng": -89.86000061035156, "ROI_num": 655, "Signif_Avg": 8.24137020111084, "Pivot_Energy": 3766.53466796875, "Flux_Density": 3.49738853600446e-14, "Unc_Flux_Density": 6.404589755943952e-15, "Flux1000": 4.88386553421094e-10, "Unc_Flux1000": 9.530291833481641e-11, "Energy_Flux100": 5.478027753635928e-12, "Unc_Energy_Flux100": 1.0095704654211612e-12, "Signif_Curve": 2.3801262378692627, "SpectrumType": "PowerLaw        ", "Spectral_Index": 1.9838119745254517, "Unc_Spectral_Index": 0.187595933675766, "beta": null, "Unc_beta": null, "Cutoff": null, "Unc_Cutoff": null, "Exp_Index": null, "Unc_Exp_Index": null, "PowerLaw_Index": 1.9838119745254517, "Flux30_100": null, "Unc_Flux30_100": null, "nuFnu30_100": null, "Sqrt_TS30_100": null, "Flux100_300": 1.208225697268972e-08, "Unc_Flux100_300": [-3.230166578660487e-09, 3.2720897102933577e-09], "nuFnu100_300": 2.9079783286228844e-12, "Sqrt_TS100_300": 3.838088035583496, "Flux300_1000": 1.2004914839991443e-09, "Unc_Flux300_1000": [-5.140368686262775e-10, 5.33952160264306e-10], "nuFnu300_1000": 8.257897404079229e-13, "Sqrt_TS300_1000": 2.3913509845733643, "Flux1000_3000": 1.6413402581516578e-10, "Unc_Flux1000_3000": [-7.991347861224796e-11, 9.091615654766017e-11], "nuFnu1000_3000": 3.9504052698306757e-13, "Sqrt_TS1000_3000": 2.2687253952026367, "Flux3000_10000": 1.232758201075157e-10, "Unc_Flux3000_10000": [-3.698194181445125e-11, 4.319073571013021e-11], "nuFnu3000_10000": 8.479853104426116e-13, "Sqrt_TS3000_10000": 4.7826972007751465, "Flux10000_100000": 5.836685301741085e-11, "Unc_Flux10000_100000": [-1.9845536672336017e-11, 2.5203145126440063e-11], "nuFnu10000_100000": 1.0457674223113278e-12, "Sqrt_TS10000_100000": 6.325874328613281, "Variability_Index": 48.47679138183594, "Signif_Peak": null, "Flux_Peak": null, "Unc_Flux_Peak": null, "Time_Peak": null, "Peak_Interval": null, "Flux_History": [1.1573005664899938e-08, 0.0, 6.532324903218978e-09, 4.610840154128937e-09, 1.0383103266065064e-08, 1.0814626527633209e-08, 1.4324328390102892e-08, 7.576505645090492e-09, 0.0, 1.320111753244646e-08, 1.2019092388015906e-08, 7.755597941638825e-09, 5.217094756204688e-09, 1.9446561694280717e-08, 1.7673206897939053e-08, 9.517064469832803e-09, 0.0, 0.0, 1.3991293457138454e-08, 5.089052734774668e-09, 0.0, 0.0, 0.0, 9.439429682345235e-09, 6.659421902810436e-09, 1.795737958332211e-08, 1.501124557989897e-08, 9.25163678999752e-09, 0.0, 1.0244750825449955e-08, 0.0, 3.163164619124359e-09, 0.0, 0.0, 3.396046999171176e-09, 0.0, 0.0, 0.0, 0.0, 0.0, 0.0, 6.550411768557751e-09, 0.0, 4.020703325835484e-09, 0.0, 0.0, 0.0, 8.736744661064222e-09], "Unc_Flux_History": [[-6.498285021194761e-09, 8.36690805527951e-09], [null, 5.85470960601242e-09], [-4.300305889159972e-09, 6.601025059893573e-09], [-4.031410316684969e-09, 6.154174503336662e-09], [-8.620284042137882e-09, 1.0298783159612412e-08], [-5.173026451643636e-09, 6.65070398753187e-09], [-6.351812853466754e-09, 8.061360468047951e-09], [-6.477075320532322e-09, 8.107564397619171e-09], [null, 7.464133311430032e-09], [-1.0787771564935156e-08, 1.2645753777462687e-08], [-6.786553097271053e-09, 8.500342651984738e-09], [-5.743509223776755e-09, 8.182938771028603e-09], [-3.385373092967825e-09, 5.280773152094298e-09], [-9.0473291081139e-09, 1.0585875287461022e-08], [-9.610098494761132e-09, 1.1748008788003972e-08], [-7.102719301599336e-09, 9.609436801838456e-09], [null, 7.3055801408372645e-09], [null, 7.491729903108535e-09], [-6.397839147354034e-09, 8.049082289574017e-09], [-4.098308359345992e-09, 6.3793770266329375e-09], [null, 7.8165109940187e-09], [null, 5.766281230279446e-09], [null, 1.0049087784125277e-08], [-5.633100652602252e-09, 7.846321814497514e-09], [null, 9.783368781768331e-09], [-8.09314570915376e-09, 9.710372950166857e-09], [-8.342178503539799e-09, 1.055522336201875e-08], [-6.0205600505014445e-09, 8.511438664982052e-09], [null, 8.520019356694775e-09], [-5.684828163765587e-09, 7.525911449590694e-09], [null, 7.128555523649993e-09], [null, 1.0425512009248905e-08], [null, 8.616185098730966e-09], [null, 9.546027968099224e-09], [null, 7.550668534861416e-09], [null, 7.313592398361379e-09], [null, 5.619023468739215e-09], [null, 8.965485243095372e-09], [null, 6.36536112708086e-09], [null, 7.400531742973726e-09], [null, 9.500614517321537e-09], [-4.697318534141459e-09, 7.107056276822732e-09], [null, 6.633757543283991e-09], [-3.820630034567785e-09, 5.7780540352325716e-09], [null, 8.058539613386984e-09], [null, 1.0102918501786462e-08], [null, 8.242588833695663e-09], [-5.924056800665767e-09, 8.120231598240935e-09]], "Extended_Source_Name": "                  ", "0FGL_Name": "                 ", "1FGL_Name": "1FGL J0250.4+1715 ", "2FGL_Name": "2FGL J0250.6+1713 ", "1FHL_Name": "1FHL J0250.6+1712 ", "ASSOC_GAM1": "               ", "ASSOC_GAM2": "              ", "ASSOC_GAM3": "               ", "TEVCAT_FLAG": "N", "ASSOC_TEV": "                     ", "CLASS1": "fsrq ", "ASSOC1": "NVSS J025037+171209       ", "ASSOC2": "                          ", "Flags": 0, "source_id": 334}