{"Source_Name": "3FGL J0014.7+5802 ", "RAJ2000": 3.6826999187469482, "DEJ2000": 58.04240036010742, "GLON": 118.07527923583984, "GLAT": -4.48273229598999, "Conf_68_SemiMajor": 0.03583185747265816, "Conf_68_SemiMinor": 0.032069820910692215, "Conf_68_PosAng": -71.55000305175781, "Conf_95_SemiMajor": 0.05810000002384186, "Conf_95_SemiMinor": 0.052000001072883606, "Conf_95_PosAng": -71.55000305175781, "ROI_num": 114, "Signif_Avg": 5.546118259429932, "Pivot_Energy": 5677.099609375, "Flux_Density": 1.2382845806678186e-14, "Unc_Flux_Density": 3.0446789871468958e-15, "Flux1000": 3.70228958601615e-10, "Unc_Flux1000": 1.0085257629022237e-10, "Energy_Flux100": 4.260515985149427e-12, "Unc_Energy_Flux100": 1.0611437943619517e-12, "Signif_Curve": 0.6733911633491516, "SpectrumType": "PowerLaw        ", "Spectral_Index": 1.9128166437149048, "Unc_Spectral_Index": 0.16509826481342316, "beta": null, "Unc_beta": null, "Cutoff": null, "Unc_Cutoff": null, "Exp_Index": null, "Unc_Exp_Index": null, "PowerLaw_Index": 1.9128166437149048, "Flux30_100": null, "Unc_Flux30_100": null, "nuFnu30_100": null, "Sqrt_TS30_100": null, "Flux100_300": 1.182385461241664e-12, "Unc_Flux100_300": [null, 2.9556208591685618e-09], "nuFnu100_300": 2.865840156432767e-16, "Sqrt_TS100_300": 0.0, "Flux300_1000": 2.9887630564884304e-11, "Unc_Flux300_1000": [null, 6.138600738836431e-10], "nuFnu300_1000": 2.073254423500502e-14, "Sqrt_TS300_1000": 0.0, "Flux1000_3000": 3.215752664154081e-10, "Unc_Flux1000_3000": [-1.2950070182871087e-10, 1.3837601897659368e-10], "nuFnu1000_3000": 7.794271413182063e-13, "Sqrt_TS1000_3000": 2.6466658115386963, "Flux3000_10000": 9.637213943536338e-11, "Unc_Flux3000_10000": [-3.4333345194648146e-11, 4.0525489214404686e-11], "nuFnu3000_10000": 6.685172706209774e-13, "Sqrt_TS3000_10000": 3.5784502029418945, "Flux10000_100000": 2.8851459416001646e-11, "Unc_Flux10000_100000": [-1.3588433329936311e-11, 1.8132865001185827e-11], "nuFnu10000_100000": 5.322778350892732e-13, "Sqrt_TS10000_100000": 3.46378231048584, "Variability_Index": 39.51007080078125, "Signif_Peak": null, "Flux_Peak": null, "Unc_Flux_Peak": null, "Time_Peak": null, "Peak_Interval": null, "Flux_History": [7.81334197341721e-09, 0.0, 0.0, 0.0, 0.0, 7.015131586740608e-09, 0.0, 0.0, 8.78097061729477e-09, 0.0, 0.0, 0.0, 0.0, 0.0, 1.1152147649795552e-08, 0.0, 0.0, 7.137785473787517e-09, 0.0, 1.222479784068753e-09, 8.43120684379528e-09, 0.0, 7.603573770609273e-09, 8.842827803334785e-09, 0.0, 0.0, 8.198251855162653e-09, 6.763372972784509e-09, 7.360826614899452e-09, 0.0, 0.0, 0.0, 0.0, 1.128114046622386e-08, 0.0, 0.0, 3.0769882197745346e-09, 1.5679175291438696e-08, 3.0536133621694717e-09, 5.252073442818528e-09, 3.0407303341917213e-09, 0.0, 0.0, 0.0, 7.938175450306062e-09, 2.85807777444802e-09, 0.0, 3.230182121782832e-09], "Unc_Flux_History": [[-4.886158588846001e-09, 7.351157016444176e-09], [null, 7.2282109186971866e-09], [null, 1.0440467157479816e-08], [null, 6.681997177793164e-09], [null, 9.334782724579327e-09], [null, 1.1177809788875948e-08], [null, 7.161472748151709e-09], [null, 6.467506530327682e-09], [-7.83741960219686e-09, 1.0646196813013376e-08], [null, 9.820658952719441e-09], [null, 7.441224969539917e-09], [null, 5.298650407326022e-09], [null, 7.83792497571767e-09], [null, 6.347871117640125e-09], [-5.398523406086042e-09, 7.211486074965023e-09], [null, 6.656313278341486e-09], [null, 6.771731619892307e-09], [-4.7562700444814254e-09, 7.52550999294499e-09], [null, 7.336172114236206e-09], [null, 8.377469384868164e-09], [-4.79167949762882e-09, 6.993016832268495e-09], [null, 9.286478253045516e-09], [-4.747156889806092e-09, 6.652577599908227e-09], [-6.495547211216035e-09, 8.66323901504984e-09], [null, 5.15326004091321e-09], [null, 7.266101054170804e-09], [-4.952756871290376e-09, 7.627789067043977e-09], [-5.350040410689871e-09, 6.715667133505576e-09], [-7.116280009711318e-09, 8.54752002510395e-09], [null, 6.5884231403856575e-09], [null, 8.045122790178993e-09], [null, 5.8658904400488154e-09], [null, 5.483826726049301e-09], [-6.694935272832936e-09, 7.776692179106703e-09], [null, 7.182336503319675e-09], [null, 7.681813407600657e-09], [null, 8.7347373778357e-09], [-7.49645412412292e-09, 8.351521252336624e-09], [null, 6.654397033400983e-09], [-3.810669113590848e-09, 5.926605428641096e-09], [null, 5.714909434573201e-09], [null, 5.9625553383568786e-09], [null, 6.044692302253907e-09], [null, 4.361806915653688e-09], [-4.6284314159095175e-09, 6.575267885722269e-09], [-2.8042388411364527e-09, 4.4324734993494985e-09], [null, 6.527753448892781e-09], [null, 9.84166348416693e-09]], "Extended_Source_Name": "                  ", "0FGL_Name": "                 ", "1FGL_Name": "                  ", "2FGL_Name": "                  ", "1FHL_Name": "                  ", "ASSOC_GAM1": "               ", "ASSOC_GAM2": "              ", "ASSOC_GAM3": "               ", "TEVCAT_FLAG": "N", "ASSOC_TEV": "                     ", "CLASS1": "bll  ", "ASSOC1": "1RXS J001442.2+580201     ", "ASSOC2": "                          ", "Flags": 0, "source_id": 37}