{"Source_Name": "3FGL J0700.6+3557 ", "RAJ2000": 105.16169738769531, "DEJ2000": 35.96649932861328, "GLON": 180.80313110351562, "GLAT": 17.262170791625977, "Conf_68_SemiMajor": 0.08264146000146866, "Conf_68_SemiMinor": 0.06882676482200623, "Conf_68_PosAng": -86.98999786376953, "Conf_95_SemiMajor": 0.1340000033378601, "Conf_95_SemiMinor": 0.11159999668598175, "Conf_95_PosAng": -86.98999786376953, "ROI_num": 664, "Signif_Avg": 4.735616683959961, "Pivot_Energy": 925.28759765625, "Flux_Density": 4.807135050265143e-13, "Unc_Flux_Density": 1.0143185662052356e-13, "Flux1000": 2.8392274642463633e-10, "Unc_Flux1000": 6.848532158043596e-11, "Energy_Flux100": 3.763110049265217e-12, "Unc_Energy_Flux100": 8.018350523483764e-13, "Signif_Curve": 1.9807826280593872, "SpectrumType": "PowerLaw        ", "Spectral_Index": 2.4031946659088135, "Unc_Spectral_Index": 0.14947445690631866, "beta": null, "Unc_beta": null, "Cutoff": null, "Unc_Cutoff": null, "Exp_Index": null, "Unc_Exp_Index": null, "PowerLaw_Index": 2.4031946659088135, "Flux30_100": null, "Unc_Flux30_100": null, "nuFnu30_100": null, "Sqrt_TS30_100": null, "Flux100_300": 5.151474358200403e-09, "Unc_Flux100_300": [-2.874453564061241e-09, 2.951731525868695e-09], "nuFnu100_300": 1.1903230137666476e-12, "Sqrt_TS100_300": 1.8181132078170776, "Flux300_1000": 1.0073317735503906e-09, "Unc_Flux300_1000": [-4.678154530424194e-10, 4.706422473965688e-10], "nuFnu300_1000": 6.600153908652151e-13, "Sqrt_TS300_1000": 2.2176191806793213, "Flux1000_3000": 3.6889943877405074e-10, "Unc_Flux1000_3000": [-9.350091534354732e-11, 1.0162703317773136e-10], "nuFnu1000_3000": 8.523958448802826e-13, "Sqrt_TS1000_3000": 4.792096138000488, "Flux3000_10000": 3.73155568944572e-11, "Unc_Flux3000_10000": [-2.019679735953961e-11, 2.6981647818780097e-11], "nuFnu3000_10000": 2.4449582983199214e-13, "Sqrt_TS3000_10000": 2.3650710582733154, "Flux10000_100000": 1.002579960105712e-15, "Unc_Flux10000_100000": [null, 1.2711923527697344e-11], "nuFnu10000_100000": 1.528495603302639e-17, "Sqrt_TS10000_100000": 0.0, "Variability_Index": 35.76858139038086, "Signif_Peak": null, "Flux_Peak": null, "Unc_Flux_Peak": null, "Time_Peak": null, "Peak_Interval": null, "Flux_History": [1.124453419265592e-08, 1.7777905370053304e-08, 2.4751246385790182e-08, 9.934548295120749e-09, 7.65351959586269e-09, 8.152476027589728e-09, 4.072690185097372e-09, 3.4882530197677397e-09, 1.004443017649237e-08, 0.0, 9.721333960044376e-09, 5.018059301420408e-09, 2.6989086521211902e-08, 0.0, 5.002726233271915e-09, 4.058116953586932e-09, 2.4028340206427856e-08, 8.985707289355105e-09, 3.083183708341153e-09, 4.406587539307338e-09, 0.0, 0.0, 0.0, 2.2230478791129826e-08, 1.4202965914478227e-08, 1.209623601283738e-08, 1.0844917186503267e-09, 8.260472306176325e-09, 0.0, 6.106646743830879e-09, 0.0, 3.2130809124453208e-09, 1.4603803499824153e-08, 0.0, 2.3922900993511576e-08, 0.0, 0.0, 4.7057349128465376e-09, 1.5994706004107684e-08, 0.0, 1.9822092411914127e-08, 8.265407802632296e-10, 2.8449974820432544e-08, 1.2128186455129253e-08, 7.723737205367343e-09, 1.1463996862914883e-08, 1.4537235415446048e-08, 0.0], "Unc_Flux_History": [[null, 1.404171356966799e-08], [-1.129109072905976e-08, 1.3751059846356384e-08], [-1.3052379621569798e-08, 1.4302987239034337e-08], [-7.898270482087355e-09, 1.010944039592232e-08], [null, 1.377607095065514e-08], [null, 1.4435026507442217e-08], [null, 9.246650556349323e-09], [null, 1.2416474959309198e-08], [-8.575941734534354e-09, 1.0751930012986577e-08], [null, 8.675679730174579e-09], [null, 1.1383423981214946e-08], [null, 1.0827946539393452e-08], [-1.1550810974370052e-08, 1.3062780190864487e-08], [null, 8.387981864643734e-09], [null, 1.1632079299772613e-08], [null, 1.4605136655632123e-08], [-1.1871839511456983e-08, 1.3571896495534475e-08], [-7.608375263146172e-09, 1.0492222202174162e-08], [null, 1.0764139801722195e-08], [null, 1.0891030299831073e-08], [null, 1.144235373118363e-08], [null, 1.0338784939278867e-08], [null, 8.065750733976529e-09], [-1.1902021590515233e-08, 1.314401654184394e-08], [-1.2282901806770496e-08, 1.4650191282328251e-08], [-8.53514059429017e-09, 1.063987298266511e-08], [null, 1.5007936227107166e-08], [null, 1.3463286485659864e-08], [null, 1.2600949617080914e-08], [null, 1.4569855544266375e-08], [null, 1.0695091035017867e-08], [null, 1.2560952278306559e-08], [-8.761620762243183e-09, 1.029037921540521e-08], [null, 1.3894769779199123e-08], [-1.2515251057720889e-08, 1.429791485207943e-08], [null, 9.408683609990476e-09], [null, 1.194669341231247e-08], [null, 9.767899378232414e-09], [-9.755962260271644e-09, 1.1368113561616155e-08], [null, 1.2821921302474948e-08], [-1.3482207350534736e-08, 1.4878161813669522e-08], [null, 9.303605885691013e-09], [-1.2545540606367922e-08, 1.391097903535865e-08], [-9.942586309819035e-09, 1.300569607565194e-08], [-5.653643775360706e-09, 8.98578278452078e-09], [null, 1.3303512957918429e-08], [-1.2456294662399614e-08, 1.432842200443929e-08], [null, 8.571164222814787e-09]], "Extended_Source_Name": "                  ", "0FGL_Name": "                 ", "1FGL_Name": "                  ", "2FGL_Name": "                  ", "1FHL_Name": "                  ", "ASSOC_GAM1": "               ", "ASSOC_GAM2": "              ", "ASSOC_GAM3": "               ", "TEVCAT_FLAG": "N", "ASSOC_TEV": "                     ", "CLASS1": "     ", "ASSOC1": "                          ", "ASSOC2": "                          ", "Flags": 0, "source_id": 777}