{"Source_Name": "3FGL J0055.2-1213 ", "RAJ2000": 13.801400184631348, "DEJ2000": -12.232600212097168, "GLON": 126.51033020019531, "GLAT": -75.07810974121094, "Conf_68_SemiMajor": 0.08517003804445267, "Conf_68_SemiMinor": 0.07191040366888046, "Conf_68_PosAng": -63.61000061035156, "Conf_95_SemiMajor": 0.13809999823570251, "Conf_95_SemiMinor": 0.11659999936819077, "Conf_95_PosAng": -63.61000061035156, "ROI_num": 525, "Signif_Avg": 4.707273006439209, "Pivot_Energy": 996.72265625, "Flux_Density": 3.4178348627851574e-13, "Unc_Flux_Density": 7.553368195668819e-14, "Flux1000": 2.424746792240029e-10, "Unc_Flux1000": 6.08626274378743e-11, "Energy_Flux100": 3.193662131625863e-12, "Unc_Energy_Flux100": 7.188385628929816e-13, "Signif_Curve": 0.6043263673782349, "SpectrumType": "PowerLaw        ", "Spectral_Index": 2.3967580795288086, "Unc_Spectral_Index": 0.1674562245607376, "beta": null, "Unc_beta": null, "Cutoff": null, "Unc_Cutoff": null, "Exp_Index": null, "Unc_Exp_Index": null, "PowerLaw_Index": 2.3967580795288086, "Flux30_100": null, "Unc_Flux30_100": null, "nuFnu30_100": null, "Sqrt_TS30_100": null, "Flux100_300": 4.094719674441194e-09, "Unc_Flux100_300": [-2.6309776579580557e-09, 2.804566356928717e-09], "nuFnu100_300": 9.467260959558632e-13, "Sqrt_TS100_300": 1.5612373352050781, "Flux300_1000": 1.2396548232374016e-09, "Unc_Flux300_1000": [-3.899879308377763e-10, 4.1029935005099105e-10], "nuFnu300_1000": 8.128297297391174e-13, "Sqrt_TS300_1000": 3.389885425567627, "Flux1000_3000": 1.8118610778383726e-10, "Unc_Flux1000_3000": [-7.632451615169344e-11, 8.558379005485506e-11], "nuFnu1000_3000": 4.189141980352751e-13, "Sqrt_TS1000_3000": 2.6488704681396484, "Flux3000_10000": 3.7659608070894635e-11, "Unc_Flux3000_10000": [-2.1484314327580023e-11, 2.725201835029889e-11], "nuFnu3000_10000": 2.4693040581030834e-13, "Sqrt_TS3000_10000": 2.088329792022705, "Flux10000_100000": 1.489060437454004e-11, "Unc_Flux10000_100000": [-8.91431806843146e-12, 1.4513513654779153e-11], "nuFnu10000_100000": 2.2754069678790345e-13, "Sqrt_TS10000_100000": 2.676652431488037, "Variability_Index": 68.79126739501953, "Signif_Peak": null, "Flux_Peak": null, "Unc_Flux_Peak": null, "Time_Peak": null, "Peak_Interval": null, "Flux_History": [0.0, 3.081554922346186e-08, 0.0, 2.8421508702081155e-08, 2.0784046483868224e-08, 2.2086306117330423e-09, 1.2800079218777682e-08, 1.607258326430383e-08, 0.0, 0.0, 4.433363898215248e-09, 5.681790149481003e-09, 0.0, 0.0, 0.0, 0.0, 1.7920909201052382e-08, 0.0, 0.0, 0.0, 4.222818983379284e-09, 0.0, 1.5937482444883244e-08, 0.0, 0.0, 3.119142633067895e-08, 1.363148816047044e-09, 0.0, 2.331061788041211e-09, 7.434939774952909e-09, 5.919322365599555e-09, 0.0, 7.654098688192335e-09, 0.0, 0.0, 4.5278443217000586e-09, 0.0, 0.0, 5.302810190954688e-09, 1.9610599366615133e-08, 1.4219846633523048e-08, 1.2793101689112518e-08, 4.547444376612475e-08, 1.0405614148112363e-08, 5.600269581407247e-09, 9.97097693300475e-09, 0.0, 1.869350363392641e-08], "Unc_Flux_History": [[null, 1.1245322895092613e-08], [-1.1528282328754358e-08, 1.252493042613878e-08], [null, 9.861691019352747e-09], [-9.995019922826032e-09, 1.0859519505856952e-08], [-1.0729281463284224e-08, 1.2235674695659782e-08], [null, 1.0089438617910673e-08], [-1.0129865835040164e-08, 1.1544132760832326e-08], [-8.280135688210066e-09, 1.0491749691254881e-08], [null, 9.524702804242224e-09], [null, 1.0809456441052134e-08], [null, 8.647424998287079e-09], [null, 1.1451305681475787e-08], [null, 8.278240315462426e-09], [null, 1.3707543544683176e-08], [null, 9.006916990017544e-09], [null, 1.6918328071824362e-08], [-1.0799136695993639e-08, 1.2733025300804002e-08], [null, 8.833605846803039e-09], [null, 1.3640160112515787e-08], [null, 8.657062622319245e-09], [null, 1.617648415219719e-08], [null, 6.03502758877994e-09], [-1.0206385958611008e-08, 1.2654338021889089e-08], [null, 8.436456866434128e-09], [null, 8.791003480723703e-09], [-1.6087403409414947e-08, 1.8917592825573593e-08], [null, 9.479300011605574e-09], [null, 9.735828143675462e-09], [null, 1.017620032683908e-08], [null, 1.3323538716747407e-08], [null, 1.35576643245372e-08], [null, 7.612181107674587e-09], [null, 1.7286245324044103e-08], [null, 7.689292758072952e-09], [null, 6.949228747998859e-09], [null, 9.843974524414989e-09], [null, 1.2476808031181008e-08], [null, 1.0713666398487476e-08], [null, 1.0124469262962066e-08], [-1.0693185004129191e-08, 1.3591229475196087e-08], [-8.344162694129409e-09, 1.0811672446209286e-08], [null, 1.6736958485807918e-08], [-1.191476428630267e-08, 1.3255711195370168e-08], [-9.941142131708602e-09, 1.3626695327673133e-08], [null, 1.2388297498944212e-08], [-8.078224311702797e-09, 1.0459572763465985e-08], [null, 1.0943919548367376e-08], [-9.428034353220482e-09, 1.1370359764839577e-08]], "Extended_Source_Name": "                  ", "0FGL_Name": "                 ", "1FGL_Name": "                  ", "2FGL_Name": "                  ", "1FHL_Name": "                  ", "ASSOC_GAM1": "               ", "ASSOC_GAM2": "              ", "ASSOC_GAM3": "               ", "TEVCAT_FLAG": "N", "ASSOC_TEV": "                     ", "CLASS1": "bcu  ", "ASSOC1": "TXS 0052-125              ", "ASSOC2": "                          ", "Flags": 0, "catalog_row_index": 116}