{"Source_Name": "3FGL J0302.0+5335 ", "RAJ2000": 45.52170181274414, "DEJ2000": 53.59830093383789, "GLON": 141.67042541503906, "GLAT": -4.4520721435546875, "Conf_68_SemiMajor": 0.052113454788923264, "Conf_68_SemiMinor": 0.04169076308608055, "Conf_68_PosAng": -57.72999954223633, "Conf_95_SemiMajor": 0.08449999988079071, "Conf_95_SemiMinor": 0.06759999692440033, "Conf_95_PosAng": -57.72999954223633, "ROI_num": 119, "Signif_Avg": 5.5103278160095215, "Pivot_Energy": 1276.618896484375, "Flux_Density": 4.142132871507581e-13, "Unc_Flux_Density": 7.807587855315073e-14, "Flux1000": 5.365050070871291e-10, "Unc_Flux1000": 1.0574380954198048e-10, "Energy_Flux100": 6.942291359834929e-12, "Unc_Energy_Flux100": 1.3627549609596112e-12, "Signif_Curve": 0.7104344367980957, "SpectrumType": "PowerLaw        ", "Spectral_Index": 2.378005027770996, "Unc_Spectral_Index": 0.12216977030038834, "beta": null, "Unc_beta": null, "Cutoff": null, "Unc_Cutoff": null, "Exp_Index": null, "Unc_Exp_Index": null, "PowerLaw_Index": 2.378005027770996, "Flux30_100": null, "Unc_Flux30_100": null, "nuFnu30_100": null, "Sqrt_TS30_100": null, "Flux100_300": 6.269246455303801e-09, "Unc_Flux100_300": [-4.432492595185522e-09, 4.4655332764875766e-09], "nuFnu100_300": 1.4520919189298098e-12, "Sqrt_TS100_300": 1.4156204462051392, "Flux300_1000": 3.3563340995357294e-09, "Unc_Flux300_1000": [-8.409231644357362e-10, 8.551496177844342e-10], "nuFnu300_1000": 2.205412501926629e-12, "Sqrt_TS300_1000": 4.100423336029053, "Flux1000_3000": 5.193361851674183e-10, "Unc_Flux1000_3000": [-1.5154998089794702e-10, 1.604861660231549e-10], "nuFnu1000_3000": 1.202893904275748e-12, "Sqrt_TS1000_3000": 3.7568557262420654, "Flux3000_10000": 5.2694213575898985e-11, "Unc_Flux3000_10000": [-3.218587896203218e-11, 3.8930237505896415e-11], "nuFnu3000_10000": 3.4624823082481104e-13, "Sqrt_TS3000_10000": 1.7922040224075317, "Flux10000_100000": 2.5199122302699273e-11, "Unc_Flux10000_100000": [-1.2109983155150772e-11, 1.6727638371683007e-11], "nuFnu10000_100000": 3.8767226191380177e-13, "Sqrt_TS10000_100000": 3.106325626373291, "Variability_Index": 64.66780853271484, "Signif_Peak": null, "Flux_Peak": null, "Unc_Flux_Peak": null, "Time_Peak": null, "Peak_Interval": null, "Flux_History": [0.0, 0.0, 0.0, 1.7993171397279184e-08, 1.2071083688169892e-08, 0.0, 0.0, 0.0, 3.2342521993911078e-09, 2.3267679338800917e-08, 0.0, 0.0, 5.263278701761465e-09, 1.7545639607874364e-08, 0.0, 4.51794193168098e-08, 5.068718778034054e-08, 0.0, 7.184061789899943e-09, 1.9586831712103958e-08, 1.5751037807376633e-08, 2.5603425157783022e-08, 0.0, 2.7681846148652767e-08, 3.7234944016972804e-08, 2.5539321768519585e-08, 6.089772686124206e-09, 0.0, 4.481907289743958e-09, 0.0, 0.0, 2.0398447375669093e-08, 0.0, 7.720307593217512e-08, 2.0856427696003266e-08, 4.154981070314534e-08, 0.0, 0.0, 0.0, 1.8795887513078924e-08, 1.792041537385103e-08, 2.551691302699055e-08, 0.0, 2.402802934398096e-08, 0.0, 2.560434531062583e-08, 6.318010292716281e-08, 3.620751698463209e-08], "Unc_Flux_History": [[null, 2.0361561325898947e-08], [null, 9.933311950760526e-09], [null, 2.2366913654536802e-08], [-1.7542820529570236e-08, 2.0237521880517306e-08], [null, 2.312630797973725e-08], [null, 1.3108197194355853e-08], [null, 1.848442998664268e-08], [null, 2.390737208202154e-08], [null, 1.4243175527894891e-08], [-1.9134281714627832e-08, 2.1709755770871197e-08], [null, 1.6944923686423863e-08], [null, 2.01722656356651e-08], [null, 1.9860395994442115e-08], [-1.5003209341557522e-08, 1.9254279948199837e-08], [null, 2.0130634936776914e-08], [-1.7794583584418433e-08, 2.0178843485041398e-08], [-2.1165309505022378e-08, 2.1921200854535527e-08], [null, 1.9527838901467476e-08], [null, 1.588877651670373e-08], [-1.4350209021074534e-08, 1.716540687368706e-08], [null, 1.602433385983204e-08], [-1.4542439252807071e-08, 1.7587934664220484e-08], [null, 1.6900665755770206e-08], [-1.4070659304366018e-08, 1.8108821109308337e-08], [-1.8186867123404227e-08, 2.0316745619197718e-08], [-1.7043184641352127e-08, 1.8978889571030777e-08], [null, 1.500010426980225e-08], [null, 1.0986384246791658e-08], [null, 1.8647634547619418e-08], [null, 1.4356495547929171e-08], [null, 1.6848979100814176e-08], [-1.9618154212253103e-08, 2.0694358227046905e-08], [null, 1.7225783466301436e-08], [-2.2703549262814704e-08, 2.3070240828815258e-08], [-1.2325696907566908e-08, 1.4906339274034508e-08], [-1.73538410308538e-08, 1.9030823139587483e-08], [null, 1.563944351801183e-08], [null, 1.5311911738535855e-08], [null, 1.614404965266658e-08], [-1.8745049956692128e-08, 2.0020099356088394e-08], [-1.7356168058313415e-08, 1.9765904468727058e-08], [-1.6439507533050346e-08, 1.8801371126642152e-08], [null, 1.8566481685411418e-08], [-1.3101584706021185e-08, 1.522994708125225e-08], [null, 1.8166026904964383e-08], [-1.7371235117025208e-08, 1.7900530835390782e-08], [-1.9060459877096037e-08, 2.0547652468394517e-08], [-1.8787151390142753e-08, 1.9596262390564334e-08]], "Extended_Source_Name": "                  ", "0FGL_Name": "                 ", "1FGL_Name": "                  ", "2FGL_Name": "                  ", "1FHL_Name": "                  ", "ASSOC_GAM1": "               ", "ASSOC_GAM2": "              ", "ASSOC_GAM3": "               ", "TEVCAT_FLAG": "N", "ASSOC_TEV": "                     ", "CLASS1": "bcu  ", "ASSOC1": "GB6 J0302+5331            ", "ASSOC2": "                          ", "Flags": 8, "source_id": 356}