{"Source_Name": "3FHL J2311.0+3426 ", "RAJ2000": 347.76373291015625, "DEJ2000": 34.435707092285156, "GLON": 100.4159927368164, "GLAT": -24.009328842163086, "Conf_95_SemiMajor": 0.03078923188149929, "Conf_95_SemiMinor": 0.03078923188149929, "Conf_95_PosAng": null, "ROI_num": 484, "Signif_Avg": 10.604167938232422, "Pivot_Energy": 14.74807357788086, "Flux_Density": 4.941607453096131e-12, "Unc_Flux_Density": 1.0981073906082828e-12, "Flux": 7.70609062672456e-11, "Unc_Flux": 1.71042954105749e-11, "Energy_Flux": 2.0211987465657e-12, "Unc_Energy_Flux": 5.347511712952557e-13, "Signif_Curve": 0.0, "SpectrumType": "PowerLaw   ", "Spectral_Index": 3.5637025833129883, "Unc_Spectral_Index": 0.8313467502593994, "beta": 0.009978275746107101, "Unc_beta": 0.7441388368606567, "PowerLaw_Index": 3.563305139541626, "Unc_PowerLaw_Index": 0.5805595517158508, "Flux_Band": [6.225792797964758e-11, 1.4519394367362715e-11, 2.7841837318628393e-17, 9.59682969108753e-17, 7.169378740769528e-21], "Unc_Flux_Band": [[-1.4176697142598282e-11, 1.6536669603106624e-11], [-6.268173480261652e-12, 8.648863743243584e-12], [null, 6.056909748058947e-12], [null, 4.8818674797113104e-12], [null, 5.29401609355995e-12]], "nuFnu": [1.8788401823927048e-12, 7.006152385677367e-13, 2.904625695825868e-18, 2.789765877508592e-17, 6.19139316668721e-21], "Sqrt_TS_Band": [10.130475997924805, 4.874509811401367, 0.0, 0.0, 0.0], "Npred": 23.28074836730957, "HEP_Energy": 41.34429931640625, "HEP_Prob": 0.9388457536697388, "Variability_BayesBlocks": 1, "Extended_Source_Name": "                  ", "ASSOC_GAM": "3FGL J2311.0+3425 ", "TEVCAT_FLAG": "N", "ASSOC_TEV": "                     ", "CLASS": "FSRQ   ", "ASSOC1": "B2 2308+34                ", "ASSOC2": "                          ", "ASSOC_PROB_BAY": 0.999636709690094, "ASSOC_PROB_LR": 0.9986159205436707, "Redshift": 1.8170000314712524, "NuPeak_obs": 10115797221376.0, "source_id": 1510}