{"Source_Name": "3FGL J1512.8-0906 ", "RAJ2000": 228.2126007080078, "DEJ2000": -9.10319995880127, "GLON": 351.2889099121094, "GLAT": 40.134761810302734, "Conf_68_SemiMajor": 0.005920582450926304, "Conf_68_SemiMinor": 0.005858908873051405, "Conf_68_PosAng": -26.079999923706055, "Conf_95_SemiMajor": 0.009600000455975533, "Conf_95_SemiMinor": 0.009499999694526196, "Conf_95_PosAng": -26.079999923706055, "ROI_num": 660, "Signif_Avg": 207.27243041992188, "Pivot_Energy": 445.2267150878906, "Flux_Density": 4.2329834082366347e-10, "Unc_Flux_Density": 3.658376553083986e-12, "Flux1000": 4.1105192138957136e-08, "Unc_Flux1000": 5.104846545478381e-10, "Energy_Flux100": 4.927541707999694e-10, "Unc_Energy_Flux100": 4.881327547029413e-12, "Signif_Curve": 7.740397930145264, "SpectrumType": "LogParabola     ", "Spectral_Index": 2.304708957672119, "Unc_Spectral_Index": 0.00934901088476181, "beta": 0.07487034052610397, "Unc_beta": 0.005301286932080984, "Cutoff": null, "Unc_Cutoff": null, "Exp_Index": null, "Unc_Exp_Index": null, "PowerLaw_Index": 2.3636281490325928, "Flux30_100": null, "Unc_Flux30_100": null, "nuFnu30_100": null, "Sqrt_TS30_100": null, "Flux100_300": 6.967680405978172e-07, "Unc_Flux100_300": [-1.1267375477075348e-08, 1.1267375477075348e-08], "nuFnu100_300": 1.6476987829694423e-10, "Sqrt_TS100_300": 72.67205810546875, "Flux300_1000": 1.8936928825041832e-07, "Unc_Flux300_1000": [-2.0797157329610627e-09, 2.0797157329610627e-09], "nuFnu300_1000": 1.2503419133391702e-10, "Sqrt_TS300_1000": 131.26309204101562, "Flux1000_3000": 3.377251545089166e-08, "Unc_Flux1000_3000": [-5.896137467154006e-10, 5.896137467154006e-10], "nuFnu1000_3000": 7.726305012445422e-11, "Sqrt_TS1000_3000": 115.73141479492188, "Flux3000_10000": 6.2539817768936246e-09, "Unc_Flux3000_10000": [-2.2891069595409874e-10, 2.2891069595409874e-10], "nuFnu3000_10000": 3.9730715245545056e-11, "Sqrt_TS3000_10000": 67.58580017089844, "Flux10000_100000": 8.672961793187994e-10, "Unc_Flux10000_100000": [-8.607780460634373e-11, 8.607780460634373e-11], "nuFnu10000_100000": 1.1140727229630443e-11, "Sqrt_TS10000_100000": 27.248884201049805, "Variability_Index": 11013.99609375, "Signif_Peak": 73.25303649902344, "Flux_Peak": 3.961698894272558e-06, "Unc_Flux_Peak": 8.667779383131347e-08, "Time_Peak": 351104992.0, "Peak_Interval": 2630000.0, "Flux_History": [3.549519362877618e-07, 1.1159647783642868e-06, 2.9769842058158247e-07, 2.436171087083494e-07, 2.6172631351073505e-07, 1.5453676951437956e-06, 5.843052122145309e-07, 3.154743581035291e-06, 2.2261522190092364e-06, 1.8057620536637842e-06, 1.4990380350354826e-06, 1.114310293814924e-06, 4.397539612455148e-07, 3.031215385362884e-07, 3.9653232875025424e-07, 4.2834449232032057e-07, 1.4412214568437776e-06, 1.1984290040345513e-06, 4.690079151714599e-07, 5.628805865853792e-07, 6.278763748923666e-07, 4.992522235625074e-07, 3.115178799362184e-07, 5.815281269860861e-07, 6.537803756145877e-07, 3.907704808625567e-07, 3.221601616587577e-07, 2.3113614133762894e-07, 3.593870019358292e-07, 3.275760889209778e-07, 4.520565255461406e-07, 1.9429927533565206e-07, 5.747293130298203e-07, 3.0887144930602517e-07, 7.539325679317699e-07, 1.380948674523097e-06, 9.148636763711693e-07, 4.197819123419322e-07, 2.5332108180009527e-06, 2.566384409874445e-06, 4.0810544987834874e-07, 8.924842518354126e-07, 3.961698894272558e-06, 2.859430651369621e-06, 7.674318567296723e-07, 3.838450766124879e-07, 3.5913046758651035e-07, 2.989501410866069e-07], "Unc_Flux_History": [[-3.737765297273654e-08, 3.737765297273654e-08], [-5.053079021877238e-08, 5.053079021877238e-08], [-2.9793866929139767e-08, 2.9793866929139767e-08], [-3.361941836033111e-08, 3.429962447398793e-08], [-3.180559815518791e-08, 3.180559815518791e-08], [-5.708239214641253e-08, 5.708239214641253e-08], [-3.89024137348315e-08, 3.89024137348315e-08], [-6.572346222810665e-08, 6.572346222810665e-08], [-6.106377981041078e-08, 6.106377981041078e-08], [-5.856454521335763e-08, 5.856454521335763e-08], [-5.883366682724045e-08, 5.883366682724045e-08], [-3.9736715251592614e-08, 3.9736715251592614e-08], [-3.860015596046651e-08, 3.860015596046651e-08], [-3.599054565484039e-08, 3.671145876182891e-08], [-4.245476503683676e-08, 4.245476503683676e-08], [-3.9561879106031483e-08, 3.9561879106031483e-08], [-6.036192701230902e-08, 6.036192701230902e-08], [-6.598174451255545e-08, 6.598174451255545e-08], [-3.8780218147849155e-08, 3.8780218147849155e-08], [-5.2229864877517684e-08, 5.2229864877517684e-08], [-4.731026947979444e-08, 4.731026947979444e-08], [-4.5710610407923014e-08, 4.5710610407923014e-08], [-3.7395416541130544e-08, 3.8683456438093344e-08], [-4.3311199959816804e-08, 4.3311199959816804e-08], [-4.70281307229925e-08, 4.70281307229925e-08], [-4.066585290729563e-08, 4.066585290729563e-08], [-4.2524330723381354e-08, 4.330270186869711e-08], [-3.523965119711647e-08, 3.6337688413823344e-08], [-4.0088995234555114e-08, 4.0088995234555114e-08], [-3.705443418766663e-08, 3.705443418766663e-08], [-4.0857436545138626e-08, 4.0857436545138626e-08], [-3.339058807227957e-08, 3.468053222377421e-08], [-4.0382538202266005e-08, 4.0382538202266005e-08], [-4.160849087497809e-08, 4.297228883842763e-08], [-4.291956656743423e-08, 4.291956656743423e-08], [-6.264362895080922e-08, 6.264362895080922e-08], [-5.134277003548959e-08, 5.134277003548959e-08], [-4.184235180559881e-08, 4.184235180559881e-08], [-7.073808205859677e-08, 7.073808205859677e-08], [-6.701660737462589e-08, 6.701660737462589e-08], [-4.6658485075568024e-08, 4.7460783747510504e-08], [-4.758143390404257e-08, 4.758143390404257e-08], [-8.667779383131347e-08, 8.667779383131347e-08], [-8.311199906074762e-08, 8.311199906074762e-08], [-4.9507224986200526e-08, 4.9507224986200526e-08], [-4.4107604679766155e-08, 4.5351040256491615e-08], [-3.748611376863664e-08, 3.748611376863664e-08], [-4.557964672358139e-08, 4.433043088170052e-08]], "Extended_Source_Name": "                  ", "0FGL_Name": "0FGL J1512.7-0905", "1FGL_Name": "1FGL J1512.8-0906 ", "2FGL_Name": "2FGL J1512.8-0906 ", "1FHL_Name": "1FHL J1512.8-0906 ", "ASSOC_GAM1": "1AGL J1511-0908", "ASSOC_GAM2": "3EG J1512-0849", "ASSOC_GAM3": "EGR J1512-0857 ", "TEVCAT_FLAG": "P", "ASSOC_TEV": "PKS 1510-089         ", "CLASS1": "FSRQ ", "ASSOC1": "PKS 1510-08               ", "ASSOC2": "                          ", "Flags": 0, "catalog_row_index": 1840}