{"Source_Name": "3FHL J0620.6+2645 ", "RAJ2000": 95.1628189086914, "DEJ2000": 26.752138137817383, "GLON": 185.71356201171875, "GLAT": 5.671020984649658, "Conf_95_SemiMajor": 0.03211938962340355, "Conf_95_SemiMinor": 0.03211938962340355, "Conf_95_PosAng": null, "ROI_num": 165, "Signif_Avg": 8.378649711608887, "Pivot_Energy": 35.676815032958984, "Flux_Density": 4.976901052736182e-13, "Unc_Flux_Density": 1.2940373056956334e-13, "Flux": 6.000127478200667e-11, "Unc_Flux": 1.576260649782668e-11, "Energy_Flux": 5.8245140481527624e-12, "Unc_Energy_Flux": 2.4365529125575103e-12, "Signif_Curve": 0.3727145791053772, "SpectrumType": "PowerLaw   ", "Spectral_Index": 1.908918023109436, "Unc_Spectral_Index": 0.33698374032974243, "beta": -0.06343786418437958, "Unc_beta": 0.16539430618286133, "PowerLaw_Index": 1.8154196739196777, "Unc_PowerLaw_Index": 0.2422085553407669, "Flux_Band": [2.8919805786231656e-11, 1.7768066531975713e-11, 7.725348138976074e-12, 6.399862844536086e-12, 5.661368707361405e-21], "Unc_Flux_Band": [[-1.0538029650286607e-11, 1.3037573624863352e-11], [-6.969412894020088e-12, 9.233173253742066e-12], [-4.254423636301796e-12, 6.660260450791489e-12], [-3.5320065015082003e-12, 5.731366336386712e-12], [null, 5.544226536202679e-12]], "nuFnu": [9.334197911131659e-13, 9.610138206050944e-13, 9.453262825309672e-13, 2.24560886379066e-12, 6.223381388041501e-21], "Sqrt_TS_Band": [4.541877269744873, 5.344424247741699, 3.934828042984009, 4.379788398742676, 0.0], "Npred": 18.576847076416016, "HEP_Energy": 448.6449890136719, "HEP_Prob": 0.9982046484947205, "Variability_BayesBlocks": 1, "Extended_Source_Name": "                  ", "ASSOC_GAM": "3FGL J0620.4+2644 ", "TEVCAT_FLAG": "C", "ASSOC_TEV": "                     ", "CLASS": "bcu    ", "ASSOC1": "RX J0620.6+2644           ", "ASSOC2": "                          ", "ASSOC_PROB_BAY": 0.0, "ASSOC_PROB_LR": 0.9631620049476624, "Redshift": null, "NuPeak_obs": 1.2161834480041984e+16, "source_id": 399}