{"Source_Name": "3FGL J0137.8+5813 ", "RAJ2000": 24.458200454711914, "DEJ2000": 58.23160171508789, "GLON": 129.0242919921875, "GLAT": -4.0902557373046875, "Conf_68_SemiMajor": 0.021030399948358536, "Conf_68_SemiMinor": 0.018563490360975266, "Conf_68_PosAng": 68.29000091552734, "Conf_95_SemiMajor": 0.0340999998152256, "Conf_95_SemiMinor": 0.03009999915957451, "Conf_95_PosAng": 68.29000091552734, "ROI_num": 131, "Signif_Avg": 13.477082252502441, "Pivot_Energy": 2651.62353515625, "Flux_Density": 1.657556063976509e-13, "Unc_Flux_Density": 1.776899618112851e-14, "Flux1000": 1.1569062374761074e-09, "Unc_Flux1000": 1.2413273187128482e-10, "Energy_Flux100": 1.2851065697705444e-11, "Unc_Energy_Flux100": 1.3785671822835743e-12, "Signif_Curve": 0.4736252725124359, "SpectrumType": "PowerLaw        ", "Spectral_Index": 2.057236433029175, "Unc_Spectral_Index": 0.0776316300034523, "beta": null, "Unc_beta": null, "Cutoff": null, "Unc_Cutoff": null, "Exp_Index": null, "Unc_Exp_Index": null, "PowerLaw_Index": 2.057236433029175, "Flux30_100": null, "Unc_Flux30_100": null, "nuFnu30_100": null, "Sqrt_TS30_100": null, "Flux100_300": 7.717453343047964e-09, "Unc_Flux100_300": [-5.059999974577067e-09, 4.95999996630303e-09], "nuFnu100_300": 1.8440633135080597e-12, "Sqrt_TS100_300": 1.5177072286605835, "Flux300_1000": 3.243868063051991e-09, "Unc_Flux300_1000": [-7.344484465043877e-10, 7.445745686673888e-10], "nuFnu300_1000": 2.212159708886441e-12, "Sqrt_TS300_1000": 4.61073637008667, "Flux1000_3000": 6.809938168927943e-10, "Unc_Flux1000_3000": [-1.485982170645883e-10, 1.557974027566189e-10], "nuFnu1000_3000": 1.6272151811755342e-12, "Sqrt_TS1000_3000": 5.200183868408203, "Flux3000_10000": 2.4524854369545324e-10, "Unc_Flux3000_10000": [-4.827452326772175e-11, 5.3696609658704375e-11], "nuFnu3000_10000": 1.672475417706376e-12, "Sqrt_TS3000_10000": 7.565875053405762, "Flux10000_100000": 9.481603696626095e-11, "Unc_Flux10000_100000": [-2.5094983382989433e-11, 2.9868257173104595e-11], "nuFnu10000_100000": 1.649036484620281e-12, "Sqrt_TS10000_100000": 7.410006046295166, "Variability_Index": 47.35771560668945, "Signif_Peak": null, "Flux_Peak": null, "Unc_Flux_Peak": null, "Time_Peak": null, "Peak_Interval": null, "Flux_History": [1.4762767897025242e-08, 7.490436715329452e-09, 1.6969503136010644e-08, 5.021928650705831e-09, 9.359127695063307e-09, 1.655427084301664e-08, 3.242364243760676e-08, 1.8513093280603243e-08, 0.0, 5.119621393490092e-10, 1.7382530970166954e-08, 7.621607345242865e-09, 0.0, 1.0645253567531654e-08, 2.8305816357487856e-08, 5.860740337482184e-09, 1.2990198250406593e-08, 1.1169336566752008e-08, 1.5382809692709998e-08, 1.2740803079225316e-08, 5.258131707819302e-09, 6.370664440424889e-09, 2.507480090230274e-08, 8.865480793929237e-09, 1.2960454931487675e-08, 1.7638155824784008e-08, 0.0, 0.0, 1.733571153295088e-08, 2.551771238756828e-08, 2.5993607266627805e-08, 0.0, 1.3895465222901748e-08, 2.2594081272586664e-08, 2.5436275308265976e-09, 1.574151120564693e-08, 0.0, 0.0, 0.0, 1.724099440991722e-08, 0.0, 1.0775009329222485e-08, 1.6490329102225587e-08, 1.4945879200922718e-08, 1.5086866866909077e-08, 1.9992734578977434e-08, 2.6208331505017668e-08, 1.7543392516472522e-08], "Unc_Flux_History": [[-8.56543813654298e-09, 1.1325198556733085e-08], [null, 1.303196661694983e-08], [-8.737824686022577e-09, 1.1592432791474039e-08], [null, 1.0896097357715462e-08], [-6.670905161598739e-09, 9.525568778201432e-09], [-7.977467575415176e-09, 9.939645551071408e-09], [-1.2688176731501244e-08, 1.5852958057394062e-08], [-1.3031945300667758e-08, 1.471138322273191e-08], [null, 8.2235827036925e-09], [null, 1.1431080970680796e-08], [-9.58768353598316e-09, 1.1456704029910725e-08], [null, 1.0603611322324014e-08], [null, 1.1364521768086888e-08], [-1.0304911590708343e-08, 1.142147176835806e-08], [-1.1744414329939445e-08, 1.2739660881777581e-08], [null, 9.681369483871549e-09], [-1.0362080971049181e-08, 1.1591963833268437e-08], [-7.990062833584943e-09, 1.0329974209355441e-08], [-7.832845483335404e-09, 9.431333936049668e-09], [-7.3042265569256415e-09, 9.30459176373688e-09], [null, 1.2372947111316535e-08], [null, 1.1308245895236269e-08], [-9.46533340595579e-09, 1.0759998225751133e-08], [null, 1.1820113776650487e-08], [-9.922961119457341e-09, 1.1756059237200134e-08], [-8.144546370658645e-09, 9.921980570481992e-09], [null, 7.946151292514969e-09], [null, 7.2447501331396325e-09], [-8.734510892338676e-09, 1.0668649075284975e-08], [-9.329521155621023e-09, 1.0551629792132644e-08], [-9.811935264281146e-09, 1.1019536394485385e-08], [null, 1.0691009855179345e-08], [-7.88777043680966e-09, 1.0487480217591383e-08], [-1.0090030144738193e-08, 1.1109162478817325e-08], [null, 9.344297779989574e-09], [-8.336954238075123e-09, 1.0544037643001047e-08], [null, 8.28225843463315e-09], [null, 1.1286854117997791e-08], [null, 8.81983197587033e-09], [-9.27233578806863e-09, 1.0787614357354869e-08], [null, 1.0989228194091538e-08], [-8.285963026821719e-09, 1.0763774760391698e-08], [-7.504014298831407e-09, 9.550321422580055e-09], [-7.416310232599699e-09, 9.001941414510384e-09], [-7.976889371263951e-09, 9.554112168075335e-09], [-9.214743634800016e-09, 1.0904300573599812e-08], [-1.0655989868268989e-08, 1.1532608645836717e-08], [-9.788671206933941e-09, 1.18695995254825e-08]], "Extended_Source_Name": "                  ", "0FGL_Name": "                 ", "1FGL_Name": "1FGL J0137.8+5814 ", "2FGL_Name": "2FGL J0137.7+5811 ", "1FHL_Name": "1FHL J0137.7+5812 ", "ASSOC_GAM1": "               ", "ASSOC_GAM2": "              ", "ASSOC_GAM3": "               ", "TEVCAT_FLAG": "N", "ASSOC_TEV": "                     ", "CLASS1": "bcu  ", "ASSOC1": "1RXS J013748.0+581422     ", "ASSOC2": "                          ", "Flags": 0, "catalog_row_index": 196}