{"Source_Name": "3FGL J0340.4-2423 ", "RAJ2000": 55.104400634765625, "DEJ2000": -24.387100219726562, "GLON": 218.53231811523438, "GLAT": -52.02947998046875, "Conf_68_SemiMajor": 0.08954880386590958, "Conf_68_SemiMinor": 0.06228945776820183, "Conf_68_PosAng": -82.61000061035156, "Conf_95_SemiMajor": 0.1451999992132187, "Conf_95_SemiMinor": 0.10100000351667404, "Conf_95_PosAng": -82.61000061035156, "ROI_num": 779, "Signif_Avg": 4.562435626983643, "Pivot_Energy": 2621.686279296875, "Flux_Density": 3.6534977246229644e-14, "Unc_Flux_Density": 9.60624385349133e-15, "Flux1000": 2.4961982481030986e-10, "Unc_Flux1000": 6.57135457160507e-11, "Energy_Flux100": 2.7759097104285146e-12, "Unc_Energy_Flux100": 7.346385327323957e-13, "Signif_Curve": 1.1335856914520264, "SpectrumType": "PowerLaw        ", "Spectral_Index": 2.088470220565796, "Unc_Spectral_Index": 0.18555320799350739, "beta": null, "Unc_beta": null, "Cutoff": null, "Unc_Cutoff": null, "Exp_Index": null, "Unc_Exp_Index": null, "PowerLaw_Index": 2.088470220565796, "Flux30_100": null, "Unc_Flux30_100": null, "nuFnu30_100": null, "Sqrt_TS30_100": null, "Flux100_300": 2.890833572521956e-09, "Unc_Flux100_300": [null, 3.5496225958553396e-09], "nuFnu100_300": 6.886413639849154e-13, "Sqrt_TS100_300": 0.7407631874084473, "Flux300_1000": 5.707981864944145e-10, "Unc_Flux300_1000": [-3.838664386357493e-10, 4.09085931796227e-10], "nuFnu300_1000": 3.8783234436456926e-13, "Sqrt_TS300_1000": 1.4767053127288818, "Flux1000_3000": 2.3929516701493014e-10, "Unc_Flux1000_3000": [-8.198138695680868e-11, 8.67470886789512e-11], "nuFnu1000_3000": 5.700382115121638e-13, "Sqrt_TS1000_3000": 3.436028242111206, "Flux3000_10000": 5.1029704767335815e-11, "Unc_Flux3000_10000": [-2.2651415465535507e-11, 2.8432322468630034e-11], "nuFnu3000_10000": 3.46724439524021e-13, "Sqrt_TS3000_10000": 3.013759136199951, "Flux10000_100000": 1.4367006716253794e-11, "Unc_Flux10000_100000": [-8.649472631183652e-12, 1.37482681489276e-11], "nuFnu10000_100000": 2.4676964573318305e-13, "Sqrt_TS10000_100000": 2.5875775814056396, "Variability_Index": 28.969528198242188, "Signif_Peak": null, "Flux_Peak": null, "Unc_Flux_Peak": null, "Time_Peak": null, "Peak_Interval": null, "Flux_History": [2.138093035952693e-09, 6.445027622703492e-09, 4.670043018961678e-09, 1.9965715747360946e-09, 4.35264668752211e-09, 9.324161887036553e-09, 0.0, 0.0, 0.0, 6.16463724512073e-09, 0.0, 0.0, 9.684043789093266e-09, 0.0, 0.0, 4.795809083191216e-09, 2.2210727479432535e-08, 2.8060467283097523e-09, 4.893813354556187e-09, 1.0350512447132587e-08, 0.0, 8.280148122707942e-09, 3.952169702614583e-09, 0.0, 8.473074686321524e-09, 0.0, 0.0, 8.784295069119707e-09, 9.289842783921642e-10, 2.4293909106631872e-09, 9.141801982082143e-09, 0.0, 0.0, 3.14892956154722e-09, 0.0, 0.0, 4.110392470835222e-09, 0.0, 3.2606810584923096e-09, 0.0, 4.472418879686302e-09, 0.0, 0.0, 0.0, 7.1837749082703795e-09, 5.637403432956489e-09, 0.0, 0.0], "Unc_Flux_History": [[null, 9.647063592410632e-09], [-4.505145589916992e-09, 6.510287864358588e-09], [-3.4302023443899543e-09, 5.750679932248204e-09], [null, 6.4738858718271786e-09], [null, 9.182785198902366e-09], [-6.03144245658882e-09, 7.5610193661646e-09], [null, 8.723169742097525e-09], [null, 8.744643231750615e-09], [null, 6.100989935475809e-09], [-4.834373790174595e-09, 7.467483520429141e-09], [null, 8.862970801715164e-09], [null, 8.900103765085987e-09], [-5.883517673055394e-09, 7.334759466459673e-09], [null, 5.717452733478012e-09], [null, 7.578386806983417e-09], [-3.7764400495632344e-09, 5.98269256357753e-09], [-1.1439281522029887e-08, 1.3456505243425454e-08], [null, 6.567670407520154e-09], [null, 9.473241746604799e-09], [-6.751864400911245e-09, 8.030644593759462e-09], [null, 8.980164167837756e-09], [-5.641078715257208e-09, 7.592749540208388e-09], [-2.9204818563499657e-09, 5.091608912266565e-09], [null, 1.0470025735287436e-08], [-4.460171787457057e-09, 5.665061308945951e-09], [null, 9.471346373857159e-09], [null, 4.735771774733166e-09], [-5.984045259310733e-09, 8.728680001013345e-09], [null, 9.056966732146066e-09], [null, 6.763512860885612e-09], [-5.332241315159081e-09, 7.265156476421453e-09], [null, 6.0731237816469275e-09], [null, 9.198628525552976e-09], [-2.6645945450098907e-09, 4.9273616298251e-09], [null, 5.648743250930011e-09], [null, 9.900977815391343e-09], [-2.875771842880681e-09, 5.005196257457101e-09], [null, 1.2218270839525758e-08], [-3.197355491479925e-09, 5.521986423673297e-09], [null, 1.0741225686672351e-08], [null, 7.6254140779497e-09], [null, 1.1639381014560968e-08], [null, 7.196585549706924e-09], [null, 8.920180150084889e-09], [null, 1.1959288670482238e-08], [null, 1.0339062939124233e-08], [null, 7.682847247281188e-09], [null, 4.695203781324153e-09]], "Extended_Source_Name": "                  ", "0FGL_Name": "                 ", "1FGL_Name": "                  ", "2FGL_Name": "2FGL J0340.7-2421 ", "1FHL_Name": "                  ", "ASSOC_GAM1": "               ", "ASSOC_GAM2": "              ", "ASSOC_GAM3": "               ", "TEVCAT_FLAG": "N", "ASSOC_TEV": "                     ", "CLASS1": "     ", "ASSOC1": "                          ", "ASSOC2": "                          ", "Flags": 0, "catalog_row_index": 425}