{"Source_Name": "3FGL J0444.5+3425 ", "RAJ2000": 71.1353988647461, "DEJ2000": 34.42399978637695, "GLON": 167.96221923828125, "GLAT": -7.368490695953369, "Conf_68_SemiMajor": 0.04754967615008354, "Conf_68_SemiMinor": 0.04403432831168175, "Conf_68_PosAng": -58.86000061035156, "Conf_95_SemiMajor": 0.0771000012755394, "Conf_95_SemiMinor": 0.0714000016450882, "Conf_95_PosAng": -58.86000061035156, "ROI_num": 38, "Signif_Avg": 4.568243980407715, "Pivot_Energy": 2327.173583984375, "Flux_Density": 9.328138034139094e-14, "Unc_Flux_Density": 2.2239012660487528e-14, "Flux1000": 4.9640652699523e-10, "Unc_Flux1000": 1.1832482216256324e-10, "Energy_Flux100": 5.64565278207696e-12, "Unc_Energy_Flux100": 1.3804723423410659e-12, "Signif_Curve": 1.6590533256530762, "SpectrumType": "PowerLaw        ", "Spectral_Index": 2.1834876537323, "Unc_Spectral_Index": 0.1344549059867859, "beta": null, "Unc_beta": null, "Cutoff": null, "Unc_Cutoff": null, "Exp_Index": null, "Unc_Exp_Index": null, "PowerLaw_Index": 2.1834876537323, "Flux30_100": null, "Unc_Flux30_100": null, "nuFnu30_100": null, "Sqrt_TS30_100": null, "Flux100_300": 2.273598864732662e-09, "Unc_Flux100_300": [null, 4.227663996658748e-09], "nuFnu100_300": 5.365998986296694e-13, "Sqrt_TS100_300": 0.5285754799842834, "Flux300_1000": 2.1288855123202666e-09, "Unc_Flux300_1000": [-8.839834420015791e-10, 9.01021479648989e-10], "nuFnu300_1000": 1.4305299566447216e-12, "Sqrt_TS300_1000": 2.4435346126556396, "Flux1000_3000": 5.966069860363632e-10, "Unc_Flux1000_3000": [-1.7800841356496733e-10, 1.8792677136669766e-10], "nuFnu1000_3000": 1.4080726602055949e-12, "Sqrt_TS1000_3000": 3.6617209911346436, "Flux3000_10000": 1.1954348622111866e-10, "Unc_Flux3000_10000": [-4.086892282928467e-11, 4.82196470252827e-11], "nuFnu3000_10000": 8.032866906371172e-13, "Sqrt_TS3000_10000": 3.9637203216552734, "Flux10000_100000": 1.0708342199072796e-11, "Unc_Flux10000_100000": [-7.89515328114554e-12, 1.4075661643186965e-11], "nuFnu10000_100000": 1.7719151341501205e-13, "Sqrt_TS10000_100000": 1.858783483505249, "Variability_Index": 54.686214447021484, "Signif_Peak": null, "Flux_Peak": null, "Unc_Flux_Peak": null, "Time_Peak": null, "Peak_Interval": null, "Flux_History": [1.4360475475427847e-08, 0.0, 0.0, 0.0, 0.0, 1.0116781856694956e-09, 0.0, 1.1141659150837313e-08, 7.366660170760042e-09, 7.003285507067858e-09, 7.593076389866837e-09, 0.0, 8.124890094052262e-09, 3.5967776312872957e-08, 4.837578870819925e-08, 0.0, 1.4664888858817449e-08, 0.0, 0.0, 4.5176764551513315e-09, 0.0, 1.1788434228776623e-08, 8.896595127261264e-10, 4.3914489822327596e-08, 2.5083759069843836e-08, 2.97920514924499e-08, 0.0, 2.247917585407322e-08, 9.479504292642105e-09, 9.73983471652673e-09, 5.315829554319862e-09, 3.897186129364627e-09, 0.0, 0.0, 0.0, 7.565033044443226e-09, 4.662669539357012e-08, 0.0, 0.0, 2.369976925820083e-08, 0.0, 5.096436606066845e-09, 2.6916962880818573e-08, 1.97361593734513e-08, 0.0, 2.0087220775621972e-08, 0.0, 1.3677531995881509e-08], "Unc_Flux_History": [[-1.1157754720159119e-08, 1.480554168153958e-08], [null, 1.060788612505803e-08], [null, 1.1835378010971453e-08], [null, 8.59283577625547e-09], [null, 1.667306293029469e-08], [null, 1.8184238115281914e-08], [null, 9.112854471027276e-09], [null, 1.569329199924141e-08], [null, 1.2613930344684832e-08], [null, 1.496195878303297e-08], [null, 1.6075770048473714e-08], [null, 1.1724364590293135e-08], [-7.716527861134637e-09, 1.1699517799002024e-08], [-1.8220735142904232e-08, 1.9811409401881974e-08], [-1.612820632601597e-08, 1.861898546451357e-08], [null, 1.5265376518414087e-08], [-1.4181283702896508e-08, 1.6074105602115196e-08], [null, 1.4848356322261225e-08], [null, 1.1727594007027164e-08], [null, 1.8155210668169275e-08], [null, 1.3179944247099229e-08], [-9.581124338353675e-09, 1.2692044748519038e-08], [null, 1.6854677653554972e-08], [-1.5926515217756787e-08, 1.8266465673377752e-08], [-1.673656946366009e-08, 1.914660607837959e-08], [-1.4859524277710534e-08, 1.555648942996868e-08], [null, 1.469171984069817e-08], [-1.3179722202494304e-08, 1.6366847432891518e-08], [null, 1.8517678057605735e-08], [null, 1.4912146184542507e-08], [null, 1.1201445992981007e-08], [null, 1.821313055927476e-08], [null, 1.730008669653671e-08], [null, 1.8566554516041833e-08], [null, 1.2226227141809431e-08], [-6.147721443028331e-09, 1.0396622229791319e-08], [-1.8251196109986267e-08, 1.9556859243152758e-08], [null, 1.5287808352582033e-08], [null, 1.8555770253669834e-08], [-1.3148206967628084e-08, 1.5994492841286956e-08], [null, 1.1973371627505003e-08], [null, 1.477793620807688e-08], [-1.540487026829851e-08, 1.7654816275580743e-08], [-1.5264882691212733e-08, 1.7529856677356292e-08], [null, 1.5649504803150194e-08], [-1.3571595403050196e-08, 1.6195006224961617e-08], [null, 1.4472725240466389e-08], [-1.243385483462589e-08, 1.4886922805601444e-08]], "Extended_Source_Name": "                  ", "0FGL_Name": "                 ", "1FGL_Name": "                  ", "2FGL_Name": "                  ", "1FHL_Name": "                  ", "ASSOC_GAM1": "               ", "ASSOC_GAM2": "              ", "ASSOC_GAM3": "               ", "TEVCAT_FLAG": "N", "ASSOC_TEV": "                     ", "CLASS1": "bcu  ", "ASSOC1": "B2 0441+34                ", "ASSOC2": "                          ", "Flags": 0, "source_id": 526}