{"Source_Name": "3FGL J1034.0-5731c", "RAJ2000": 158.5155029296875, "DEJ2000": -57.517398834228516, "GLON": 285.2948913574219, "GLAT": 0.5724083185195923, "Conf_68_SemiMajor": 0.16232262551784515, "Conf_68_SemiMinor": 0.0796811655163765, "Conf_68_PosAng": 35.630001068115234, "Conf_95_SemiMajor": 0.2632000148296356, "Conf_95_SemiMinor": 0.12919999659061432, "Conf_95_PosAng": 35.630001068115234, "ROI_num": 70, "Signif_Avg": 7.5423808097839355, "Pivot_Energy": 1999.218994140625, "Flux_Density": 4.868215205955373e-13, "Unc_Flux_Density": 6.95564482747213e-14, "Flux1000": 1.840509855632888e-09, "Unc_Flux1000": 2.631239115480355e-10, "Energy_Flux100": 2.2078091091448648e-11, "Unc_Energy_Flux100": 3.3345156063430137e-12, "Signif_Curve": 2.933150053024292, "SpectrumType": "PowerLaw        ", "Spectral_Index": 2.283524513244629, "Unc_Spectral_Index": 0.08123573660850525, "beta": null, "Unc_beta": null, "Cutoff": null, "Unc_Cutoff": null, "Exp_Index": null, "Unc_Exp_Index": null, "PowerLaw_Index": 2.283524513244629, "Flux30_100": null, "Unc_Flux30_100": null, "nuFnu30_100": null, "Sqrt_TS30_100": null, "Flux100_300": 1.1159660435328123e-12, "Unc_Flux100_300": [null, 1.544156447153e-08], "nuFnu100_300": 2.6084001092847875e-16, "Sqrt_TS100_300": 0.0, "Flux300_1000": 1.169879038087629e-08, "Unc_Flux300_1000": [-2.3554771466649527e-09, 2.3230333212609366e-09], "nuFnu300_1000": 7.770719831490247e-12, "Sqrt_TS300_1000": 5.127552032470703, "Flux1000_3000": 1.15271525658045e-09, "Unc_Flux1000_3000": [-3.358629485639142e-10, 3.476942345148615e-10], "nuFnu1000_3000": 2.6942959582137993e-12, "Sqrt_TS1000_3000": 3.612138032913208, "Flux3000_10000": 2.3129970161406277e-10, "Unc_Flux3000_10000": [-8.667608297763252e-11, 9.39903155305899e-11], "nuFnu3000_10000": 1.5363683632599323e-12, "Sqrt_TS3000_10000": 2.9144840240478516, "Flux10000_100000": 2.975949001116085e-11, "Unc_Flux10000_100000": [-1.7706686811225225e-11, 2.5722009591722106e-11], "nuFnu10000_100000": 4.740257123457547e-13, "Sqrt_TS10000_100000": 2.2304532527923584, "Variability_Index": 57.40409469604492, "Signif_Peak": null, "Flux_Peak": null, "Unc_Flux_Peak": null, "Time_Peak": null, "Peak_Interval": null, "Flux_History": [3.466678677455093e-08, 2.3623142553219623e-08, 1.210206903579092e-07, 4.569723799363601e-08, 0.0, 0.0, 4.346545878775032e-08, 0.0, 0.0, 9.712612580869973e-08, 1.1522280907172444e-08, 5.459626351012048e-08, 3.596658304516609e-09, 2.2405030719596652e-08, 2.4564709377727922e-08, 4.611366932749661e-08, 3.004342730150711e-08, 1.1566876167989903e-07, 4.2187949134131486e-08, 1.1903374286248436e-07, 2.517875863361496e-08, 5.019125381977574e-08, 3.448734986477575e-08, 2.514964592137403e-08, 9.846581860983861e-08, 1.2897120882371382e-07, 3.782480817449141e-08, 3.425715178195787e-08, 0.0, 4.037888956531788e-08, 7.434729809574492e-08, 0.0, 1.3018261135755438e-08, 0.0, 2.4377724283652924e-09, 2.9280945668119784e-08, 0.0, 3.550278648845051e-08, 4.865554181776588e-09, 5.620984566689913e-08, 8.676828144871251e-08, 2.30361134612167e-08, 4.3324913434616974e-08, 6.594091050970974e-09, 4.016008414708949e-09, 6.640498639853831e-08, 8.277111440690987e-09, 5.627751420433924e-08], "Unc_Flux_History": [[-2.2176109837346303e-08, 3.2583002962383034e-08], [null, 3.661706671209686e-08], [-4.114975027391665e-08, 4.547909071561662e-08], [-3.6454917307082724e-08, 4.045002910402218e-08], [null, 2.8939860285959185e-08], [null, 4.490182448080304e-08], [-2.924162245676598e-08, 3.50023796613641e-08], [null, 2.996716474967798e-08], [null, 2.5990315677404396e-08], [-3.9030670251349875e-08, 4.308116530182815e-08], [null, 4.229713823633574e-08], [-3.07695735557445e-08, 3.593358854914186e-08], [null, 3.424762695658501e-08], [-1.817311456875359e-08, 2.3491340428449803e-08], [null, 3.498251999189961e-08], [-3.465309461603283e-08, 3.685122962338028e-08], [null, 3.409859061775933e-08], [-4.013825360971168e-08, 4.164903089076688e-08], [-3.206308818448633e-08, 3.452706920370474e-08], [-3.8505362454088754e-08, 4.1222005364716097e-08], [-1.733829080308169e-08, 2.4642233142913028e-08], [-3.700917972082607e-08, 4.0732476946914176e-08], [-2.6087558779863684e-08, 2.98341653603984e-08], [null, 3.759736699748828e-08], [-3.4661763237409104e-08, 3.688593963602216e-08], [-4.02019502132589e-08, 4.3478959099729764e-08], [-3.104078061255677e-08, 3.605959264518788e-08], [-2.4818080035515777e-08, 2.9410593072043412e-08], [null, 2.8075533009541687e-08], [-2.893916573043498e-08, 3.2286258999647544e-08], [-3.649668656180438e-08, 3.994662733930454e-08], [null, 2.92994446482453e-08], [null, 3.6402759917564254e-08], [null, 4.0540552248558015e-08], [null, 3.121343183920544e-08], [null, 4.123040397985278e-08], [null, 3.022560335352864e-08], [null, 4.290740207579802e-08], [null, 3.4141578453272814e-08], [-3.110223900648634e-08, 3.417449789822058e-08], [-3.778218271577316e-08, 4.091932837013701e-08], [null, 3.416534966049767e-08], [-3.6483786658436657e-08, 4.030457390058473e-08], [null, 3.45286181868687e-08], [null, 3.577693519218883e-08], [-3.126183045765174e-08, 3.4455919006859403e-08], [null, 3.1458981197829416e-08], [-2.947839838896016e-08, 3.484667487896331e-08]], "Extended_Source_Name": "                  ", "0FGL_Name": "                 ", "1FGL_Name": "                  ", "2FGL_Name": "                  ", "1FHL_Name": "                  ", "ASSOC_GAM1": "               ", "ASSOC_GAM2": "              ", "ASSOC_GAM3": "               ", "TEVCAT_FLAG": "N", "ASSOC_TEV": "                     ", "CLASS1": "     ", "ASSOC1": "                          ", "ASSOC2": "                          ", "Flags": 304, "catalog_row_index": 1215}