{"Source_Name": "3FHL J0856.8+5136 ", "RAJ2000": 134.2229766845703, "DEJ2000": 51.606632232666016, "GLON": 166.8799285888672, "GLAT": 40.170406341552734, "Conf_95_SemiMajor": 0.03404226526618004, "Conf_95_SemiMinor": 0.03404226526618004, "Conf_95_PosAng": null, "ROI_num": 290, "Signif_Avg": 4.610525608062744, "Pivot_Energy": 71.92394256591797, "Flux_Density": 3.9861157045484666e-14, "Unc_Flux_Density": 1.9833698282367175e-14, "Flux": 1.3155782019325102e-11, "Unc_Flux": 6.690543952192485e-12, "Energy_Flux": 2.5998779951824647e-12, "Unc_Energy_Flux": 1.7740969283919217e-12, "Signif_Curve": 2.5887484550476074, "SpectrumType": "PowerLaw   ", "Spectral_Index": 1.180312991142273, "Unc_Spectral_Index": 0.7043249607086182, "beta": 0.999117374420166, "Unc_beta": 0.03523885831236839, "PowerLaw_Index": 1.370560646057129, "Unc_PowerLaw_Index": 0.355989933013916, "Flux_Band": [3.9269672566744737e-22, 4.425247494832529e-12, 8.557868823311221e-12, 7.875200318771314e-18, 1.2958465892467922e-17], "Unc_Flux_Band": [[null, 5.765078085057107e-12], [-2.9851418646004158e-12, 5.144132515788602e-12], [-4.07667215956975e-12, 5.9735571524e-12], [null, 4.1339813516838575e-12], [null, 4.737233608859137e-12]], "nuFnu": [1.2901959733269872e-23, 2.468801259345593e-13, 1.0948117412645786e-12, 2.914651538440317e-18, 1.5285842770643047e-17], "Sqrt_TS_Band": [0.0, 3.187713623046875, 5.1319580078125, 0.0, 0.0], "Npred": 4.968757152557373, "HEP_Energy": 107.24800109863281, "HEP_Prob": 0.974230170249939, "Variability_BayesBlocks": 1, "Extended_Source_Name": "                  ", "ASSOC_GAM": "                  ", "TEVCAT_FLAG": "N", "ASSOC_TEV": "                     ", "CLASS": "bcu    ", "ASSOC1": "1RXS J085658.9+513604     ", "ASSOC2": "                          ", "ASSOC_PROB_BAY": 0.0, "ASSOC_PROB_LR": 0.8211854696273804, "Redshift": null, "NuPeak_obs": null, "source_id": 564}