{"Source_Name": "3FGL J0407.5+0740 ", "RAJ2000": 61.886600494384766, "DEJ2000": 7.671500205993652, "GLON": 183.9117889404297, "GLAT": -31.162647247314453, "Conf_68_SemiMajor": 0.058712437748909, "Conf_68_SemiMinor": 0.05266851186752319, "Conf_68_PosAng": -57.66999816894531, "Conf_95_SemiMajor": 0.09520000219345093, "Conf_95_SemiMinor": 0.08540000021457672, "Conf_95_PosAng": -57.66999816894531, "ROI_num": 436, "Signif_Avg": 8.74178695678711, "Pivot_Energy": 597.6548461914062, "Flux_Density": 3.5482706182976553e-12, "Unc_Flux_Density": 4.443638382603532e-13, "Flux1000": 6.050906997678851e-10, "Unc_Flux1000": 1.044873770839061e-10, "Energy_Flux100": 9.670471888545418e-12, "Unc_Energy_Flux100": 1.2215615888613862e-12, "Signif_Curve": 0.3280249834060669, "SpectrumType": "PowerLaw        ", "Spectral_Index": 2.5652942657470703, "Unc_Spectral_Index": 0.10346231609582901, "beta": null, "Unc_beta": null, "Cutoff": null, "Unc_Cutoff": null, "Exp_Index": null, "Unc_Exp_Index": null, "PowerLaw_Index": 2.5652942657470703, "Flux30_100": null, "Unc_Flux30_100": null, "nuFnu30_100": null, "Sqrt_TS30_100": null, "Flux100_300": 2.192678927315228e-08, "Unc_Flux100_300": [-4.04289846045458e-09, 4.089276472996062e-09], "nuFnu100_300": 4.989407324795803e-12, "Sqrt_TS100_300": 5.574651718139648, "Flux300_1000": 2.831604728470438e-09, "Unc_Flux300_1000": [-6.60457855072849e-10, 6.795012330584882e-10], "nuFnu300_1000": 1.8218421563021003e-12, "Sqrt_TS300_1000": 4.5130391120910645, "Flux1000_3000": 4.922604546209186e-10, "Unc_Flux1000_3000": [-1.3602337312068613e-10, 1.4528690750470474e-10], "nuFnu1000_3000": 1.1201311145986326e-12, "Sqrt_TS1000_3000": 4.117096424102783, "Flux3000_10000": 4.062047573305527e-11, "Unc_Flux3000_10000": [-3.086392599827015e-11, 3.825902095133671e-11], "nuFnu3000_10000": 2.613503760195285e-13, "Sqrt_TS3000_10000": 1.3754669427871704, "Flux10000_100000": 3.141569296372104e-11, "Unc_Flux10000_100000": [-1.4607886081319243e-11, 2.027128812032153e-11], "nuFnu10000_100000": 4.5282844856643634e-13, "Sqrt_TS10000_100000": 3.9245758056640625, "Variability_Index": 43.97719955444336, "Signif_Peak": null, "Flux_Peak": null, "Unc_Flux_Peak": null, "Time_Peak": null, "Peak_Interval": null, "Flux_History": [2.271881882620619e-08, 3.480913690623311e-08, 3.305376949924721e-08, 3.9810224450320675e-08, 0.0, 0.0, 1.2260456649926255e-08, 7.086477893381016e-08, 2.1691953122626728e-08, 4.398930286697578e-08, 1.8608542262654737e-08, 3.9468424972710636e-08, 1.3550472743872888e-08, 0.0, 3.6948655690594023e-08, 2.5695523930835407e-08, 2.60651837891146e-08, 4.236348161157366e-08, 0.0, 3.2209214850809076e-08, 1.6734656327344055e-08, 4.361625371984701e-08, 6.866800106308801e-08, 4.058782820948181e-08, 0.0, 4.292484234724725e-08, 1.487858281024046e-08, 5.422896354190243e-09, 4.158998123671154e-08, 9.273129819575843e-09, 4.357357852313726e-08, 2.6709489731047142e-08, 6.292165011245743e-09, 2.4020989641826418e-08, 1.5373567308074598e-08, 1.2566164109273359e-08, 1.8061768969346303e-08, 0.0, 2.1762462054653042e-08, 1.0498254710000765e-08, 2.170225599229525e-08, 1.866969334685109e-08, 2.3316735209277795e-08, 2.1761326962632666e-08, 4.318896884569767e-08, 3.951915417133023e-08, 2.802099707821526e-08, 2.4554331901072146e-08], "Unc_Flux_History": [[-1.689058137799293e-08, 1.8807545743015908e-08], [-1.4503276801747234e-08, 1.6169364513984874e-08], [-1.7341502456247326e-08, 1.8817644331647898e-08], [-1.6443795658460658e-08, 1.7652759254360717e-08], [null, 1.4727593367069858e-08], [null, 1.6369103406077556e-08], [null, 1.571677543665828e-08], [-2.1409075401379596e-08, 2.302524215735957e-08], [-1.3075021065844794e-08, 1.539391192295625e-08], [-1.9307980991811746e-08, 2.0875690509569722e-08], [-1.2828244244644793e-08, 1.481854461360399e-08], [-1.8453061301215712e-08, 2.0298598357726405e-08], [null, 1.5580583934138303e-08], [null, 1.7461811552266226e-08], [-2.1155866392064127e-08, 2.3467187304504478e-08], [-1.48410830291823e-08, 1.899493540236108e-08], [-1.6111878053948203e-08, 2.0890968954745404e-08], [-1.989248943345956e-08, 2.1820438789177388e-08], [null, 1.5838404365808856e-08], [-1.92703240031733e-08, 2.0928956345755978e-08], [null, 2.1577845288334174e-08], [-1.992835763076073e-08, 2.1761067614534113e-08], [-2.279874955490868e-08, 2.4320074842876238e-08], [-1.9281248597735612e-08, 2.188212988585292e-08], [null, 1.4081614985173019e-08], [-1.7737972868303586e-08, 1.9631299252864665e-08], [null, 2.1182353648896424e-08], [null, 1.8552920977299436e-08], [-2.2084858386506312e-08, 2.4117913000054614e-08], [null, 1.7292942189328642e-08], [-1.9599807998815777e-08, 2.093511319856134e-08], [-1.9263637796029798e-08, 2.1567057473248497e-08], [null, 2.0788570864738176e-08], [-1.952240680225259e-08, 2.2217509609845365e-08], [-1.412831984737295e-08, 1.7304225607972512e-08], [null, 1.8415521552128666e-08], [-1.6109144240772366e-08, 1.870428967265525e-08], [null, 2.0736854011715877e-08], [-2.14097113371281e-08, 2.4117264629808233e-08], [null, 2.1702957653246813e-08], [-1.900622059736179e-08, 2.1620939705258024e-08], [null, 1.9613754176361908e-08], [-1.887559974989017e-08, 2.085842432109075e-08], [-1.5829719757221028e-08, 1.821970840865106e-08], [-2.0953423884861877e-08, 2.2979531166811284e-08], [-2.1446998843543952e-08, 2.3621353761882347e-08], [-2.169031887433448e-08, 2.4672669240999312e-08], [-1.7521623263405672e-08, 1.9095880432473678e-08]], "Extended_Source_Name": "                  ", "0FGL_Name": "                 ", "1FGL_Name": "1FGL J0407.5+0749 ", "2FGL_Name": "2FGL J0407.7+0740 ", "1FHL_Name": "                  ", "ASSOC_GAM1": "               ", "ASSOC_GAM2": "              ", "ASSOC_GAM3": "               ", "TEVCAT_FLAG": "N", "ASSOC_TEV": "                     ", "CLASS1": "bll  ", "ASSOC1": "TXS 0404+075              ", "ASSOC2": "                          ", "Flags": 0, "catalog_row_index": 468}