{"Source_Name": "3FGL J1518.2-5232 ", "RAJ2000": 229.57119750976562, "DEJ2000": -52.5349006652832, "GLON": 324.3134765625, "GLAT": 4.132062911987305, "Conf_68_SemiMajor": 0.04187578335404396, "Conf_68_SemiMinor": 0.036078546196222305, "Conf_68_PosAng": -24.6299991607666, "Conf_95_SemiMajor": 0.06790000200271606, "Conf_95_SemiMinor": 0.05849999934434891, "Conf_95_PosAng": -24.6299991607666, "ROI_num": 95, "Signif_Avg": 10.35792350769043, "Pivot_Energy": 1383.24072265625, "Flux_Density": 8.462667415790048e-13, "Unc_Flux_Density": 9.220741032690827e-14, "Flux1000": 1.4064707176686397e-09, "Unc_Flux1000": 1.6012273451604386e-10, "Energy_Flux100": 1.6436851879575443e-11, "Unc_Energy_Flux100": 1.7940102528535284e-12, "Signif_Curve": 3.6946194171905518, "SpectrumType": "PowerLaw        ", "Spectral_Index": 2.2412147521972656, "Unc_Spectral_Index": 0.07105666399002075, "beta": null, "Unc_beta": null, "Cutoff": null, "Unc_Cutoff": null, "Exp_Index": null, "Unc_Exp_Index": null, "PowerLaw_Index": 2.2412147521972656, "Flux30_100": null, "Unc_Flux30_100": null, "nuFnu30_100": null, "Sqrt_TS30_100": null, "Flux100_300": 1.1615139072773673e-08, "Unc_Flux100_300": [-6.072156111258664e-09, 6.157282239627193e-09], "nuFnu100_300": 2.725996511854234e-12, "Sqrt_TS100_300": 1.9154534339904785, "Flux300_1000": 4.33170699309926e-09, "Unc_Flux300_1000": [-1.0436124187052087e-09, 1.0471401523659551e-09], "nuFnu300_1000": 2.891333223190018e-12, "Sqrt_TS300_1000": 4.319977760314941, "Flux1000_3000": 1.279160000144941e-09, "Unc_Flux1000_3000": [-2.1277656025997516e-10, 2.227093093276622e-10], "nuFnu1000_3000": 3.0021042075889515e-12, "Sqrt_TS1000_3000": 6.991377353668213, "Flux3000_10000": 3.5614983184828475e-10, "Unc_Flux3000_10000": [-6.552040160423545e-11, 7.142524766079461e-11], "nuFnu3000_10000": 2.37723339277518e-12, "Sqrt_TS3000_10000": 7.549930572509766, "Flux10000_100000": 6.08381010500092e-12, "Unc_Flux10000_100000": [null, 2.5604492484565533e-11], "nuFnu10000_100000": 9.846491704672625e-14, "Sqrt_TS10000_100000": 0.3626480996608734, "Variability_Index": 62.53140640258789, "Signif_Peak": null, "Flux_Peak": null, "Unc_Flux_Peak": null, "Time_Peak": null, "Peak_Interval": null, "Flux_History": [1.9593986877453062e-08, 3.594596265088512e-08, 0.0, 2.355292139100129e-08, 5.6946255710954574e-08, 7.638102061946483e-08, 6.621122849992389e-08, 3.296666761798406e-08, 4.816574872279489e-08, 1.3948085353376882e-08, 3.2469507971200073e-08, 0.0, 1.0573308451000685e-08, 0.0, 0.0, 4.380154550176485e-08, 2.5695436889350276e-08, 1.8717186023309296e-08, 8.411960905618798e-09, 8.923835892460374e-09, 1.7480573433203972e-08, 4.633956507404946e-08, 2.7183460815649596e-08, 1.3043711888371945e-08, 1.8421943082103098e-08, 1.9814184071265117e-08, 2.3027400430919442e-08, 3.245480828528713e-10, 5.393192381575318e-08, 4.267944575531146e-08, 5.300655558926337e-08, 2.6109779227567742e-08, 1.1957550505314885e-08, 0.0, 1.9343787016623537e-08, 2.542924626425247e-08, 1.5668753405861935e-08, 4.6167116352080484e-08, 0.0, 1.2277672212235302e-08, 0.0, 3.8448462191809085e-08, 6.271513086630875e-08, 0.0, 3.684468197207025e-08, 0.0, 1.534030502625683e-08, 3.869419629154436e-08], "Unc_Flux_History": [[-1.4586550634021478e-08, 1.9284533081531663e-08], [-1.759511647492218e-08, 2.0475361850458285e-08], [null, 1.8367778409356106e-08], [-1.5186000013045486e-08, 1.933877591397959e-08], [-1.9816702945263387e-08, 2.21647482590015e-08], [-2.2889052431196433e-08, 2.480219585265786e-08], [-2.1085813983745538e-08, 2.394833131802443e-08], [-1.7736324409156623e-08, 2.2218932471673725e-08], [-2.255067599321592e-08, 2.5061572372919727e-08], [null, 2.1296321150998665e-08], [-1.757340761798787e-08, 2.0681953927237373e-08], [null, 1.787690351306992e-08], [null, 2.194480330786064e-08], [null, 1.6697400795351314e-08], [null, 1.5599484370909522e-08], [-1.933222470995588e-08, 2.2256280374222115e-08], [-1.530606219546371e-08, 1.7796759621546698e-08], [-1.4414382576433127e-08, 1.945517702495181e-08], [null, 1.2967793949769657e-08], [null, 1.805879179528347e-08], [null, 1.86082385056352e-08], [-2.1298276919878845e-08, 2.29833911902233e-08], [-1.8420289293885617e-08, 2.0977028114543828e-08], [null, 1.8161214754286448e-08], [-1.3327908554572332e-08, 1.7327996815197366e-08], [-1.3523256292558017e-08, 1.6880141728847775e-08], [-1.950869332745242e-08, 2.354676631455277e-08], [null, 1.7175732835994495e-08], [-2.019353040338956e-08, 2.2121191989299405e-08], [-1.7838287291738197e-08, 1.988707154509939e-08], [-1.9456342315038455e-08, 2.1082005474681864e-08], [-1.8615891050899336e-08, 2.1908270753101533e-08], [null, 1.7658214446214515e-08], [null, 1.8447030569745948e-08], [-1.3256935993410934e-08, 1.5892105409420765e-08], [-1.8015260394577126e-08, 2.0981772763661866e-08], [null, 1.92096667461783e-08], [-2.0888030860533036e-08, 2.2817287614884663e-08], [null, 1.7358894766061894e-08], [null, 1.561557283480397e-08], [null, 1.8974319004883e-08], [-1.883265454694083e-08, 2.061375603545912e-08], [-2.2905224383862333e-08, 2.5632150624232963e-08], [null, 1.4115074442599962e-08], [-1.5130567021515162e-08, 1.7527245432802374e-08], [null, 1.8514720423468134e-08], [-1.4224450950450773e-08, 1.7301363897104238e-08], [-2.3413727845422727e-08, 2.6219417748052365e-08]], "Extended_Source_Name": "                  ", "0FGL_Name": "                 ", "1FGL_Name": "1FGL J1518.0-5233 ", "2FGL_Name": "2FGL J1518.4-5233 ", "1FHL_Name": "                  ", "ASSOC_GAM1": "               ", "ASSOC_GAM2": "              ", "ASSOC_GAM3": "               ", "TEVCAT_FLAG": "N", "ASSOC_TEV": "                     ", "CLASS1": "     ", "ASSOC1": "                          ", "ASSOC2": "                          ", "Flags": 0, "catalog_row_index": 1860}