{"Source_Name": "3FHL J0557.6-0718 ", "RAJ2000": 89.40326690673828, "DEJ2000": -7.312717914581299, "GLON": 213.40924072265625, "GLAT": -15.275315284729004, "Conf_95_SemiMajor": 0.07908248156309128, "Conf_95_SemiMinor": 0.07908248156309128, "Conf_95_PosAng": null, "ROI_num": 422, "Signif_Avg": 4.374631404876709, "Pivot_Energy": 23.59317970275879, "Flux_Density": 5.7024681201015e-13, "Unc_Flux_Density": 2.304521590917874e-13, "Flux": 3.144563082146945e-11, "Unc_Flux": 1.2777944501107807e-11, "Energy_Flux": 1.6808286533442907e-12, "Unc_Energy_Flux": 1.0597008296905908e-12, "Signif_Curve": 0.38746657967567444, "SpectrumType": "PowerLaw   ", "Spectral_Index": 2.0125174522399902, "Unc_Spectral_Index": 0.8983268141746521, "beta": 0.18517908453941345, "Unc_beta": 0.545312225818634, "PowerLaw_Index": 2.2754428386688232, "Unc_PowerLaw_Index": 0.49888673424720764, "Flux_Band": [1.8443574792414985e-11, 8.678363583314308e-12, 4.157228380985423e-12, 4.972176574006941e-16, 1.7224634292816043e-23], "Unc_Flux_Band": [[-8.366596478126542e-12, 1.1409739472667546e-11], [-5.676397719922566e-12, 8.247003774330963e-12], [-2.7933671001290072e-12, 6.146073233681548e-12], [null, 5.43321420840015e-12], [null, 6.154224699295163e-12]], "nuFnu": [5.845230441163529e-13, 4.547519587456972e-13, 4.862237457277374e-13, 1.6528781233549723e-16, 1.7636542747642625e-23], "Sqrt_TS_Band": [4.017068386077881, 1.8963640928268433, 2.9964871406555176, 0.0, 0.0], "Npred": 8.570406913757324, "HEP_Energy": 83.62940216064453, "HEP_Prob": 0.993552029132843, "Variability_BayesBlocks": 1, "Extended_Source_Name": "                  ", "ASSOC_GAM": "3FGL J0557.7-0720 ", "TEVCAT_FLAG": "N", "ASSOC_TEV": "                     ", "CLASS": "bcu    ", "ASSOC1": "PMN J0557-0719            ", "ASSOC2": "                          ", "ASSOC_PROB_BAY": 0.0, "ASSOC_PROB_LR": 0.822422981262207, "Redshift": null, "NuPeak_obs": null, "source_id": 374}