{"Source_Name": "3FGL J1913.5-3631 ", "RAJ2000": 288.385009765625, "DEJ2000": -36.53260040283203, "GLON": 1.203532338142395, "GLAT": -19.89517593383789, "Conf_68_SemiMajor": 0.06247447431087494, "Conf_68_SemiMinor": 0.04964654520153999, "Conf_68_PosAng": -34.779998779296875, "Conf_95_SemiMajor": 0.10130000114440918, "Conf_95_SemiMinor": 0.08049999922513962, "Conf_95_PosAng": -34.779998779296875, "ROI_num": 476, "Signif_Avg": 6.342126369476318, "Pivot_Energy": 1651.89892578125, "Flux_Density": 2.365693632742222e-13, "Unc_Flux_Density": 4.2146495982890025e-14, "Flux1000": 5.999330476846865e-10, "Unc_Flux1000": 1.0942394212953843e-10, "Energy_Flux100": 6.771320917170476e-12, "Unc_Energy_Flux100": 1.206438920119124e-12, "Signif_Curve": 1.4692455530166626, "SpectrumType": "PowerLaw        ", "Spectral_Index": 2.16180157661438, "Unc_Spectral_Index": 0.11663668602705002, "beta": null, "Unc_beta": null, "Cutoff": null, "Unc_Cutoff": null, "Exp_Index": null, "Unc_Exp_Index": null, "PowerLaw_Index": 2.16180157661438, "Flux30_100": null, "Unc_Flux30_100": null, "nuFnu30_100": null, "Sqrt_TS30_100": null, "Flux100_300": 4.988454982424173e-09, "Unc_Flux100_300": [-3.592623976089726e-09, 3.5421148236736144e-09], "nuFnu100_300": 1.1798335745882849e-12, "Sqrt_TS100_300": 1.3836098909378052, "Flux300_1000": 2.201466564599741e-09, "Unc_Flux300_1000": [-6.730989099423823e-10, 6.887770354069289e-10], "nuFnu300_1000": 1.4830387352199326e-12, "Sqrt_TS300_1000": 3.381711959838867, "Flux1000_3000": 4.416586818489776e-10, "Unc_Flux1000_3000": [-1.333060051234014e-10, 1.4276460569284666e-10], "nuFnu1000_3000": 1.0445794619909354e-12, "Sqrt_TS1000_3000": 3.7011868953704834, "Flux3000_10000": 1.0845558479077866e-10, "Unc_Flux3000_10000": [-4.277118589857132e-11, 5.054076601673785e-11], "nuFnu3000_10000": 7.306212384226851e-13, "Sqrt_TS3000_10000": 3.3096115589141846, "Flux10000_100000": 2.5386973773189325e-11, "Unc_Flux10000_100000": [-1.4564115538573397e-11, 1.9658960223600808e-11], "nuFnu10000_100000": 4.236328627303665e-13, "Sqrt_TS10000_100000": 2.577259063720703, "Variability_Index": 211.96102905273438, "Signif_Peak": 13.900755882263184, "Flux_Peak": 1.7144859043582983e-07, "Unc_Flux_Peak": 1.9591370303828626e-08, "Time_Peak": 309024992.0, "Peak_Interval": 2630000.0, "Flux_History": [0.0, 0.0, 0.0, 0.0, 0.0, 0.0, 1.93863094466451e-08, 1.0062018773737691e-08, 3.3035771451750406e-08, 0.0, 0.0, 7.505231991444816e-09, 0.0, 0.0, 0.0, 0.0, 0.0, 0.0, 8.980685084480911e-10, 0.0, 1.0152140461627823e-08, 1.2152677753007879e-09, 0.0, 0.0, 1.665860693833565e-08, 9.43571176748037e-09, 1.7144859043582983e-07, 7.325749784570235e-09, 8.707394805185231e-09, 2.0554935531436058e-08, 7.365416720972462e-09, 1.7518791972648273e-09, 0.0, 1.933009086130255e-09, 0.0, 1.9211929824791696e-08, 0.0, 1.3017711353313643e-08, 7.174307814494796e-09, 1.65066413870818e-08, 0.0, 0.0, 4.3627814250157826e-08, 2.335187332391797e-08, 1.7666572205143893e-08, 0.0, 0.0, 0.0], "Unc_Flux_History": [[null, 1.0129317828955209e-08], [null, 9.948569967832555e-09], [null, 9.268320333433167e-09], [null, 1.3193749204276628e-08], [null, 1.1004051891916333e-08], [null, 5.843796557769565e-09], [-1.3376879159920918e-08, 1.5702905642456244e-08], [-7.744148433630471e-09, 1.0837531760898855e-08], [-1.3182911651199447e-08, 1.4927588054547414e-08], [null, 8.387712746582565e-09], [null, 7.887082986712812e-09], [null, 1.2884708411320389e-08], [null, 7.756605135966765e-09], [null, 8.638005866146159e-09], [null, 1.0180559506522968e-08], [null, 7.2988095567438904e-09], [null, 1.159965634656146e-08], [null, 1.5361431238147816e-08], [null, 1.2780763114506044e-08], [null, 7.0959891296240585e-09], [null, 1.4015885341223111e-08], [null, 1.219673073649119e-08], [null, 8.609862156561121e-09], [null, 1.0231003599869837e-08], [-1.0892150292818314e-08, 1.4128974434868269e-08], [null, 1.2437121554853547e-08], [-1.9591370303828626e-08, 2.0502431752333905e-08], [null, 1.2363466694864655e-08], [-7.507962251906974e-09, 9.48245215681709e-09], [-1.336022670272996e-08, 1.5785060369921666e-08], [null, 1.1721192016977966e-08], [null, 1.6657848433965228e-08], [null, 9.976345083373417e-09], [null, 1.3973515677889736e-08], [null, 1.3014100019859143e-08], [-1.1157887946922074e-08, 1.2735440257927166e-08], [null, 8.284236407973822e-09], [-1.1522231169180941e-08, 1.3558022260440339e-08], [null, 1.772635371821707e-08], [-9.603001061009309e-09, 1.1356314999488859e-08], [null, 1.4739430120869201e-08], [null, 1.0005909878429975e-08], [-1.325611975744323e-08, 1.4442337992193188e-08], [-1.2404409943655992e-08, 1.51733452469216e-08], [-9.64600488373435e-09, 1.1518662468290586e-08], [null, 8.578021848393291e-09], [null, 1.2049329534136177e-08], [null, 1.4249384783227015e-08]], "Extended_Source_Name": "                  ", "0FGL_Name": "                 ", "1FGL_Name": "                  ", "2FGL_Name": "                  ", "1FHL_Name": "                  ", "ASSOC_GAM1": "               ", "ASSOC_GAM2": "              ", "ASSOC_GAM3": "               ", "TEVCAT_FLAG": "N", "ASSOC_TEV": "                     ", "CLASS1": "bcu  ", "ASSOC1": "PMN J1913-3630            ", "ASSOC2": "                          ", "Flags": 1, "catalog_row_index": 2483}