{"Source_Name": "3FGL J1819.5-1345 ", "RAJ2000": 274.8966979980469, "DEJ2000": -13.762499809265137, "GLON": 17.08370590209961, "GLAT": 0.6456378698348999, "Conf_68_SemiMajor": 0.053963638842105865, "Conf_68_SemiMinor": 0.05260683596134186, "Conf_68_PosAng": -73.66000366210938, "Conf_95_SemiMajor": 0.08749999850988388, "Conf_95_SemiMinor": 0.08529999852180481, "Conf_95_PosAng": -73.66000366210938, "ROI_num": 54, "Signif_Avg": 7.689405918121338, "Pivot_Energy": 1291.99951171875, "Flux_Density": 2.248587167158478e-12, "Unc_Flux_Density": 2.9212979149421947e-13, "Flux1000": 2.8688258435494163e-09, "Unc_Flux1000": 3.865886777365546e-10, "Energy_Flux100": 4.116033555656706e-11, "Unc_Energy_Flux100": 5.946073061008361e-12, "Signif_Curve": 0.28981202840805054, "SpectrumType": "PowerLaw        ", "Spectral_Index": 2.4776079654693604, "Unc_Spectral_Index": 0.08660485595464706, "beta": null, "Unc_beta": null, "Cutoff": null, "Unc_Cutoff": null, "Exp_Index": null, "Unc_Exp_Index": null, "PowerLaw_Index": 2.4776079654693604, "Flux30_100": null, "Unc_Flux30_100": null, "nuFnu30_100": null, "Sqrt_TS30_100": null, "Flux100_300": 9.552346824648339e-08, "Unc_Flux100_300": [-3.429428119261502e-08, 3.328402442548395e-08], "nuFnu100_300": 2.191650159966141e-11, "Sqrt_TS100_300": 2.828402280807495, "Flux300_1000": 2.2902197471807995e-08, "Unc_Flux300_1000": [-3.659582414883289e-09, 3.6828673444233573e-09], "nuFnu300_1000": 1.488021685036589e-11, "Sqrt_TS300_1000": 6.388621807098389, "Flux1000_3000": 1.830617324394268e-09, "Unc_Flux1000_3000": [-5.491630483689391e-10, 5.727055496507205e-10], "nuFnu1000_3000": 4.200091229672465e-12, "Sqrt_TS1000_3000": 3.3987128734588623, "Flux3000_10000": 4.2161868440970807e-10, "Unc_Flux3000_10000": [-1.3157765155202839e-10, 1.3733741921484466e-10], "nuFnu3000_10000": 2.7393779519074846e-12, "Sqrt_TS3000_10000": 3.5399324893951416, "Flux10000_100000": 4.6290752481192854e-11, "Unc_Flux10000_100000": [-2.937804513547526e-11, 3.341470503070987e-11], "nuFnu10000_100000": 6.874622399122288e-13, "Sqrt_TS10000_100000": 1.7307616472244263, "Variability_Index": 77.81448364257812, "Signif_Peak": 5.635980606079102, "Flux_Peak": 4.0843750070962415e-07, "Unc_Flux_Peak": 7.775371813067977e-08, "Time_Peak": 274835008.0, "Peak_Interval": 2630000.0, "Flux_History": [9.637755482572175e-09, 8.32999162980741e-08, 1.566743890180078e-07, 1.5690862653627846e-07, 3.2298395069574326e-08, 1.8754586506020132e-07, 1.414443318026315e-07, 3.326012887328034e-08, 1.5849091994368791e-07, 7.792243650328601e-08, 5.3156828272449275e-08, 1.3133359288985957e-07, 0.0, 4.0843750070962415e-07, 4.048598256645164e-08, 1.7392227391610504e-07, 2.2520551112847897e-07, 1.0367664771138152e-07, 7.533314061447527e-08, 1.7148135356137573e-08, 3.8168632698898364e-08, 0.0, 8.873291079680712e-08, 7.208232233324452e-08, 0.0, 6.798530449714235e-08, 1.1237517583140288e-07, 1.651537075986198e-07, 4.109631746018749e-08, 0.0, 1.5737386149794474e-07, 0.0, 1.3450983260554494e-07, 0.0, 1.2176529651242163e-07, 8.057049427634411e-08, 4.397993436100478e-08, 1.5810803688509623e-07, 0.0, 1.0862541444112139e-07, 1.2674928484557313e-07, 2.1510616932118864e-07, 1.3172262924854294e-07, 9.246316068356464e-08, 1.9558368080652144e-07, 0.0, 1.7072687796826358e-07, 9.181741944530586e-08], "Unc_Flux_History": [[null, 6.595893609073755e-08], [-7.222115527838469e-08, 7.535853541185134e-08], [-5.634724686842674e-08, 6.143896769117418e-08], [-6.350038717073403e-08, 6.741029068280113e-08], [null, 6.712056688229495e-08], [-6.346520109445919e-08, 6.685160514052768e-08], [-5.8969778393702654e-08, 6.0991915518116e-08], [null, 7.521065015225759e-08], [-6.40029611531645e-08, 6.99912021673299e-08], [-5.648445267070201e-08, 5.861576823917858e-08], [null, 7.054458706079458e-08], [-6.262056473360644e-08, 6.55608971555921e-08], [null, 3.468232989689568e-08], [-7.775371813067977e-08, 7.988295891436792e-08], [null, 5.6611650478544107e-08], [-8.930654615824096e-08, 9.405623302427557e-08], [-6.863756141228805e-08, 7.289135339760833e-08], [-6.784094352951797e-08, 8.122607653149316e-08], [-6.521079143340103e-08, 6.870889279753101e-08], [null, 5.5216961669657394e-08], [null, 7.445758143376224e-08], [null, 5.996986374157132e-08], [-8.314734145642433e-08, 8.862587463909222e-08], [-6.204237479323638e-08, 6.562031984458372e-08], [null, 5.211537867921834e-08], [-6.381933559396202e-08, 6.772186367243194e-08], [-6.961303711250366e-08, 7.363030363194412e-08], [-7.45649089139988e-08, 7.49940269884064e-08], [null, 6.261126372919534e-08], [null, 6.626290627309572e-08], [-6.265808139005458e-08, 6.557471721180264e-08], [null, 5.432726624121642e-08], [-6.231947935475546e-08, 6.65676793687453e-08], [null, 6.565608856590188e-08], [-7.170036298020932e-08, 7.599300744232096e-08], [-6.53619736112887e-08, 7.003702506835907e-08], [null, 7.25035675941399e-08], [-6.918872941241716e-08, 7.113494149280086e-08], [null, 8.496045467154545e-08], [-6.338080993373296e-08, 6.574373401235789e-08], [-7.592061734840172e-08, 8.069852697190072e-08], [-7.054194384181756e-08, 7.354064734954591e-08], [-5.7849014467592497e-08, 6.417010922632471e-08], [-6.561381127312416e-08, 7.074536512163832e-08], [-5.992719565028892e-08, 6.224392024023473e-08], [null, 6.588558676412504e-08], [-7.100913279600718e-08, 7.241645505473571e-08], [-7.827102876944991e-08, 8.659069550276399e-08]], "Extended_Source_Name": "                  ", "0FGL_Name": "                 ", "1FGL_Name": "                  ", "2FGL_Name": "                  ", "1FHL_Name": "                  ", "ASSOC_GAM1": "               ", "ASSOC_GAM2": "              ", "ASSOC_GAM3": "               ", "TEVCAT_FLAG": "N", "ASSOC_TEV": "                     ", "CLASS1": "     ", "ASSOC1": "                          ", "ASSOC2": "                          ", "Flags": 9, "catalog_row_index": 2337}