{"Source_Name": "3FHL J0103.5+5337 ", "RAJ2000": 15.887414932250977, "DEJ2000": 53.63129425048828, "GLON": 124.7502670288086, "GLAT": -9.197686195373535, "Conf_95_SemiMajor": 0.02394990809261799, "Conf_95_SemiMinor": 0.02394990809261799, "Conf_95_PosAng": null, "ROI_num": 121, "Signif_Avg": 10.57723331451416, "Pivot_Energy": 19.851234436035156, "Flux_Density": 1.9938987527029495e-12, "Unc_Flux_Density": 4.215616300051045e-13, "Flux": 7.373660709797392e-11, "Unc_Flux": 1.5588658835996583e-11, "Energy_Flux": 3.2325177690833984e-12, "Unc_Energy_Flux": 1.0771440163426238e-12, "Signif_Curve": 0.07861592620611191, "SpectrumType": "PowerLaw   ", "Spectral_Index": 2.4771077632904053, "Unc_Spectral_Index": 0.47644585371017456, "beta": 0.01001737080514431, "Unc_beta": 0.2698635160923004, "PowerLaw_Index": 2.4846673011779785, "Unc_PowerLaw_Index": 0.31260398030281067, "Flux_Band": [4.519026125526793e-11, 2.3489593950487553e-11, 5.46465173459354e-12, 3.097842486954198e-21, 3.568980523036046e-15], "Unc_Flux_Band": [[-1.130748359529088e-11, 1.3343081847749794e-11], [-7.768093460147618e-12, 9.843765559625073e-12], [-3.1546909182167404e-12, 5.025587584972513e-12], [null, 4.0283713864663895e-12], [null, 5.205612416819827e-12]], "nuFnu": [1.4204838477346882e-12, 1.2135976902236112e-12, 6.264746750875294e-13, 1.0055809130453588e-21, 3.542891696502377e-15], "Sqrt_TS_Band": [8.292388916015625, 6.775581359863281, 3.4500930309295654, 0.0, 0.0], "Npred": 27.258264541625977, "HEP_Energy": 149.89599609375, "HEP_Prob": 0.9007077813148499, "Variability_BayesBlocks": 1, "Extended_Source_Name": "                  ", "ASSOC_GAM": "3FGL J0103.4+5336 ", "TEVCAT_FLAG": "N", "ASSOC_TEV": "                     ", "CLASS": "bll    ", "ASSOC1": "1RXS J010325.9+533721     ", "ASSOC2": "                          ", "ASSOC_PROB_BAY": 0.9998064041137695, "ASSOC_PROB_LR": 0.9514173865318298, "Redshift": null, "NuPeak_obs": 1.0, "source_id": 64}