{"Source_Name": "3FGL J1536.3-4949 ", "RAJ2000": 234.09890747070312, "DEJ2000": -49.8224983215332, "GLON": 328.1956481933594, "GLAT": 4.782098770141602, "Conf_68_SemiMajor": 0.009805964305996895, "Conf_68_SemiMinor": 0.009682618081569672, "Conf_68_PosAng": -86.52999877929688, "Conf_95_SemiMajor": 0.01590000092983246, "Conf_95_SemiMinor": 0.015699999406933784, "Conf_95_PosAng": -86.52999877929688, "ROI_num": 96, "Signif_Avg": 60.07505416870117, "Pivot_Energy": 1043.572265625, "Flux_Density": 1.2181695756285915e-11, "Unc_Flux_Density": 3.6972459599091123e-13, "Flux1000": 1.1833412472128657e-08, "Unc_Flux1000": 3.450790209136301e-10, "Energy_Flux100": 8.743077095640928e-11, "Unc_Energy_Flux100": 3.0490037578045914e-12, "Signif_Curve": 8.532758712768555, "SpectrumType": "LogParabola     ", "Spectral_Index": 1.8679226636886597, "Unc_Spectral_Index": 0.03326381742954254, "beta": 0.17184409499168396, "Unc_beta": 0.01863597147166729, "Cutoff": null, "Unc_Cutoff": null, "Exp_Index": null, "Unc_Exp_Index": null, "PowerLaw_Index": 2.042114019393921, "Flux30_100": null, "Unc_Flux30_100": null, "nuFnu30_100": null, "Sqrt_TS30_100": null, "Flux100_300": 5.098475952536319e-08, "Unc_Flux100_300": [-4.9618065212087e-09, 4.9618065212087e-09], "nuFnu100_300": 1.3202131228517988e-11, "Sqrt_TS100_300": 9.759187698364258, "Flux300_1000": 2.220117956142076e-08, "Unc_Flux300_1000": [-1.1320637760547925e-09, 1.1320637760547925e-09], "nuFnu300_1000": 1.5898352079268818e-11, "Sqrt_TS300_1000": 23.39512062072754, "Flux1000_3000": 8.550935071127697e-09, "Unc_Flux1000_3000": [-3.548107085915575e-10, 3.548107085915575e-10], "nuFnu1000_3000": 2.0462737407300757e-11, "Sqrt_TS1000_3000": 36.78245162963867, "Flux3000_10000": 2.7805366897837303e-09, "Unc_Flux3000_10000": [-1.5679800513535014e-10, 1.5679800513535014e-10], "nuFnu3000_10000": 1.814728228799467e-11, "Sqrt_TS3000_10000": 34.855552673339844, "Flux10000_100000": 3.365051570725086e-10, "Unc_Flux10000_100000": [-5.057703214572662e-11, 5.559993090931137e-11], "nuFnu10000_100000": 4.211001339293752e-12, "Sqrt_TS10000_100000": 14.462459564208984, "Variability_Index": 51.12050247192383, "Signif_Peak": null, "Flux_Peak": null, "Unc_Flux_Peak": null, "Time_Peak": null, "Peak_Interval": null, "Flux_History": [6.542435215806108e-08, 5.9533682872370264e-08, 6.850306988326338e-08, 6.877569092011981e-08, 6.163026000649552e-08, 8.062080070203592e-08, 8.610251711616002e-08, 6.685197462275028e-08, 1.0354090562714191e-07, 9.962448643818789e-08, 8.519567984421883e-08, 9.06368455844131e-08, 8.289478614642576e-08, 7.720660732957185e-08, 8.060873568638272e-08, 6.338463975907871e-08, 8.648171956338047e-08, 7.944820623606574e-08, 8.351501179504339e-08, 4.4147974165298365e-08, 6.839033517280768e-08, 6.450089529153047e-08, 9.146582868879705e-08, 8.824545005836626e-08, 6.125247153931923e-08, 7.116159395081922e-08, 1.0804796346519652e-07, 7.161212778328263e-08, 5.5506504281765956e-08, 7.243136934675931e-08, 6.87085588424452e-08, 1.1096626195694625e-07, 8.63476117274331e-08, 8.022639974569756e-08, 7.236371146746023e-08, 6.537147356766582e-08, 6.432271959511127e-08, 6.374731498226538e-08, 8.508270354923297e-08, 7.81458950882552e-08, 5.9514366768098625e-08, 7.360983289572687e-08, 7.415543734623498e-08, 6.089514670293283e-08, 8.581317700873115e-08, 4.2135411604249384e-08, 6.655468354210825e-08, 9.024481073538482e-08], "Unc_Flux_History": [[-1.3111219665518092e-08, 1.413954553441954e-08], [-1.257691373268699e-08, 1.379535063961157e-08], [-1.2505018354147523e-08, 1.3638482343480973e-08], [-1.3980814728142832e-08, 1.5097532113372836e-08], [-1.1861351012498744e-08, 1.295143636781404e-08], [-1.4866464503882071e-08, 1.601927479555343e-08], [-1.4111285473461521e-08, 1.492434087424499e-08], [-1.4248290547413944e-08, 1.5559942667664473e-08], [-1.4890999544547867e-08, 1.590449905108926e-08], [-1.4214985633032029e-08, 1.5068952308183725e-08], [-1.4373197743111632e-08, 1.5827394506118253e-08], [-1.3397084330790676e-08, 1.4317325991441976e-08], [-1.387881276571079e-08, 1.493136281283114e-08], [-1.2241260449741276e-08, 1.3055291070429575e-08], [-1.2989382902617308e-08, 1.3856435998604866e-08], [-1.2378021274628281e-08, 1.3549946054070006e-08], [-1.2451106812250146e-08, 1.3298910417347543e-08], [-1.4568620088084572e-08, 1.5731156821630066e-08], [-1.1977546954256013e-08, 1.2676287575175138e-08], [-1.2081264877394915e-08, 1.3454505953802709e-08], [-1.1647584230445318e-08, 1.2542886729249858e-08], [-1.2664002291273846e-08, 1.3685746758085315e-08], [-1.3708575608006868e-08, 1.4569448758550152e-08], [-1.1912709041439484e-08, 1.266893789875212e-08], [-1.2618659006591315e-08, 1.3675286680836507e-08], [-1.2241201829965576e-08, 1.3149412225743617e-08], [-1.6179781070491117e-08, 1.7242344441115165e-08], [-1.1260414822800158e-08, 1.2118634984403798e-08], [-1.0806682659847411e-08, 1.178651931610375e-08], [-1.2580451347332655e-08, 1.3437130519378115e-08], [-1.1574048386364666e-08, 1.2357136647267453e-08], [-1.7319477407795603e-08, 1.8534240808776303e-08], [-1.3142365418161717e-08, 1.3970416823383403e-08], [-1.4266892556236144e-08, 1.539088678725875e-08], [-1.1252670795158792e-08, 1.1939816246808732e-08], [-1.2488833078805328e-08, 1.3451679770071223e-08], [-1.190433884801223e-08, 1.2954557426780866e-08], [-1.1903654062450642e-08, 1.2848793140562975e-08], [-1.4080526078430466e-08, 1.528782078707991e-08], [-1.1615053807645381e-08, 1.2362312951097465e-08], [-1.3102969376177498e-08, 1.4358567668182332e-08], [-1.1315758108310092e-08, 1.2028954721188256e-08], [-1.251409020852634e-08, 1.3606612725425293e-08], [-1.258567738915417e-08, 1.3717434299564957e-08], [-1.3357123407331528e-08, 1.4149899030257984e-08], [-1.1430201674045293e-08, 1.2833418772117966e-08], [-1.1127625043627631e-08, 1.1905913588350359e-08], [-1.56582515842274e-08, 1.6946477998658338e-08]], "Extended_Source_Name": "                  ", "0FGL_Name": "0FGL J1536.7-4947", "1FGL_Name": "1FGL J1536.5-4949 ", "2FGL_Name": "2FGL J1536.4-4949 ", "1FHL_Name": "1FHL J1536.4-4951 ", "ASSOC_GAM1": "               ", "ASSOC_GAM2": "              ", "ASSOC_GAM3": "               ", "TEVCAT_FLAG": "N", "ASSOC_TEV": "                     ", "CLASS1": "psr  ", "ASSOC1": "PSR J1536-4948            ", "ASSOC2": "                          ", "Flags": 0, "catalog_row_index": 1888}