{"Source_Name": "3FGL J1559.8-2525 ", "RAJ2000": 239.96560668945312, "DEJ2000": -25.422000885009766, "GLON": 347.9026184082031, "GLAT": 20.570457458496094, "Conf_68_SemiMajor": 0.048289746046066284, "Conf_68_SemiMinor": 0.038545455783605576, "Conf_68_PosAng": 0.8199999928474426, "Conf_95_SemiMajor": 0.07829999923706055, "Conf_95_SemiMinor": 0.0625, "Conf_95_PosAng": 0.8199999928474426, "ROI_num": 803, "Signif_Avg": 4.446576118469238, "Pivot_Energy": 5536.7001953125, "Flux_Density": 1.0095017439440846e-14, "Unc_Flux_Density": 2.9495599400273164e-15, "Flux1000": 2.9403143808615084e-10, "Unc_Flux1000": 9.985980792270865e-11, "Energy_Flux100": 3.339454580919554e-12, "Unc_Energy_Flux100": 1.0134959278068623e-12, "Signif_Curve": 0.5513542890548706, "SpectrumType": "PowerLaw        ", "Spectral_Index": 1.9438910484313965, "Unc_Spectral_Index": 0.24318543076515198, "beta": null, "Unc_beta": null, "Cutoff": null, "Unc_Cutoff": null, "Exp_Index": null, "Unc_Exp_Index": null, "PowerLaw_Index": 1.9438910484313965, "Flux30_100": null, "Unc_Flux30_100": null, "nuFnu30_100": null, "Sqrt_TS30_100": null, "Flux100_300": 6.944075536807759e-09, "Unc_Flux100_300": [-4.070646042464432e-09, 4.131509800942013e-09], "nuFnu100_300": 1.6779191968144258e-12, "Sqrt_TS100_300": 1.706716775894165, "Flux300_1000": 7.323649464652249e-10, "Unc_Flux300_1000": [-5.731860541757783e-10, 6.065458690862613e-10], "nuFnu300_1000": 5.061610852674647e-13, "Sqrt_TS300_1000": 1.2831820249557495, "Flux1000_3000": 1.4590949282133892e-10, "Unc_Flux1000_3000": [-9.733085171159672e-11, 1.0937348249306922e-10], "nuFnu1000_3000": 3.5256576846366683e-13, "Sqrt_TS1000_3000": 1.5602298974990845, "Flux3000_10000": 3.697835440630293e-11, "Unc_Flux3000_10000": [-2.4616211846684166e-11, 3.266028419934841e-11], "nuFnu3000_10000": 2.5556935582572715e-13, "Sqrt_TS3000_10000": 1.7000532150268555, "Flux10000_100000": 4.144758494750711e-11, "Unc_Flux10000_100000": [-1.681128673769461e-11, 2.2768306337517252e-11], "nuFnu10000_100000": 7.548952240220286e-13, "Sqrt_TS10000_100000": 4.369107723236084, "Variability_Index": 31.116207122802734, "Signif_Peak": null, "Flux_Peak": null, "Unc_Flux_Peak": null, "Time_Peak": null, "Peak_Interval": null, "Flux_History": [0.0, 8.170013110486707e-09, 2.5967541450455656e-09, 0.0, 0.0, 0.0, 6.648364969663589e-09, 7.493689224702393e-09, 0.0, 5.941190206470992e-09, 0.0, 0.0, 8.734933665266453e-09, 3.1548197387820665e-09, 0.0, 5.100969424631785e-09, 1.1211906070229816e-08, 0.0, 0.0, 9.51168477314468e-09, 5.10850695079057e-09, 2.8628774906280796e-09, 8.821777974787892e-09, 6.286975828828645e-09, 0.0, 0.0, 2.2382871112114344e-09, 0.0, 1.0182975351824552e-08, 0.0, 2.6471729253074727e-09, 8.015889285672984e-09, 4.625954286296974e-09, 1.1904381480576376e-08, 0.0, 2.7648920930545273e-09, 0.0, 2.7425539617098593e-10, 0.0, 0.0, 0.0, 6.805823904443287e-09, 1.4406215775863984e-08, 0.0, 0.0, 2.4995909786440507e-09, 0.0, 0.0], "Unc_Flux_History": [[null, 9.362216779607024e-09], [-8.086312952571006e-09, 8.78552963712309e-09], [null, 7.572858784499203e-09], [null, 1.0320431620414183e-08], [null, 6.3448331033555405e-09], [null, 6.8906542693980555e-09], [-6.412826714097264e-09, 7.862996476148965e-09], [null, 1.0409662465349356e-08], [null, 6.234434746232864e-09], [-4.6092019090338e-09, 7.2399637396358685e-09], [null, 9.387894905898975e-09], [null, 7.57796314587722e-09], [-5.470327302248279e-09, 7.340648533471494e-09], [null, 7.1761152575788856e-09], [null, 6.784022676953327e-09], [null, 1.008085703801953e-08], [-6.794235396512249e-09, 8.612596857915378e-09], [null, 1.0391210558680086e-08], [null, 8.41921288241565e-09], [-6.2266205524963425e-09, 9.492230113039568e-09], [-3.694597294767732e-09, 6.25926821484768e-09], [null, 8.85344775269914e-09], [-7.060309670237075e-09, 1.008512473532619e-08], [-4.2995229598830065e-09, 6.37365227262876e-09], [null, 9.308872783719835e-09], [null, 8.183962840746517e-09], [null, 8.677883300833855e-09], [null, 5.079299647547941e-09], [-6.144440067856749e-09, 8.465279144331816e-09], [null, 6.972211696876229e-09], [null, 7.963162573787486e-09], [-5.950226089623811e-09, 9.378364751455592e-09], [null, 8.68722960234436e-09], [-8.753906044489668e-09, 1.2448833075495713e-08], [null, 6.018936460350233e-09], [null, 7.393984091663697e-09], [null, 6.520556539157951e-09], [null, 8.907141690883691e-09], [null, 9.949432389078083e-09], [null, 7.341221852641411e-09], [null, 6.560411769385155e-09], [-5.160118110580925e-09, 6.7778618273450775e-09], [-7.922887235167764e-09, 9.959443936224943e-09], [null, 7.4041910380628906e-09], [null, 6.103425320702627e-09], [null, 1.0530556870946839e-08], [null, 5.657250667923108e-09], [null, 7.515034816663047e-09]], "Extended_Source_Name": "                  ", "0FGL_Name": "                 ", "1FGL_Name": "                  ", "2FGL_Name": "                  ", "1FHL_Name": "                  ", "ASSOC_GAM1": "               ", "ASSOC_GAM2": "              ", "ASSOC_GAM3": "               ", "TEVCAT_FLAG": "N", "ASSOC_TEV": "                     ", "CLASS1": "bcu  ", "ASSOC1": "NVSS J160005-252439       ", "ASSOC2": "                          ", "Flags": 0, "source_id": 1940}