{"Source_Name": "3FGL J0630.9-2406 ", "RAJ2000": 97.74690246582031, "DEJ2000": -24.11009979248047, "GLON": 232.6852264404297, "GLAT": -14.990119934082031, "Conf_68_SemiMajor": 0.011902837082743645, "Conf_68_SemiMinor": 0.01171781774610281, "Conf_68_PosAng": -56.16999816894531, "Conf_95_SemiMajor": 0.019300000742077827, "Conf_95_SemiMinor": 0.01899999938905239, "Conf_95_PosAng": -56.16999816894531, "ROI_num": 791, "Signif_Avg": 38.39686584472656, "Pivot_Energy": 2590.18310546875, "Flux_Density": 5.179931462061249e-13, "Unc_Flux_Density": 2.5540437074826096e-14, "Flux1000": 3.4955895955590677e-09, "Unc_Flux1000": 1.736767396565142e-10, "Energy_Flux100": 4.2899492985748466e-11, "Unc_Energy_Flux100": 2.5669978295783658e-12, "Signif_Curve": 2.1185131072998047, "SpectrumType": "PowerLaw        ", "Spectral_Index": 1.8093637228012085, "Unc_Spectral_Index": 0.03620029240846634, "beta": null, "Unc_beta": null, "Cutoff": null, "Unc_Cutoff": null, "Exp_Index": null, "Unc_Exp_Index": null, "PowerLaw_Index": 1.8093637228012085, "Flux30_100": null, "Unc_Flux30_100": null, "nuFnu30_100": null, "Sqrt_TS30_100": null, "Flux100_300": 8.945863605447357e-09, "Unc_Flux100_300": [-4.4250216824082145e-09, 4.513111662163283e-09], "nuFnu100_300": 2.190673857593861e-12, "Sqrt_TS100_300": 2.0408568382263184, "Flux300_1000": 5.7987779022994346e-09, "Unc_Flux300_1000": [-6.315147849100811e-10, 6.419281217695527e-10], "nuFnu300_1000": 4.072336218241546e-12, "Sqrt_TS300_1000": 10.93014144897461, "Flux1000_3000": 2.0562826996695094e-09, "Unc_Flux1000_3000": [-1.7258643125739326e-10, 1.7258643125739326e-10], "nuFnu1000_3000": 5.035449487933441e-12, "Sqrt_TS1000_3000": 19.304960250854492, "Flux3000_10000": 9.434448777767557e-10, "Unc_Flux3000_10000": [-9.134152462175749e-11, 9.134152462175749e-11], "nuFnu3000_10000": 6.625576823293677e-12, "Sqrt_TS3000_10000": 22.119688034057617, "Flux10000_100000": 5.061270291761844e-10, "Unc_Flux10000_100000": [-6.171008842814629e-11, 6.694049481392739e-11], "nuFnu10000_100000": 9.751065406515824e-12, "Sqrt_TS10000_100000": 21.810699462890625, "Variability_Index": 63.30167770385742, "Signif_Peak": null, "Flux_Peak": null, "Unc_Flux_Peak": null, "Time_Peak": null, "Peak_Interval": null, "Flux_History": [2.2908592356429835e-08, 1.6288934645558584e-08, 1.3944453591818728e-08, 1.5975571088233664e-08, 1.809255323337311e-08, 7.164169257833919e-09, 2.696258682988173e-08, 2.5864700603506208e-08, 1.3844680957220135e-08, 2.4155200506470464e-08, 2.7486869669246516e-08, 1.1770093344409815e-08, 3.794790615074817e-08, 1.5521900209591877e-08, 1.183944497995526e-08, 3.150736915813468e-08, 2.851550107152434e-08, 1.6352412757214552e-08, 2.8314209643554022e-08, 3.056065267514896e-08, 3.026017125762337e-08, 1.1017432299809116e-08, 2.0741577344551843e-08, 2.658032904889751e-08, 3.326841024886562e-08, 4.2459198823507904e-08, 2.8145386465894262e-08, 1.4410618476290438e-08, 3.375014756556993e-08, 3.629128997317821e-08, 3.273800430747542e-08, 1.7593505319268843e-08, 1.5317153767568925e-08, 1.6598267649214904e-08, 1.9569830200794058e-08, 2.769623286269507e-08, 1.9928556582726742e-08, 1.2034842455932449e-08, 3.46565691700107e-08, 2.6047068502066395e-08, 2.933747289546318e-08, 2.6792262630692676e-08, 2.7328887597377616e-08, 2.859046510650387e-08, 1.2466516707831943e-08, 2.510050833848254e-08, 4.533545538976114e-09, 1.0825094598487794e-08], "Unc_Flux_History": [[-8.187985400809339e-09, 8.699158726699352e-09], [-6.0546327951271905e-09, 7.168130977674991e-09], [-5.815532055919448e-09, 6.612596692434636e-09], [-5.755571574894702e-09, 6.970119592608626e-09], [-6.920030326540427e-09, 8.176916033164616e-09], [-3.811330806513524e-09, 5.171668870929125e-09], [-6.903190463702913e-09, 7.807879676136054e-09], [-7.99812838181424e-09, 9.266393874440837e-09], [-4.895542637939343e-09, 5.3703312907771306e-09], [-7.126785828148741e-09, 8.348962410309468e-09], [-6.887658443588407e-09, 7.822864134254814e-09], [-5.2800341876491075e-09, 6.596416746162959e-09], [-7.611025587550557e-09, 8.46894288031308e-09], [-6.0250706646058916e-09, 7.365788867730316e-09], [-6.652682404961752e-09, 8.342260215954411e-09], [-7.277927593918321e-09, 8.277445395776795e-09], [-9.461211369909961e-09, 1.0955804263801383e-08], [-5.9562554888259456e-09, 7.1310424232251535e-09], [-8.50756265435848e-09, 1.0033216035765236e-08], [-7.30023286266146e-09, 8.1947373331559e-09], [-7.991634021209393e-09, 9.191264638275243e-09], [-5.212309694968553e-09, 6.840609412250842e-09], [-6.51593978773235e-09, 7.466200990791094e-09], [-1.0019530982674496e-08, 1.1508539010662844e-08], [-7.222058950873134e-09, 8.108472115964105e-09], [-1.028643747957858e-08, 1.1417433221083684e-08], [-7.202722862587052e-09, 8.150784935878619e-09], [-5.8237938915794984e-09, 7.1022356884498095e-09], [-9.284377711082925e-09, 1.0429924479637975e-08], [-8.451834787592816e-09, 9.55549062098271e-09], [-9.346014628874855e-09, 1.0673444350572936e-08], [-7.65597807372842e-09, 8.923116467940417e-09], [-7.003066126998192e-09, 9.113040100316994e-09], [-5.866308327995284e-09, 6.809686148301353e-09], [-6.573444455426625e-09, 7.705670768132222e-09], [-8.13620992801134e-09, 9.730637628990735e-09], [-6.092590432160705e-09, 7.243392552425121e-09], [-6.264226026786446e-09, 8.188740352466084e-09], [-7.823050651722951e-09, 8.77682460043161e-09], [-8.194594336430328e-09, 9.631168751411678e-09], [-6.884907755022596e-09, 7.812402280649167e-09], [-8.028265163773085e-09, 9.311056814453877e-09], [-8.266099804643545e-09, 9.788828414514228e-09], [-7.33174676526005e-09, 8.29108159905445e-09], [-6.008645137001167e-09, 8.084799496543837e-09], [-6.357271153945021e-09, 7.20592741032533e-09], [-3.7231884242316937e-09, 5.876507724877911e-09], [-5.768711730524956e-09, 7.116913725013774e-09]], "Extended_Source_Name": "                  ", "0FGL_Name": "                 ", "1FGL_Name": "1FGL J0630.9-2406 ", "2FGL_Name": "2FGL J0630.9-2406 ", "1FHL_Name": "1FHL J0630.9-2406 ", "ASSOC_GAM1": "               ", "ASSOC_GAM2": "              ", "ASSOC_GAM3": "               ", "TEVCAT_FLAG": "N", "ASSOC_TEV": "                     ", "CLASS1": "bll  ", "ASSOC1": "TXS 0628-240              ", "ASSOC2": "                          ", "Flags": 0, "source_id": 720}