{"Source_Name": "3FHL J2001.2+4353 ", "RAJ2000": 300.3050231933594, "DEJ2000": 43.88384246826172, "GLON": 79.07000732421875, "GLAT": 7.110268592834473, "Conf_95_SemiMajor": 0.012762841768562794, "Conf_95_SemiMinor": 0.012762841768562794, "Conf_95_PosAng": null, "ROI_num": 728, "Signif_Avg": 31.76833152770996, "Pivot_Energy": 19.932538986206055, "Flux_Density": 1.3953792114829167e-11, "Unc_Flux_Density": 1.1154086551959375e-12, "Flux": 5.211561182605351e-10, "Unc_Flux": 4.1653406418484806e-11, "Energy_Flux": 2.312416924610261e-11, "Unc_Energy_Flux": 2.9632221155984073e-12, "Signif_Curve": 1.2415552139282227, "SpectrumType": "PowerLaw   ", "Spectral_Index": 2.3072824478149414, "Unc_Spectral_Index": 0.1874668300151825, "beta": 0.15075871348381042, "Unc_beta": 0.1313389241695404, "PowerLaw_Index": 2.4704430103302, "Unc_PowerLaw_Index": 0.11924974620342255, "Flux_Band": [3.228327327686742e-10, 1.4303308537577664e-10, 5.073110681541593e-11, 3.449194055371585e-12, 1.4853091859452508e-18], "Unc_Flux_Band": [[-3.216557228902239e-11, 3.4364063677960743e-11], [-2.0361297717319538e-11, 2.2384939388220282e-11], [-1.1499232989431452e-11, 1.356716822220605e-11], [-2.416124158383104e-12, 4.598490858931381e-12], [null, 5.424671996323571e-12]], "nuFnu": [1.0153372934085247e-11, 7.396904269652005e-12, 5.823716509034682e-12, 1.1214232667478008e-12, 1.4775103203349477e-18], "Sqrt_TS_Band": [23.412214279174805, 18.130189895629883, 11.91245174407959, 3.0744738578796387, 0.0], "Npred": 177.55783081054688, "HEP_Energy": 155.73300170898438, "HEP_Prob": 0.998882532119751, "Variability_BayesBlocks": 3, "Extended_Source_Name": "                  ", "ASSOC_GAM": "3FGL J2001.1+4352 ", "TEVCAT_FLAG": "P", "ASSOC_TEV": "MAGIC J2001+435      ", "CLASS": "bll    ", "ASSOC1": "MG4 J200112+4352          ", "ASSOC2": "                          ", "ASSOC_PROB_BAY": 0.9999943971633911, "ASSOC_PROB_LR": 0.9940656423568726, "Redshift": null, "NuPeak_obs": 1603245122256896.0, "source_id": 1329}