{"Source_Name": "3FGL J0522.9-3628 ", "RAJ2000": 80.7416000366211, "DEJ2000": -36.471500396728516, "GLON": 240.6230926513672, "GLAT": -32.718345642089844, "Conf_68_SemiMajor": 0.015541527420282364, "Conf_68_SemiMinor": 0.014431417919695377, "Conf_68_PosAng": -8.279999732971191, "Conf_95_SemiMajor": 0.025200000032782555, "Conf_95_SemiMinor": 0.023399999365210533, "Conf_95_PosAng": -8.279999732971191, "ROI_num": 806, "Signif_Avg": 70.4297103881836, "Pivot_Energy": 321.4739990234375, "Flux_Density": 1.1479333456021479e-10, "Unc_Flux_Density": 2.820210861717576e-12, "Flux1000": 4.734452385690702e-09, "Unc_Flux1000": 1.802133164918729e-10, "Energy_Flux100": 6.177607730917245e-11, "Unc_Energy_Flux100": 1.6296043290828233e-12, "Signif_Curve": 2.7789080142974854, "SpectrumType": "LogParabola     ", "Spectral_Index": 2.341233015060425, "Unc_Spectral_Index": 0.03211003541946411, "beta": 0.06442854553461075, "Unc_beta": 0.016191713511943817, "Cutoff": null, "Unc_Cutoff": null, "Exp_Index": null, "Unc_Exp_Index": null, "PowerLaw_Index": 2.435335874557495, "Flux30_100": null, "Unc_Flux30_100": null, "nuFnu30_100": null, "Sqrt_TS30_100": null, "Flux100_300": 9.144169865749063e-08, "Unc_Flux100_300": [-3.6162293159947012e-09, 3.6162293159947012e-09], "nuFnu100_300": 2.1418559634223122e-11, "Sqrt_TS100_300": 28.978281021118164, "Flux300_1000": 2.408854626878565e-08, "Unc_Flux300_1000": [-7.724617057114358e-10, 7.724617057114358e-10], "nuFnu300_1000": 1.577110490813549e-11, "Sqrt_TS300_1000": 44.999088287353516, "Flux1000_3000": 3.829228933938111e-09, "Unc_Flux1000_3000": [-2.1073545686256523e-10, 2.1073545686256523e-10], "nuFnu1000_3000": 8.71910963567979e-12, "Sqrt_TS1000_3000": 31.89019203186035, "Flux3000_10000": 6.148073161682532e-10, "Unc_Flux3000_10000": [-7.1626614361886e-11, 7.535667922997646e-11], "nuFnu3000_10000": 3.8947165804936734e-12, "Sqrt_TS3000_10000": 17.42266273498535, "Flux10000_100000": 1.347863903822244e-10, "Unc_Flux10000_100000": [-3.134578707708613e-11, 3.661919725783669e-11], "nuFnu10000_100000": 1.736438575393462e-12, "Sqrt_TS10000_100000": 9.44857120513916, "Variability_Index": 678.8578491210938, "Signif_Peak": 29.59769058227539, "Flux_Peak": 3.8953695025156776e-07, "Unc_Flux_Peak": 2.2605647131968e-08, "Time_Peak": 298504992.0, "Peak_Interval": 2630000.0, "Flux_History": [5.220853083187649e-08, 7.759896192283122e-08, 6.489242565521636e-08, 8.680355279011565e-08, 1.425206761496156e-07, 6.55218670431168e-08, 1.3550359767577902e-07, 6.581340983302653e-08, 9.118473087710299e-08, 6.504077987301571e-08, 7.290410763971522e-08, 8.111818061706799e-08, 1.8078267771670653e-07, 9.626054975342413e-08, 1.174821022686956e-07, 6.083899251052571e-08, 1.0474305156549235e-07, 1.9047895705170959e-07, 5.368599431676557e-08, 8.138734131080128e-08, 9.997228289648774e-08, 1.5220442151075986e-07, 3.8953695025156776e-07, 2.1330902200134005e-07, 1.3972881163226702e-07, 2.069817668370888e-07, 1.5747498594009812e-07, 2.3369472046397277e-07, 1.54993713863405e-07, 1.0800422955981048e-07, 2.540707839671086e-07, 7.219691866566791e-08, 2.553795468429598e-07, 1.584892146411221e-07, 1.1367220764668673e-07, 1.2694890472175757e-07, 8.59295212762845e-08, 1.1014936518449758e-07, 1.0151086371479323e-07, 5.7543950049421255e-08, 2.5260439073804264e-08, 2.2192057258507702e-07, 1.6303407335271913e-07, 1.1831123458705406e-07, 1.32128846530577e-07, 5.379757084256198e-08, 1.053005149742603e-07, 3.349724053691716e-08], "Unc_Flux_History": [[-1.495301482634659e-08, 1.5998887548107632e-08], [-1.4514802693099682e-08, 1.5483569981711298e-08], [-1.5745584391879675e-08, 1.6679781111861303e-08], [-1.463337273577281e-08, 1.5334157055235664e-08], [-1.9443461951595964e-08, 2.0557694213607647e-08], [-1.5129913322198263e-08, 1.6139987124574873e-08], [-1.8674029433896067e-08, 1.9608012991056967e-08], [-1.720335340849033e-08, 1.8415287073025866e-08], [-1.552517581160373e-08, 1.6612336395382954e-08], [-1.598778354150454e-08, 1.732276899701901e-08], [-1.3680531374404836e-08, 1.4626141187079611e-08], [-1.6031551197670524e-08, 1.7009954333957467e-08], [-1.8779751087549812e-08, 1.956496831212462e-08], [-1.677347150064179e-08, 1.7593182022324072e-08], [-1.7944095986877073e-08, 1.9107194049183818e-08], [-1.3245378127635377e-08, 1.41145486409755e-08], [-1.9660806316323942e-08, 2.117099029419478e-08], [-1.8027673576170855e-08, 1.8027673576170855e-08], [-1.58170632147403e-08, 1.7344941483088405e-08], [-1.4378390922331619e-08, 1.513493153026957e-08], [-1.6796498414350935e-08, 1.791969594933107e-08], [-1.9243243443156643e-08, 2.0248808851874855e-08], [-2.2605647131968e-08, 2.2605647131968e-08], [-2.3865942111456206e-08, 2.5012408144675646e-08], [-1.623628165248192e-08, 1.6921125833846418e-08], [-2.3724515685330516e-08, 2.5108990442390677e-08], [-1.6763452848067573e-08, 1.7450789258077748e-08], [-2.2091121820722037e-08, 2.2091121820722037e-08], [-1.9134370532469802e-08, 2.0004430112408045e-08], [-1.5217629822927847e-08, 1.6034707783774138e-08], [-2.4620060656843634e-08, 2.5561437411170118e-08], [-1.3858326042281988e-08, 1.4833684502946198e-08], [-2.6007088038682014e-08, 2.7185976136934187e-08], [-1.6649327250206625e-08, 1.732698251544207e-08], [-1.7467568724782723e-08, 1.848617614541581e-08], [-1.8469393125997158e-08, 1.940849259085553e-08], [-1.4471737586063682e-08, 1.5353281312968647e-08], [-1.9729904821019772e-08, 2.1156246532427758e-08], [-1.5113203133410025e-08, 1.597546805953698e-08], [-1.6606790609330346e-08, 1.824481898893282e-08], [-1.061582288741647e-08, 1.1793315657371295e-08], [-2.189024606025214e-08, 2.274556010206652e-08], [-1.894719048323168e-08, 1.98811704876789e-08], [-1.619632961080697e-08, 1.6974926353441333e-08], [-2.1687807105763568e-08, 2.311480784555897e-08], [-1.2167177487754088e-08, 1.2988758513188259e-08], [-1.9677422358199692e-08, 2.1122215088098528e-08], [-1.3779883012432492e-08, 1.5048957635599436e-08]], "Extended_Source_Name": "                  ", "0FGL_Name": "                 ", "1FGL_Name": "1FGL J0522.8-3632 ", "2FGL_Name": "2FGL J0523.0-3628 ", "1FHL_Name": "1FHL J0523.3-3620 ", "ASSOC_GAM1": "               ", "ASSOC_GAM2": "              ", "ASSOC_GAM3": "               ", "TEVCAT_FLAG": "N", "ASSOC_TEV": "                     ", "CLASS1": "BCU  ", "ASSOC1": "PKS 0521-36               ", "ASSOC2": "                          ", "Flags": 0, "catalog_row_index": 590}