{"Source_Name": "3FGL J0611.2+4323 ", "RAJ2000": 92.81639862060547, "DEJ2000": 43.38690185546875, "GLON": 169.8538055419922, "GLAT": 11.562525749206543, "Conf_68_SemiMajor": 0.03792873024940491, "Conf_68_SemiMinor": 0.034968435764312744, "Conf_68_PosAng": -33.709999084472656, "Conf_95_SemiMajor": 0.061500001698732376, "Conf_95_SemiMinor": 0.056699998676776886, "Conf_95_PosAng": -33.709999084472656, "ROI_num": 680, "Signif_Avg": 8.090446472167969, "Pivot_Energy": 2246.161865234375, "Flux_Density": 1.0433360853870019e-13, "Unc_Flux_Density": 1.7150352115574176e-14, "Flux1000": 5.140497472133632e-10, "Unc_Flux1000": 8.449822785916439e-11, "Energy_Flux100": 5.813606540616689e-12, "Unc_Energy_Flux100": 9.87314505325465e-13, "Signif_Curve": 1.3948758840560913, "SpectrumType": "PowerLaw        ", "Spectral_Index": 2.1679258346557617, "Unc_Spectral_Index": 0.137159526348114, "beta": null, "Unc_beta": null, "Cutoff": null, "Unc_Cutoff": null, "Exp_Index": null, "Unc_Exp_Index": null, "PowerLaw_Index": 2.1679258346557617, "Flux30_100": null, "Unc_Flux30_100": null, "nuFnu30_100": null, "Sqrt_TS30_100": null, "Flux100_300": 1.3612400984186479e-08, "Unc_Flux100_300": [-3.3556795120404104e-09, 3.5019498412225403e-09], "nuFnu100_300": 3.217584835721321e-12, "Sqrt_TS100_300": 4.087390899658203, "Flux300_1000": 1.0072901401869672e-09, "Unc_Flux300_1000": [-5.217190568451713e-10, 5.394898416888338e-10], "nuFnu300_1000": 6.780868726762035e-13, "Sqrt_TS300_1000": 1.965545654296875, "Flux1000_3000": 2.4614396632038904e-10, "Unc_Flux1000_3000": [-9.580834736677701e-11, 1.0629948310469928e-10], "nuFnu1000_3000": 5.818143818288324e-13, "Sqrt_TS1000_3000": 2.8621902465820312, "Flux3000_10000": 1.138885305507209e-10, "Unc_Flux3000_10000": [-3.370995149687417e-11, 3.928924546814372e-11], "nuFnu3000_10000": 7.666739422138025e-13, "Sqrt_TS3000_10000": 4.856113433837891, "Flux10000_100000": 5.1546794610501934e-11, "Unc_Flux10000_100000": [-1.736684927811094e-11, 2.2382528122588674e-11], "nuFnu10000_100000": 8.581137102975367e-13, "Sqrt_TS10000_100000": 5.755697250366211, "Variability_Index": 42.99509048461914, "Signif_Peak": null, "Flux_Peak": null, "Unc_Flux_Peak": null, "Time_Peak": null, "Peak_Interval": null, "Flux_History": [0.0, 9.781657261953569e-09, 1.931452109360521e-09, 0.0, 9.652188381892302e-09, 1.0134745487277996e-08, 1.2608744270892203e-08, 0.0, 1.1337243144282638e-08, 7.662205092628938e-09, 1.0126432137269603e-08, 1.3804567267072798e-08, 0.0, 8.870785883630106e-09, 3.458876296491553e-09, 1.550826667084948e-08, 9.928244892876137e-10, 0.0, 2.0902104491682394e-09, 2.0165201064514804e-08, 5.3410031952694226e-09, 4.017392196686842e-09, 1.3212568816811654e-08, 4.152597377071743e-09, 1.876453659122035e-08, 7.694168857597106e-09, 0.0, 9.150672219959688e-09, 0.0, 2.6633065530745625e-08, 0.0, 0.0, 0.0, 0.0, 1.9910631365860354e-08, 3.089073885575999e-09, 2.3812212646134867e-08, 1.0959978702373974e-08, 1.2014561789897016e-08, 1.0255972071604447e-08, 0.0, 3.957167038493026e-09, 2.808609522730876e-08, 8.088963276975392e-09, 5.845696149364699e-10, 1.232130664163833e-08, 0.0, 7.999144457926377e-09], "Unc_Flux_History": [[null, 1.2379496538983403e-08], [-5.4939435223388955e-09, 7.580752914293498e-09], [null, 9.11731490305101e-09], [null, 1.065258015131576e-08], [-6.691502907330005e-09, 9.766011110912132e-09], [-8.780223659243802e-09, 1.0920116366719412e-08], [-8.620278713067364e-09, 1.10000017983225e-08], [null, 1.15974625458648e-08], [-9.013944257674211e-09, 1.089397194675712e-08], [null, 1.1419343692864459e-08], [-5.7090585592334264e-09, 7.784485944739572e-09], [-8.06533506647611e-09, 1.0510658121631877e-08], [null, 1.1168928892857366e-08], [-8.823307418026616e-09, 1.084797496275769e-08], [null, 1.0654222393213786e-08], [-1.0279337381291498e-08, 1.2625767986662595e-08], [null, 9.623945196324257e-09], [null, 1.0050036358677517e-08], [null, 1.1120471654635367e-08], [-8.935336026638652e-09, 1.0619571888526025e-08], [-4.413386545110143e-09, 7.545551738985523e-09], [null, 1.0365231339903858e-08], [-1.1800167953879281e-08, 1.3496656237066418e-08], [null, 8.339933188494797e-09], [-1.0845469411435715e-08, 1.2290250595015095e-08], [-6.8923364793249675e-09, 9.441965431733479e-09], [null, 9.238990905657829e-09], [-5.742311071088579e-09, 8.205762291879637e-09], [null, 1.4062184305885239e-08], [-1.2135640936605796e-08, 1.2697057627519825e-08], [null, 6.835394472659573e-09], [null, 1.1586258175100284e-08], [null, 6.071006808383572e-09], [null, 1.0314434639724368e-08], [-1.0645244685747457e-08, 1.2298625229334448e-08], [null, 1.0686064477738455e-08], [-1.116879833062967e-08, 1.2712166430617344e-08], [-8.677178975347033e-09, 1.0552756890547244e-08], [-7.1002124180097326e-09, 9.359229835581573e-09], [-7.768991672207903e-09, 9.962554337050733e-09], [null, 8.55486614881329e-09], [null, 1.2245016556278188e-08], [-1.0645983650192647e-08, 1.1610302941278405e-08], [-5.593512764079378e-09, 9.22080456433605e-09], [null, 1.130148774564077e-08], [-6.717174816373017e-09, 8.754507341279805e-09], [null, 4.83773598958237e-09], [-6.143869413222092e-09, 8.956329011766684e-09]], "Extended_Source_Name": "                  ", "0FGL_Name": "                 ", "1FGL_Name": "                  ", "2FGL_Name": "2FGL J0611.0+4321 ", "1FHL_Name": "                  ", "ASSOC_GAM1": "               ", "ASSOC_GAM2": "              ", "ASSOC_GAM3": "               ", "TEVCAT_FLAG": "N", "ASSOC_TEV": "                     ", "CLASS1": "bcu  ", "ASSOC1": "NVSS J061107+432404       ", "ASSOC2": "                          ", "Flags": 0, "source_id": 688}