{"Source_Name": "3FHL J0209.7+7233 ", "RAJ2000": 32.43635559082031, "DEJ2000": 72.56256866455078, "GLON": 128.7947998046875, "GLAT": 10.588178634643555, "Conf_95_SemiMajor": 0.05496842786669731, "Conf_95_SemiMinor": 0.05496842786669731, "Conf_95_PosAng": null, "ROI_num": 637, "Signif_Avg": 4.14762020111084, "Pivot_Energy": 13.786113739013672, "Flux_Density": 2.1775782132332777e-12, "Unc_Flux_Density": 8.20654742078597e-13, "Flux": 2.624999349831736e-11, "Unc_Flux": 9.875857943930644e-12, "Energy_Flux": 6.152251017660371e-13, "Unc_Energy_Flux": 2.5120465603489794e-13, "Signif_Curve": 0.820046067237854, "SpectrumType": "PowerLaw   ", "Spectral_Index": 3.7431623935699463, "Unc_Spectral_Index": 1.251943588256836, "beta": 0.9982553720474243, "Unc_beta": 0.11753398180007935, "PowerLaw_Index": 4.153024673461914, "Unc_PowerLaw_Index": 1.1038206815719604, "Flux_Band": [2.1498464466973566e-11, 4.013121432389077e-12, 2.187185067188719e-18, 5.538132886312441e-13, 4.4528138225354344e-17], "Unc_Flux_Band": [[-8.092688845440232e-12, 1.0080853686533775e-11], [-2.6841118303672085e-12, 4.4550097118289944e-12], [null, 4.644975376555394e-12], [null, 4.656607564823556e-12], [null, 3.660193242244203e-12]], "nuFnu": [6.354729568079642e-13, 1.8733933404135178e-13, 2.1842854372502027e-19, 1.5318760257683472e-13, 3.622818479794011e-17], "Sqrt_TS_Band": [4.504861354827881, 2.274822473526001, 0.0, 0.20578165352344513, 0.0], "Npred": 11.237382888793945, "HEP_Energy": 21.59779930114746, "HEP_Prob": 0.9405319094657898, "Variability_BayesBlocks": 1, "Extended_Source_Name": "                  ", "ASSOC_GAM": "                  ", "TEVCAT_FLAG": "N", "ASSOC_TEV": "                     ", "CLASS": "bll    ", "ASSOC1": "S5 0205+722               ", "ASSOC2": "                          ", "ASSOC_PROB_BAY": 0.9668790102005005, "ASSOC_PROB_LR": 0.9754580855369568, "Redshift": null, "NuPeak_obs": 2754226159616.0, "source_id": 131}