{"Source_Name": "3FGL J1628.2-2431c", "RAJ2000": 247.06919860839844, "DEJ2000": -24.527999877929688, "GLON": 353.25982666015625, "GLAT": 16.511863708496094, "Conf_68_SemiMajor": 0.06191942095756531, "Conf_68_SemiMinor": 0.05618385598063469, "Conf_68_PosAng": -22.139999389648438, "Conf_95_SemiMajor": 0.10040000081062317, "Conf_95_SemiMinor": 0.09109999984502792, "Conf_95_PosAng": -22.139999389648438, "ROI_num": 259, "Signif_Avg": 7.913426876068115, "Pivot_Energy": 1656.54296875, "Flux_Density": 7.62296367522175e-13, "Unc_Flux_Density": 1.0376714000863083e-13, "Flux1000": 1.8368392362688724e-09, "Unc_Flux1000": 2.5178231721767474e-10, "Energy_Flux100": 2.3640740406949412e-11, "Unc_Energy_Flux100": 3.4524436261229585e-12, "Signif_Curve": 1.808634638786316, "SpectrumType": "PowerLaw        ", "Spectral_Index": 2.3721182346343994, "Unc_Spectral_Index": 0.07643922418355942, "beta": null, "Unc_beta": null, "Cutoff": null, "Unc_Cutoff": null, "Exp_Index": null, "Unc_Exp_Index": null, "PowerLaw_Index": 2.3721182346343994, "Flux30_100": null, "Unc_Flux30_100": null, "nuFnu30_100": null, "Sqrt_TS30_100": null, "Flux100_300": 5.1510728127368566e-08, "Unc_Flux100_300": [-9.497034270111726e-09, 9.551435198318359e-09], "nuFnu100_300": 1.1937712970921943e-11, "Sqrt_TS100_300": 3.596216917037964, "Flux300_1000": 7.954451319847067e-09, "Unc_Flux300_1000": [-2.3035742202637266e-09, 2.3352728639736142e-09], "nuFnu300_1000": 5.230292327712549e-12, "Sqrt_TS300_1000": 3.499925374984741, "Flux1000_3000": 1.5966225008767765e-09, "Unc_Flux1000_3000": [-3.330244968680063e-10, 3.289951922003098e-10], "nuFnu1000_3000": 3.700204205536739e-12, "Sqrt_TS1000_3000": 5.379949569702148, "Flux3000_10000": 2.1987081599839087e-10, "Unc_Flux3000_10000": [-7.329666040778449e-11, 8.193946215984127e-11], "nuFnu3000_10000": 1.4457170269960296e-12, "Sqrt_TS3000_10000": 3.535493850708008, "Flux10000_100000": 5.970033495339422e-11, "Unc_Flux10000_100000": [-2.535320217655901e-11, 3.235583329042058e-11], "nuFnu10000_100000": 9.204093650433398e-13, "Sqrt_TS10000_100000": 3.273174524307251, "Variability_Index": 30.28428077697754, "Signif_Peak": null, "Flux_Peak": null, "Unc_Flux_Peak": null, "Time_Peak": null, "Peak_Interval": null, "Flux_History": [6.250625972370472e-08, 1.0372589898111073e-08, 2.1900092406212934e-08, 3.194773512404936e-08, 6.194021295868879e-08, 3.188506170204164e-08, 2.995767900415558e-08, 6.192464319099145e-09, 1.700680307692437e-08, 7.195229301260042e-08, 2.1996344301555837e-08, 0.0, 1.1249978371097313e-07, 6.481471359620627e-08, 0.0, 5.224643828682929e-08, 8.298187026412052e-08, 2.4163458789416836e-08, 2.8095209714251723e-08, 0.0, 1.797719306750878e-08, 5.202266706305636e-08, 3.951267046886642e-08, 3.978408713578574e-08, 4.0961488423363335e-08, 7.373579791192242e-08, 7.916970190535721e-08, 9.043154847176993e-08, 6.203617886058055e-08, 0.0, 1.9878457990785137e-08, 4.704083167439421e-08, 2.6754776172310812e-08, 4.4180996638942815e-08, 2.7728257023795777e-08, 7.325171935690378e-08, 7.349919428634166e-08, 1.6209741104944442e-08, 3.6697905159144284e-08, 4.362018657388944e-08, 0.0, 4.8505743421856096e-08, 6.747043101995587e-08, 1.0387039139914123e-07, 1.9368611603454156e-08, 1.5083349680367064e-08, 3.1001590627965925e-08, 6.011696029872837e-08], "Unc_Flux_History": [[-3.7221312254587247e-08, 4.00870874273096e-08], [null, 3.197332532067776e-08], [null, 3.0513273685528475e-08], [null, 3.716292695798984e-08], [-3.047271945888497e-08, 3.4585227126626705e-08], [-2.8861112610911732e-08, 3.1291140345501844e-08], [null, 4.256409624758817e-08], [null, 3.9072634905323866e-08], [null, 2.7209321018517585e-08], [-3.527553005255868e-08, 3.643808099695889e-08], [null, 3.790414737636638e-08], [null, 3.4709625396089905e-08], [-4.1628847924357615e-08, 4.2496694163673965e-08], [-3.945233117974567e-08, 4.268562037168522e-08], [null, 4.610517123637692e-08], [-4.147264576204179e-08, 4.933360031600387e-08], [-2.943388111020795e-08, 3.188783992413846e-08], [null, 4.3197360355407e-08], [-1.9491137592808627e-08, 2.6550186049689728e-08], [null, 4.981587053976e-08], [null, 4.2167251024238794e-08], [-3.419294358764091e-08, 3.8537528723736614e-08], [-2.9019329161883434e-08, 3.521353164614993e-08], [-2.1134669125899563e-08, 2.4774658768933477e-08], [-2.9444160887237558e-08, 3.5258896247114535e-08], [-4.115908680546454e-08, 4.2299046043581257e-08], [-3.6700921413057586e-08, 4.0120919919672815e-08], [-3.21315347662221e-08, 3.388126756931342e-08], [-4.9041158689533404e-08, 4.859307267679469e-08], [null, 2.4586507052504203e-08], [null, 3.377373047896981e-08], [-3.674285409260847e-08, 4.70443701772183e-08], [-2.4220781824624282e-08, 2.982622859803996e-08], [-2.9186816519199965e-08, 3.693403627380576e-08], [null, 3.767640777141423e-08], [-4.5256058456288883e-08, 4.638192052652812e-08], [-4.440353151835552e-08, 5.036537586988743e-08], [null, 2.9737158513398754e-08], [-3.328228359578134e-08, 4.3438877384005536e-08], [-2.99964213468229e-08, 3.401521553314524e-08], [null, 4.66162575207818e-08], [-2.6641203021426918e-08, 2.8897149562112645e-08], [-3.040207374738202e-08, 3.230943335097436e-08], [-3.6702104466712626e-08, 3.882257715304149e-08], [null, 3.352025856884211e-08], [null, 5.159427374223924e-08], [null, 3.5425795630317225e-08], [-4.5583600893905896e-08, 4.7148368764737825e-08]], "Extended_Source_Name": "                  ", "0FGL_Name": "                 ", "1FGL_Name": "                  ", "2FGL_Name": "                  ", "1FHL_Name": "                  ", "ASSOC_GAM1": "               ", "ASSOC_GAM2": "3EG J1627-2419", "ASSOC_GAM3": "               ", "TEVCAT_FLAG": "N", "ASSOC_TEV": "                     ", "CLASS1": "     ", "ASSOC1": "                          ", "ASSOC2": "                          ", "Flags": 48, "catalog_row_index": 2005}