{"Source_Name": "3FGL J2032.2+4126 ", "RAJ2000": 308.059814453125, "DEJ2000": 41.4468994140625, "GLON": 80.21859741210938, "GLAT": 1.0188266038894653, "Conf_68_SemiMajor": 0.00857250951230526, "Conf_68_SemiMinor": 0.008325818926095963, "Conf_68_PosAng": 16.6299991607666, "Conf_95_SemiMajor": 0.013899999670684338, "Conf_95_SemiMinor": 0.013500000350177288, "Conf_95_PosAng": 16.6299991607666, "ROI_num": 36, "Signif_Avg": 63.240177154541016, "Pivot_Energy": 1560.0213623046875, "Flux_Density": 1.1648938758046512e-11, "Unc_Flux_Density": 3.1108205204508077e-13, "Flux1000": 2.4586539026927312e-08, "Unc_Flux1000": 5.822798354593317e-10, "Energy_Flux100": 1.604557875456436e-10, "Unc_Energy_Flux100": 4.824610329301482e-12, "Signif_Curve": 15.524540901184082, "SpectrumType": "PLExpCutoff     ", "Spectral_Index": 1.4622384309768677, "Unc_Spectral_Index": 0.05523118004202843, "beta": null, "Unc_beta": null, "Cutoff": 4500.15283203125, "Unc_Cutoff": 407.8280029296875, "Exp_Index": 1.0, "Unc_Exp_Index": null, "PowerLaw_Index": 2.0844621658325195, "Flux30_100": null, "Unc_Flux30_100": null, "nuFnu30_100": null, "Sqrt_TS30_100": null, "Flux100_300": 5.618088039227587e-08, "Unc_Flux100_300": [-2.4442517343459258e-08, 2.46557618766019e-08], "nuFnu100_300": 1.4188471578191475e-11, "Sqrt_TS100_300": 2.3097050189971924, "Flux300_1000": 4.394119201833746e-08, "Unc_Flux300_1000": [-2.585163194623874e-09, 2.585163194623874e-09], "nuFnu300_1000": 3.170300133525927e-11, "Sqrt_TS300_1000": 18.736125946044922, "Flux1000_3000": 1.8856487926655063e-08, "Unc_Flux1000_3000": [-6.074340475059614e-10, 6.074340475059614e-10], "nuFnu1000_3000": 4.600288899814231e-11, "Sqrt_TS1000_3000": 42.72243881225586, "Flux3000_10000": 5.0755422087434e-09, "Unc_Flux3000_10000": [-2.2831243839949167e-10, 2.2831243839949167e-10], "nuFnu3000_10000": 3.22483463544021e-11, "Sqrt_TS3000_10000": 37.073020935058594, "Flux10000_100000": 3.071350673788942e-10, "Unc_Flux10000_100000": [-5.331202493352727e-11, 5.880551601222805e-11], "nuFnu10000_100000": 2.8456859264835987e-12, "Sqrt_TS10000_100000": 9.68127727508545, "Variability_Index": 38.32027816772461, "Signif_Peak": null, "Flux_Peak": null, "Unc_Flux_Peak": null, "Time_Peak": null, "Peak_Interval": null, "Flux_History": [1.2859666753683996e-07, 1.8267130030835688e-07, 1.3836503853781323e-07, 1.5681831655456335e-07, 2.057026762258829e-07, 1.688470234739725e-07, 1.1684025480462878e-07, 1.426725759756664e-07, 1.3439169777029747e-07, 1.1910537267567634e-07, 1.701345127003151e-07, 1.765068589065777e-07, 1.4498887423997076e-07, 1.1838739766290018e-07, 1.5926721630421525e-07, 1.37596970262166e-07, 1.301986856105941e-07, 1.382234842139951e-07, 1.3022273037677223e-07, 1.6886269804672338e-07, 1.5920998919227713e-07, 1.251538321866974e-07, 1.5309845480260265e-07, 1.1822984191667274e-07, 1.4399019221400522e-07, 1.3254870623313764e-07, 1.6210152864459815e-07, 1.667301461338866e-07, 1.579602155743487e-07, 1.5885633786183462e-07, 1.4488765032183437e-07, 1.6335884822638036e-07, 1.6034877603487985e-07, 2.0839436842834402e-07, 1.6240811362422392e-07, 1.466413692696733e-07, 1.4825924665728962e-07, 1.5781449747009901e-07, 1.5679681553137925e-07, 1.2754323108765675e-07, 1.429268365882308e-07, 1.5727961510947353e-07, 1.6347540565675445e-07, 1.4011951066095207e-07, 1.5884204174199112e-07, 1.7569895760516374e-07, 1.43474906622032e-07, 1.553019188804683e-07], "Unc_Flux_History": [[-2.132554399736364e-08, 2.2507295582840925e-08], [-2.4323693281758096e-08, 2.5636916589633074e-08], [-2.1962458518487438e-08, 2.3084966827013886e-08], [-2.3884371813664984e-08, 2.4714836399652995e-08], [-2.5465340058872243e-08, 2.6613479420234398e-08], [-2.257407238914766e-08, 2.3821996819606284e-08], [-2.126438225502625e-08, 2.258440723323929e-08], [-2.266147802743035e-08, 2.442233792976367e-08], [-2.193327652832977e-08, 2.3308016849910018e-08], [-2.0623158292210064e-08, 2.2244792674541713e-08], [-2.5645626067216654e-08, 2.718024560977028e-08], [-2.458743786348805e-08, 2.5883034382445658e-08], [-2.258254028220108e-08, 2.3957998251944446e-08], [-2.0367339814697516e-08, 2.173435831309689e-08], [-2.330863679844697e-08, 2.4663842523864332e-08], [-2.0932576560994676e-08, 2.2265961518996846e-08], [-2.1861133348011208e-08, 2.326017956022497e-08], [-2.2093939122669326e-08, 2.3525370096422193e-08], [-2.2651747144664114e-08, 2.3992750897150472e-08], [-2.2707897784357556e-08, 2.402433274539817e-08], [-2.182268588057923e-08, 2.26613856568747e-08], [-2.227566575641049e-08, 2.4211571414411992e-08], [-2.1897385238389688e-08, 2.2859250492501815e-08], [-2.241952579140616e-08, 2.4045396784799777e-08], [-2.1147538831201018e-08, 2.2279539990677222e-08], [-2.462682857640175e-08, 2.648113905934224e-08], [-2.317511160754293e-08, 2.4204162230034854e-08], [-2.2918197117860473e-08, 2.4194468650762246e-08], [-2.3279453031932462e-08, 2.460132009218796e-08], [-2.3264227877461963e-08, 2.4340344850770634e-08], [-2.517378483446464e-08, 2.672006615966893e-08], [-2.168347279507543e-08, 2.2892004736263516e-08], [-2.3982344998785265e-08, 2.5529070413199406e-08], [-2.4096051376432115e-08, 2.5123471303345468e-08], [-2.21807940903318e-08, 2.3505334567630598e-08], [-2.3663510262394993e-08, 2.5186128738141633e-08], [-2.1326027166423955e-08, 2.2504844210402553e-08], [-2.5177410378773857e-08, 2.7038311145588523e-08], [-2.248290087436544e-08, 2.3363236678619614e-08], [-2.148319389050357e-08, 2.2918005271321817e-08], [-2.184916425562733e-08, 2.324113523854976e-08], [-2.231482199022139e-08, 2.3592651388071317e-08], [-2.305255186740851e-08, 2.4488988614734808e-08], [-2.1184723308920184e-08, 2.2166219082464522e-08], [-2.2276392286357805e-08, 2.3526997239287084e-08], [-2.335182003321279e-08, 2.4241705531835578e-08], [-2.1489897861215468e-08, 2.2724931270090565e-08], [-2.3752331657078685e-08, 2.5168349182536076e-08]], "Extended_Source_Name": "                  ", "0FGL_Name": "0FGL J2032.2+4122", "1FGL_Name": "1FGL J2032.2+4127 ", "2FGL_Name": "2FGL J2032.2+4126 ", "1FHL_Name": "1FHL J2032.1+4125 ", "ASSOC_GAM1": "1AGL J2032+4102", "ASSOC_GAM2": "              ", "ASSOC_GAM3": "               ", "TEVCAT_FLAG": "E", "ASSOC_TEV": "TeV J2032+4130       ", "CLASS1": "PSR  ", "ASSOC1": "LAT PSR J2032+4127        ", "ASSOC2": "                          ", "Flags": 0, "source_id": 2648}