{"Source_Name": "3FGL J0850.2-1214 ", "RAJ2000": 132.55679321289062, "DEJ2000": -12.234000205993652, "GLON": 238.67645263671875, "GLAT": 19.528839111328125, "Conf_68_SemiMajor": 0.01825512759387493, "Conf_68_SemiMinor": 0.016713310033082962, "Conf_68_PosAng": 81.19999694824219, "Conf_95_SemiMajor": 0.029600000008940697, "Conf_95_SemiMinor": 0.02710000053048134, "Conf_95_PosAng": 81.19999694824219, "ROI_num": 607, "Signif_Avg": 40.35524368286133, "Pivot_Energy": 591.8488159179688, "Flux_Density": 1.4329878429697462e-11, "Unc_Flux_Density": 6.314086623340764e-13, "Flux1000": 3.525372660462267e-09, "Unc_Flux1000": 1.7419042597222045e-10, "Energy_Flux100": 3.2845573483264445e-11, "Unc_Energy_Flux100": 1.6116539526545015e-12, "Signif_Curve": 4.149410724639893, "SpectrumType": "LogParabola     ", "Spectral_Index": 2.075629949569702, "Unc_Spectral_Index": 0.04780540242791176, "beta": 0.1047305315732956, "Unc_beta": 0.024777736514806747, "Cutoff": null, "Unc_Cutoff": null, "Exp_Index": null, "Unc_Exp_Index": null, "PowerLaw_Index": 2.2104220390319824, "Flux30_100": null, "Unc_Flux30_100": null, "nuFnu30_100": null, "Sqrt_TS30_100": null, "Flux100_300": 3.1558595736669304e-08, "Unc_Flux100_300": [-3.1624221019654897e-09, 3.1917919418589236e-09], "nuFnu100_300": 7.721276742977956e-12, "Sqrt_TS100_300": 10.807293891906738, "Flux300_1000": 1.1336868332989525e-08, "Unc_Flux300_1000": [-6.707955302331925e-10, 6.707955302331925e-10], "nuFnu300_1000": 7.72922611330662e-12, "Sqrt_TS300_1000": 22.000534057617188, "Flux1000_3000": 2.9587907679484715e-09, "Unc_Flux1000_3000": [-1.9468207601569532e-10, 1.9468207601569532e-10], "nuFnu1000_3000": 6.904369003607469e-12, "Sqrt_TS1000_3000": 26.402462005615234, "Flux3000_10000": 6.328311763503791e-10, "Unc_Flux3000_10000": [-7.426369935670252e-11, 7.975237137358704e-11], "nuFnu3000_10000": 4.0823043730153774e-12, "Sqrt_TS3000_10000": 17.403470993041992, "Flux10000_100000": 7.94429452777301e-11, "Unc_Flux10000_100000": [-2.359206927038393e-11, 2.8969030299585974e-11], "nuFnu10000_100000": 1.0302201799983202e-12, "Sqrt_TS10000_100000": 7.270672798156738, "Variability_Index": 912.3414916992188, "Signif_Peak": 19.862478256225586, "Flux_Peak": 2.386248070251895e-07, "Unc_Flux_Peak": 2.115582375949998e-08, "Time_Peak": 295875008.0, "Peak_Interval": 2630000.0, "Flux_History": [1.1716694281460605e-08, 1.5539413311671524e-08, 8.257896588759195e-09, 7.234168464265167e-08, 7.146043401462521e-08, 3.0456639876774716e-08, 2.4664517539463304e-08, 2.9217527952596356e-08, 7.673525459495067e-08, 2.560509138049838e-08, 3.554265148864033e-08, 1.1234296160012036e-08, 1.9005024221030453e-09, 1.6636111155321487e-08, 0.0, 7.359472586898619e-09, 3.466118769779314e-08, 4.34816342931299e-08, 8.685550767495442e-08, 1.2596474618931097e-07, 2.2120637765965512e-07, 2.386248070251895e-07, 9.991552474275522e-08, 1.4401686598830565e-07, 1.8207322227681288e-07, 1.1853692427621354e-07, 6.730599722004627e-08, 2.357395700869347e-08, 0.0, 5.381061285447686e-08, 1.0353089940906557e-08, 0.0, 2.722165604041038e-08, 0.0, 0.0, 3.775420154283893e-08, 3.024029737730416e-08, 1.1062268878703208e-09, 0.0, 2.5905637635048606e-09, 4.149563359590047e-09, 5.393965718525351e-09, 0.0, 0.0, 1.5260855690257813e-08, 1.6424195337094716e-08, 5.580081463563147e-08, 1.8160861259275407e-08], "Unc_Flux_History": [[-8.838118681353535e-09, 1.0311382858674278e-08], [-6.920274575605845e-09, 8.318298938547741e-09], [-6.155864262780142e-09, 7.916186817169546e-09], [-1.1469884597659075e-08, 1.2251226699788731e-08], [-1.1880796790819659e-08, 1.2745918098744369e-08], [-9.04110919464074e-09, 1.0179893372708193e-08], [-8.668226136876456e-09, 9.688466917623373e-09], [-1.0578228959445823e-08, 1.195534249376351e-08], [-1.120845549706928e-08, 1.192311938069679e-08], [-1.1132953225967412e-08, 1.2319158138041075e-08], [-8.803379358823804e-09, 9.745248163994802e-09], [-7.705699189841653e-09, 9.806019107827524e-09], [null, 9.971130587871357e-09], [-8.726483535781426e-09, 1.0142668038781721e-08], [null, 1.1313495029696696e-08], [-7.056520257009424e-09, 9.038750192758016e-09], [-1.3273142585035203e-08, 1.497747526002513e-08], [-1.0881830547759819e-08, 1.200048060923109e-08], [-1.4528399816526871e-08, 1.5362795480200475e-08], [-1.593678256028852e-08, 1.6822449211417734e-08], [-1.8248867306169814e-08, 1.8248867306169814e-08], [-2.115582375949998e-08, 2.115582375949998e-08], [-1.3600678805403277e-08, 1.446963882045793e-08], [-1.916343350671923e-08, 2.0432590730479205e-08], [-1.8223264675043538e-08, 1.8223264675043538e-08], [-1.650347059012347e-08, 1.756982115352912e-08], [-1.4227279798717518e-08, 1.495011225927101e-08], [-9.1743919128362e-09, 1.069398702924218e-08], [null, 9.194190297989735e-09], [-1.0466955302490533e-08, 1.148278361284838e-08], [-6.8623657867306065e-09, 9.126776667756076e-09], [null, 8.453439725997214e-09], [-1.0795742966251964e-08, 1.2646792058035317e-08], [null, 8.07294231464084e-09], [null, 6.949576025760962e-09], [-1.2630587242767888e-08, 1.4453275909431795e-08], [-9.634073983022517e-09, 1.077525801918e-08], [null, 1.2248407621484603e-08], [null, 8.391003447627554e-09], [null, 9.268795508887706e-09], [null, 8.0624582565747e-09], [-5.393965718525351e-09, 7.055019679569341e-09], [null, 9.81263337251903e-09], [null, 6.50912834743167e-09], [-1.0143232032078231e-08, 1.2369937074652171e-08], [-7.3864883098906375e-09, 8.77365557983012e-09], [-1.326787568700638e-08, 1.468810317817315e-08], [-8.982667054624471e-09, 1.1065120375519655e-08]], "Extended_Source_Name": "                  ", "0FGL_Name": "                 ", "1FGL_Name": "1FGL J0850.0-1213 ", "2FGL_Name": "2FGL J0850.2-1212 ", "1FHL_Name": "1FHL J0850.2-1211 ", "ASSOC_GAM1": "               ", "ASSOC_GAM2": "3EG J0852-1216", "ASSOC_GAM3": "EGR J0852-1224 ", "TEVCAT_FLAG": "N", "ASSOC_TEV": "                     ", "CLASS1": "fsrq ", "ASSOC1": "PMN J0850-1213            ", "ASSOC2": "                          ", "Flags": 0, "catalog_row_index": 995}