{"Source_Name": "3FHL J0540.2+0654 ", "RAJ2000": 85.0667724609375, "DEJ2000": 6.912717342376709, "GLON": 198.37608337402344, "GLAT": -12.421363830566406, "Conf_95_SemiMajor": 0.06511421501636505, "Conf_95_SemiMinor": 0.06511421501636505, "Conf_95_PosAng": null, "ROI_num": 266, "Signif_Avg": 5.515659332275391, "Pivot_Energy": 18.92754364013672, "Flux_Density": 1.4669302014422292e-12, "Unc_Flux_Density": 4.674854795806704e-13, "Flux": 4.8421815168619986e-11, "Unc_Flux": 1.550833593488843e-11, "Energy_Flux": 1.7692863233526035e-12, "Unc_Energy_Flux": 7.727918240225951e-13, "Signif_Curve": 0.22306589782238007, "SpectrumType": "PowerLaw   ", "Spectral_Index": 2.815185308456421, "Unc_Spectral_Index": 0.7324190735816956, "beta": -0.0897466242313385, "Unc_beta": 0.36990851163864136, "PowerLaw_Index": 2.734633207321167, "Unc_PowerLaw_Index": 0.5321763157844543, "Flux_Band": [3.753541227835555e-11, 7.522517331270961e-12, 4.131632536097385e-12, 1.984019356396146e-20, 7.369810575814812e-23], "Unc_Flux_Band": [[-1.2444872389549833e-11, 1.5644763262656625e-11], [-4.542850904482032e-12, 7.1030590263754245e-12], [-2.8887445820829916e-12, 5.523196049822543e-12], [null, 5.269484935205293e-12], [null, 5.883997716144007e-12]], "nuFnu": [1.168473412645199e-12, 3.8226483068358463e-13, 4.627512023742952e-13, 6.2651717804339016e-21, 7.060553750685381e-23], "Sqrt_TS_Band": [5.307860374450684, 2.4259262084960938, 2.6981041431427, 0.0, 0.0], "Npred": 13.486197471618652, "HEP_Energy": 97.48570251464844, "HEP_Prob": 0.9814568161964417, "Variability_BayesBlocks": 2, "Extended_Source_Name": "                  ", "ASSOC_GAM": "EGR J0540+0657    ", "TEVCAT_FLAG": "N", "ASSOC_TEV": "                     ", "CLASS": "       ", "ASSOC1": "                          ", "ASSOC2": "                          ", "ASSOC_PROB_BAY": 0.0, "ASSOC_PROB_LR": 0.0, "Redshift": null, "NuPeak_obs": null, "catalog_row_index": 361}