{"Source_Name": "3FGL J0420.4+1448 ", "RAJ2000": 65.11370086669922, "DEJ2000": 14.809499740600586, "GLON": 179.88511657714844, "GLAT": -24.214893341064453, "Conf_68_SemiMajor": 0.15590865910053253, "Conf_68_SemiMinor": 0.1145879328250885, "Conf_68_PosAng": -40.31999969482422, "Conf_95_SemiMajor": 0.25279998779296875, "Conf_95_SemiMinor": 0.1858000010251999, "Conf_95_PosAng": -40.31999969482422, "ROI_num": 510, "Signif_Avg": 4.430331230163574, "Pivot_Energy": 301.37103271484375, "Flux_Density": 1.5685364465611862e-11, "Unc_Flux_Density": 3.0963185574522933e-12, "Flux1000": 2.7019567139241474e-10, "Unc_Flux1000": 9.735189043791337e-11, "Energy_Flux100": 6.835575074720657e-12, "Unc_Energy_Flux100": 1.3495444995889616e-12, "Signif_Curve": 2.2565767765045166, "SpectrumType": "PowerLaw        ", "Spectral_Index": 2.866267681121826, "Unc_Spectral_Index": 0.17394116520881653, "beta": null, "Unc_beta": null, "Cutoff": null, "Unc_Cutoff": null, "Exp_Index": null, "Unc_Exp_Index": null, "PowerLaw_Index": 2.866267681121826, "Flux30_100": null, "Unc_Flux30_100": null, "nuFnu30_100": null, "Sqrt_TS30_100": null, "Flux100_300": 1.4765775269154346e-08, "Unc_Flux100_300": [-4.444995482799641e-09, 4.483870608140705e-09], "nuFnu100_300": 3.26829210396673e-12, "Sqrt_TS100_300": 3.3593523502349854, "Flux300_1000": 3.848940277606516e-09, "Unc_Flux300_1000": [-8.547515473189549e-10, 8.69167182671049e-10], "nuFnu300_1000": 2.3968674267571544e-12, "Sqrt_TS300_1000": 4.6834893226623535, "Flux1000_3000": 8.854510874511945e-11, "Unc_Flux1000_3000": [null, 1.3933207365646183e-10], "nuFnu1000_3000": 1.9598785214094278e-13, "Sqrt_TS1000_3000": 0.6221495270729065, "Flux3000_10000": 5.891170255616085e-13, "Unc_Flux3000_10000": [null, 3.7572622096915254e-11], "nuFnu3000_10000": 3.668634372796988e-15, "Sqrt_TS3000_10000": 0.0, "Flux10000_100000": 2.65564892125425e-12, "Unc_Flux10000_100000": [null, 1.954308416485251e-11], "nuFnu10000_100000": 3.485930213107183e-14, "Sqrt_TS10000_100000": 0.2952203154563904, "Variability_Index": 46.46779251098633, "Signif_Peak": null, "Flux_Peak": null, "Unc_Flux_Peak": null, "Time_Peak": null, "Peak_Interval": null, "Flux_History": [2.161505463504909e-08, 1.584846209823354e-08, 0.0, 3.679556925817451e-08, 2.271025678624028e-08, 2.7043448369568068e-08, 3.9098853932273414e-08, 2.741432858499593e-08, 0.0, 2.935349030508405e-08, 5.068433139854278e-08, 8.39581382194865e-09, 3.082875510429517e-09, 5.3276131950497074e-08, 7.763948417505162e-08, 0.0, 0.0, 0.0, 0.0, 0.0, 1.786350978250084e-08, 4.2829636726082754e-08, 1.5601694158817736e-08, 1.2518458269994426e-08, 0.0, 3.3310548985809874e-08, 5.6223978361913396e-08, 1.245127290161463e-08, 5.5115542352268676e-08, 4.106136941572913e-08, 1.620204947982984e-08, 4.4241296848213096e-08, 0.0, 5.1148617785656825e-08, 5.216758580672831e-08, 5.5944774146610143e-08, 2.660900655371279e-08, 3.4397886761183827e-09, 0.0, 3.4874890531000347e-08, 0.0, 4.388574126323874e-08, 0.0, 3.962809103086329e-08, 0.0, 7.135843560490684e-08, 0.0, 6.728448909143481e-08], "Unc_Flux_History": [[null, 2.5808317261066804e-08], [null, 2.0299454561722996e-08], [null, 2.2037868419033657e-08], [-2.2456502435375114e-08, 2.3707929841521036e-08], [null, 2.3707899643454766e-08], [-2.2088110895879254e-08, 2.3191011777612403e-08], [-2.3276726324183983e-08, 2.4570653067712556e-08], [-2.6275483122617516e-08, 2.7905608490641498e-08], [null, 2.1397115190779914e-08], [-2.5534129477478018e-08, 2.68340709652648e-08], [-2.400170373562105e-08, 2.504059182228957e-08], [null, 2.2945402022855887e-08], [null, 2.419843170287095e-08], [-2.6489869853207892e-08, 2.8916639749354545e-08], [-2.9061558493026496e-08, 3.1282993973036355e-08], [null, 1.6506332300991744e-08], [null, 2.806338272876019e-08], [null, 2.49844127608867e-08], [null, 2.458144798822559e-08], [null, 2.2005862021501343e-08], [null, 2.7197236462939145e-08], [-2.6288780929917266e-08, 2.6890633719744983e-08], [null, 2.8229493409526185e-08], [null, 2.7441142691486675e-08], [null, 2.798187459518431e-08], [-2.484212124898022e-08, 2.600354243043057e-08], [-3.1092188379489016e-08, 3.204195309081115e-08], [null, 2.726451242551775e-08], [-2.7951589487429374e-08, 3.2422857287883744e-08], [-2.6630187832665797e-08, 2.8399139040402588e-08], [null, 2.3409466365365006e-08], [-3.167539475157355e-08, 3.360419142950377e-08], [null, 2.5399851111274074e-08], [-3.053363784033536e-08, 3.3201789761960754e-08], [-2.825471234757515e-08, 2.935553844451988e-08], [-2.7630040477788498e-08, 2.9041677507279928e-08], [-2.5117667945551148e-08, 2.7415966386001855e-08], [null, 2.801693987919407e-08], [null, 2.041445235079209e-08], [-2.7053237872110003e-08, 2.8918435646119178e-08], [null, 3.01611571273952e-08], [-2.80350924697359e-08, 3.0184306609726264e-08], [null, 2.01790779641442e-08], [-2.8618119429779654e-08, 2.9767669218472292e-08], [null, 2.419997180425071e-08], [-3.492712963293343e-08, 3.6204493625291434e-08], [null, 1.9538022755227757e-08], [-2.6662918983788586e-08, 2.696400436263957e-08]], "Extended_Source_Name": "                  ", "0FGL_Name": "                 ", "1FGL_Name": "                  ", "2FGL_Name": "                  ", "1FHL_Name": "                  ", "ASSOC_GAM1": "               ", "ASSOC_GAM2": "              ", "ASSOC_GAM3": "               ", "TEVCAT_FLAG": "N", "ASSOC_TEV": "                     ", "CLASS1": "     ", "ASSOC1": "                          ", "ASSOC2": "                          ", "Flags": 0, "source_id": 481}