{"Source_Name": "3FGL J0627.9-1517 ", "RAJ2000": 96.98529815673828, "DEJ2000": -15.297800064086914, "GLON": 224.1214599609375, "GLAT": -12.014472007751465, "Conf_68_SemiMajor": 0.06518807262182236, "Conf_68_SemiMinor": 0.056800585240125656, "Conf_68_PosAng": -17.479999542236328, "Conf_95_SemiMajor": 0.10570000112056732, "Conf_95_SemiMinor": 0.09210000187158585, "Conf_95_PosAng": -17.479999542236328, "ROI_num": 650, "Signif_Avg": 4.4839324951171875, "Pivot_Energy": 576.2265625, "Flux_Density": 2.0705826376393732e-12, "Unc_Flux_Density": 4.4044610081513114e-13, "Flux1000": 2.677659760585982e-10, "Unc_Flux1000": 7.868294904511686e-11, "Energy_Flux100": 5.369502585617081e-12, "Unc_Energy_Flux100": 1.2103755497872015e-12, "Signif_Curve": 1.8570959568023682, "SpectrumType": "PowerLaw        ", "Spectral_Index": 2.723457098007202, "Unc_Spectral_Index": 0.17963390052318573, "beta": null, "Unc_beta": null, "Cutoff": null, "Unc_Cutoff": null, "Exp_Index": null, "Unc_Exp_Index": null, "PowerLaw_Index": 2.723457098007202, "Flux30_100": null, "Unc_Flux30_100": null, "nuFnu30_100": null, "Sqrt_TS30_100": null, "Flux100_300": 1.0583632636951279e-08, "Unc_Flux100_300": [-4.023790189933152e-09, 4.054831581612461e-09], "nuFnu100_300": 2.3732084006300447e-12, "Sqrt_TS100_300": 2.6587717533111572, "Flux300_1000": 2.5927264779568304e-09, "Unc_Flux300_1000": [-7.173396876503091e-10, 7.370211663193516e-10], "nuFnu300_1000": 1.639453872138985e-12, "Sqrt_TS300_1000": 3.7460811138153076, "Flux1000_3000": 3.143101404146087e-11, "Unc_Flux1000_3000": [null, 1.0117910675955244e-10], "nuFnu1000_3000": 7.047897557449848e-14, "Sqrt_TS1000_3000": 0.37595346570014954, "Flux3000_10000": 1.3742354476597995e-11, "Unc_Flux3000_10000": [null, 3.757471070398033e-11], "nuFnu3000_10000": 8.689676446937619e-14, "Sqrt_TS3000_10000": 0.5700349807739258, "Flux10000_100000": 3.238127474491925e-11, "Unc_Flux10000_100000": [-1.5020939353460605e-11, 2.0844536166575445e-11], "nuFnu10000_100000": 4.435788487824194e-13, "Sqrt_TS10000_100000": 4.261888027191162, "Variability_Index": 52.66004943847656, "Signif_Peak": null, "Flux_Peak": null, "Unc_Flux_Peak": null, "Time_Peak": null, "Peak_Interval": null, "Flux_History": [2.7338984409652767e-08, 2.1849825060371586e-08, 3.078210042417595e-08, 5.802663238796413e-09, 3.353978073050712e-08, 0.0, 1.4309872398143852e-08, 3.614384169736695e-08, 1.7743067459718986e-08, 0.0, 0.0, 0.0, 1.4212330867735545e-08, 0.0, 0.0, 0.0, 1.54299595322982e-08, 2.5153486404860814e-08, 3.427201988870365e-08, 2.509251117999156e-08, 4.874546988276052e-08, 0.0, 3.2185312193178106e-08, 0.0, 3.3234041296736905e-08, 2.8572335608600952e-08, 0.0, 3.938989578955443e-08, 4.988211443901491e-08, 3.322353592238869e-08, 5.044274686838435e-08, 4.417695365077634e-08, 0.0, 0.0, 0.0, 0.0, 7.978300686772855e-09, 1.7538321017696035e-08, 1.4438135131911167e-08, 7.386854861124448e-08, 2.346478034098709e-08, 0.0, 4.106573570084038e-08, 0.0, 2.6762227989252096e-08, 0.0, 5.613519959979385e-08, 0.0], "Unc_Flux_History": [[-2.270450671915114e-08, 2.452307334976922e-08], [-1.9839308862401595e-08, 1.918454906046918e-08], [-1.6828925808454187e-08, 2.1526014748474154e-08], [null, 1.5862832825064288e-08], [-2.122616926669707e-08, 2.257442766051554e-08], [null, 1.45065168766223e-08], [null, 2.061594805979894e-08], [-2.5089837762948264e-08, 2.496110163008325e-08], [-1.54588590817184e-08, 1.8525373235434017e-08], [null, 1.5469218794805784e-08], [null, 1.8363611076210873e-08], [null, 2.0510668718998204e-08], [null, 2.176483704374732e-08], [null, 1.6664262858512302e-08], [null, 2.638393326037658e-08], [null, 2.1601415767236176e-08], [null, 3.058828212942899e-08], [-2.0541326861689413e-08, 2.0423501112531994e-08], [-2.180675018337297e-08, 2.351133865374777e-08], [-1.7833492904628656e-08, 1.925163850557965e-08], [-2.2701641455569188e-08, 2.425526446359072e-08], [null, 1.516738556972541e-08], [-2.088259698496131e-08, 2.2538017674378352e-08], [null, 1.8053919248472994e-08], [-2.0247684417995515e-08, 2.2431949631140924e-08], [-2.465957926744977e-08, 2.5795273472795088e-08], [null, 1.6427307514277345e-08], [-2.3400110293891885e-08, 2.5013335402945813e-08], [-2.7773342736736595e-08, 3.125125047631627e-08], [-1.980602704065859e-08, 2.1991175103153182e-08], [-2.670774890134453e-08, 2.868163129221557e-08], [-2.2364336160762832e-08, 2.4573253654125438e-08], [null, 2.1049009646390004e-08], [null, 1.8254935341133205e-08], [null, 2.0234150355236125e-08], [null, 2.2607753891179527e-08], [null, 1.963278961625292e-08], [null, 2.6880881520696676e-08], [null, 2.019243261486281e-08], [-2.8148329889177148e-08, 3.3478510630402525e-08], [-1.9390361316595772e-08, 2.1277459794077913e-08], [null, 1.397086890619903e-08], [-2.0498500674648312e-08, 2.5370843204086668e-08], [null, 1.5225927185724686e-08], [-2.5830152239336712e-08, 3.145487426081672e-08], [null, 2.038888879951628e-08], [-2.6307480638365632e-08, 2.920247332838244e-08], [null, 1.541049954312257e-08]], "Extended_Source_Name": "                  ", "0FGL_Name": "                 ", "1FGL_Name": "                  ", "2FGL_Name": "                  ", "1FHL_Name": "                  ", "ASSOC_GAM1": "               ", "ASSOC_GAM2": "              ", "ASSOC_GAM3": "               ", "TEVCAT_FLAG": "N", "ASSOC_TEV": "                     ", "CLASS1": "bcu  ", "ASSOC1": "NVSS J062753-152003       ", "ASSOC2": "                          ", "Flags": 0, "catalog_row_index": 714}