{"Source_Name": "3FGL J1031.2+5053 ", "RAJ2000": 157.81700134277344, "DEJ2000": 50.887298583984375, "GLON": 161.4530029296875, "GLAT": 54.436790466308594, "Conf_68_SemiMajor": 0.018008437007665634, "Conf_68_SemiMinor": 0.016034910455346107, "Conf_68_PosAng": 74.33000183105469, "Conf_95_SemiMajor": 0.029200000688433647, "Conf_95_SemiMinor": 0.026000000536441803, "Conf_95_PosAng": 74.33000183105469, "ROI_num": 332, "Signif_Avg": 18.9465274810791, "Pivot_Energy": 3656.9326171875, "Flux_Density": 6.762202831109981e-14, "Unc_Flux_Density": 6.697351024052877e-15, "Flux1000": 8.410559471094814e-10, "Unc_Flux1000": 8.33767707653088e-11, "Energy_Flux100": 1.13326726475238e-11, "Unc_Energy_Flux100": 1.3478625767587848e-12, "Signif_Curve": 0.32397252321243286, "SpectrumType": "PowerLaw        ", "Spectral_Index": 1.705210566520691, "Unc_Spectral_Index": 0.06910069286823273, "beta": null, "Unc_beta": null, "Cutoff": null, "Unc_Cutoff": null, "Exp_Index": null, "Unc_Exp_Index": null, "PowerLaw_Index": 1.705210566520691, "Flux30_100": null, "Unc_Flux30_100": null, "nuFnu30_100": null, "Sqrt_TS30_100": null, "Flux100_300": 1.378360869885853e-09, "Unc_Flux100_300": [null, 1.5392570551497897e-09], "nuFnu100_300": 3.4105793818468844e-13, "Sqrt_TS100_300": 0.7970728874206543, "Flux300_1000": 1.5985731627310429e-09, "Unc_Flux300_1000": [-3.044623997361384e-10, 3.174465412758565e-10], "nuFnu300_1000": 1.136701193241163e-12, "Sqrt_TS300_1000": 5.9385457038879395, "Flux1000_3000": 4.128045127949065e-10, "Unc_Flux1000_3000": [-7.552701519752958e-11, 8.274420731924081e-11], "nuFnu1000_3000": 1.0214325045498907e-12, "Sqrt_TS1000_3000": 7.615990161895752, "Flux3000_10000": 2.2424276324706227e-10, "Unc_Flux3000_10000": [-3.943423018681891e-11, 4.398557906792888e-11], "nuFnu3000_10000": 1.5945284372390067e-12, "Sqrt_TS3000_10000": 10.820155143737793, "Flux10000_100000": 1.4114330537662312e-10, "Unc_Flux10000_100000": [-2.924554695638015e-11, 3.3320787101720484e-11], "nuFnu10000_100000": 2.8424814585426006e-12, "Sqrt_TS10000_100000": 11.498163223266602, "Variability_Index": 47.48015213012695, "Signif_Peak": null, "Flux_Peak": null, "Unc_Flux_Peak": null, "Time_Peak": null, "Peak_Interval": null, "Flux_History": [1.2973252694337134e-08, 6.816005093668309e-09, 6.129446394886884e-10, 9.464852013252312e-09, 4.771889994259482e-09, 6.103814786939665e-09, 8.743617385675861e-09, 2.9641669119229164e-09, 3.2476639155731846e-09, 4.688876842351419e-09, 5.950144377209199e-09, 0.0, 5.657923907165241e-09, 0.0, 6.4321361570307545e-09, 5.461241237014747e-09, 7.527069634249983e-09, 2.7221376264208175e-09, 8.848614285739131e-09, 1.9440944409865324e-09, 6.0126814638294945e-09, 8.105004667413596e-09, 1.4803920311834418e-09, 3.54417095671522e-09, 1.3115452057732568e-09, 0.0, 3.3964984158529887e-09, 2.218491390593158e-09, 2.098913709502881e-09, 2.972028401160287e-09, 4.921663077084304e-09, 2.5298947381457992e-09, 7.880464281129207e-09, 7.448750949379246e-09, 0.0, 2.227338091742581e-09, 0.0, 4.6827275390626255e-09, 8.092111869473229e-09, 2.582430047581852e-09, 5.291531213202916e-09, 2.628000261850616e-09, 4.126858854647253e-09, 4.618706750392221e-09, 2.5158728433893884e-09, 3.888950050878748e-09, 7.101097043715754e-09, 4.972731559860222e-09], "Unc_Flux_History": [[-4.817768850529092e-09, 5.349870768611709e-09], [-3.130533610118391e-09, 4.0185161864769725e-09], [null, 4.816521403938623e-09], [-3.4504938906110283e-09, 4.212931337121972e-09], [-2.348331751278465e-09, 3.213165733484402e-09], [-3.2375313541166406e-09, 4.285320542862792e-09], [-3.2856222187405137e-09, 4.063172465151865e-09], [-2.008204713632722e-09, 3.353414212980965e-09], [-2.3646089530870995e-09, 3.868622755476281e-09], [-2.314108238365975e-09, 3.237482282258952e-09], [-2.659744868793723e-09, 3.526705816270237e-09], [null, 3.874980780693704e-09], [-2.8598960977177512e-09, 3.80328835092314e-09], [null, 4.1180339138691124e-09], [-3.031824791221993e-09, 3.849992324944651e-09], [-2.7832409710271122e-09, 3.773291012976188e-09], [-3.247301094688737e-09, 4.083840821067497e-09], [null, 4.219599780697081e-09], [-3.3649318886830315e-09, 4.2105496866895464e-09], [-1.3728788106348588e-09, 2.1231967295420873e-09], [-3.6134533143439285e-09, 4.5143742077868865e-09], [-3.2139251260332458e-09, 4.06706890387909e-09], [null, 3.380740132286064e-09], [-2.2005113287093536e-09, 3.219933875087122e-09], [-1.1145215861319002e-09, 2.0939767697569778e-09], [null, 2.4739570392284804e-09], [-2.098688556273487e-09, 3.027800232757727e-09], [-2.0558883484511625e-09, 2.964058776200318e-09], [-1.426058271469799e-09, 2.4847084389989504e-09], [-1.7368920746108074e-09, 2.720024649960351e-09], [-2.4378106200373395e-09, 3.31652505458635e-09], [-2.4886477323349254e-09, 3.6072922426910736e-09], [-3.753547250795464e-09, 4.942925624362715e-09], [-3.2942499839094808e-09, 4.143489107377718e-09], [null, 3.101967349650181e-09], [-1.4986888396961717e-09, 2.5208517495656224e-09], [null, 2.390577291677687e-09], [-2.4771729112416097e-09, 3.3638070107144813e-09], [-3.334429399259875e-09, 4.194081970609886e-09], [-2.006776300689239e-09, 3.131861436855843e-09], [-2.5991881980047538e-09, 3.434601714147334e-09], [-1.7140191488351775e-09, 2.5417443705322285e-09], [-2.22762253088149e-09, 3.193790121258644e-09], [-2.5927235913769664e-09, 3.5045470969663484e-09], [-1.7592211021266735e-09, 2.701775914104587e-09], [-2.182772407266498e-09, 3.2366673785588773e-09], [-2.8627835657601963e-09, 3.6183258611544034e-09], [-3.0443429999138516e-09, 4.144747212109223e-09]], "Extended_Source_Name": "                  ", "0FGL_Name": "                 ", "1FGL_Name": "1FGL J1031.0+5051 ", "2FGL_Name": "2FGL J1031.0+5053 ", "1FHL_Name": "1FHL J1031.0+5052 ", "ASSOC_GAM1": "               ", "ASSOC_GAM2": "              ", "ASSOC_GAM3": "               ", "TEVCAT_FLAG": "N", "ASSOC_TEV": "                     ", "CLASS1": "bll  ", "ASSOC1": "1ES 1028+511              ", "ASSOC2": "                          ", "Flags": 0, "catalog_row_index": 1206}