{"Source_Name": "3FGL J0705.7-0006 ", "RAJ2000": 106.43800354003906, "DEJ2000": -0.11270000040531158, "GLON": 214.6662139892578, "GLAT": 3.133183002471924, "Conf_68_SemiMajor": 0.07178705930709839, "Conf_68_SemiMinor": 0.06087098643183708, "Conf_68_PosAng": -78.08000183105469, "Conf_95_SemiMajor": 0.11640000343322754, "Conf_95_SemiMinor": 0.09870000183582306, "Conf_95_PosAng": -78.08000183105469, "ROI_num": 169, "Signif_Avg": 4.148092746734619, "Pivot_Energy": 1543.4317626953125, "Flux_Density": 2.1577685927094692e-13, "Unc_Flux_Density": 5.183135211718308e-14, "Flux1000": 4.5337300580428064e-10, "Unc_Flux1000": 1.1099647589940531e-10, "Energy_Flux100": 5.4017654065041665e-12, "Unc_Energy_Flux100": 1.3187946828335795e-12, "Signif_Curve": 2.2752726078033447, "SpectrumType": "PowerLaw        ", "Spectral_Index": 2.273289918899536, "Unc_Spectral_Index": 0.14096879959106445, "beta": null, "Unc_beta": null, "Cutoff": null, "Unc_Cutoff": null, "Exp_Index": null, "Unc_Exp_Index": null, "PowerLaw_Index": 2.273289918899536, "Flux30_100": null, "Unc_Flux30_100": null, "nuFnu30_100": null, "Sqrt_TS30_100": null, "Flux100_300": 1.2512602065584133e-10, "Unc_Flux100_300": [null, 4.3310959263465065e-09], "nuFnu100_300": 2.9275227261902487e-14, "Sqrt_TS100_300": 0.0, "Flux300_1000": 1.6917646172842637e-09, "Unc_Flux300_1000": [-8.153555608458873e-10, 8.34618707479251e-10], "nuFnu300_1000": 1.1250502482754166e-12, "Sqrt_TS300_1000": 2.1043617725372314, "Flux1000_3000": 5.093276911338762e-10, "Unc_Flux1000_3000": [-1.49773679569698e-10, 1.610175187627405e-10], "nuFnu1000_3000": 1.1916533298322873e-12, "Sqrt_TS1000_3000": 3.8004753589630127, "Flux3000_10000": 9.750990986878705e-11, "Unc_Flux3000_10000": [-3.7729562529786875e-11, 4.553253954431291e-11], "nuFnu3000_10000": 6.484562778234781e-13, "Sqrt_TS3000_10000": 3.563002109527588, "Flux10000_100000": 1.8819024650538362e-16, "Unc_Flux10000_100000": [null, 1.9250981017626678e-11], "nuFnu10000_100000": 3.009126317741836e-18, "Sqrt_TS10000_100000": 0.0, "Variability_Index": 53.64310073852539, "Signif_Peak": null, "Flux_Peak": null, "Unc_Flux_Peak": null, "Time_Peak": null, "Peak_Interval": null, "Flux_History": [1.3247182018005788e-08, 1.0924431137482316e-08, 2.7145081737955934e-09, 0.0, 2.6146050657871456e-08, 0.0, 0.0, 3.939745862879818e-09, 0.0, 2.6475586167862275e-08, 3.1320194437967075e-08, 5.7534532693637175e-09, 4.281681498241596e-08, 5.1098383302417005e-09, 0.0, 1.606547606058939e-08, 3.5314368318495326e-08, 0.0, 1.829490514637655e-08, 0.0, 3.546661986320032e-08, 3.3897254780868025e-08, 9.722587179794573e-10, 0.0, 3.011053095747229e-08, 2.2225560059041527e-08, 0.0, 0.0, 1.8613450336602e-08, 0.0, 0.0, 3.612065313518542e-09, 2.246930819183035e-08, 0.0, 0.0, 0.0, 0.0, 0.0, 1.0028622376978547e-08, 3.8757029585667624e-08, 3.1371467201779524e-08, 2.5838575723469148e-08, 3.712639795594441e-08, 2.0487897600673932e-08, 1.3508124396821586e-08, 9.084281771265523e-09, 2.3750668987077006e-08, 0.0], "Unc_Flux_History": [[-1.293034745941668e-08, 1.6784239775802234e-08], [-9.091713160103154e-09, 1.0674537698207587e-08], [null, 1.4335081566230201e-08], [null, 1.0405108774591554e-08], [-1.675670446843469e-08, 1.471784205619997e-08], [null, 8.286415109637346e-09], [null, 1.0080571044568387e-08], [null, 1.5619583848547336e-08], [null, 8.692266462162479e-09], [-1.176773878341919e-08, 1.4537836712236185e-08], [-1.4292266925508557e-08, 1.5068899017478543e-08], [null, 1.498746193817624e-08], [-1.9927757222149012e-08, 1.753312162122711e-08], [null, 1.8823607561557765e-08], [null, 1.8087117581444545e-08], [-1.0911330505791739e-08, 1.5183847068556133e-08], [-1.5036157208214718e-08, 1.829529239216754e-08], [null, 1.8171679272427355e-08], [-1.2726270703922182e-08, 1.8033944115813938e-08], [null, 1.801522131472666e-08], [-1.656087000867501e-08, 2.232681595160102e-08], [-1.9617823809880974e-08, 2.1446073361630624e-08], [null, 1.9788393146313865e-08], [null, 2.096573581411576e-08], [-1.740315624942923e-08, 1.9053098654353562e-08], [-1.6366314525839698e-08, 2.109332974953304e-08], [null, 1.0662506433334329e-08], [null, 1.2830884799086562e-08], [-1.2818873962316957e-08, 1.666447779768987e-08], [null, 1.6818422210462813e-08], [null, 1.2794100889834681e-08], [null, 1.8772571053204956e-08], [-1.5712917189603104e-08, 1.73924021851235e-08], [null, 1.150129591565019e-08], [null, 1.9358534331104238e-08], [null, 1.8326781869859587e-08], [null, 9.571056835966374e-09], [null, 1.5098564176696527e-08], [null, 1.8227501286105507e-08], [-2.5701190509153093e-08, 2.263964837823096e-08], [-1.7651329287105e-08, 1.641342883829111e-08], [-2.1557179152864592e-08, 2.286303057985606e-08], [-2.0998424332674404e-08, 2.3285673833584042e-08], [-1.4351542176882504e-08, 1.8138024415748077e-08], [null, 2.0703533110122407e-08], [null, 1.905876523267125e-08], [-1.893021739363121e-08, 2.2845680902605636e-08], [null, 1.7816555342164975e-08]], "Extended_Source_Name": "                  ", "0FGL_Name": "                 ", "1FGL_Name": "                  ", "2FGL_Name": "                  ", "1FHL_Name": "                  ", "ASSOC_GAM1": "               ", "ASSOC_GAM2": "              ", "ASSOC_GAM3": "               ", "TEVCAT_FLAG": "N", "ASSOC_TEV": "                     ", "CLASS1": "     ", "ASSOC1": "                          ", "ASSOC2": "                          ", "Flags": 0, "source_id": 783}