{"Source_Name": "3FGL J1440.1+4955 ", "RAJ2000": 220.02679443359375, "DEJ2000": 49.92470169067383, "GLON": 87.93457794189453, "GLAT": 59.168087005615234, "Conf_68_SemiMajor": 0.09738124161958694, "Conf_68_SemiMinor": 0.061981093138456345, "Conf_68_PosAng": -73.80999755859375, "Conf_95_SemiMajor": 0.15790000557899475, "Conf_95_SemiMinor": 0.10050000250339508, "Conf_95_PosAng": -73.80999755859375, "ROI_num": 736, "Signif_Avg": 10.483327865600586, "Pivot_Energy": 523.9991455078125, "Flux_Density": 3.453146189130729e-12, "Unc_Flux_Density": 3.7017391647624354e-13, "Flux1000": 4.0116313049232133e-10, "Unc_Flux1000": 6.838986321699991e-11, "Energy_Flux100": 6.732694696892638e-12, "Unc_Energy_Flux100": 7.253696341497085e-13, "Signif_Curve": 1.398579478263855, "SpectrumType": "PowerLaw        ", "Spectral_Index": 2.601743459701538, "Unc_Spectral_Index": 0.10464479774236679, "beta": null, "Unc_beta": null, "Cutoff": null, "Unc_Cutoff": null, "Exp_Index": null, "Unc_Exp_Index": null, "PowerLaw_Index": 2.601743459701538, "Flux30_100": null, "Unc_Flux30_100": null, "nuFnu30_100": null, "Sqrt_TS30_100": null, "Flux100_300": 1.4117761182319555e-08, "Unc_Flux100_300": [-2.6233519800911154e-09, 2.635141660434215e-09], "nuFnu100_300": 3.201544931941136e-12, "Sqrt_TS100_300": 5.581526756286621, "Flux300_1000": 2.173977886599232e-09, "Unc_Flux300_1000": [-3.963396832951105e-10, 4.0911130039233967e-10], "nuFnu300_1000": 1.3930942987724904e-12, "Sqrt_TS300_1000": 5.945431232452393, "Flux1000_3000": 2.8068952717674733e-10, "Unc_Flux1000_3000": [-7.458299255969081e-11, 8.15591066904986e-11], "nuFnu1000_3000": 6.365316260192877e-13, "Sqrt_TS1000_3000": 4.596456050872803, "Flux3000_10000": 5.430551147656004e-11, "Unc_Flux3000_10000": [-2.4087804667560775e-11, 2.9692762137933926e-11], "nuFnu3000_10000": 3.479920344939824e-13, "Sqrt_TS3000_10000": 2.879430055618286, "Flux10000_100000": 2.1110018247338935e-11, "Unc_Flux10000_100000": [-1.1433597124632655e-11, 1.5874534325943657e-11], "nuFnu10000_100000": 3.006305328377007e-13, "Sqrt_TS10000_100000": 2.6305456161499023, "Variability_Index": 48.38043212890625, "Signif_Peak": null, "Flux_Peak": null, "Unc_Flux_Peak": null, "Time_Peak": null, "Peak_Interval": null, "Flux_History": [3.4524806125091345e-08, 1.7218088288473155e-08, 4.112410856293991e-09, 2.1553445250788172e-08, 0.0, 0.0, 7.31794447261791e-09, 1.6654986723096954e-08, 1.068999022635353e-08, 6.84005208029248e-09, 0.0, 1.6656517276558702e-09, 4.080372484338568e-09, 8.304684051552158e-09, 1.2066934118593053e-08, 1.553359396666565e-08, 1.1359929885657039e-08, 2.6041091505391023e-09, 3.0578348741983064e-09, 1.6617834219800898e-08, 2.2327753868012223e-08, 2.385331576704175e-08, 5.9303100208296655e-09, 1.7575789712509504e-08, 1.860684406551627e-08, 8.924375904939552e-09, 1.6501243038646862e-08, 3.5623586303046295e-09, 1.8552510638869535e-08, 3.5213403748457495e-08, 2.17859899009909e-08, 7.851432393124469e-09, 2.0718649906825704e-08, 1.3980727686657701e-08, 1.5140532383384198e-08, 2.079611816085958e-09, 1.118141490508151e-08, 8.683754160188073e-09, 1.0494811686356798e-09, 1.560378848353139e-08, 3.124135616872081e-08, 9.900294806186594e-09, 4.358449245955853e-08, 3.422762517857336e-08, 1.9364948755651312e-08, 3.649290203355804e-09, 2.3541769422763537e-08, 3.9256896400274854e-08], "Unc_Flux_History": [[-1.3536609166919789e-08, 1.4851738505683443e-08], [-1.3340046400855954e-08, 1.4730021646869318e-08], [null, 8.612106583427703e-09], [-1.3942008436629294e-08, 1.5563257349526793e-08], [null, 1.2280917616180886e-08], [null, 1.0549483064892229e-08], [null, 1.0323302213066654e-08], [-1.2355518386186759e-08, 1.4252376168144565e-08], [-9.802342049169965e-09, 1.1967174806670755e-08], [null, 1.162853546787801e-08], [null, 1.198481491826442e-08], [null, 1.1666272392574228e-08], [null, 1.3954672972715798e-08], [null, 1.0527760885281623e-08], [-7.1356867081817654e-09, 9.523761335117342e-09], [-1.1951665435105951e-08, 1.3306581614358493e-08], [null, 1.2028989360146625e-08], [null, 1.1764686114190681e-08], [null, 1.0955503171317105e-08], [-1.0189462607002042e-08, 1.1411465550281719e-08], [-1.2489368650392407e-08, 1.3799176912243638e-08], [-1.106948843698774e-08, 1.2441297769782977e-08], [-5.510828238186605e-09, 8.466402690032737e-09], [-1.1588174864129996e-08, 1.2860896347888229e-08], [-1.1520293163869155e-08, 1.282493666820983e-08], [null, 1.2616435896006806e-08], [-1.1190390836191e-08, 1.3056658865195914e-08], [null, 1.2600467336199017e-08], [-9.7739265569885e-09, 1.1212080153200077e-08], [-1.1951599709902894e-08, 1.3104498819416222e-08], [-1.1211079176121075e-08, 1.2474901112113912e-08], [null, 1.2529892678969645e-08], [-1.1883693140646301e-08, 1.3543628440970679e-08], [-1.0801281646877214e-08, 1.195436460932342e-08], [-9.60086232737467e-09, 1.1192244464552914e-08], [null, 1.064114751869738e-08], [-1.0631781677261642e-08, 1.1955589407364187e-08], [null, 1.2759017842256526e-08], [null, 1.253366743725337e-08], [-1.119359094303718e-08, 1.3455144554086473e-08], [-1.1784234033029861e-08, 1.2887531930516616e-08], [null, 1.0661075577900192e-08], [-1.2048686492960314e-08, 1.2851081088172123e-08], [-1.2062404408652583e-08, 1.3198888204613013e-08], [-1.0078512246991522e-08, 1.186512665896089e-08], [null, 8.435921294847049e-09], [-1.1558468848704706e-08, 1.2795667636567032e-08], [-1.1459112769784952e-08, 1.2590075648688526e-08]], "Extended_Source_Name": "                  ", "0FGL_Name": "                 ", "1FGL_Name": "                  ", "2FGL_Name": "2FGL J1440.3+4948 ", "1FHL_Name": "                  ", "ASSOC_GAM1": "               ", "ASSOC_GAM2": "              ", "ASSOC_GAM3": "               ", "TEVCAT_FLAG": "N", "ASSOC_TEV": "                     ", "CLASS1": "bll  ", "ASSOC1": "GB6 J1439+4958            ", "ASSOC2": "                          ", "Flags": 0, "catalog_row_index": 1778}