{"Source_Name": "3FGL J0543.9-5531 ", "RAJ2000": 85.97750091552734, "DEJ2000": -55.53179931640625, "GLON": 263.5107116699219, "GLAT": -31.48002052307129, "Conf_68_SemiMajor": 0.014554765075445175, "Conf_68_SemiMinor": 0.013382982462644577, "Conf_68_PosAng": 31.059999465942383, "Conf_95_SemiMajor": 0.023600000888109207, "Conf_95_SemiMinor": 0.021700000390410423, "Conf_95_PosAng": 31.059999465942383, "ROI_num": 440, "Signif_Avg": 25.30129623413086, "Pivot_Energy": 3241.197265625, "Flux_Density": 1.5917882246682669e-13, "Unc_Flux_Density": 1.1824770526083165e-14, "Flux1000": 1.6094038324254711e-09, "Unc_Flux1000": 1.195476356796732e-10, "Energy_Flux100": 2.0446363352411012e-11, "Unc_Energy_Flux100": 1.7907650189108448e-12, "Signif_Curve": 1.19200599193573, "SpectrumType": "PowerLaw        ", "Spectral_Index": 1.7672648429870605, "Unc_Spectral_Index": 0.05374861881136894, "beta": null, "Unc_beta": null, "Cutoff": null, "Unc_Cutoff": null, "Exp_Index": null, "Unc_Exp_Index": null, "PowerLaw_Index": 1.7672648429870605, "Flux30_100": null, "Unc_Flux30_100": null, "nuFnu30_100": null, "Sqrt_TS30_100": null, "Flux100_300": 1.8559566383746784e-10, "Unc_Flux100_300": [null, 3.198546982829953e-09], "nuFnu100_300": 4.563986653340589e-14, "Sqrt_TS100_300": 0.0, "Flux300_1000": 2.0452586291241914e-09, "Unc_Flux300_1000": [-4.30751351254699e-10, 4.485776194940172e-10], "nuFnu300_1000": 1.4435713908966807e-12, "Sqrt_TS300_1000": 5.288690090179443, "Flux1000_3000": 1.0154144192142667e-09, "Unc_Flux1000_3000": [-1.2119047432257446e-10, 1.2967343865355474e-10], "nuFnu1000_3000": 2.497007592014433e-12, "Sqrt_TS1000_3000": 12.182435035705566, "Flux3000_10000": 4.003719022982466e-10, "Unc_Flux3000_10000": [-5.638048708456189e-11, 6.147340275708402e-11], "nuFnu3000_10000": 2.825879504356199e-12, "Sqrt_TS3000_10000": 13.519835472106934, "Flux10000_100000": 2.495434969773669e-10, "Unc_Flux10000_100000": [-4.101904232944875e-11, 4.562937527818889e-11], "nuFnu10000_100000": 4.894261645266296e-12, "Sqrt_TS10000_100000": 14.5604248046875, "Variability_Index": 71.20657348632812, "Signif_Peak": null, "Flux_Peak": null, "Unc_Flux_Peak": null, "Time_Peak": null, "Peak_Interval": null, "Flux_History": [0.0, 4.8999306834218714e-09, 2.7238113986527424e-09, 1.8890656150460927e-08, 1.1725790116656754e-08, 2.5872413544902884e-08, 0.0, 1.6918329848181202e-08, 6.358851223353668e-09, 7.999455320373272e-09, 1.3741932924915545e-08, 1.7470339841452187e-08, 6.187158785309066e-09, 4.018619215173658e-09, 6.491135184916175e-09, 1.8859863004649924e-08, 9.834468350788939e-09, 8.497986314637274e-09, 2.839913415542128e-09, 1.247428560446906e-08, 1.4538477977055209e-08, 1.3763517436871098e-08, 1.6282474035733685e-08, 1.820033368460372e-08, 6.782596262411289e-09, 9.296139857895014e-09, 6.168028310327145e-09, 0.0, 8.278930430094533e-09, 3.2479186007350336e-09, 5.107646305901881e-09, 6.847944877819145e-09, 1.0836574970696233e-09, 1.1489930784591706e-08, 4.24655421937814e-09, 1.0477488210369756e-08, 8.585524291504498e-09, 1.1153703738386866e-08, 8.922896199692332e-09, 3.85245346734564e-09, 5.904800648437458e-09, 9.839447479009777e-09, 2.245817087853652e-09, 1.000527127814621e-08, 2.4019277233833236e-08, 1.6473133968020193e-08, 7.2492074565388975e-09, 1.331256971326411e-08], "Unc_Flux_History": [[null, 5.778461709127214e-09], [-3.2169051866759446e-09, 4.540490650128959e-09], [null, 6.869180335655756e-09], [-5.697854188468909e-09, 6.726398549261603e-09], [-5.965953064901441e-09, 7.192489270835267e-09], [-6.8627596938597435e-09, 7.479918018304943e-09], [null, 4.565443134652014e-09], [-6.650223483006812e-09, 7.983520511345432e-09], [-3.199085440996896e-09, 4.4783821095961684e-09], [-4.259057995170679e-09, 5.799241087345308e-09], [-4.742136905377947e-09, 5.69613467504837e-09], [-6.138104247099818e-09, 7.407802371517391e-09], [-3.553876970485703e-09, 4.904479045109156e-09], [-3.155217864758697e-09, 4.463612146565765e-09], [-3.2752034417882214e-09, 4.444278722814943e-09], [-5.212005049770596e-09, 6.0800187107190595e-09], [-4.43081171752624e-09, 5.769042576986294e-09], [-3.5829910149942634e-09, 4.512565432435167e-09], [null, 5.366612043644636e-09], [-4.661925956384039e-09, 5.5906856921694725e-09], [-4.92768714721592e-09, 5.991973139884976e-09], [-4.832834576973255e-09, 6.187338197349845e-09], [-5.008695236341509e-09, 5.846370498829856e-09], [-6.584083056537793e-09, 8.032950304937003e-09], [-3.563687567265106e-09, 4.5709360740886495e-09], [-5.213353304611701e-09, 7.234758570007216e-09], [-3.210242516260564e-09, 4.233844830281441e-09], [null, 3.52000317782597e-09], [-3.345015597844281e-09, 4.427756827851681e-09], [-2.2280211009473305e-09, 3.4533804704750537e-09], [-4.338444714591105e-09, 5.769718924852896e-09], [-3.40813444132948e-09, 4.552047627726097e-09], [null, 7.183326378168431e-09], [-4.609791659504481e-09, 5.487626353328778e-09], [-2.9035318593884085e-09, 4.209967929824643e-09], [-4.976551171154142e-09, 6.100457028423989e-09], [-3.974250262217538e-09, 5.186748808228003e-09], [-5.278226744565018e-09, 6.546248432215407e-09], [-3.6183043228277256e-09, 4.484070892374348e-09], [-3.478481280794199e-09, 5.456811891235702e-09], [-2.9682325486390937e-09, 4.134588227344693e-09], [-4.086333937891595e-09, 5.124139779155712e-09], [-2.108011987189684e-09, 3.3728138060240553e-09], [-4.066412540026931e-09, 5.297939420501052e-09], [-6.625831439066587e-09, 7.646259625460061e-09], [-4.603540659786631e-09, 5.3624114038086645e-09], [-3.989568675422106e-09, 5.333799624196445e-09], [-5.017824822317607e-09, 5.551081372345834e-09]], "Extended_Source_Name": "                  ", "0FGL_Name": "                 ", "1FGL_Name": "1FGL J0543.8-5531 ", "2FGL_Name": "2FGL J0543.9-5532 ", "1FHL_Name": "1FHL J0543.9-5532 ", "ASSOC_GAM1": "               ", "ASSOC_GAM2": "              ", "ASSOC_GAM3": "               ", "TEVCAT_FLAG": "N", "ASSOC_TEV": "                     ", "CLASS1": "bll  ", "ASSOC1": "1RXS J054357.3-553206     ", "ASSOC2": "                          ", "Flags": 0, "catalog_row_index": 646}