{"Source_Name": "3FGL J1701.2-3006 ", "RAJ2000": 255.3227996826172, "DEJ2000": -30.103900909423828, "GLON": 353.5925598144531, "GLAT": 7.310492515563965, "Conf_68_SemiMajor": 0.02571752853691578, "Conf_68_SemiMinor": 0.02510080114006996, "Conf_68_PosAng": -34.63999938964844, "Conf_95_SemiMajor": 0.04170000180602074, "Conf_95_SemiMinor": 0.040699999779462814, "Conf_95_PosAng": -34.63999938964844, "ROI_num": 152, "Signif_Avg": 18.94127655029297, "Pivot_Energy": 1266.41015625, "Flux_Density": 2.5480769837854522e-12, "Unc_Flux_Density": 2.0130595866467427e-13, "Flux1000": 3.1401488076454598e-09, "Unc_Flux1000": 2.2994708914758633e-10, "Energy_Flux100": 2.0754351362506362e-11, "Unc_Energy_Flux100": 1.8528763592873254e-12, "Signif_Curve": 6.093992710113525, "SpectrumType": "LogParabola     ", "Spectral_Index": 2.0659773349761963, "Unc_Spectral_Index": 0.0898859053850174, "beta": 0.29546642303466797, "Unc_beta": 0.06429633498191833, "Cutoff": null, "Unc_Cutoff": null, "Exp_Index": null, "Unc_Exp_Index": null, "PowerLaw_Index": 2.1986470222473145, "Flux30_100": null, "Unc_Flux30_100": null, "nuFnu30_100": null, "Sqrt_TS30_100": null, "Flux100_300": 1.5595411184676777e-08, "Unc_Flux100_300": [-5.628553179093387e-09, 5.719210882659809e-09], "nuFnu100_300": 4.1849106645341916e-12, "Sqrt_TS100_300": 2.7678122520446777, "Flux300_1000": 8.1256041895017e-09, "Unc_Flux300_1000": [-9.403940959273882e-10, 9.62499080436885e-10], "nuFnu300_1000": 5.871869830642584e-12, "Sqrt_TS300_1000": 9.64401626586914, "Flux1000_3000": 2.523151909628041e-09, "Unc_Flux1000_3000": [-2.4536203624414554e-10, 2.4536203624414554e-10], "nuFnu1000_3000": 5.9160536712565825e-12, "Sqrt_TS1000_3000": 13.594001770019531, "Flux3000_10000": 4.807482745228242e-10, "Unc_Flux3000_10000": [-7.794990347642639e-11, 8.47903761092006e-11], "nuFnu3000_10000": 2.973377837348079e-12, "Sqrt_TS3000_10000": 8.986512184143066, "Flux10000_100000": 5.3744061284666245e-11, "Unc_Flux10000_100000": [-2.103901775019068e-11, 2.677689146801665e-11], "nuFnu10000_100000": 5.58373171918175e-13, "Sqrt_TS10000_100000": 3.8863515853881836, "Variability_Index": 46.92874526977539, "Signif_Peak": null, "Flux_Peak": null, "Unc_Flux_Peak": null, "Time_Peak": null, "Peak_Interval": null, "Flux_History": [1.2705084984077075e-08, 3.200825204885405e-08, 3.069171583547359e-08, 1.4835967121484828e-08, 3.0270339124172096e-08, 2.5736913045193432e-08, 1.181009601225469e-08, 1.7409385932865007e-08, 1.7110457051217054e-08, 1.884734324164583e-08, 2.341304217168272e-08, 1.9407325524412045e-08, 1.9764913261610673e-08, 1.0447523735024333e-08, 2.8527447071269307e-08, 1.9960886277203826e-08, 2.631344031556182e-08, 1.2110343838855897e-08, 3.238042367570415e-08, 2.1666997085389994e-08, 1.3022676270679767e-08, 1.8567792636758895e-08, 4.2538044198181524e-08, 3.53440690048501e-08, 2.507391627659672e-08, 9.430956460221296e-09, 2.5203828357689417e-08, 2.4986796631765174e-08, 2.296085099828815e-08, 8.565926634673815e-09, 1.5021630161982102e-08, 1.9759729852353303e-08, 1.5109936413182368e-08, 3.6960493332571787e-08, 2.591795045248091e-08, 4.106907702805529e-09, 4.3385298909015546e-08, 2.071185178920132e-08, 2.0875924988672523e-08, 1.9966078568245393e-08, 1.965687168592467e-09, 1.0404603401070744e-08, 2.0962971802873653e-08, 1.11526547996732e-08, 2.3073299715292706e-08, 8.424608566315328e-09, 7.590844397498131e-09, 1.3121672637339543e-08], "Unc_Flux_History": [[-8.262572848138916e-09, 9.41483246919006e-09], [-9.821717661395724e-09, 1.1057625037835805e-08], [-8.107770455012542e-09, 9.066987161077122e-09], [-8.486166436227904e-09, 9.646788257100525e-09], [-9.294629954581524e-09, 1.0330976074612863e-08], [-9.33933641533713e-09, 1.0277663164970363e-08], [-6.897490578694487e-09, 8.58406856707461e-09], [-7.458995199272067e-09, 8.843925591861534e-09], [-7.128198031836064e-09, 8.473173274126111e-09], [-8.07341749009538e-09, 9.22190057650596e-09], [-8.905135295833588e-09, 1.0083947898920087e-08], [-8.660271610949621e-09, 9.958601054904648e-09], [-8.391108252681079e-09, 9.836355729930801e-09], [-6.714210076808058e-09, 8.127774009381028e-09], [-9.194691230618446e-09, 1.0464116684261171e-08], [-1.012484318607676e-08, 1.1509107444851452e-08], [-9.173725779021424e-09, 1.037710006812631e-08], [-1.0063107680480243e-08, 1.240323221907147e-08], [-8.734517109587614e-09, 9.552937108026072e-09], [-9.207687057255498e-09, 1.075411137918536e-08], [-6.4704828162120975e-09, 8.070053070241556e-09], [-7.184176809005294e-09, 8.275276464075887e-09], [-1.2511117475355604e-08, 1.3724307912355016e-08], [-8.938463302854416e-09, 9.87157733334243e-09], [-1.0616531653795391e-08, 1.2230836787807675e-08], [-6.356197346235604e-09, 7.89180099047826e-09], [-1.0643091741258104e-08, 1.2074037769593815e-08], [-8.433049814016158e-09, 9.540815248954004e-09], [-7.4416823814260624e-09, 8.49784864698222e-09], [-8.082415625665362e-09, 9.796423228181084e-09], [-6.420856735189773e-09, 7.549478375779017e-09], [-1.0190249533081897e-08, 1.2394489878886361e-08], [-8.55658210952015e-09, 9.83911352392397e-09], [-1.0512852810506956e-08, 1.1932733023911624e-08], [-8.65645333192333e-09, 9.778881704392006e-09], [-3.972579598610082e-09, 5.608869368955993e-09], [-1.162056673109646e-08, 1.263279969521136e-08], [-8.408261642500747e-09, 9.773548192981707e-09], [-1.02854329497859e-08, 1.2873412558178643e-08], [-6.848202893650068e-09, 8.213594249184553e-09], [null, 1.096055157745468e-08], [-6.299794463870967e-09, 7.874625396198098e-09], [-7.915098798605413e-09, 9.247837162718042e-09], [-9.734052675014482e-09, 1.1178020287161416e-08], [-7.768504062255488e-09, 8.752220281849077e-09], [-7.813319768956717e-09, 9.10997144387693e-09], [-6.480648906403985e-09, 7.880133878757078e-09], [-8.871623435879883e-09, 1.1604409877463695e-08]], "Extended_Source_Name": "                  ", "0FGL_Name": "                 ", "1FGL_Name": "1FGL J1701.1-3005 ", "2FGL_Name": "2FGL J1701.2-3007 ", "1FHL_Name": "                  ", "ASSOC_GAM1": "               ", "ASSOC_GAM2": "              ", "ASSOC_GAM3": "               ", "TEVCAT_FLAG": "N", "ASSOC_TEV": "                     ", "CLASS1": "glc  ", "ASSOC1": "M62                       ", "ASSOC2": "                          ", "Flags": 0, "catalog_row_index": 2092}