{"Source_Name": "3FGL J2011.1+4203 ", "RAJ2000": 302.7984924316406, "DEJ2000": 42.055599212646484, "GLON": 78.48635864257812, "GLAT": 4.593683242797852, "Conf_68_SemiMajor": 0.078015998005867, "Conf_68_SemiMinor": 0.07394560426473618, "Conf_68_PosAng": -67.81999969482422, "Conf_95_SemiMajor": 0.1264999955892563, "Conf_95_SemiMinor": 0.11990000307559967, "Conf_95_PosAng": -67.81999969482422, "ROI_num": 64, "Signif_Avg": 4.308989524841309, "Pivot_Energy": 951.0701904296875, "Flux_Density": 1.2270684685358746e-12, "Unc_Flux_Density": 2.513068149846004e-13, "Flux1000": 7.031532578416488e-10, "Unc_Flux1000": 1.5580541024018402e-10, "Energy_Flux100": 1.0822135722288184e-11, "Unc_Energy_Flux100": 2.336084017201534e-12, "Signif_Curve": 3.804597854614258, "SpectrumType": "PowerLaw        ", "Spectral_Index": 2.53597092628479, "Unc_Spectral_Index": 0.12164696305990219, "beta": null, "Unc_beta": null, "Cutoff": null, "Unc_Cutoff": null, "Exp_Index": null, "Unc_Exp_Index": null, "PowerLaw_Index": 2.53597092628479, "Flux30_100": null, "Unc_Flux30_100": null, "nuFnu30_100": null, "Sqrt_TS30_100": null, "Flux100_300": 2.8869632018313496e-08, "Unc_Flux100_300": [-1.0847050369022782e-08, 1.0992053489644604e-08], "nuFnu100_300": 6.5873482883727075e-12, "Sqrt_TS100_300": 2.551367998123169, "Flux300_1000": 4.997493974201461e-09, "Unc_Flux300_1000": [-1.4088312738635977e-09, 1.4400508563383596e-09], "nuFnu300_1000": 3.2258726939682347e-12, "Sqrt_TS300_1000": 3.5962536334991455, "Flux1000_3000": 4.267274866798232e-10, "Unc_Flux1000_3000": [-2.1469440114607607e-10, 2.250328950959002e-10], "nuFnu1000_3000": 9.73688577682319e-13, "Sqrt_TS1000_3000": 2.043067216873169, "Flux3000_10000": 7.007931734914763e-11, "Unc_Flux3000_10000": [-4.7763657612387433e-11, 5.5247230401622716e-11], "nuFnu3000_10000": 4.5236061532900884e-13, "Sqrt_TS3000_10000": 1.5497013330459595, "Flux10000_100000": 2.558669422170201e-11, "Unc_Flux10000_100000": [-1.6045671735742673e-11, 2.107800566031326e-11], "nuFnu10000_100000": 3.724621251612742e-13, "Sqrt_TS10000_100000": 1.8675203323364258, "Variability_Index": 40.94437026977539, "Signif_Peak": null, "Flux_Peak": null, "Unc_Flux_Peak": null, "Time_Peak": null, "Peak_Interval": null, "Flux_History": [0.0, 0.0, 5.5985790226031895e-08, 6.183191203490424e-08, 4.769604800003435e-08, 0.0, 4.2859344517864884e-08, 0.0, 3.971989315232349e-08, 1.0653857795972499e-09, 0.0, 0.0, 0.0, 3.3018125122907804e-08, 1.1634353924705465e-08, 2.301073775967666e-09, 7.06313088016941e-08, 1.4876612830505564e-08, 5.564832861182367e-08, 7.374221411282633e-08, 2.38611583824877e-08, 3.99716206800349e-08, 0.0, 0.0, 4.559865818265507e-09, 2.216154904033374e-08, 5.890167287248005e-08, 1.8130393186766014e-08, 6.852567224768791e-08, 4.055580049566743e-08, 2.237108942537702e-09, 0.0, 2.4075465177020305e-08, 4.142971832266085e-08, 0.0, 3.502217538198238e-08, 0.0, 0.0, 1.5937390074327595e-08, 8.565253040160314e-08, 3.8228073151458375e-08, 4.844673284765122e-08, 1.223494106028511e-08, 7.800167622917797e-08, 5.75333842789405e-08, 2.2564021762150333e-08, 2.4077458249394112e-08, 3.038885809658609e-09], "Unc_Flux_History": [[null, 3.155830086143396e-08], [null, 3.282113780755935e-08], [-3.118407931879119e-08, 3.4892075007064705e-08], [-3.348984733975158e-08, 3.902900402863452e-08], [-3.101654044712632e-08, 3.5271455089969095e-08], [null, 2.202189897104745e-08], [-3.65086485487609e-08, 4.3535788307735857e-08], [null, 3.4961139760980586e-08], [-3.0980888965359554e-08, 3.690820093993352e-08], [null, 3.717977747896839e-08], [null, 2.8565306564587445e-08], [null, 1.881704747574986e-08], [null, 3.6733858621573745e-08], [null, 3.03703195925209e-08], [null, 3.981568141853131e-08], [null, 3.180408114644706e-08], [-4.1853592591678535e-08, 3.930979985966587e-08], [null, 2.9261492784371512e-08], [-3.4529779924241666e-08, 4.1323566790651967e-08], [-3.96968324878344e-08, 4.0084930930106566e-08], [-2.1050812648581996e-08, 2.6556612908734678e-08], [-3.411848226164693e-08, 3.913712376402145e-08], [null, 2.8426670795056452e-08], [null, 2.712471314225695e-08], [null, 3.510308843601706e-08], [null, 3.440669615883962e-08], [-3.652355573535715e-08, 3.8849197636636745e-08], [null, 3.074881504971927e-08], [-3.435528128648002e-08, 3.725859798464626e-08], [-2.9884994035001e-08, 3.370441703509641e-08], [null, 3.708627005494236e-08], [null, 2.3678962790540936e-08], [null, 3.6855201557273176e-08], [-2.463775850003458e-08, 3.19857527131262e-08], [null, 2.5489681476642545e-08], [-2.974113755271901e-08, 3.4276844473879464e-08], [null, 2.0502172404235353e-08], [null, 4.16663219482416e-08], [null, 3.3263599874544525e-08], [-3.271519588565752e-08, 3.917915236684166e-08], [-3.653356017707665e-08, 3.656631619719519e-08], [-3.401881443210186e-08, 4.106385631530429e-08], [null, 3.734557552093065e-08], [-3.2584097198196105e-08, 3.43612676090288e-08], [-3.211223642551886e-08, 3.337718013085578e-08], [null, 2.9333122597563488e-08], [null, 3.3793881470955967e-08], [null, 4.055148750126136e-08]], "Extended_Source_Name": "                  ", "0FGL_Name": "                 ", "1FGL_Name": "                  ", "2FGL_Name": "                  ", "1FHL_Name": "                  ", "ASSOC_GAM1": "               ", "ASSOC_GAM2": "              ", "ASSOC_GAM3": "               ", "TEVCAT_FLAG": "N", "ASSOC_TEV": "                     ", "CLASS1": "     ", "ASSOC1": "                          ", "ASSOC2": "                          ", "Flags": 8, "catalog_row_index": 2594}