{"Source_Name": "3FGL J0633.9+1746 ", "RAJ2000": 98.47879791259766, "DEJ2000": 17.7731990814209, "GLON": 195.13302612304688, "GLAT": 4.270088195800781, "Conf_68_SemiMajor": 0.003330327570438385, "Conf_68_SemiMinor": 0.003330327570438385, "Conf_68_PosAng": 78.2300033569336, "Conf_95_SemiMajor": 0.005400000140070915, "Conf_95_SemiMinor": 0.005400000140070915, "Conf_95_PosAng": 78.2300033569336, "ROI_num": 173, "Signif_Avg": 1012.1417846679688, "Pivot_Energy": 927.9020385742188, "Flux_Density": 9.375077381079677e-10, "Unc_Flux_Density": 2.5526651105389764e-12, "Flux1000": 6.921596877873526e-07, "Unc_Flux1000": 2.106830043757668e-09, "Energy_Flux100": 4.152612476104878e-09, "Unc_Energy_Flux100": 1.0940541007864457e-11, "Signif_Curve": 84.97296905517578, "SpectrumType": "PLSuperExpCutoff", "Spectral_Index": 0.9161826968193054, "Unc_Spectral_Index": 0.021170252934098244, "beta": null, "Unc_beta": null, "Cutoff": 744.7789916992188, "Unc_Cutoff": 62.44974136352539, "Exp_Index": 0.6560046076774597, "Unc_Exp_Index": 0.014314545318484306, "PowerLaw_Index": 1.8722323179244995, "Flux30_100": null, "Unc_Flux30_100": null, "nuFnu30_100": null, "Sqrt_TS30_100": null, "Flux100_300": 1.7821212168200873e-06, "Unc_Flux100_300": [-1.1565428614801476e-08, 1.1565428614801476e-08], "nuFnu100_300": 4.652760121626187e-10, "Sqrt_TS100_300": 215.41619873046875, "Flux300_1000": 1.3742726423515705e-06, "Unc_Flux300_1000": [-4.4534371745896806e-09, 4.4534371745896806e-09], "nuFnu300_1000": 1.0073055722870095e-09, "Sqrt_TS300_1000": 568.6629638671875, "Flux1000_3000": 5.71690691231197e-07, "Unc_Flux1000_3000": [-2.166020030003324e-09, 2.166020030003324e-09], "nuFnu1000_3000": 1.366021407100959e-09, "Sqrt_TS1000_3000": 629.2267456054688, "Flux3000_10000": 1.1708424807466145e-07, "Unc_Flux3000_10000": [-9.223423691473442e-10, 9.223423691473442e-10], "nuFnu3000_10000": 6.947572517290723e-10, "Sqrt_TS3000_10000": 335.1596984863281, "Flux10000_100000": 3.276670490492961e-09, "Unc_Flux10000_100000": [-1.5665538311004923e-10, 1.5665538311004923e-10], "nuFnu10000_100000": 2.8874866039863e-11, "Sqrt_TS10000_100000": 58.85982131958008, "Variability_Index": 46.487491607666016, "Signif_Peak": null, "Flux_Peak": null, "Unc_Flux_Peak": null, "Time_Peak": null, "Peak_Interval": null, "Flux_History": [3.986297997471411e-06, 3.979057055403246e-06, 3.84325039703981e-06, 3.6796302538277814e-06, 3.976143943873467e-06, 3.992665369878523e-06, 3.854278929793509e-06, 3.8736097849323414e-06, 3.869985448545776e-06, 3.869345164275728e-06, 3.970544184994651e-06, 3.870707132591633e-06, 3.7638894809788326e-06, 3.922751602658536e-06, 3.871513854392106e-06, 3.713280193551327e-06, 3.943307547160657e-06, 3.845506853394909e-06, 3.7533920931309694e-06, 3.9014144022075925e-06, 3.845947503577918e-06, 3.7791899103467586e-06, 3.952286988351261e-06, 4.018008894490777e-06, 3.8344137465173844e-06, 3.920611106877914e-06, 3.891185315296752e-06, 3.7525185234699165e-06, 3.8806988413853105e-06, 3.715976845342084e-06, 3.892609129252378e-06, 3.8092850900284247e-06, 3.8275566112133674e-06, 3.7098895973031176e-06, 4.004305537819164e-06, 4.055572844663402e-06, 3.7046402212581597e-06, 3.877850303979358e-06, 3.886070771841332e-06, 3.75793229068222e-06, 3.916180048690876e-06, 3.7646343571395846e-06, 3.8055770801292965e-06, 3.896894668287132e-06, 3.756531441467814e-06, 3.711659701366443e-06, 3.972211743530352e-06, 3.835504685412161e-06], "Unc_Flux_History": [[-9.77481704467209e-08, 9.77481704467209e-08], [-9.124701705331972e-08, 9.124701705331972e-08], [-9.467579786814895e-08, 9.467579786814895e-08], [-9.13170552507836e-08, 9.13170552507836e-08], [-9.505292553058098e-08, 9.505292553058098e-08], [-9.310421944519476e-08, 9.310421944519476e-08], [-9.31227148726066e-08, 9.31227148726066e-08], [-9.754103302839212e-08, 9.754103302839212e-08], [-9.042644677492717e-08, 9.042644677492717e-08], [-9.574543469170749e-08, 9.574543469170749e-08], [-9.113287546824722e-08, 9.113287546824722e-08], [-9.571463976953964e-08, 9.571463976953964e-08], [-9.390713984203103e-08, 9.390713984203103e-08], [-9.861150829237886e-08, 9.861150829237886e-08], [-9.853253857272648e-08, 9.853253857272648e-08], [-9.829108194026048e-08, 9.829108194026048e-08], [-9.772973186272793e-08, 9.772973186272793e-08], [-9.620607954730076e-08, 9.620607954730076e-08], [-9.6641826985433e-08, 9.6641826985433e-08], [-9.556043067959763e-08, 9.556043067959763e-08], [-9.583377647004454e-08, 9.583377647004454e-08], [-9.570168657546674e-08, 9.570168657546674e-08], [-9.911592258049495e-08, 9.911592258049495e-08], [-9.696535840930665e-08, 9.696535840930665e-08], [-9.844195147934443e-08, 9.844195147934443e-08], [-9.572046621997288e-08, 9.572046621997288e-08], [-9.854643678863795e-08, 9.854643678863795e-08], [-9.576682202805387e-08, 9.576682202805387e-08], [-9.903877185024612e-08, 9.903877185024612e-08], [-9.554335633765731e-08, 9.554335633765731e-08], [-9.634060660346222e-08, 9.634060660346222e-08], [-9.91518618320697e-08, 9.91518618320697e-08], [-9.565165726144187e-08, 9.565165726144187e-08], [-9.740927708890013e-08, 9.740927708890013e-08], [-9.674887024857526e-08, 9.674887024857526e-08], [-9.692304558939213e-08, 9.692304558939213e-08], [-9.56033048282734e-08, 9.56033048282734e-08], [-9.823077817827652e-08, 9.823077817827652e-08], [-9.645894749610306e-08, 9.645894749610306e-08], [-9.674781153989898e-08, 9.674781153989898e-08], [-9.81305490199702e-08, 9.81305490199702e-08], [-9.729052408147254e-08, 9.729052408147254e-08], [-9.770764819450051e-08, 9.770764819450051e-08], [-9.747058271614151e-08, 9.747058271614151e-08], [-9.594355532271948e-08, 9.594355532271948e-08], [-9.812515600060578e-08, 9.812515600060578e-08], [-9.686647217677091e-08, 9.686647217677091e-08], [-9.551382618155912e-08, 9.551382618155912e-08]], "Extended_Source_Name": "                  ", "0FGL_Name": "0FGL J0634.0+1745", "1FGL_Name": "1FGL J0633.9+1746 ", "2FGL_Name": "2FGL J0633.9+1746 ", "1FHL_Name": "1FHL J0633.9+1746 ", "ASSOC_GAM1": "1AGL J0634+1748", "ASSOC_GAM2": "              ", "ASSOC_GAM3": "               ", "TEVCAT_FLAG": "E", "ASSOC_TEV": "Geminga              ", "CLASS1": "PSR  ", "ASSOC1": "PSR J0633+1746            ", "ASSOC2": "Geminga                   ", "Flags": 0, "source_id": 725}