{"Source_Name": "3FGL J2355.5+8154 ", "RAJ2000": 358.8900146484375, "DEJ2000": 81.90019989013672, "GLON": 120.8675537109375, "GLAT": 19.25341796875, "Conf_68_SemiMajor": 0.16966167092323303, "Conf_68_SemiMinor": 0.11674647778272629, "Conf_68_PosAng": 6.71999979019165, "Conf_95_SemiMajor": 0.2750999927520752, "Conf_95_SemiMinor": 0.18930000066757202, "Conf_95_PosAng": 6.71999979019165, "ROI_num": 269, "Signif_Avg": 5.8264617919921875, "Pivot_Energy": 325.6228942871094, "Flux_Density": 1.0009148891654274e-11, "Unc_Flux_Density": 1.561768292815402e-12, "Flux1000": 2.142307581332048e-10, "Unc_Flux1000": 7.629905734996001e-11, "Energy_Flux100": 5.446023406546763e-12, "Unc_Energy_Flux100": 8.509534223100079e-13, "Signif_Curve": 1.5028729438781738, "SpectrumType": "PowerLaw        ", "Spectral_Index": 2.869110107421875, "Unc_Spectral_Index": 0.1934579312801361, "beta": null, "Unc_beta": null, "Cutoff": null, "Unc_Cutoff": null, "Exp_Index": null, "Unc_Exp_Index": null, "PowerLaw_Index": 2.869110107421875, "Flux30_100": null, "Unc_Flux30_100": null, "nuFnu30_100": null, "Sqrt_TS30_100": null, "Flux100_300": 1.652201220281313e-08, "Unc_Flux100_300": [-3.2610909528330012e-09, 3.2722853315902967e-09], "nuFnu100_300": 3.656087585457435e-12, "Sqrt_TS100_300": 5.151254177093506, "Flux300_1000": 1.886686584740005e-09, "Unc_Flux300_1000": [-5.098825806015839e-10, 5.235522015922811e-10], "nuFnu300_1000": 1.1745516668645872e-12, "Sqrt_TS300_1000": 3.8193135261535645, "Flux1000_3000": 2.736732229724481e-10, "Unc_Flux1000_3000": [-9.380574789163987e-11, 1.0119764748406368e-10], "nuFnu1000_3000": 6.05600096979797e-13, "Sqrt_TS1000_3000": 3.157504081726074, "Flux3000_10000": 3.40432577961014e-11, "Unc_Flux3000_10000": [-2.1754483631175603e-11, 2.629921280750125e-11], "nuFnu3000_10000": 2.1193540900108637e-13, "Sqrt_TS3000_10000": 1.7142820358276367, "Flux10000_100000": 3.674394122299418e-12, "Unc_Flux10000_100000": [null, 1.1540880230642703e-11], "nuFnu10000_100000": 4.8192427425011036e-14, "Sqrt_TS10000_100000": 0.7240641117095947, "Variability_Index": 41.9019660949707, "Signif_Peak": null, "Flux_Peak": null, "Unc_Flux_Peak": null, "Time_Peak": null, "Peak_Interval": null, "Flux_History": [2.834386414463097e-08, 0.0, 1.3120513564501834e-08, 6.145054953776707e-08, 2.709476731865834e-08, 2.3389562286979526e-08, 0.0, 1.7259615958664654e-08, 3.00092075633529e-08, 6.151833265022333e-09, 2.508224206110299e-08, 1.0139158845845486e-08, 3.277020610426007e-08, 9.29235977054077e-09, 3.218945110461391e-08, 2.5187127050685376e-08, 2.6043208478654378e-08, 1.7484735437278687e-08, 1.961256490545793e-09, 3.670137260769479e-08, 1.3650541141885242e-08, 2.33625101486723e-08, 2.463037773736687e-08, 0.0, 1.3658635111823969e-08, 0.0, 1.8075233754188957e-08, 1.582491826468413e-08, 2.444864577455519e-08, 2.206279381411491e-09, 2.0739960859827988e-08, 0.0, 0.0, 2.1672319050480837e-08, 0.0, 1.7981557576263185e-08, 0.0, 0.0, 6.382720130204689e-09, 1.223704249042612e-08, 1.477413413830675e-09, 1.5798780950149194e-08, 0.0, 0.0, 1.0662979832432029e-08, 2.9414515267944807e-08, 1.3640235607681461e-08, 0.0], "Unc_Flux_History": [[-1.8967527992685973e-08, 2.1050924559062878e-08], [null, 1.7380308747760864e-08], [null, 1.880686184563274e-08], [-2.0676223400073468e-08, 2.174781066344167e-08], [-2.0240962683715225e-08, 2.1548219208966657e-08], [-1.915857339440663e-08, 2.0588920790487464e-08], [null, 1.841193153495624e-08], [null, 2.052963665732932e-08], [-1.8912956534222758e-08, 2.0433622793802897e-08], [null, 1.9318965982506597e-08], [-2.0179214743620832e-08, 2.2243209940597808e-08], [null, 1.941408989125648e-08], [-1.7401978524844708e-08, 1.900272650345869e-08], [null, 1.531666882215177e-08], [-1.5955658128063988e-08, 1.6992430573736783e-08], [-1.3221265859897358e-08, 1.4915462642761668e-08], [-1.5547264808901673e-08, 1.6495436128138863e-08], [-1.6569325467230556e-08, 1.7114652806071717e-08], [null, 1.396752313809202e-08], [-1.683427974796814e-08, 1.776426472588355e-08], [null, 1.5065987568618766e-08], [-1.442284336405919e-08, 1.58684283491084e-08], [-1.5331183433886508e-08, 1.6203332009467886e-08], [null, 1.4898132505436479e-08], [null, 1.4456230879034138e-08], [null, 1.3296308942756241e-08], [-1.5717301238282744e-08, 1.6733626040377203e-08], [-1.4652020041694414e-08, 1.5891190585648474e-08], [-1.675757133057232e-08, 1.758021284103961e-08], [null, 1.671569016536978e-08], [-1.5040040324265647e-08, 1.629433832306404e-08], [null, 1.1004450684026779e-08], [null, 1.1040278913299062e-08], [-1.5812396725323197e-08, 1.7167325339073614e-08], [null, 1.3717887270559004e-08], [-1.5508199169289583e-08, 1.6594968954564138e-08], [null, 1.3416999067317192e-08], [null, 1.7566371468547004e-08], [null, 1.5792378960099995e-08], [null, 1.373359825862508e-08], [null, 1.513027392263666e-08], [null, 1.622677991974797e-08], [null, 1.2992324549543355e-08], [null, 1.3187893443955545e-08], [null, 1.509509495178918e-08], [-1.5739239245249337e-08, 1.7036942523418475e-08], [null, 1.5010732212772382e-08], [null, 1.3365663242836945e-08]], "Extended_Source_Name": "                  ", "0FGL_Name": "                 ", "1FGL_Name": "                  ", "2FGL_Name": "                  ", "1FHL_Name": "                  ", "ASSOC_GAM1": "               ", "ASSOC_GAM2": "              ", "ASSOC_GAM3": "               ", "TEVCAT_FLAG": "N", "ASSOC_TEV": "                     ", "CLASS1": "fsrq ", "ASSOC1": "S5 2353+81                ", "ASSOC2": "                          ", "Flags": 1, "source_id": 3020}