{"Source_Name": "3FGL J1700.4-4019c", "RAJ2000": 255.10899353027344, "DEJ2000": -40.33110046386719, "GLON": 345.3697509765625, "GLAT": 1.1909632682800293, "Conf_68_SemiMajor": 0.052236802875995636, "Conf_68_SemiMinor": 0.043355926871299744, "Conf_68_PosAng": 2.2100000381469727, "Conf_95_SemiMajor": 0.08470000326633453, "Conf_95_SemiMinor": 0.07029999792575836, "Conf_95_PosAng": 2.2100000381469727, "ROI_num": 118, "Signif_Avg": 5.6159772872924805, "Pivot_Energy": 1136.6265869140625, "Flux_Density": 1.9533242211211554e-12, "Unc_Flux_Density": 3.275595940321896e-13, "Flux1000": 1.6322254658973634e-09, "Unc_Flux1000": 5.46311329507887e-10, "Energy_Flux100": 3.104805301745728e-11, "Unc_Energy_Flux100": 2.088265498023656e-11, "Signif_Curve": 3.103971242904663, "SpectrumType": "PowerLaw        ", "Spectral_Index": 2.6888115406036377, "Unc_Spectral_Index": 0.6272274255752563, "beta": null, "Unc_beta": null, "Cutoff": null, "Unc_Cutoff": null, "Exp_Index": null, "Unc_Exp_Index": null, "PowerLaw_Index": 2.6888115406036377, "Flux30_100": null, "Unc_Flux30_100": null, "nuFnu30_100": null, "Sqrt_TS30_100": null, "Flux100_300": 2.8491401238284197e-08, "Unc_Flux100_300": [-2.2668174892714887e-08, 2.241674046388198e-08], "nuFnu100_300": 6.409137977281265e-12, "Sqrt_TS100_300": 1.2564997673034668, "Flux300_1000": 8.102867710135797e-09, "Unc_Flux300_1000": [-2.6090660742994487e-09, 2.7127107227187253e-09], "nuFnu300_1000": 5.142994537188361e-12, "Sqrt_TS300_1000": 3.1164486408233643, "Flux1000_3000": 3.1608891060130873e-09, "Unc_Flux1000_3000": [-4.799415309619803e-10, 4.915861606669125e-10], "nuFnu1000_3000": 7.11041685599878e-12, "Sqrt_TS1000_3000": 7.076115608215332, "Flux3000_10000": 2.1652087067725034e-10, "Unc_Flux3000_10000": [-1.0030410529937583e-10, 1.0972174557810632e-10], "nuFnu3000_10000": 1.3742858847448636e-12, "Sqrt_TS3000_10000": 2.323348045349121, "Flux10000_100000": 4.419695859292361e-11, "Unc_Flux10000_100000": [-2.6152609591822973e-11, 3.375826007623317e-11], "nuFnu10000_100000": 6.120261632561186e-13, "Sqrt_TS10000_100000": 1.9738320112228394, "Variability_Index": 53.395050048828125, "Signif_Peak": null, "Flux_Peak": null, "Unc_Flux_Peak": null, "Time_Peak": null, "Peak_Interval": null, "Flux_History": [7.945071445192298e-08, 8.817831087526429e-08, 7.316847927540948e-08, 2.306907589399998e-07, 1.743580497759467e-07, 1.7795464657410776e-07, 2.1679983319700113e-07, 5.451225959518524e-08, 1.2124193204954281e-08, 3.5397597741848585e-08, 1.1832322144300633e-07, 6.346142100710495e-08, 5.3800818022864405e-08, 4.285906740619794e-08, 7.466802287581231e-08, 7.732153051165369e-08, 0.0, 1.0966211760887745e-07, 5.244431733331112e-08, 7.516360511772291e-08, 7.078963903950353e-08, 3.1193039262689126e-07, 0.0, 0.0, 0.0, 1.609080335640556e-08, 1.001294336333558e-08, 7.233272469875374e-08, 1.0292864516259215e-07, 6.625847959185194e-08, 1.1932526433611201e-07, 3.4596688180954516e-08, 9.789897603695863e-08, 1.8152800862480944e-07, 1.8091625975102943e-07, 9.224208241676024e-08, 2.3230340673308092e-07, 3.088632283265724e-08, 0.0, 1.826477991073716e-08, 4.1795271243927345e-08, 7.807436475104623e-08, 0.0, 1.9386887117889273e-07, 1.711598116571622e-07, 7.671103929851597e-08, 1.1572793567893314e-07, 1.7867506585389492e-07], "Unc_Flux_History": [[-5.7788898999433513e-08, 6.536102148402279e-08], [-8.19021082065774e-08, 8.477080370994372e-08], [-6.768038929294562e-08, 7.078000408000662e-08], [-7.874602658830554e-08, 7.867962636964876e-08], [-6.149692666213014e-08, 6.18466984292354e-08], [-7.738773177834446e-08, 7.553320813258324e-08], [-7.341249386172422e-08, 7.28494455870532e-08], [null, 5.971184435793475e-08], [null, 6.302400379354367e-08], [null, 6.749963432639561e-08], [-7.018634562427906e-08, 7.467053109166955e-08], [null, 6.143795161506205e-08], [null, 7.146972791360895e-08], [null, 6.860111056994356e-08], [-6.599185553568532e-08, 7.083068709334839e-08], [null, 8.129443074267328e-08], [null, 5.192143248677894e-08], [-8.911273852163504e-08, 8.669130124872026e-08], [null, 5.636161048983013e-08], [null, 7.596833029310801e-08], [-6.07482633085965e-08, 6.909706229407675e-08], [-7.095616183505626e-08, 7.175525951197415e-08], [null, 5.7817388210423815e-08], [null, 6.202102298402679e-08], [null, 7.460761253241799e-08], [null, 6.571939792365811e-08], [null, 7.909914501169624e-08], [-6.542312291912822e-08, 6.882861214307923e-08], [-5.68386120392006e-08, 5.829713245475432e-08], [null, 6.624878778893617e-08], [-6.216587422613884e-08, 6.219997317202797e-08], [null, 8.491520020470489e-08], [-7.377803967756336e-08, 7.72390436054593e-08], [-8.085841329830146e-08, 8.392073169716241e-08], [-6.576851063755385e-08, 6.584673428733367e-08], [-5.7252474761071426e-08, 5.9528019846766256e-08], [-7.991442885213473e-08, 8.144674268351082e-08], [null, 6.524248163941593e-08], [null, 6.748437897385884e-08], [null, 5.972609073978674e-08], [null, 7.84125901986954e-08], [-7.12244414557972e-08, 7.372184995801945e-08], [null, 6.502674665398445e-08], [-6.977906252814137e-08, 7.184525685488552e-08], [-7.445280658657794e-08, 7.173964178264214e-08], [null, 8.440462551106975e-08], [-5.716075435202583e-08, 6.03920966568694e-08], [-8.426507491776647e-08, 8.748380508905029e-08]], "Extended_Source_Name": "                  ", "0FGL_Name": "                 ", "1FGL_Name": "                  ", "2FGL_Name": "                  ", "1FHL_Name": "                  ", "ASSOC_GAM1": "               ", "ASSOC_GAM2": "              ", "ASSOC_GAM3": "               ", "TEVCAT_FLAG": "N", "ASSOC_TEV": "                     ", "CLASS1": "     ", "ASSOC1": "                          ", "ASSOC2": "                          ", "Flags": 548, "catalog_row_index": 2090}