{"Source_Name": "3FHL J1514.7-0949 ", "RAJ2000": 228.6804656982422, "DEJ2000": -9.832768440246582, "GLON": 351.0934143066406, "GLAT": 39.28483200073242, "Conf_95_SemiMajor": 0.06690153479576111, "Conf_95_SemiMinor": 0.06690153479576111, "Conf_95_PosAng": null, "ROI_num": 562, "Signif_Avg": 4.519057273864746, "Pivot_Energy": 17.03261375427246, "Flux_Density": 1.4988508481236784e-12, "Unc_Flux_Density": 5.464419064807324e-13, "Flux": 3.697780623368452e-11, "Unc_Flux": 1.3474059541718209e-11, "Energy_Flux": 1.2290770614806212e-12, "Unc_Energy_Flux": 6.450565450712153e-13, "Signif_Curve": 0.05467788130044937, "SpectrumType": "PowerLaw   ", "Spectral_Index": 2.902928590774536, "Unc_Spectral_Index": 0.9850360155105591, "beta": 0.010002310387790203, "Unc_beta": 0.6564844250679016, "PowerLaw_Index": 2.9020142555236816, "Unc_PowerLaw_Index": 0.7513515949249268, "Flux_Band": [2.8706276938850195e-11, 7.345610231190847e-12, 1.025898983819662e-12, 4.644229330621585e-19, 8.85426341515493e-20], "Unc_Flux_Band": [[-1.064741871059649e-11, 1.3627556548490016e-11], [-4.256899520382884e-12, 6.7347650893612165e-12], [null, 6.434070724120611e-12], [null, 4.904087986395966e-12], [null, 5.429130669337701e-12]], "nuFnu": [8.879038454999433e-13, 3.692370302739445e-13, 1.1317407785666617e-13, 1.4406234416890643e-19, 8.29168043221657e-20], "Sqrt_TS_Band": [4.612094402313232, 2.861661434173584, 0.359632283449173, 0.0, 0.0], "Npred": 11.08167839050293, "HEP_Energy": 32.932498931884766, "HEP_Prob": 0.9498435258865356, "Variability_BayesBlocks": 1, "Extended_Source_Name": "                  ", "ASSOC_GAM": "                  ", "TEVCAT_FLAG": "N", "ASSOC_TEV": "                     ", "CLASS": "bcu    ", "ASSOC1": "PMN J1514-0948            ", "ASSOC2": "                          ", "ASSOC_PROB_BAY": 0.9850250482559204, "ASSOC_PROB_LR": 0.9692938327789307, "Redshift": null, "NuPeak_obs": 4786304319488.0, "source_id": 992}