{"Source_Name": "3FGL J1109.4-4815 ", "RAJ2000": 167.36790466308594, "DEJ2000": -48.25630187988281, "GLON": 285.94671630859375, "GLAT": 11.223971366882324, "Conf_68_SemiMajor": 0.08880872279405594, "Conf_68_SemiMinor": 0.07844771444797516, "Conf_68_PosAng": 87.19999694824219, "Conf_95_SemiMajor": 0.14399999380111694, "Conf_95_SemiMinor": 0.12720000743865967, "Conf_95_PosAng": 87.19999694824219, "ROI_num": 392, "Signif_Avg": 6.647478103637695, "Pivot_Energy": 803.4223022460938, "Flux_Density": 1.2832085654473913e-12, "Unc_Flux_Density": 2.0107175744289024e-13, "Flux1000": 4.970432954110038e-10, "Unc_Flux1000": 9.091927211102302e-11, "Energy_Flux100": 7.2731144024063e-12, "Unc_Energy_Flux100": 1.1626249008661604e-12, "Signif_Curve": 2.0128633975982666, "SpectrumType": "PowerLaw        ", "Spectral_Index": 2.494549036026001, "Unc_Spectral_Index": 0.10701078176498413, "beta": null, "Unc_beta": null, "Cutoff": null, "Unc_Cutoff": null, "Exp_Index": null, "Unc_Exp_Index": null, "PowerLaw_Index": 2.494549036026001, "Flux30_100": null, "Unc_Flux30_100": null, "nuFnu30_100": null, "Sqrt_TS30_100": null, "Flux100_300": 1.5361026228788432e-08, "Unc_Flux100_300": [-5.008126802152901e-09, 4.866870906283793e-09], "nuFnu100_300": 3.51872632593786e-12, "Sqrt_TS100_300": 3.117987632751465, "Flux300_1000": 2.4416879629285404e-09, "Unc_Flux300_1000": [-6.254612938683124e-10, 6.45017261824421e-10], "nuFnu300_1000": 1.58342089440211e-12, "Sqrt_TS300_1000": 4.094020843505859, "Flux1000_3000": 4.2285183687873484e-10, "Unc_Flux1000_3000": [-1.1691775325672893e-10, 1.260480331222169e-10], "nuFnu1000_3000": 9.686201493663837e-13, "Sqrt_TS1000_3000": 4.182953357696533, "Flux3000_10000": 4.8596883461815565e-11, "Unc_Flux3000_10000": [-2.4828443120905597e-11, 3.1873299138895916e-11], "nuFnu3000_10000": 3.151480541373902e-13, "Sqrt_TS3000_10000": 2.4031457901000977, "Flux10000_100000": 7.895704055849162e-12, "Unc_Flux10000_100000": [-7.424477699302656e-12, 1.3328644611620977e-11], "nuFnu10000_100000": 1.1657390547661906e-13, "Sqrt_TS10000_100000": 1.1007606983184814, "Variability_Index": 44.54640579223633, "Signif_Peak": null, "Flux_Peak": null, "Unc_Flux_Peak": null, "Time_Peak": null, "Peak_Interval": null, "Flux_History": [0.0, 2.8279368180506026e-08, 8.492094139000983e-09, 8.774708959435884e-09, 2.0718877280501147e-08, 1.1013076672838906e-08, 0.0, 4.6610053594520195e-09, 1.7885717795707023e-08, 0.0, 0.0, 3.6674525638602518e-09, 4.413033138916944e-08, 6.2849419002475315e-09, 2.0092430830231933e-08, 2.3472461307960657e-08, 4.1918127635653946e-08, 1.4176593232662071e-08, 0.0, 0.0, 6.011974029718203e-09, 8.826207320566937e-09, 0.0, 3.171443196947621e-08, 0.0, 8.197334366855102e-09, 2.9330402995242366e-08, 2.294882683884225e-08, 1.7160328269483216e-08, 0.0, 2.647390973109509e-09, 0.0, 2.1763552737752434e-08, 0.0, 2.4222670091944565e-08, 3.074922361179233e-08, 1.5437704448117984e-08, 0.0, 1.2797217507909409e-08, 3.130877335166815e-09, 0.0, 2.0516441878726255e-08, 4.575213807811451e-08, 4.1229622382843445e-08, 2.450015301747044e-08, 2.651635355732651e-08, 2.1080319712041273e-08, 3.0209033496930715e-08], "Unc_Flux_History": [[null, 1.8192611861422847e-08], [-1.699110896424827e-08, 1.9233770132132122e-08], [null, 2.0920792209722094e-08], [null, 1.8463241602262315e-08], [-1.3876309878924076e-08, 1.632238699755817e-08], [null, 2.086776262899548e-08], [null, 1.622875700491022e-08], [null, 2.5323927843601268e-08], [-1.519022596596642e-08, 1.7120790118951845e-08], [null, 1.9230688153015763e-08], [null, 1.0858452803574892e-08], [null, 1.6667573987660944e-08], [-1.9124284378335688e-08, 2.174244961850036e-08], [null, 1.5766783434401077e-08], [null, 2.400623166920468e-08], [-1.627757129085694e-08, 1.7306817312601197e-08], [-1.6791711132668752e-08, 1.781888414598143e-08], [null, 1.6382283973825906e-08], [null, 1.359066015282906e-08], [null, 1.7748785552385016e-08], [null, 1.4836951223173855e-08], [null, 1.8436583815173435e-08], [null, 1.3839080992283925e-08], [-1.6644875699967088e-08, 1.8129357570728644e-08], [null, 1.566086460513816e-08], [null, 2.0525003918692164e-08], [-1.6209970254976724e-08, 1.9574040166503437e-08], [-1.3078777172381706e-08, 1.5628291549774076e-08], [-1.6856720463920283e-08, 1.987225850541563e-08], [null, 1.4470625586682218e-08], [null, 1.6621395815263895e-08], [null, 1.559617679447456e-08], [-1.387537906794023e-08, 1.64229412291661e-08], [null, 1.6914109224330787e-08], [-1.1691097867583267e-08, 1.3204383364495698e-08], [-1.9245346649654493e-08, 2.268046017661618e-08], [-1.0331437039212688e-08, 1.3761726869176982e-08], [null, 1.545207695130557e-08], [null, 1.6943575431582758e-08], [null, 1.4546134963211443e-08], [null, 1.4629071287686202e-08], [-1.5306849121543564e-08, 1.6590771423352635e-08], [-1.7317105971415003e-08, 1.9150794727806897e-08], [-1.4136337433967583e-08, 1.659081760863046e-08], [-1.7149492492762874e-08, 1.9034253284644365e-08], [-1.3373739449207278e-08, 1.57372763709418e-08], [-1.7090727055801835e-08, 1.8764223952416614e-08], [-1.917892689107248e-08, 2.119266717670598e-08]], "Extended_Source_Name": "                  ", "0FGL_Name": "                 ", "1FGL_Name": "                  ", "2FGL_Name": "                  ", "1FHL_Name": "                  ", "ASSOC_GAM1": "               ", "ASSOC_GAM2": "              ", "ASSOC_GAM3": "               ", "TEVCAT_FLAG": "N", "ASSOC_TEV": "                     ", "CLASS1": "bcu  ", "ASSOC1": "PMN J1109-4815            ", "ASSOC2": "                          ", "Flags": 0, "catalog_row_index": 1308}