{"Source_Name": "3FHL J1442.5-4621 ", "RAJ2000": 220.64015197753906, "DEJ2000": -46.35977554321289, "GLON": 322.1549377441406, "GLAT": 12.32292652130127, "Conf_95_SemiMajor": 0.04292561858892441, "Conf_95_SemiMinor": 0.04292561858892441, "Conf_95_PosAng": null, "ROI_num": 425, "Signif_Avg": 4.837787628173828, "Pivot_Energy": 23.268665313720703, "Flux_Density": 6.210879792238611e-13, "Unc_Flux_Density": 2.2665193560953562e-13, "Flux": 3.304629833666972e-11, "Unc_Flux": 1.2060422972803853e-11, "Energy_Flux": 1.94318519608494e-12, "Unc_Energy_Flux": 1.143285769875102e-12, "Signif_Curve": 1.8977469205856323, "SpectrumType": "PowerLaw   ", "Spectral_Index": 1.3460650444030762, "Unc_Spectral_Index": 0.6248841285705566, "beta": 0.9997925758361816, "Unc_beta": 0.02689763717353344, "PowerLaw_Index": 2.189072608947754, "Unc_PowerLaw_Index": 0.40912216901779175, "Flux_Band": [1.0475044442959103e-11, 2.275833861642429e-11, 2.1734912047238764e-12, 9.592591258987838e-20, 2.102546540705252e-17], "Unc_Flux_Band": [[-5.689622384341675e-12, 8.170106084726125e-12], [-8.776738016913477e-12, 1.1254592743870084e-11], [-2.1300407184593473e-12, 4.138198464453957e-12], [null, 4.645109817624782e-12], [null, 5.086676739540774e-12]], "nuFnu": [3.3311374492139834e-13, 1.1995986886129129e-12, 2.5634710825415963e-13, 3.220837095067766e-20, 2.1811374670122826e-17], "Sqrt_TS_Band": [2.9871392250061035, 5.1488938331604, 1.0311329364776611, 0.0, 0.0], "Npred": 10.820511817932129, "HEP_Energy": 30.817800521850586, "HEP_Prob": 0.9890129566192627, "Variability_BayesBlocks": 1, "Extended_Source_Name": "                  ", "ASSOC_GAM": "                  ", "TEVCAT_FLAG": "N", "ASSOC_TEV": "                     ", "CLASS": "bcu    ", "ASSOC1": "SUMSS J144236-462302      ", "ASSOC2": "                          ", "ASSOC_PROB_BAY": 0.0, "ASSOC_PROB_LR": 0.9485409259796143, "Redshift": null, "NuPeak_obs": 3548135565557760.0, "catalog_row_index": 953}