{"Source_Name": "3FGL J1158.8+0941 ", "RAJ2000": 179.71910095214844, "DEJ2000": 9.686699867248535, "GLON": 265.04248046875, "GLAT": 68.59951782226562, "Conf_68_SemiMajor": 0.06845673173666, "Conf_68_SemiMinor": 0.04440436139702797, "Conf_68_PosAng": -1.75, "Conf_95_SemiMajor": 0.11100000143051147, "Conf_95_SemiMinor": 0.07199999690055847, "Conf_95_PosAng": -1.75, "ROI_num": 311, "Signif_Avg": 10.464851379394531, "Pivot_Energy": 1999.8682861328125, "Flux_Density": 1.7789426615816284e-13, "Unc_Flux_Density": 2.3125851074065097e-14, "Flux1000": 6.976190181084974e-10, "Unc_Flux1000": 9.209703832890881e-11, "Energy_Flux100": 7.754818488747706e-12, "Unc_Energy_Flux100": 1.034801584698375e-12, "Signif_Curve": 0.10292290151119232, "SpectrumType": "PowerLaw        ", "Spectral_Index": 2.040104627609253, "Unc_Spectral_Index": 0.10073217749595642, "beta": null, "Unc_beta": null, "Cutoff": null, "Unc_Cutoff": null, "Exp_Index": null, "Unc_Exp_Index": null, "PowerLaw_Index": 2.040104627609253, "Flux30_100": null, "Unc_Flux30_100": null, "nuFnu30_100": null, "Sqrt_TS30_100": null, "Flux100_300": 4.479547843772025e-09, "Unc_Flux100_300": [-3.6854701512822885e-09, 3.827478778362092e-09], "nuFnu100_300": 1.0721798882756817e-12, "Sqrt_TS100_300": 1.1517584323883057, "Flux300_1000": 1.7928344364648297e-09, "Unc_Flux300_1000": [-4.4703302171100745e-10, 4.757422789047894e-10], "nuFnu300_1000": 1.225090883773261e-12, "Sqrt_TS300_1000": 4.331613063812256, "Flux1000_3000": 4.604139292041509e-10, "Unc_Flux1000_3000": [-9.70990579607367e-11, 1.0554232487969273e-10], "nuFnu1000_3000": 1.1020008690298955e-12, "Sqrt_TS1000_3000": 6.144688129425049, "Flux3000_10000": 1.4511607193679055e-10, "Unc_Flux3000_10000": [-3.952723565125993e-11, 4.5715518176558945e-11], "nuFnu3000_10000": 9.916161858650185e-13, "Sqrt_TS3000_10000": 5.4646501541137695, "Flux10000_100000": 8.076554702807215e-11, "Unc_Flux10000_100000": [-2.5195498465357957e-11, 3.049141841793279e-11], "nuFnu10000_100000": 1.4143869452379332e-12, "Sqrt_TS10000_100000": 5.907835960388184, "Variability_Index": 64.53634643554688, "Signif_Peak": null, "Flux_Peak": null, "Unc_Flux_Peak": null, "Time_Peak": null, "Peak_Interval": null, "Flux_History": [1.0375853953803471e-08, 2.660468290116569e-09, 0.0, 5.703347238927847e-10, 6.674817143448308e-09, 6.54526255416954e-09, 0.0, 0.0, 6.946701880394812e-09, 4.985499124643411e-09, 5.0749537905403486e-09, 6.0695488635076345e-09, 9.167142600574607e-09, 1.1547946598966519e-08, 0.0, 4.2308765380028035e-09, 0.0, 0.0, 6.798450691292146e-09, 1.628711210344136e-08, 1.2392670889482815e-08, 2.4642694995691272e-08, 1.3480073057792197e-08, 1.895278955998947e-08, 8.263451256596e-09, 1.0202185762864246e-08, 3.332494458163637e-08, 3.00374622952404e-08, 7.577890315246805e-09, 0.0, 9.115526999892154e-09, 8.761277925373179e-09, 1.3052913416800038e-08, 1.2959123552036544e-08, 6.428038989980678e-09, 4.709987955209272e-09, 0.0, 1.3338531168471945e-08, 1.8084065800394455e-08, 1.351154965689716e-09, 0.0, 8.618917801683779e-10, 1.3965046896657896e-08, 2.0064382155737803e-08, 5.037044115141498e-09, 2.816702704411256e-10, 1.8921111788472444e-08, 6.4896044094098215e-09], "Unc_Flux_History": [[-7.577448002393794e-09, 9.163596104144744e-09], [null, 5.323223195574656e-09], [null, 5.904398303613334e-09], [null, 8.114179550489098e-09], [-4.87600360088436e-09, 6.397553153902891e-09], [null, 7.602969809283877e-09], [null, 3.858071639939453e-09], [null, 8.074348301079226e-09], [-4.3840477914613984e-09, 5.171255423874754e-09], [-3.993222641440752e-09, 5.8720655005117806e-09], [null, 7.424705295022704e-09], [-4.555906318870484e-09, 6.150514764158288e-09], [-6.181421152717803e-09, 7.885809338858962e-09], [-5.810632419667172e-09, 7.883489416826706e-09], [null, 8.552273556006185e-09], [null, 1.024764095802766e-08], [null, 6.3917453552164716e-09], [null, 6.268355168259632e-09], [-5.398073987805674e-09, 8.099410919726324e-09], [-6.956921705381092e-09, 8.66075033911784e-09], [-6.625604065391144e-09, 8.178825616766972e-09], [-9.48701295300225e-09, 1.0723955057301282e-08], [-8.970905795990802e-09, 1.032953189650243e-08], [-7.823977021814699e-09, 9.265362699295565e-09], [-6.450871836705119e-09, 8.214507296600004e-09], [-6.4062319893309905e-09, 9.161844616301096e-09], [-1.0168627717632717e-08, 1.1628112694950232e-08], [-1.0601364230922172e-08, 1.1924100817850558e-08], [-6.315268752388192e-09, 8.177154953159516e-09], [null, 5.0900506032292014e-09], [-5.3839142033496046e-09, 7.393236689523519e-09], [-6.507146377288109e-09, 9.071078999056681e-09], [-7.2647154958360716e-09, 9.372146614339272e-09], [-7.331700135893016e-09, 9.267235867582713e-09], [-4.088351435171944e-09, 5.989313933696394e-09], [null, 9.02964725213451e-09], [null, 1.239161928623389e-08], [-7.317242811666347e-09, 9.339723661128119e-09], [-7.69818342405415e-09, 9.174855541971283e-09], [null, 8.44071657013501e-09], [null, 7.693850889722853e-09], [null, 8.099977577558093e-09], [-6.590826995278576e-09, 8.439836385321087e-09], [-8.360516723371347e-09, 9.96392657270917e-09], [null, 1.0876933131953592e-08], [null, 7.2640671255896905e-09], [-7.72042696439712e-09, 9.342604023743206e-09], [-4.687740418063413e-09, 7.380835942427666e-09]], "Extended_Source_Name": "                  ", "0FGL_Name": "                 ", "1FGL_Name": "                  ", "2FGL_Name": "2FGL J1158.8+0939 ", "1FHL_Name": "                  ", "ASSOC_GAM1": "               ", "ASSOC_GAM2": "              ", "ASSOC_GAM3": "               ", "TEVCAT_FLAG": "N", "ASSOC_TEV": "                     ", "CLASS1": "bll  ", "ASSOC1": "GB6 J1158+0937            ", "ASSOC2": "                          ", "Flags": 0, "source_id": 1412}