{"Source_Name": "3FGL J2110.3+3540 ", "RAJ2000": 317.5845031738281, "DEJ2000": 35.66849899291992, "GLON": 80.48275756835938, "GLAT": -8.39439868927002, "Conf_68_SemiMajor": 0.1781725138425827, "Conf_68_SemiMinor": 0.12895767390727997, "Conf_68_PosAng": 84.02999877929688, "Conf_95_SemiMajor": 0.2888999879360199, "Conf_95_SemiMinor": 0.20909999310970306, "Conf_95_PosAng": 84.02999877929688, "ROI_num": 117, "Signif_Avg": 5.5292744636535645, "Pivot_Energy": 600.638427734375, "Flux_Density": 2.5028477554367434e-12, "Unc_Flux_Density": 4.233378513192332e-13, "Flux1000": 3.952165816833997e-10, "Unc_Flux1000": 9.164315140086643e-11, "Energy_Flux100": 7.045733354388295e-12, "Unc_Energy_Flux100": 1.2347910237700543e-12, "Signif_Curve": 1.0492017269134521, "SpectrumType": "PowerLaw        ", "Spectral_Index": 2.6446986198425293, "Unc_Spectral_Index": 0.1423531472682953, "beta": null, "Unc_beta": null, "Cutoff": null, "Unc_Cutoff": null, "Exp_Index": null, "Unc_Exp_Index": null, "PowerLaw_Index": 2.6446986198425293, "Flux30_100": null, "Unc_Flux30_100": null, "nuFnu30_100": null, "Sqrt_TS30_100": null, "Flux100_300": 1.0517982929059144e-08, "Unc_Flux100_300": [-5.4726303488905614e-09, 5.741491282407196e-09], "nuFnu100_300": 2.3756946930519884e-12, "Sqrt_TS100_300": 1.8786615133285522, "Flux300_1000": 2.2460528992240825e-09, "Unc_Flux300_1000": [-6.796194718106108e-10, 7.024184567328007e-10], "nuFnu300_1000": 1.4324912783747479e-12, "Sqrt_TS300_1000": 3.4084227085113525, "Flux1000_3000": 4.1677308826315596e-10, "Unc_Flux1000_3000": [-1.2437552376898253e-10, 1.3354269079446368e-10], "nuFnu1000_3000": 9.413646077927051e-13, "Sqrt_TS1000_3000": 3.7427570819854736, "Flux3000_10000": 5.123978671917051e-11, "Unc_Flux3000_10000": [-2.822811255576152e-11, 3.497900233351281e-11], "nuFnu3000_10000": 3.2679794200601853e-13, "Sqrt_TS3000_10000": 2.1526801586151123, "Flux10000_100000": 1.5703292039913243e-15, "Unc_Flux10000_100000": [null, 1.2422013938306886e-11], "nuFnu10000_100000": 2.2053096697445522e-17, "Sqrt_TS10000_100000": 0.0, "Variability_Index": 53.959896087646484, "Signif_Peak": null, "Flux_Peak": null, "Unc_Flux_Peak": null, "Time_Peak": null, "Peak_Interval": null, "Flux_History": [0.0, 3.5882870008663303e-08, 4.8927692120059874e-08, 5.6856247709902163e-08, 1.1974957914162587e-08, 6.871552216125565e-08, 3.725805086673972e-08, 1.703322638491045e-08, 0.0, 7.907491550440682e-08, 1.4558413141685378e-08, 1.153120710029043e-09, 1.858054687886579e-08, 3.0048055155162956e-09, 2.0998829342033787e-08, 1.3012395605471738e-08, 0.0, 0.0, 1.2710969166107589e-08, 1.136507954413446e-08, 1.1885320283511192e-08, 2.9453770977738714e-08, 0.0, 0.0, 0.0, 3.8985028538718325e-09, 7.202172636056048e-09, 0.0, 0.0, 1.2330402476834479e-08, 0.0, 0.0, 3.640599643972564e-08, 2.6788898210838852e-08, 1.3848413971118134e-08, 3.2624701162831116e-08, 0.0, 6.34687769007769e-09, 3.1359469687686214e-08, 3.001804671498576e-08, 0.0, 7.432412463259652e-09, 1.2242283853325375e-09, 1.3073120364026636e-09, 0.0, 2.9242709587151694e-08, 1.3731111359049919e-08, 0.0], "Unc_Flux_History": [[null, 1.529057236382414e-08], [-2.1280767370512876e-08, 2.3448023966921028e-08], [-2.0176608828137432e-08, 2.172885338325159e-08], [-2.107191754419091e-08, 2.4454463343204225e-08], [null, 1.832442997340422e-08], [-2.1399356953111237e-08, 2.3321701903000758e-08], [-1.8643625310232892e-08, 2.1399726435333832e-08], [null, 2.0712807469180916e-08], [null, 1.9942431705999297e-08], [-2.231171514210928e-08, 2.3735072574027072e-08], [null, 2.238832941259261e-08], [null, 2.2255862930364856e-08], [null, 2.066478010931405e-08], [null, 2.14419380029085e-08], [-1.9822595120899678e-08, 2.447684366302383e-08], [null, 1.8607487106692133e-08], [null, 2.0970931657871006e-08], [null, 1.6778995970412325e-08], [-1.0714154008439891e-08, 1.6105834887980564e-08], [null, 2.070621718530674e-08], [null, 1.7128847673575365e-08], [-1.9488895830477304e-08, 2.2264787347126003e-08], [null, 1.880166955459117e-08], [null, 1.8096306675374763e-08], [null, 2.0743915030152493e-08], [null, 2.6681307829790057e-08], [null, 1.829718776491518e-08], [null, 1.8213055952287505e-08], [null, 1.4993281283182114e-08], [null, 1.699240570474103e-08], [null, 2.0732484173890953e-08], [null, 1.2290541917536757e-08], [-1.8071265373009737e-08, 2.123132603060185e-08], [-1.891739742632126e-08, 2.1207732459060935e-08], [-1.2728784248849934e-08, 1.5955823329250052e-08], [-1.9155510955215505e-08, 2.1499205971053925e-08], [null, 1.6202555741529068e-08], [null, 2.1793486126853168e-08], [-2.0059605532196656e-08, 2.101670837362235e-08], [-2.117113595545561e-08, 2.1994098986510835e-08], [null, 2.0561699898280494e-08], [null, 2.110991559334252e-08], [null, 2.6176033784963693e-08], [null, 2.0121698085517892e-08], [null, 2.1349899625988655e-08], [-2.2005890443210774e-08, 2.239363361411506e-08], [null, 2.052721193024354e-08], [null, 2.0894873387078405e-08]], "Extended_Source_Name": "                  ", "0FGL_Name": "                 ", "1FGL_Name": "                  ", "2FGL_Name": "                  ", "1FHL_Name": "                  ", "ASSOC_GAM1": "               ", "ASSOC_GAM2": "              ", "ASSOC_GAM3": "               ", "TEVCAT_FLAG": "N", "ASSOC_TEV": "                     ", "CLASS1": "bcu  ", "ASSOC1": "B2 2107+35A               ", "ASSOC2": "                          ", "Flags": 1, "catalog_row_index": 2738}