{"Source_Name": "3FHL J1226.7+0635 ", "RAJ2000": 186.6859588623047, "DEJ2000": 6.5968146324157715, "GLON": 285.87103271484375, "GLAT": 68.64669036865234, "Conf_95_SemiMajor": 0.0508895143866539, "Conf_95_SemiMinor": 0.0508895143866539, "Conf_95_PosAng": null, "ROI_num": 106, "Signif_Avg": 6.228940486907959, "Pivot_Energy": 25.957483291625977, "Flux_Density": 6.462661352249488e-13, "Unc_Flux_Density": 2.1407620684824047e-13, "Flux": 4.3516388409381435e-11, "Unc_Flux": 1.4529399385010411e-11, "Energy_Flux": 2.655394567424585e-12, "Unc_Energy_Flux": 1.3912788022346634e-12, "Signif_Curve": 0.2445584237575531, "SpectrumType": "PowerLaw   ", "Spectral_Index": 2.0645573139190674, "Unc_Spectral_Index": 0.5904282927513123, "beta": 0.06669140607118607, "Unc_beta": 0.32679569721221924, "PowerLaw_Index": 2.1573760509490967, "Unc_PowerLaw_Index": 0.3783346712589264, "Flux_Band": [2.9024846762149004e-11, 7.219939490016314e-12, 8.85804450623251e-12, 8.79444937113811e-21, 1.1237480862183378e-21], "Unc_Flux_Band": [[-1.0911841742677897e-11, 1.3888364416847487e-11], [-4.256147084075179e-12, 6.746742487601098e-12], [-4.758487874567674e-12, 7.31583110064049e-12], [null, 5.437633416455201e-12], [null, 6.250213020753126e-12]], "nuFnu": [9.241679687146953e-13, 3.813916413589191e-13, 1.047973014790815e-12, 2.963759054209088e-21, 1.1713980111969754e-21], "Sqrt_TS_Band": [5.142489910125732, 2.7147016525268555, 4.285581588745117, 0.0, 0.0], "Npred": 11.789929389953613, "HEP_Energy": 149.07400512695312, "HEP_Prob": 0.9986360669136047, "Variability_BayesBlocks": 1, "Extended_Source_Name": "                  ", "ASSOC_GAM": "3FGL J1226.8+0638 ", "TEVCAT_FLAG": "N", "ASSOC_TEV": "                     ", "CLASS": "bll    ", "ASSOC1": "1RXS J122645.2+063906     ", "ASSOC2": "                          ", "ASSOC_PROB_BAY": 0.9922027587890625, "ASSOC_PROB_LR": 0.0, "Redshift": null, "NuPeak_obs": 7079463850344448.0, "source_id": 791}