{"source_id": 136, "common_name": "SNR G054.1+00.3", "gamma_names": "VER J1930+188", "fermi_names": "", "other_names": "PSR J1930+1852", "where": "gal", "classes": "pwn,snr", "discoverer": "veritas", "seen_by": "veritas", "discovery_date": "2009-07", "tevcat_id": 193, "tevcat2_id": "F0Luol", "tevcat_name": "TeV J1930+188", "tgevcat_id": 136, "tgevcat_name": "TeV J1930+1852", "reference_id": "2010ApJ...719L..69A", "significance": 7.0, "livetime": 36.599998474121094, "ra": 292.62921142578125, "dec": 18.867000579833984, "glon": 54.09474182128906, "glat": 0.26045286655426025, "pos_ra": 292.6333312988281, "pos_dec": 18.8700008392334, "pos_glon": 54.09925079345703, "pos_glat": 0.25846338272094727, "pos_err": 0.024056261405348778, "morph_type": "gauss", "morph_sigma": 0.054999999701976776, "morph_sigma_err": 0.008333333767950535, "morph_sigma2": null, "morph_sigma2_err": null, "morph_pa": null, "morph_pa_err": null, "morph_pa_frame": "", "spec_type": "pl", "spec_pl_norm": 7.499999970031479e-13, "spec_pl_norm_err": 1.199999978942004e-13, "spec_pl_norm_err_sys": 1.4999999397961872e-13, "spec_pl_index": 2.390000104904175, "spec_pl_index_err": 0.23000000417232513, "spec_pl_index_err_sys": 0.30000001192092896, "spec_pl_e_ref": 1.0, "spec_pl2_flux": null, "spec_pl2_flux_err": null, "spec_pl2_flux_err_sys": null, "spec_pl2_index": null, "spec_pl2_index_err": null, "spec_pl2_index_err_sys": null, "spec_pl2_e_min": null, "spec_pl2_e_max": null, "spec_ecpl_norm": null, "spec_ecpl_norm_err": null, "spec_ecpl_norm_err_sys": null, "spec_ecpl_index": null, "spec_ecpl_index_err": null, "spec_ecpl_index_err_sys": null, "spec_ecpl_e_cut": null, "spec_ecpl_e_cut_err": null, "spec_ecpl_e_cut_err_sys": null, "spec_ecpl_e_ref": null, "spec_erange_min": 0.25, "spec_erange_max": 4.0, "spec_theta": 0.15000000596046448, "spec_dnde_1TeV": 7.499999970031479e-13, "spec_dnde_1TeV_err": 1.199999978942004e-13, "spec_flux_1TeV": 5.395683357577175e-13, "spec_flux_1TeV_err": 1.2419397650044461e-13, "spec_flux_1TeV_crab": 2.601027011871338, "spec_flux_1TeV_crab_err": 0.5986857414245605, "spec_eflux_1TeV_10TeV": 1.8259259122049842e-12, "spec_eflux_1TeV_10TeV_err": 5.051422604859801e-13, "sed_reference_id": "2010ApJ...719L..69A", "sed_n_points": 5, "sed_n_ul": 2, "sed_e_ref": [0.31071001291275024, 0.49243998527526855, 0.7804700136184692, 1.2369699478149414, 1.9604599475860596, 3.1071200370788574, 4.924459934234619, null, null, null, null, null, null, null, null, null, null, null, null, null, null, null, null, null, null, null, null, null, null, null, null, null, null, null, null, null, null, null, null, null], "sed_e_min": [null, null, null, null, null, null, null, null, null, null, null, null, null, null, null, null, null, null, null, null, null, null, null, null, null, null, null, null, null, null, null, null, null, null, null, null, null, null, null, null], "sed_e_max": [null, null, null, null, null, null, null, null, null, null, null, null, null, null, null, null, null, null, null, null, null, null, null, null, null, null, null, null, null, null, null, null, null, null, null, null, null, null, null, null], "sed_dnde": [1.0979999895410764e-11, 4.235839977384526e-12, 1.1182400491693834e-12, 6.167139823994028e-13, null, 3.9478799596830497e-14, null, null, null, null, null, null, null, null, null, null, null, null, null, null, null, null, null, null, null, null, null, null, null, null, null, null, null, null, null, null, null, null, null, null], "sed_dnde_err": [5.660210147806488e-12, 1.4340200034379524e-12, 4.5377799282909914e-13, 1.6580099381109659e-13, null, 2.1169899532924412e-14, null, null, null, null, null, null, null, null, null, null, null, null, null, null, null, null, null, null, null, null, null, null, null, null, null, null, null, null, null, null, null, null, null, null], "sed_dnde_errp": [null, null, null, null, null, null, null, null, null, null, null, null, null, null, null, null, null, null, null, null, null, null, null, null, null, null, null, null, null, null, null, null, null, null, null, null, null, null, null, null], "sed_dnde_errn": [null, null, null, null, null, null, null, null, null, null, null, null, null, null, null, null, null, null, null, null, null, null, null, null, null, null, null, null, null, null, null, null, null, null, null, null, null, null, null, null], "sed_dnde_ul": [null, null, null, null, 2.893590044222155e-13, null, 3.805709884057741e-14, null, null, null, null, null, null, null, null, null, null, null, null, null, null, null, null, null, null, null, null, null, null, null, null, null, null, null, null, null, null, null, null, null], "catalog_row_index": 146}