{"Source_Name": "3FGL J0610.6+1728 ", "RAJ2000": 92.66790008544922, "DEJ2000": 17.47209930419922, "GLON": 192.79933166503906, "GLAT": -0.7620363831520081, "Conf_68_SemiMajor": 0.10064990073442459, "Conf_68_SemiMinor": 0.07030691206455231, "Conf_68_PosAng": -30.3700008392334, "Conf_95_SemiMajor": 0.1632000058889389, "Conf_95_SemiMinor": 0.11400000005960464, "Conf_95_PosAng": -30.3700008392334, "ROI_num": 39, "Signif_Avg": 10.006288528442383, "Pivot_Energy": 903.2896728515625, "Flux_Density": 5.218648863741793e-12, "Unc_Flux_Density": 6.233425776415447e-13, "Flux1000": 1.5289475241431205e-09, "Unc_Flux1000": 3.0667313133392327e-10, "Energy_Flux100": 1.6492491400343923e-11, "Unc_Energy_Flux100": 1.9838590405857337e-12, "Signif_Curve": 5.8530402183532715, "SpectrumType": "LogParabola     ", "Spectral_Index": 2.8348546028137207, "Unc_Spectral_Index": 0.2717289328575134, "beta": 0.8023179173469543, "Unc_beta": 0.2473929226398468, "Cutoff": null, "Unc_Cutoff": null, "Exp_Index": null, "Unc_Exp_Index": null, "PowerLaw_Index": 2.4558842182159424, "Flux30_100": null, "Unc_Flux30_100": null, "nuFnu30_100": null, "Sqrt_TS30_100": null, "Flux100_300": 1.6036588945667063e-08, "Unc_Flux100_300": [-4.295504840712283e-09, 4.40684999603036e-09], "nuFnu100_300": 4.600519618036536e-12, "Sqrt_TS100_300": 3.769580602645874, "Flux300_1000": 9.77164216209303e-09, "Unc_Flux300_1000": [-1.3716512370365308e-09, 1.3896386263922977e-09], "nuFnu300_1000": 6.683516153710434e-12, "Sqrt_TS300_1000": 7.4685235023498535, "Flux1000_3000": 1.2123269055308583e-09, "Unc_Flux1000_3000": [-2.9072436125154866e-10, 3.0063998512908086e-10], "nuFnu1000_3000": 2.46914814983068e-12, "Sqrt_TS1000_3000": 4.441007614135742, "Flux3000_10000": 8.41498190573553e-11, "Unc_Flux3000_10000": [-5.3211449135837086e-11, 6.186073181480012e-11], "nuFnu3000_10000": 4.393053303942962e-13, "Sqrt_TS3000_10000": 1.6820851564407349, "Flux10000_100000": 2.1252773846347495e-11, "Unc_Flux10000_100000": [-1.3556796310543184e-11, 1.9809849940988222e-11], "nuFnu10000_100000": 1.9691244620111126e-13, "Sqrt_TS10000_100000": 2.0326263904571533, "Variability_Index": 53.201114654541016, "Signif_Peak": null, "Flux_Peak": null, "Unc_Flux_Peak": null, "Time_Peak": null, "Peak_Interval": null, "Flux_History": [4.386488683394418e-08, 3.120949543244933e-08, 2.4925924435592606e-08, 1.5084891558103664e-08, 3.0986281984723973e-08, 1.3372495111241278e-08, 4.250387419801882e-08, 5.7105900452825153e-08, 3.117987645850917e-08, 1.4819884874839317e-08, 7.710959870621537e-09, 2.3902250845253548e-08, 1.1563243695889014e-08, 3.429977724067612e-08, 3.6494508748319276e-08, 9.054294203281188e-09, 9.321067473422318e-09, 1.5513133000411017e-09, 2.2794123921698883e-08, 1.5255615437581582e-08, 2.4504791085178113e-08, 3.3410955779800133e-08, 3.695267380976475e-08, 0.0, 7.56534834778222e-09, 5.0542297458378016e-08, 4.997273350682008e-08, 2.8030514798160766e-08, 4.384152418879239e-08, 0.0, 3.481934740534598e-08, 3.77083715363824e-08, 4.300729017359117e-08, 3.674873383374688e-08, 5.776041334115689e-08, 2.2808507083027507e-08, 2.440552293592191e-08, 8.155376818308469e-09, 1.7801419005536445e-08, 5.926529667021896e-08, 5.790672830130461e-08, 4.798536323846747e-08, 0.0, 2.7745302944026662e-08, 1.8392016798429722e-09, 4.861462787886239e-09, 4.804600450825092e-08, 9.26342291762694e-09], "Unc_Flux_History": [[-1.9126963124449503e-08, 2.023126555172894e-08], [-1.4424446526106749e-08, 1.529749837914096e-08], [-1.619618394954614e-08, 1.739749855289574e-08], [-1.4048562313462298e-08, 1.4724049535175254e-08], [-1.6107605915749446e-08, 1.7528492435303633e-08], [null, 1.3393854025878227e-08], [-1.4728108510553284e-08, 1.5702228850500433e-08], [-1.7097892879291976e-08, 1.8296463011324704e-08], [-1.3997518699682132e-08, 1.4868464681683236e-08], [-1.4427264716232457e-08, 1.5373377237892782e-08], [null, 1.400261950834647e-08], [-1.6274713132702345e-08, 1.727964793474257e-08], [null, 1.4924211200195714e-08], [-1.66772426979378e-08, 1.8319541439382192e-08], [-1.7732386226043673e-08, 1.9628195957466232e-08], [null, 1.686004225120996e-08], [null, 1.7754050674056998e-08], [null, 1.8293675907443685e-08], [-1.633662805033964e-08, 1.7431782239896165e-08], [null, 1.607249444646186e-08], [-1.7225580961621745e-08, 1.867239518560382e-08], [-1.601406118822979e-08, 1.7217052672435784e-08], [-1.8462140261021887e-08, 1.9745982626773184e-08], [null, 1.820355954862407e-08], [null, 1.6446254136326388e-08], [-1.58208592893061e-08, 1.669394400494184e-08], [-1.763275747634907e-08, 1.9030828468658e-08], [-1.7031942078915563e-08, 1.8356997699697786e-08], [-1.7916571337650566e-08, 1.9289938535393958e-08], [null, 1.5072130210569412e-08], [-1.6389634538427345e-08, 1.7417924880192004e-08], [-1.7894151937980496e-08, 1.9394231998148825e-08], [-1.7361148962891093e-08, 1.8527833489656587e-08], [-1.7742506130957736e-08, 1.8407654067686963e-08], [-1.951902994790089e-08, 2.041095470417531e-08], [-1.677800653965278e-08, 1.8057491502077028e-08], [-1.5412338072451348e-08, 1.6595093299542896e-08], [null, 1.4869063313938113e-08], [-1.6280043979577385e-08, 1.7618678072039984e-08], [-1.748895961384278e-08, 1.861137910452726e-08], [-1.9712661725179714e-08, 2.0814846735106585e-08], [-1.7664431695152416e-08, 1.9434748921298706e-08], [null, 1.4787195468102254e-08], [-1.6163683724812472e-08, 1.75858705375731e-08], [null, 1.7051489109576323e-08], [null, 1.7608488889209184e-08], [-1.890806622384389e-08, 1.976149022198115e-08], [null, 1.4760884070597058e-08]], "Extended_Source_Name": "                  ", "0FGL_Name": "                 ", "1FGL_Name": "                  ", "2FGL_Name": "                  ", "1FHL_Name": "                  ", "ASSOC_GAM1": "               ", "ASSOC_GAM2": "              ", "ASSOC_GAM3": "               ", "TEVCAT_FLAG": "N", "ASSOC_TEV": "                     ", "CLASS1": "spp  ", "ASSOC1": "                          ", "ASSOC2": "                          ", "Flags": 0, "catalog_row_index": 686}