{"Source_Name": "3FGL J2007.3+6605 ", "RAJ2000": 301.83489990234375, "DEJ2000": 66.09249877929688, "GLON": 99.24855041503906, "GLAT": 17.43243980407715, "Conf_68_SemiMajor": 0.07437731325626373, "Conf_68_SemiMinor": 0.06265949457883835, "Conf_68_PosAng": 84.94999694824219, "Conf_95_SemiMajor": 0.12060000002384186, "Conf_95_SemiMinor": 0.10159999877214432, "Conf_95_PosAng": 84.94999694824219, "ROI_num": 772, "Signif_Avg": 8.238783836364746, "Pivot_Energy": 584.162109375, "Flux_Density": 3.2515544076683334e-12, "Unc_Flux_Density": 4.0764166673278035e-13, "Flux1000": 5.081806087048335e-10, "Unc_Flux1000": 8.358443798206494e-11, "Energy_Flux100": 8.391327563361806e-12, "Unc_Energy_Flux100": 1.0618486341942845e-12, "Signif_Curve": 1.5087043046951294, "SpectrumType": "PowerLaw        ", "Spectral_Index": 2.589818239212036, "Unc_Spectral_Index": 0.09160437434911728, "beta": null, "Unc_beta": null, "Cutoff": null, "Unc_Cutoff": null, "Exp_Index": null, "Unc_Exp_Index": null, "PowerLaw_Index": 2.589818239212036, "Flux30_100": null, "Unc_Flux30_100": null, "nuFnu30_100": null, "Sqrt_TS30_100": null, "Flux100_300": 1.6081662224110005e-08, "Unc_Flux100_300": [-4.4331756043902715e-09, 4.5356576272581606e-09], "nuFnu100_300": 3.650969717522434e-12, "Sqrt_TS100_300": 3.6109533309936523, "Flux300_1000": 3.929357283993795e-09, "Unc_Flux300_1000": [-6.178971778680875e-10, 6.307716571285482e-10], "nuFnu300_1000": 2.5212698682303136e-12, "Sqrt_TS300_1000": 6.790140628814697, "Flux1000_3000": 4.0219957919696014e-10, "Unc_Flux1000_3000": [-1.0987109139160012e-10, 1.1582722975189697e-10], "nuFnu1000_3000": 9.13101191879484e-13, "Sqrt_TS1000_3000": 4.131677150726318, "Flux3000_10000": 8.173489662866018e-11, "Unc_Flux3000_10000": [-2.7621184853221514e-11, 3.272444815127784e-11], "nuFnu3000_10000": 5.244514674970779e-13, "Sqrt_TS3000_10000": 4.145665168762207, "Flux10000_100000": 7.070564328524962e-15, "Unc_Flux10000_100000": [null, 1.230261378881714e-11], "nuFnu10000_100000": 1.0108906106328077e-16, "Sqrt_TS10000_100000": 0.0, "Variability_Index": 76.30522918701172, "Signif_Peak": 3.1957693099975586, "Flux_Peak": 5.421652105042085e-08, "Unc_Flux_Peak": 1.9204202672540305e-08, "Time_Peak": 261684992.0, "Peak_Interval": 2630000.0, "Flux_History": [1.4123022751277858e-08, 3.6862766172873762e-09, 2.717500358073721e-08, 0.0, 1.0197994670946287e-09, 3.098973522241977e-08, 1.1562211632565322e-08, 3.899384637406911e-08, 5.421652105042085e-08, 0.0, 0.0, 1.9136193074587027e-08, 4.123096886132771e-08, 9.739992812285436e-09, 2.5276007065144768e-08, 0.0, 2.6782144502135452e-08, 0.0, 0.0, 1.2330414023153935e-08, 0.0, 3.134701387352834e-09, 0.0, 2.6802522867797052e-08, 0.0, 0.0, 0.0, 3.677900295429026e-08, 5.208314490801058e-08, 4.2512038334052704e-08, 2.1941374939160596e-08, 0.0, 1.6518026058065516e-08, 4.0775759657663e-08, 4.059359071106883e-08, 4.493541894134978e-08, 2.1743638001225918e-08, 0.0, 1.2521547354538143e-08, 0.0, 6.59185239726412e-09, 1.9310686383278153e-08, 5.2529507854615076e-08, 6.064286406370911e-09, 3.755771516011919e-08, 2.5888018839737015e-08, 0.0, 2.1750869549919116e-08], "Unc_Flux_History": [[null, 1.680634476031173e-08], [null, 1.9416537710981174e-08], [-1.5058081004326596e-08, 1.6855654649816643e-08], [null, 1.4606101217395917e-08], [null, 2.015543643096862e-08], [-1.995628906570346e-08, 2.1624822821308953e-08], [null, 2.1500012437059013e-08], [-1.96131857421733e-08, 2.1351242551759242e-08], [-1.9204202672540305e-08, 2.0777026321638914e-08], [null, 1.586566611422313e-08], [null, 1.656922776760439e-08], [-1.7394851781205034e-08, 1.868717092179395e-08], [-1.776758296045955e-08, 1.897144663587369e-08], [null, 1.3132540388482994e-08], [-1.2850891906168727e-08, 1.554401585224241e-08], [null, 1.5256789609452426e-08], [-1.5357855431830103e-08, 1.658396975301457e-08], [null, 1.4753034349723748e-08], [null, 1.3756647376794717e-08], [null, 1.3629372297430109e-08], [null, 1.0829412921964376e-08], [null, 1.5037615597179865e-08], [null, 1.546831107646085e-08], [-1.5307325185176524e-08, 1.6637502042726737e-08], [null, 1.013680783756854e-08], [null, 9.454097060768163e-09], [null, 1.1908414698780234e-08], [-1.520298553714383e-08, 1.6438955086073292e-08], [-1.7950611663763993e-08, 1.9111267235416562e-08], [-1.5619821880363816e-08, 1.6612569098128915e-08], [-1.6865135066268522e-08, 1.7595848333940012e-08], [null, 1.1344297945470316e-08], [-1.4215317811760997e-08, 1.653675774093699e-08], [-1.6269117608658235e-08, 1.7464474311168487e-08], [-1.5974512379557382e-08, 1.6963674909220572e-08], [-1.580682251756116e-08, 1.7148723330251414e-08], [-1.3901867212950947e-08, 1.5801033370621553e-08], [null, 1.231585766703347e-08], [-1.2521547354538143e-08, 1.3892905492696173e-08], [null, 1.4389637037481862e-08], [null, 1.4394959890751124e-08], [-1.1898480423155888e-08, 1.3850392832637226e-08], [-1.7940205765398787e-08, 1.899401347316143e-08], [null, 1.3877116344929163e-08], [-1.5025541699742462e-08, 1.6545248726629325e-08], [-1.5641482775663462e-08, 1.6782793821334963e-08], [null, 1.8472862350904506e-08], [-1.7963882825711153e-08, 1.9475709933658436e-08]], "Extended_Source_Name": "                  ", "0FGL_Name": "                 ", "1FGL_Name": "                  ", "2FGL_Name": "                  ", "1FHL_Name": "                  ", "ASSOC_GAM1": "               ", "ASSOC_GAM2": "              ", "ASSOC_GAM3": "               ", "TEVCAT_FLAG": "N", "ASSOC_TEV": "                     ", "CLASS1": "fsrq ", "ASSOC1": "TXS 2007+659              ", "ASSOC2": "                          ", "Flags": 16, "source_id": 2587}