{"Source_Name": "3FHL J0651.1+4015 ", "RAJ2000": 102.78974914550781, "DEJ2000": 40.25225830078125, "GLON": 175.9139404296875, "GLAT": 17.086143493652344, "Conf_95_SemiMajor": 0.035013362765312195, "Conf_95_SemiMinor": 0.035013362765312195, "Conf_95_PosAng": null, "ROI_num": 52, "Signif_Avg": 5.665744304656982, "Pivot_Energy": 19.499256134033203, "Flux_Density": 9.351582008765291e-13, "Unc_Flux_Density": 3.194208948991556e-13, "Flux": 3.3079639721877996e-11, "Unc_Flux": 1.1294558170671376e-11, "Energy_Flux": 1.4517030156105393e-12, "Unc_Energy_Flux": 7.766953313143032e-13, "Signif_Curve": 0.4644608497619629, "SpectrumType": "PowerLaw   ", "Spectral_Index": 2.7251861095428467, "Unc_Spectral_Index": 0.7142643332481384, "beta": -0.13791516423225403, "Unc_beta": 0.30862298607826233, "PowerLaw_Index": 2.4834113121032715, "Unc_PowerLaw_Index": 0.488173246383667, "Flux_Band": [2.7447587605533563e-11, 8.327200095047238e-17, 2.029356607489825e-17, 3.0733451807790635e-12, 1.961069335314026e-22], "Unc_Flux_Band": [[-8.89511728163761e-12, 1.1052889506424357e-11], [null, 6.497165219027101e-12], [null, 5.896788266013253e-12], [-2.14106054934049e-12, 4.213961644905506e-12], [null, 5.005755358833408e-12]], "nuFnu": [8.628135098748269e-13, 4.302637858837452e-18, 2.3267569063060166e-18, 9.977696837151773e-13, 1.9470899627670407e-22], "Sqrt_TS_Band": [5.884893894195557, 0.0, 0.0, 3.7713959217071533, 0.0], "Npred": 10.906047821044922, "HEP_Energy": 158.60400390625, "HEP_Prob": 0.9982143044471741, "Variability_BayesBlocks": 1, "Extended_Source_Name": "                  ", "ASSOC_GAM": "3FGL J0651.3+4014 ", "TEVCAT_FLAG": "N", "ASSOC_TEV": "                     ", "CLASS": "bcu    ", "ASSOC1": "RX J0651.0+4013           ", "ASSOC2": "                          ", "ASSOC_PROB_BAY": 0.9977973699569702, "ASSOC_PROB_LR": 0.9062952399253845, "Redshift": null, "NuPeak_obs": 2818381698826240.0, "catalog_row_index": 424}