{"Source_Name": "3FGL J1624.2-3957 ", "RAJ2000": 246.06610107421875, "DEJ2000": -39.956600189208984, "GLON": 341.10211181640625, "GLAT": 6.647088527679443, "Conf_68_SemiMajor": 0.0822097510099411, "Conf_68_SemiMinor": 0.0726504698395729, "Conf_68_PosAng": -72.47000122070312, "Conf_95_SemiMajor": 0.13330000638961792, "Conf_95_SemiMinor": 0.11779999732971191, "Conf_95_PosAng": -72.47000122070312, "ROI_num": 178, "Signif_Avg": 5.106809139251709, "Pivot_Energy": 973.5352783203125, "Flux_Density": 1.411890461315568e-12, "Unc_Flux_Density": 2.550781309264283e-13, "Flux1000": 8.678592289257381e-10, "Unc_Flux1000": 1.7349137404476522e-10, "Energy_Flux100": 1.3091083772565071e-11, "Unc_Energy_Flux100": 2.531634407318406e-12, "Signif_Curve": 0.949181854724884, "SpectrumType": "PowerLaw        ", "Spectral_Index": 2.5197935104370117, "Unc_Spectral_Index": 0.1260211169719696, "beta": null, "Unc_beta": null, "Cutoff": null, "Unc_Cutoff": null, "Exp_Index": null, "Unc_Exp_Index": null, "PowerLaw_Index": 2.5197935104370117, "Flux30_100": null, "Unc_Flux30_100": null, "nuFnu30_100": null, "Sqrt_TS30_100": null, "Flux100_300": 2.6240265071919566e-08, "Unc_Flux100_300": [-9.287342450647884e-09, 9.707143533432827e-09], "nuFnu100_300": 5.996515783923684e-12, "Sqrt_TS100_300": 2.7838878631591797, "Flux300_1000": 4.2195327232263935e-09, "Unc_Flux300_1000": [-1.4195971065333879e-09, 1.4418101157431806e-09], "nuFnu300_1000": 2.7286222326755594e-12, "Sqrt_TS300_1000": 3.007337808609009, "Flux1000_3000": 9.615673812746195e-10, "Unc_Flux1000_3000": [-2.362809947697997e-10, 2.480752270273001e-10], "nuFnu1000_3000": 2.197406753084996e-12, "Sqrt_TS1000_3000": 4.461310386657715, "Flux3000_10000": 1.7640125471451995e-10, "Unc_Flux3000_10000": [-5.924665619216896e-11, 6.723476636549819e-11], "nuFnu3000_10000": 1.1407244506628222e-12, "Sqrt_TS3000_10000": 3.6701550483703613, "Flux10000_100000": 1.2833760408017224e-15, "Unc_Flux10000_100000": [null, 1.607902526401528e-11], "nuFnu10000_100000": 1.878484488588318e-17, "Sqrt_TS10000_100000": 0.0, "Variability_Index": 32.47024917602539, "Signif_Peak": null, "Flux_Peak": null, "Unc_Flux_Peak": null, "Time_Peak": null, "Peak_Interval": null, "Flux_History": [1.4584492724623033e-08, 1.8346520747059003e-08, 4.729155378413452e-08, 2.755175287916245e-08, 5.19839771229158e-09, 2.2199508009634883e-08, 6.71373854288504e-08, 2.02373637847586e-08, 1.3346610039377538e-08, 2.76312217550867e-08, 5.402116443065097e-08, 3.6791995228213636e-08, 1.6211835429658095e-08, 1.454173226278499e-08, 4.4810352761714967e-08, 4.765434713505101e-09, 2.8538789109688878e-08, 9.808488954377026e-08, 8.439646315139271e-09, 1.2532340498694339e-08, 5.0159012943140624e-08, 9.383159138565134e-09, 0.0, 1.7563644760798525e-08, 0.0, 1.3787952113375468e-08, 2.7629424081965226e-08, 1.7442038924286862e-08, 5.9204349867059136e-08, 2.5468263942229896e-08, 5.581965467627015e-08, 1.5168053479897026e-08, 7.714975680528369e-08, 8.970424403287325e-08, 6.360991289255935e-09, 4.061556069245853e-08, 6.098923677200219e-08, 5.772360367473084e-08, 6.658848406004836e-08, 4.1194372357722386e-08, 0.0, 3.612190724311404e-08, 1.2953060846143671e-08, 0.0, 8.170855636535634e-08, 5.783729761787981e-08, 1.8375194699160602e-08, 6.675242758547029e-08], "Unc_Flux_History": [[null, 3.343540555533764e-08], [null, 3.099838608022765e-08], [-3.236672085904502e-08, 3.472019116657066e-08], [-2.3434239437847282e-08, 3.124959491174195e-08], [null, 2.9901833897838515e-08], [null, 3.3504246488291756e-08], [-3.328105435684847e-08, 3.491717137649175e-08], [null, 3.629054035059198e-08], [null, 2.821420075349579e-08], [null, 2.627556305867529e-08], [-3.774610490836494e-08, 4.048192536743045e-08], [-3.099096446135263e-08, 3.389614633420024e-08], [null, 3.115999902547628e-08], [null, 2.906400631275119e-08], [-3.2662402560390547e-08, 3.4551550953665355e-08], [null, 3.270054449444615e-08], [null, 2.7701497984367052e-08], [-3.981214291570723e-08, 4.286631138938901e-08], [null, 2.529116471805537e-08], [null, 3.647456026101281e-08], [-2.9194255901643373e-08, 3.166497108963995e-08], [null, 2.9099505027829764e-08], [null, 3.762242428706486e-08], [null, 2.5586938789956548e-08], [null, 3.476553800396687e-08], [null, 2.7634820654043324e-08], [null, 3.4939020565616374e-08], [null, 3.150189442635565e-08], [-2.818496724898978e-08, 3.0492305569396194e-08], [null, 3.151329508455092e-08], [-2.835841073078882e-08, 3.0039053910968505e-08], [null, 3.918968261018563e-08], [-3.2315845999164594e-08, 3.4263219816921264e-08], [-3.8232602861398846e-08, 4.081190496663112e-08], [null, 2.6820254461767945e-08], [-2.773639273812023e-08, 3.149849092665136e-08], [-3.165355977330364e-08, 3.406145054896115e-08], [-2.858756609214197e-08, 3.038432083712905e-08], [-3.655406999314437e-08, 4.2362142238516753e-08], [-2.7570225213935373e-08, 2.9181721927784565e-08], [null, 3.1833327085450946e-08], [-2.782628882869176e-08, 3.049222740969526e-08], [null, 2.3358857959010493e-08], [null, 2.8358666526173693e-08], [-3.037537865679951e-08, 3.24049835853657e-08], [-3.688197125484294e-08, 4.092230909691352e-08], [null, 2.8126638795811232e-08], [-3.946486515360448e-08, 4.0974079240641004e-08]], "Extended_Source_Name": "                  ", "0FGL_Name": "                 ", "1FGL_Name": "                  ", "2FGL_Name": "                  ", "1FHL_Name": "                  ", "ASSOC_GAM1": "               ", "ASSOC_GAM2": "              ", "ASSOC_GAM3": "               ", "TEVCAT_FLAG": "N", "ASSOC_TEV": "                     ", "CLASS1": "     ", "ASSOC1": "                          ", "ASSOC2": "                          ", "Flags": 16, "catalog_row_index": 1986}