{"Source_Name": "3FGL J0131.3+5548 ", "RAJ2000": 22.8346004486084, "DEJ2000": 55.80720138549805, "GLON": 128.55648803710938, "GLAT": -6.6281609535217285, "Conf_68_SemiMajor": 0.057232290506362915, "Conf_68_SemiMinor": 0.04514443874359131, "Conf_68_PosAng": -33.36000061035156, "Conf_95_SemiMajor": 0.09279999881982803, "Conf_95_SemiMinor": 0.07320000231266022, "Conf_95_PosAng": -33.36000061035156, "ROI_num": 116, "Signif_Avg": 4.888881206512451, "Pivot_Energy": 5586.9306640625, "Flux_Density": 1.2081562116570462e-14, "Unc_Flux_Density": 3.043790449585226e-15, "Flux1000": 3.481638588542779e-10, "Unc_Flux1000": 1.0165255442950993e-10, "Energy_Flux100": 4.024011159009522e-12, "Unc_Energy_Flux100": 1.0269724523906398e-12, "Signif_Curve": 0.34094977378845215, "SpectrumType": "PowerLaw        ", "Spectral_Index": 1.9038581848144531, "Unc_Spectral_Index": 0.21493741869926453, "beta": null, "Unc_beta": null, "Cutoff": null, "Unc_Cutoff": null, "Exp_Index": null, "Unc_Exp_Index": null, "PowerLaw_Index": 1.9038581848144531, "Flux30_100": null, "Unc_Flux30_100": null, "nuFnu30_100": null, "Sqrt_TS30_100": null, "Flux100_300": 7.146940372848576e-09, "Unc_Flux100_300": [-5.973904038114597e-09, 6.059808210778783e-09], "nuFnu100_300": 1.7337987599438942e-12, "Sqrt_TS100_300": 1.1889448165893555, "Flux300_1000": 5.01350627679642e-10, "Unc_Flux300_1000": [null, 6.168962007890855e-10], "nuFnu300_1000": 3.4814843065736345e-13, "Sqrt_TS300_1000": 0.772446870803833, "Flux1000_3000": 1.8496669473844207e-10, "Unc_Flux1000_3000": [-1.1161876978249552e-10, 1.2083206657464984e-10], "nuFnu1000_3000": 4.487165305121221e-13, "Sqrt_TS1000_3000": 1.7142975330352783, "Flux3000_10000": 5.594178245638126e-11, "Unc_Flux3000_10000": [-2.7325822160584323e-11, 3.354987815340493e-11], "nuFnu3000_10000": 3.884715086503038e-13, "Sqrt_TS3000_10000": 2.5095558166503906, "Flux10000_100000": 6.021333431860398e-11, "Unc_Flux10000_100000": [-2.023212847257483e-11, 2.4895047828765726e-11], "nuFnu10000_100000": 1.1150114035199388e-12, "Sqrt_TS10000_100000": 4.76484489440918, "Variability_Index": 44.8194694519043, "Signif_Peak": null, "Flux_Peak": null, "Unc_Flux_Peak": null, "Time_Peak": null, "Peak_Interval": null, "Flux_History": [7.910765376095696e-10, 0.0, 0.0, 0.0, 0.0, 7.01237112821218e-09, 0.0, 6.604740754312388e-09, 1.1117266218718669e-08, 1.2877577226788617e-08, 0.0, 0.0, 3.7280484255219903e-10, 0.0, 6.985847011975466e-09, 1.0229263658345644e-08, 5.547913684011974e-09, 3.3627840512195917e-09, 1.2859428188960464e-08, 0.0, 0.0, 8.086887270941645e-10, 9.982878523828731e-09, 0.0, 0.0, 2.1699224639348813e-09, 0.0, 0.0, 0.0, 8.712979671088306e-09, 6.292184551170976e-09, 0.0, 3.2214808598496347e-09, 0.0, 1.989707509864047e-09, 6.2647718124253515e-09, 6.8363106286994935e-09, 0.0, 0.0, 0.0, 2.21302132175083e-09, 0.0, 0.0, 1.372133340282744e-08, 3.8232959020945145e-09, 7.40434202839424e-09, 1.6371654254498935e-08, 0.0], "Unc_Flux_History": [[null, 1.0201086197980658e-08], [null, 7.1233712262142035e-09], [null, 8.800463469071929e-09], [null, 6.239732286417166e-09], [null, 6.692016718545801e-09], [-4.405712683563934e-09, 6.705233257520149e-09], [null, 7.438307303431202e-09], [-4.58147964010891e-09, 7.245698707691872e-09], [-6.162278243238006e-09, 7.855050832006327e-09], [-9.01785579543457e-09, 9.136700285239385e-09], [null, 3.6058347419043457e-09], [null, 8.069926060727539e-09], [null, 7.89929011091317e-09], [null, 4.44831593782169e-09], [-5.670075520214368e-09, 8.024829689645685e-09], [-8.105118354251317e-09, 8.30115443051227e-09], [-4.53607373884779e-09, 6.331197344167094e-09], [-2.700426326995853e-09, 4.569566502965472e-09], [-6.2216920504454265e-09, 7.702163351552826e-09], [null, 7.891926223635437e-09], [null, 4.80817829995317e-09], [null, 7.217844100182447e-09], [-5.802321734194038e-09, 7.372325860899309e-09], [null, 6.812179265125451e-09], [null, 5.448933748652962e-09], [null, 6.937778351812085e-09], [null, 5.507104106072802e-09], [null, 5.408767655978863e-09], [null, 7.697728676703264e-09], [-5.621511256492795e-09, 7.339348684354263e-09], [-4.087894911464218e-09, 5.646828338257137e-09], [null, 5.596895391590806e-09], [null, 9.986542259809994e-09], [null, 4.530199770869103e-09], [null, 7.775528665376896e-09], [-5.955020032644143e-09, 8.99786734009922e-09], [-4.341799808571523e-09, 5.631594302002441e-09], [null, 7.431077531094843e-09], [null, 6.7236780587620615e-09], [null, 6.390912243858793e-09], [null, 5.898639798829208e-09], [null, 8.06583866364008e-09], [null, 6.895360282754837e-09], [-6.067470081916326e-09, 7.448269556675768e-09], [null, 6.955509945782978e-09], [null, 8.646328986117169e-09], [-8.075026869391877e-09, 7.975665461401604e-09], [null, 6.925898965448596e-09]], "Extended_Source_Name": "                  ", "0FGL_Name": "                 ", "1FGL_Name": "                  ", "2FGL_Name": "                  ", "1FHL_Name": "                  ", "ASSOC_GAM1": "               ", "ASSOC_GAM2": "              ", "ASSOC_GAM3": "               ", "TEVCAT_FLAG": "N", "ASSOC_TEV": "                     ", "CLASS1": "bcu  ", "ASSOC1": "TXS 0128+554              ", "ASSOC2": "                          ", "Flags": 0, "source_id": 181}