{"Source_Name": "3FGL J0733.8+4108 ", "RAJ2000": 113.47229766845703, "DEJ2000": 41.142601013183594, "GLON": 177.72386169433594, "GLAT": 25.052474975585938, "Conf_68_SemiMajor": 0.050756655633449554, "Conf_68_SemiMinor": 0.04532945528626442, "Conf_68_PosAng": -0.5799999833106995, "Conf_95_SemiMajor": 0.08229999989271164, "Conf_95_SemiMinor": 0.07349999994039536, "Conf_95_PosAng": -0.5799999833106995, "ROI_num": 448, "Signif_Avg": 6.816524028778076, "Pivot_Energy": 1481.0235595703125, "Flux_Density": 1.8844547775530296e-13, "Unc_Flux_Density": 3.319044054894173e-14, "Flux1000": 3.6782560330905767e-10, "Unc_Flux1000": 6.880707115186624e-11, "Energy_Flux100": 4.255362555383169e-12, "Unc_Energy_Flux100": 7.518921466345696e-13, "Signif_Curve": 1.0330684185028076, "SpectrumType": "PowerLaw        ", "Spectral_Index": 2.2220733165740967, "Unc_Spectral_Index": 0.15448664128780365, "beta": null, "Unc_beta": null, "Cutoff": null, "Unc_Cutoff": null, "Exp_Index": null, "Unc_Exp_Index": null, "PowerLaw_Index": 2.2220733165740967, "Flux30_100": null, "Unc_Flux30_100": null, "nuFnu30_100": null, "Sqrt_TS30_100": null, "Flux100_300": 7.922523970194106e-09, "Unc_Flux100_300": [-2.282774858031189e-09, 2.323485848165774e-09], "nuFnu100_300": 1.86281957741119e-12, "Sqrt_TS100_300": 3.533928155899048, "Flux300_1000": 4.4485951034012317e-10, "Unc_Flux300_1000": [-3.712992968640805e-10, 3.9012462704768325e-10], "nuFnu300_1000": 2.9759357413235155e-13, "Sqrt_TS300_1000": 1.1857573986053467, "Flux1000_3000": 2.768973383915352e-10, "Unc_Flux1000_3000": [-7.954580050206772e-11, 8.765214248862563e-11], "nuFnu1000_3000": 6.510675245458009e-13, "Sqrt_TS1000_3000": 4.170441627502441, "Flux3000_10000": 8.18366902022305e-11, "Unc_Flux3000_10000": [-2.8453463543631763e-11, 3.4428283141041405e-11], "nuFnu3000_10000": 5.474554186715719e-13, "Sqrt_TS3000_10000": 4.11908483505249, "Flux10000_100000": 3.758572619805278e-11, "Unc_Flux10000_100000": [-1.616428171868911e-11, 2.129980046505775e-11], "nuFnu10000_100000": 6.127690585847057e-13, "Sqrt_TS10000_100000": 4.112880706787109, "Variability_Index": 38.26850128173828, "Signif_Peak": null, "Flux_Peak": null, "Unc_Flux_Peak": null, "Time_Peak": null, "Peak_Interval": null, "Flux_History": [1.4625545219359992e-08, 0.0, 6.764645510415335e-10, 1.6274795955339982e-09, 1.2976762997496394e-09, 1.1339953864819563e-08, 0.0, 8.200813361725068e-09, 4.030100253515911e-09, 0.0, 1.084438938647736e-08, 0.0, 1.2765275947401733e-08, 4.258437602544518e-09, 5.827652138634676e-09, 1.6357738275019074e-08, 1.3357447592454719e-08, 2.4642748286396454e-08, 0.0, 6.008893826958683e-09, 1.2094051093924918e-08, 0.0, 1.3494084960541386e-08, 9.79735137462967e-09, 7.685853731231873e-09, 4.614411963643761e-09, 9.106719822682408e-10, 9.66969615490143e-09, 1.0654158444367567e-08, 0.0, 0.0, 8.761829484171813e-09, 0.0, 1.484982359301057e-08, 7.036879523525386e-09, 0.0, 7.494152853837477e-09, 8.401910278621472e-09, 4.255793051299861e-09, 7.1252372890739935e-09, 0.0, 0.0, 3.3721088144034184e-09, 2.114936670238876e-09, 1.7786403461172995e-08, 3.980053175922649e-09, 1.0874740219435353e-08, 0.0], "Unc_Flux_History": [[-1.0448004239549391e-08, 1.2148198003103516e-08], [null, 6.879338432241866e-09], [null, 8.191675782143193e-09], [null, 7.386263600750453e-09], [null, 8.351531910477661e-09], [-6.969022248171086e-09, 8.722630617796767e-09], [null, 9.237615117285713e-09], [-6.018761045112342e-09, 8.580296473326143e-09], [null, 8.064379386496512e-09], [null, 7.999850559770039e-09], [-7.779858535172934e-09, 1.0052413124128634e-08], [null, 8.185740973942757e-09], [-7.114461464396982e-09, 9.091692731999501e-09], [null, 9.168620529464988e-09], [-4.441215839534607e-09, 6.9529564328263405e-09], [-7.539558311009387e-09, 9.283157353934257e-09], [-7.959316761230184e-09, 9.476147866394058e-09], [-1.1027270652164134e-08, 1.2564279394666755e-08], [null, 8.986615895878458e-09], [null, 8.587782929225796e-09], [-7.468349494388349e-09, 9.574046444527085e-09], [null, 5.855194551429577e-09], [-9.861185645831938e-09, 1.163392315817191e-08], [-8.105854654161249e-09, 9.291317049076042e-09], [-6.626907467222054e-09, 8.973986886928742e-09], [-4.59403759478505e-09, 6.7055427876994145e-09], [null, 7.980854199729492e-09], [-7.033838844705542e-09, 8.768655135327208e-09], [-6.299462729231209e-09, 8.220938596537053e-09], [null, 6.5101830593050636e-09], [null, 6.856628154139344e-09], [null, 1.1826892354349638e-08], [null, 8.528723505207836e-09], [-7.479671104704266e-09, 9.088488184261223e-09], [-6.884576020382838e-09, 1.0077227052818216e-08], [null, 8.946652307884051e-09], [-5.010303727459586e-09, 7.978802507579985e-09], [null, 1.0310552411851859e-08], [-3.340332233037202e-09, 5.369847233538394e-09], [-5.2176374332191244e-09, 6.64217258972144e-09], [null, 1.1174547509540389e-08], [null, 9.440288550877085e-09], [null, 1.021103024356762e-08], [null, 7.787499534117615e-09], [-8.070570878260241e-09, 9.503489550866107e-09], [null, 1.0142105821842051e-08], [-1.0561499230732352e-08, 1.1237844432798738e-08], [null, 6.145522313261154e-09]], "Extended_Source_Name": "                  ", "0FGL_Name": "                 ", "1FGL_Name": "                  ", "2FGL_Name": "                  ", "1FHL_Name": "                  ", "ASSOC_GAM1": "               ", "ASSOC_GAM2": "              ", "ASSOC_GAM3": "               ", "TEVCAT_FLAG": "N", "ASSOC_TEV": "                     ", "CLASS1": "bll  ", "ASSOC1": "GB6 J0733+4111            ", "ASSOC2": "                          ", "Flags": 0, "source_id": 834}