{"Source_Name": "3FGL J1203.2+3847 ", "RAJ2000": 180.8052978515625, "DEJ2000": 38.790401458740234, "GLON": 160.71495056152344, "GLAT": 74.59276580810547, "Conf_68_SemiMajor": 0.07511737942695618, "Conf_68_SemiMinor": 0.06598982214927673, "Conf_68_PosAng": 56.5099983215332, "Conf_95_SemiMajor": 0.121799997985363, "Conf_95_SemiMinor": 0.10700000077486038, "Conf_95_PosAng": 56.5099983215332, "ROI_num": 563, "Signif_Avg": 4.808173179626465, "Pivot_Energy": 1029.9248046875, "Flux_Density": 2.878931359799608e-13, "Unc_Flux_Density": 6.418794667875996e-14, "Flux1000": 2.1630496005453637e-10, "Unc_Flux1000": 5.467668678926785e-11, "Energy_Flux100": 2.940555134459122e-12, "Unc_Energy_Flux100": 6.848753335286784e-13, "Signif_Curve": 0.1651354283094406, "SpectrumType": "PowerLaw        ", "Spectral_Index": 2.428286552429199, "Unc_Spectral_Index": 0.17960362136363983, "beta": null, "Unc_beta": null, "Cutoff": null, "Unc_Cutoff": null, "Exp_Index": null, "Unc_Exp_Index": null, "PowerLaw_Index": 2.428286552429199, "Flux30_100": null, "Unc_Flux30_100": null, "nuFnu30_100": null, "Sqrt_TS30_100": null, "Flux100_300": 4.721597779422382e-09, "Unc_Flux100_300": [-2.3968129703177965e-09, 2.4335840009825915e-09], "nuFnu100_300": 1.0883876265521675e-12, "Sqrt_TS100_300": 1.9915579557418823, "Flux300_1000": 1.174148223093141e-09, "Unc_Flux300_1000": [-3.7906497385442606e-10, 3.921968583231461e-10], "nuFnu300_1000": 7.671318007912431e-13, "Sqrt_TS300_1000": 3.2755160331726074, "Flux1000_3000": 2.952805708278383e-11, "Unc_Flux1000_3000": [null, 6.411218084201309e-11], "nuFnu1000_3000": 6.806588712798822e-14, "Sqrt_TS1000_3000": 0.4707150161266327, "Flux3000_10000": 8.061418893534622e-11, "Unc_Flux3000_10000": [-2.556857676971891e-11, 3.110188148691684e-11], "nuFnu3000_10000": 5.266941939009728e-13, "Sqrt_TS3000_10000": 5.14442253112793, "Flux10000_100000": 1.7382340304964821e-16, "Unc_Flux10000_100000": [null, 1.0202417036198064e-11], "nuFnu10000_100000": 2.6264773226633275e-18, "Sqrt_TS10000_100000": 0.0, "Variability_Index": 34.82123947143555, "Signif_Peak": null, "Flux_Peak": null, "Unc_Flux_Peak": null, "Time_Peak": null, "Peak_Interval": null, "Flux_History": [0.0, 2.6922176488142213e-08, 0.0, 0.0, 8.860217448614094e-09, 4.607891845864742e-09, 0.0, 0.0, 0.0, 1.501260271652427e-08, 0.0, 1.069881516713167e-09, 8.837637288650058e-09, 1.7832526566508022e-08, 0.0, 4.9726374129477335e-09, 8.205801038663196e-10, 4.082425952844915e-09, 5.124001223322239e-09, 4.956701715741474e-09, 0.0, 6.150238540669761e-09, 1.3182028801850265e-08, 5.870291808207639e-09, 0.0, 0.0, 3.2881959377561998e-09, 2.3917213098911816e-08, 4.0734353667915e-09, 3.047226027064198e-09, 0.0, 0.0, 0.0, 9.094314634694456e-09, 1.1256479304222466e-08, 2.4087060124244886e-10, 2.4080023308670206e-08, 1.1848712233586411e-08, 1.3102209983628654e-08, 1.1361785290375792e-08, 3.768399370329689e-09, 8.28954149767469e-09, 6.613984471215417e-09, 2.1581417541938208e-08, 2.8897979564845855e-09, 2.4854299951471148e-08, 6.646876382632172e-09, 1.4135191905850775e-09], "Unc_Flux_History": [[null, 1.205912614210547e-08], [-1.1074129169230673e-08, 1.2420761308362671e-08], [null, 9.907219045146576e-09], [null, 8.802379269923222e-09], [-6.287646403535518e-09, 8.384791527760171e-09], [null, 1.0348426116024712e-08], [null, 1.1430368651588196e-08], [null, 9.003547241093202e-09], [null, 8.542475171680053e-09], [-8.069121371079291e-09, 1.0229178393217353e-08], [null, 9.372113751737743e-09], [null, 1.147534689494023e-08], [null, 1.0536481021006239e-08], [-1.2578722952127919e-08, 1.4258952241164025e-08], [null, 1.1037404767932912e-08], [-3.905300527407007e-09, 7.51469819704198e-09], [null, 1.1224773999174431e-08], [null, 1.0224256996593795e-08], [-4.497369587852518e-09, 7.513314415064087e-09], [null, 9.278534385259718e-09], [null, 6.730575652369453e-09], [null, 1.00478940723292e-08], [-1.0612910550378274e-08, 1.244457958904377e-08], [null, 9.348621432536675e-09], [null, 8.741711354787185e-09], [null, 1.0762629898408704e-08], [null, 9.482637786106807e-09], [-1.334725396873182e-08, 1.4616181154281094e-08], [null, 1.1134494215525592e-08], [null, 1.1145799838629955e-08], [null, 9.207520967891014e-09], [null, 8.101156190321035e-09], [null, 1.1132759603071918e-08], [-8.477506696635828e-09, 1.0195694066794658e-08], [-7.284013392450106e-09, 9.936278466682325e-09], [null, 1.0212947820775753e-08], [-1.0802770233908632e-08, 1.2884791900091841e-08], [-9.97532811908286e-09, 1.1905039620785374e-08], [-1.0572539288489224e-08, 1.2274671057355135e-08], [-7.961041603721242e-09, 9.978968762425211e-09], [null, 9.252105748203121e-09], [null, 1.0590033738822058e-08], [null, 9.762898933729502e-09], [-9.589262717213387e-09, 1.141036509721971e-08], [null, 9.854807636600071e-09], [-1.278586747588406e-08, 1.4080260513082976e-08], [null, 1.310847252966596e-08], [null, 1.2740399846222772e-08]], "Extended_Source_Name": "                  ", "0FGL_Name": "                 ", "1FGL_Name": "                  ", "2FGL_Name": "                  ", "1FHL_Name": "                  ", "ASSOC_GAM1": "               ", "ASSOC_GAM2": "              ", "ASSOC_GAM3": "               ", "TEVCAT_FLAG": "N", "ASSOC_TEV": "                     ", "CLASS1": "bll  ", "ASSOC1": "NVSS J120257+385147       ", "ASSOC2": "                          ", "Flags": 0, "source_id": 1423}