{"Source_Name": "3FGL J1131.4+3819 ", "RAJ2000": 172.85020446777344, "DEJ2000": 38.3302001953125, "GLON": 174.1260223388672, "GLAT": 69.85225677490234, "Conf_68_SemiMajor": 0.15239331126213074, "Conf_68_SemiMinor": 0.10009483993053436, "Conf_68_PosAng": 35.380001068115234, "Conf_95_SemiMajor": 0.24709999561309814, "Conf_95_SemiMinor": 0.1623000055551529, "Conf_95_PosAng": 35.380001068115234, "ROI_num": 705, "Signif_Avg": 5.46641731262207, "Pivot_Energy": 802.6659545898438, "Flux_Density": 1.0335625584556585e-12, "Unc_Flux_Density": 1.8712670844280022e-13, "Flux1000": 3.734790809950539e-10, "Unc_Flux1000": 7.796596007692003e-11, "Energy_Flux100": 6.021032197128795e-12, "Unc_Energy_Flux100": 1.1433512556863201e-12, "Signif_Curve": 1.8073630332946777, "SpectrumType": "PowerLaw        ", "Spectral_Index": 2.5719006061553955, "Unc_Spectral_Index": 0.12209491431713104, "beta": null, "Unc_beta": null, "Cutoff": null, "Unc_Cutoff": null, "Exp_Index": null, "Unc_Exp_Index": null, "PowerLaw_Index": 2.5719006061553955, "Flux30_100": null, "Unc_Flux30_100": null, "nuFnu30_100": null, "Sqrt_TS30_100": null, "Flux100_300": 1.8263278889207868e-08, "Unc_Flux100_300": [-7.323227801947496e-09, 5.15198683714857e-09], "nuFnu100_300": 4.1532103277341914e-12, "Sqrt_TS100_300": 2.472249746322632, "Flux300_1000": 2.3694908257709812e-09, "Unc_Flux300_1000": [-6.463797830313922e-10, 6.61849353100763e-10], "nuFnu300_1000": 1.5234029315802644e-12, "Sqrt_TS300_1000": 3.8046088218688965, "Flux1000_3000": 2.421866596158395e-10, "Unc_Flux1000_3000": [-8.252331457070383e-11, 9.620403085275342e-11], "nuFnu1000_3000": 5.507511222253847e-13, "Sqrt_TS1000_3000": 3.351656913757324, "Flux3000_10000": 7.008471580860487e-11, "Unc_Flux3000_10000": [-2.841381296914136e-11, 3.45373209198474e-11], "nuFnu3000_10000": 4.505916039593272e-13, "Sqrt_TS3000_10000": 3.3111660480499268, "Flux10000_100000": 5.621093808854381e-16, "Unc_Flux10000_100000": [null, 1.2463253519501283e-11], "nuFnu10000_100000": 8.084462951676817e-18, "Sqrt_TS10000_100000": 0.0, "Variability_Index": 56.72200393676758, "Signif_Peak": null, "Flux_Peak": null, "Unc_Flux_Peak": null, "Time_Peak": null, "Peak_Interval": null, "Flux_History": [0.0, 0.0, 0.0, 2.1665369498435894e-09, 1.5615535531310343e-08, 1.1759583529169504e-08, 4.0340114582093634e-10, 0.0, 1.5337231928924666e-08, 5.227730692780597e-09, 1.3845649071697608e-08, 1.042244779370094e-08, 4.1029224462363345e-08, 2.607453630787404e-08, 5.6840012696568465e-09, 2.3618630606847546e-08, 2.992609893226472e-08, 2.348722771827738e-09, 2.0866588457124635e-08, 0.0, 2.7368198818322753e-09, 2.134375165496749e-08, 2.69210893577565e-08, 0.0, 1.579265784812378e-08, 2.3419739481056467e-09, 5.010297510210648e-09, 1.3948172616906618e-09, 4.195979030896524e-08, 1.6572082373045305e-08, 0.0, 0.0, 0.0, 2.6553273357876606e-08, 1.7584886435884073e-08, 5.666626634592831e-08, 3.971068807118172e-08, 6.944829067379032e-08, 1.076445155234751e-08, 5.104363864916195e-08, 2.4636328532778862e-08, 2.1381600490144592e-08, 1.7099028859490772e-09, 6.992904477698403e-09, 1.4612498766553017e-08, 1.3728741699026159e-08, 1.2101634361272318e-08, 0.0], "Unc_Flux_History": [[null, 1.8288943692823523e-08], [null, 1.09071223164392e-08], [null, 1.6635397059872048e-08], [null, 1.3143169219631545e-08], [-1.2402020743706998e-08, 1.3879678739669998e-08], [null, 1.3342313920361448e-08], [null, 1.4431349448784658e-08], [null, 1.2947078076308571e-08], [-1.177070352298415e-08, 1.5686792309566044e-08], [null, 1.3351983518816724e-08], [-1.360410450956806e-08, 1.4088279876034449e-08], [null, 1.3080162730716438e-08], [-1.5467209735220422e-08, 1.5007929121679808e-08], [-1.2621555356417957e-08, 1.5043609025156002e-08], [null, 1.3577227342409515e-08], [-1.56500234993473e-08, 1.969911167520877e-08], [-1.8848748339905796e-08, 2.2679316202811606e-08], [null, 1.8488703901198278e-08], [-1.689662809667425e-08, 1.818377448614683e-08], [null, 1.5813196085900927e-08], [null, 2.2061458437860892e-08], [-1.0764695801412927e-08, 1.2491236489609037e-08], [-1.7578400957063423e-08, 1.8756548314513566e-08], [null, 1.305412222762925e-08], [-1.2884316724637301e-08, 1.4536439607581997e-08], [null, 1.8978132843017192e-08], [null, 1.9220788516349785e-08], [null, 1.602492893937324e-08], [-1.7183548806087856e-08, 1.808334459951766e-08], [null, 1.7303797505974217e-08], [null, 1.0443931941495066e-08], [null, 1.984773767560455e-08], [null, 1.664546012136725e-08], [-1.245485314882444e-08, 1.4460061592558304e-08], [-1.648075098614754e-08, 1.7793606588156763e-08], [-1.717411812762748e-08, 1.834421503588146e-08], [-1.942919958253242e-08, 1.9895136205150266e-08], [-1.6426124460622304e-08, 1.772803770450082e-08], [null, 1.9474082790793545e-08], [-1.5925033736152727e-08, 1.70145320055326e-08], [-1.5580779333390637e-08, 1.7098093607614828e-08], [null, 2.2833363644281235e-08], [null, 1.401686411384162e-08], [null, 1.6548595382914755e-08], [null, 1.4740031417659338e-08], [-1.2628422751959079e-08, 1.3645101049064579e-08], [-1.1486163131735339e-08, 1.3663616904580067e-08], [null, 1.3834783096910996e-08]], "Extended_Source_Name": "                  ", "0FGL_Name": "                 ", "1FGL_Name": "                  ", "2FGL_Name": "                  ", "1FHL_Name": "                  ", "ASSOC_GAM1": "               ", "ASSOC_GAM2": "              ", "ASSOC_GAM3": "               ", "TEVCAT_FLAG": "N", "ASSOC_TEV": "                     ", "CLASS1": "fsrq ", "ASSOC1": "B2 1128+38                ", "ASSOC2": "                          ", "Flags": 16, "catalog_row_index": 1364}