{"Source_Name": "3FHL J0154.0+0823 ", "RAJ2000": 28.50320816040039, "DEJ2000": 8.389946937561035, "GLON": 148.23594665527344, "GLAT": -51.38123321533203, "Conf_95_SemiMajor": 0.02762615494430065, "Conf_95_SemiMinor": 0.02762615494430065, "Conf_95_PosAng": null, "ROI_num": 92, "Signif_Avg": 14.896016120910645, "Pivot_Energy": 17.492692947387695, "Flux_Density": 6.144458206125414e-12, "Unc_Flux_Density": 9.81187028327446e-13, "Flux": 1.6359213983463405e-10, "Unc_Flux": 2.6130170943661213e-11, "Energy_Flux": 5.548674367195083e-12, "Unc_Energy_Flux": 1.2012064520144916e-12, "Signif_Curve": 1.9348950386047363, "SpectrumType": "PowerLaw   ", "Spectral_Index": 2.2819015979766846, "Unc_Spectral_Index": 0.45119673013687134, "beta": 0.8866259455680847, "Unc_beta": 0.4801599681377411, "PowerLaw_Index": 2.8632867336273193, "Unc_PowerLaw_Index": 0.28608986735343933, "Flux_Band": [1.1646779374263616e-10, 4.434446906897982e-11, 3.5550470987161242e-12, 2.412626442977085e-16, 8.414705195263992e-19], "Unc_Flux_Band": [[-2.1036679342945064e-11, 2.3652800204554403e-11], [-1.1788706295867701e-11, 1.4790219396432214e-11], [-2.542474694319785e-12, 4.75557484017064e-12], [null, 5.401066312943348e-12], [null, 6.276072543609512e-12]], "nuFnu": [3.607759490459328e-12, 2.2346131021977467e-12, 3.935468216500343e-13, 7.514496466702868e-17, 7.921082579783559e-19], "Sqrt_TS_Band": [12.438236236572266, 8.916803359985352, 2.406146287918091, 0.0, 0.0], "Npred": 44.33929443359375, "HEP_Energy": 60.664398193359375, "HEP_Prob": 0.9914136528968811, "Variability_BayesBlocks": 1, "Extended_Source_Name": "                  ", "ASSOC_GAM": "3FGL J0154.0+0824 ", "TEVCAT_FLAG": "N", "ASSOC_TEV": "                     ", "CLASS": "bll    ", "ASSOC1": "GB6 J0154+0823            ", "ASSOC2": "                          ", "ASSOC_PROB_BAY": 0.9998482465744019, "ASSOC_PROB_LR": 0.988586962223053, "Redshift": 0.6809999942779541, "NuPeak_obs": 1244515360833536.0, "source_id": 113}