{"Source_Name": "3FHL J0622.4-2606 ", "RAJ2000": 95.60686492919922, "DEJ2000": -26.112506866455078, "GLON": 233.82528686523438, "GLAT": -17.55267333984375, "Conf_95_SemiMajor": 0.020779138430953026, "Conf_95_SemiMinor": 0.020779138430953026, "Conf_95_PosAng": null, "ROI_num": 205, "Signif_Avg": 18.355884552001953, "Pivot_Energy": 24.1464786529541, "Flux_Density": 3.299215067809058e-12, "Unc_Flux_Density": 4.689449783351618e-13, "Flux": 1.9012373619897716e-10, "Unc_Flux": 2.7055876636317144e-11, "Energy_Flux": 1.1495350678292215e-11, "Unc_Energy_Flux": 2.7403977524709244e-12, "Signif_Curve": 1.6478047370910645, "SpectrumType": "PowerLaw   ", "Spectral_Index": 1.8766945600509644, "Unc_Spectral_Index": 0.2778090238571167, "beta": 0.2867920398712158, "Unc_beta": 0.20547810196876526, "PowerLaw_Index": 2.1651532649993896, "Unc_PowerLaw_Index": 0.1690775752067566, "Flux_Band": [9.958324442838062e-11, 6.36556155009238e-11, 2.3754220812577387e-11, 3.4580105705978026e-12, 3.825362090019868e-18], "Unc_Flux_Band": [[-1.887317906124064e-11, 2.125904487171315e-11], [-1.4208430439144326e-11, 1.6695858237603112e-11], [-7.949466605816635e-12, 1.0256812760234268e-11], [-2.441873309458331e-12, 4.692801269107205e-12], [null, 5.8529366249449044e-12]], "nuFnu": [3.1698131532781337e-12, 3.3608027385362282e-12, 2.8081707965921243e-12, 1.1643061731750337e-12, 3.982836599134651e-18], "Sqrt_TS_Band": [12.527533531188965, 11.159299850463867, 8.019216537475586, 2.702564001083374, 0.0], "Npred": 54.454833984375, "HEP_Energy": 178.18099975585938, "HEP_Prob": 0.9952316284179688, "Variability_BayesBlocks": 2, "Extended_Source_Name": "                  ", "ASSOC_GAM": "3FGL J0622.4-2606 ", "TEVCAT_FLAG": "N", "ASSOC_TEV": "                     ", "CLASS": "bll    ", "ASSOC1": "PMN J0622-2605            ", "ASSOC2": "                          ", "ASSOC_PROB_BAY": 0.9987438917160034, "ASSOC_PROB_LR": 0.8901480436325073, "Redshift": 0.41448700428009033, "NuPeak_obs": 2511884242649088.0, "source_id": 402}