{"source_id": 144, "common_name": "Gamma Cygni", "gamma_names": "VER J2019+407", "fermi_names": "", "other_names": "1FGL J2020.0+4049,SNR G78.2+2.1", "where": "gal", "classes": "unid", "discoverer": "veritas", "seen_by": "veritas", "discovery_date": "2009-11", "tevcat_id": 201, "tevcat2_id": "IWrXQp", "tevcat_name": "TeV J2019+407", "tgevcat_id": 144, "tgevcat_name": "TeV J2020+4045", "reference_id": "2013ApJ...770...93A", "significance": 7.5, "livetime": 21.399999618530273, "ra": 305.5570983886719, "dec": 40.25667953491211, "glon": 78.14859008789062, "glat": 1.8670884370803833, "pos_ra": 305.01666259765625, "pos_dec": 40.7599983215332, "pos_glon": 78.32984924316406, "pos_glat": 2.4910693168640137, "pos_err": 0.029999999329447746, "morph_type": "gauss", "morph_sigma": 0.23000000417232513, "morph_sigma_err": 0.029999999329447746, "morph_sigma2": null, "morph_sigma2_err": null, "morph_pa": null, "morph_pa_err": null, "morph_pa_frame": "", "spec_type": "pl", "spec_pl_norm": 1.4999999940062958e-12, "spec_pl_norm_err": 1.99999996490334e-13, "spec_pl_norm_err_sys": 3.99999992980668e-13, "spec_pl_index": 2.369999885559082, "spec_pl_index_err": 0.14000000059604645, "spec_pl_index_err_sys": 0.20000000298023224, "spec_pl_e_ref": 1.0, "spec_pl2_flux": null, "spec_pl2_flux_err": null, "spec_pl2_flux_err_sys": null, "spec_pl2_index": null, "spec_pl2_index_err": null, "spec_pl2_index_err_sys": null, "spec_pl2_e_min": null, "spec_pl2_e_max": null, "spec_ecpl_norm": null, "spec_ecpl_norm_err": null, "spec_ecpl_norm_err_sys": null, "spec_ecpl_index": null, "spec_ecpl_index_err": null, "spec_ecpl_index_err_sys": null, "spec_ecpl_e_cut": null, "spec_ecpl_e_cut_err": null, "spec_ecpl_e_cut_err_sys": null, "spec_ecpl_e_ref": null, "spec_erange_min": 0.3199999928474426, "spec_erange_max": 10.0, "spec_theta": 0.23999999463558197, "spec_dnde_1TeV": 1.4999999940062958e-12, "spec_dnde_1TeV_err": 1.99999996490334e-13, "spec_flux_1TeV": 1.094890454342301e-12, "spec_flux_1TeV_err": 1.8393029070293276e-13, "spec_flux_1TeV_crab": 5.27799654006958, "spec_flux_1TeV_crab_err": 0.8866488337516785, "spec_eflux_1TeV_10TeV": 3.7245441106281696e-12, "spec_eflux_1TeV_10TeV_err": 7.162220035800138e-13, "sed_reference_id": "2013ApJ...770...93A", "sed_n_points": 10, "sed_n_ul": 0, "sed_e_ref": [0.28200000524520874, 0.44699999690055847, 0.7080000042915344, 1.121999979019165, 1.777999997138977, 2.818000078201294, 4.4670000076293945, 7.078999996185303, 11.220000267028809, 17.783000946044922, null, null, null, null, null, null, null, null, null, null, null, null, null, null, null, null, null, null, null, null, null, null, null, null, null, null, null, null, null, null], "sed_e_min": [0.2240000069141388, 0.35499998927116394, 0.5619999766349792, 0.890999972820282, 1.4129999876022339, 2.239000082015991, 3.5480000972747803, 5.623000144958496, 8.913000106811523, 14.125, null, null, null, null, null, null, null, null, null, null, null, null, null, null, null, null, null, null, null, null, null, null, null, null, null, null, null, null, null, null], "sed_e_max": [0.35499998927116394, 0.5619999766349792, 0.890999972820282, 1.4129999876022339, 2.239000082015991, 3.5480000972747803, 5.623000144958496, 8.913000106811523, 14.125, 22.386999130249023, null, null, null, null, null, null, null, null, null, null, null, null, null, null, null, null, null, null, null, null, null, null, null, null, null, null, null, null, null, null], "sed_dnde": [3.7086399923280666e-11, 4.578469981614264e-12, 4.333150158131183e-12, 1.8836199960903244e-12, 2.8589500558617864e-13, 9.829969818816661e-14, 3.598410089865334e-14, 1.433819934255811e-14, 4.8837899565103756e-15, -2.327689949493364e-15, null, null, null, null, null, null, null, null, null, null, null, null, null, null, null, null, null, null, null, null, null, null, null, null, null, null, null, null, null, null], "sed_dnde_err": [1.2145799990759265e-11, 2.994869977013259e-12, 1.0443399617310334e-12, 4.017340117252327e-13, 1.426040004397916e-13, 6.189769833839232e-14, 2.5598999238733364e-14, 1.0307999638863204e-14, 5.2963500589647914e-15, 9.571400306173077e-16, null, null, null, null, null, null, null, null, null, null, null, null, null, null, null, null, null, null, null, null, null, null, null, null, null, null, null, null, null, null], "sed_dnde_errp": [null, null, null, null, null, null, null, null, null, null, null, null, null, null, null, null, null, null, null, null, null, null, null, null, null, null, null, null, null, null, null, null, null, null, null, null, null, null, null, null], "sed_dnde_errn": [null, null, null, null, null, null, null, null, null, null, null, null, null, null, null, null, null, null, null, null, null, null, null, null, null, null, null, null, null, null, null, null, null, null, null, null, null, null, null, null], "sed_dnde_ul": [null, null, null, null, null, null, null, null, null, null, null, null, null, null, null, null, null, null, null, null, null, null, null, null, null, null, null, null, null, null, null, null, null, null, null, null, null, null, null, null], "catalog_row_index": 154}