{"Source_Name": "3FGL J2331.9-1609 ", "RAJ2000": 352.9919128417969, "DEJ2000": -16.156999588012695, "GLON": 59.64314270019531, "GLAT": -68.56687927246094, "Conf_68_SemiMajor": 0.09170734882354736, "Conf_68_SemiMinor": 0.0712936744093895, "Conf_68_PosAng": -17.25, "Conf_95_SemiMajor": 0.14869999885559082, "Conf_95_SemiMinor": 0.11559999734163284, "Conf_95_PosAng": -17.25, "ROI_num": 781, "Signif_Avg": 6.2562713623046875, "Pivot_Energy": 1354.4271240234375, "Flux_Density": 2.2226698834313524e-13, "Unc_Flux_Density": 4.052532574382213e-14, "Flux1000": 3.6614766774079044e-10, "Unc_Flux1000": 7.121473549753787e-11, "Energy_Flux100": 4.138156831090534e-12, "Unc_Energy_Flux100": 7.619748473679244e-13, "Signif_Curve": 2.4960811138153076, "SpectrumType": "PowerLaw        ", "Spectral_Index": 2.165924549102783, "Unc_Spectral_Index": 0.12736649811267853, "beta": null, "Unc_beta": null, "Cutoff": null, "Unc_Cutoff": null, "Exp_Index": null, "Unc_Exp_Index": null, "PowerLaw_Index": 2.165924549102783, "Flux30_100": null, "Unc_Flux30_100": null, "nuFnu30_100": null, "Sqrt_TS30_100": null, "Flux100_300": 1.1384120729429625e-10, "Unc_Flux100_300": [null, 2.3411010907636864e-09], "nuFnu100_300": 2.6914080569783762e-14, "Sqrt_TS100_300": 0.0, "Flux300_1000": 1.0785381476807743e-09, "Unc_Flux300_1000": [-3.83262060976719e-10, 4.016812993334895e-10], "nuFnu300_1000": 7.262186728709819e-13, "Sqrt_TS300_1000": 2.9648828506469727, "Flux1000_3000": 3.4282193750456713e-10, "Unc_Flux1000_3000": [-8.83500148041172e-11, 9.398411909833371e-11], "nuFnu1000_3000": 8.104918645945869e-13, "Sqrt_TS1000_3000": 4.839062690734863, "Flux3000_10000": 1.2081366462801668e-10, "Unc_Flux3000_10000": [-3.386387351089759e-11, 3.983254004413794e-11], "nuFnu3000_10000": 8.134820399761933e-13, "Sqrt_TS3000_10000": 5.4202880859375, "Flux10000_100000": 8.291561474959089e-14, "Unc_Flux10000_100000": [null, 1.7559568382674584e-11], "nuFnu10000_100000": 1.3813942699415164e-15, "Sqrt_TS10000_100000": 0.0, "Variability_Index": 56.6498908996582, "Signif_Peak": null, "Flux_Peak": null, "Unc_Flux_Peak": null, "Time_Peak": null, "Peak_Interval": null, "Flux_History": [6.090046689166684e-09, 1.025430584888909e-08, 2.1482742251777154e-09, 4.3934753612973054e-09, 2.679441779562808e-09, 1.4300709505477016e-09, 1.3207085203248425e-08, 0.0, 5.287690729716132e-09, 1.3696165090948398e-08, 5.362764898819705e-09, 8.056405320644444e-09, 1.9584199151267967e-08, 2.4301836987206116e-08, 3.329711972810401e-08, 1.2895831069670294e-08, 1.717494590991464e-08, 0.0, 0.0, 7.952552394385748e-09, 6.187054868433961e-09, 1.1350110185048834e-08, 0.0, 8.416800589827744e-09, 4.697111588569669e-09, 1.4768811062992881e-08, 1.756617606929467e-08, 0.0, 7.974687576961514e-09, 0.0, 5.253702806129468e-09, 9.27109411463789e-09, 6.398419571951308e-09, 1.0117664483999533e-09, 0.0, 2.6811364239875957e-09, 0.0, 5.7901976546759215e-09, 2.087034101094787e-09, 2.646155961016916e-09, 0.0, 0.0, 0.0, 3.918457558427235e-09, 0.0, 1.0122101379295145e-08, 0.0, 3.781122082102684e-09], "Unc_Flux_History": [[-5.767646804599735e-09, 7.597313889107227e-09], [-6.374758498850497e-09, 8.250641059248665e-09], [null, 7.506764099218799e-09], [-3.534764259072176e-09, 5.546026748959321e-09], [null, 7.792215761526222e-09], [null, 7.261435008842909e-09], [-7.857300587943428e-09, 9.472640449814662e-09], [null, 5.843807215910601e-09], [null, 9.033533920899117e-09], [-7.142551439187628e-09, 8.600550494008985e-09], [-4.9435224802607536e-09, 7.039528071572931e-09], [null, 9.897395791824692e-09], [-7.814874081191192e-09, 8.954093466684299e-09], [-9.647149745717343e-09, 1.1938916522069576e-08], [-9.379049537017181e-09, 1.0567100083846981e-08], [-7.58291118785337e-09, 1.0005325457029812e-08], [-7.918234068426955e-09, 9.193829697551337e-09], [null, 6.904173233124311e-09], [null, 9.163448666527074e-09], [-5.928995516768509e-09, 8.126904482708142e-09], [null, 1.0880157219617104e-08], [-5.841906958181653e-09, 7.199259854928641e-09], [null, 8.92512463934736e-09], [-5.780567580160323e-09, 8.253690175763495e-09], [null, 9.075698415017541e-09], [-8.784766691860568e-09, 1.2240054303447323e-08], [-8.96430840668927e-09, 1.025889240224842e-08], [null, 8.078858471094463e-09], [-6.679142572352248e-09, 8.248366434315813e-09], [null, 1.1038354230663572e-08], [null, 9.78941550044965e-09], [-7.281160119276819e-09, 9.54198497993275e-09], [null, 1.2008393390772198e-08], [null, 7.4261268245834344e-09], [null, 8.563526776583785e-09], [null, 6.633944060752128e-09], [null, 9.26813115142977e-09], [null, 8.83093598247342e-09], [null, 8.206396451271303e-09], [null, 9.594355532271948e-09], [null, 4.878384807227576e-09], [null, 1.0629385371885292e-08], [null, 5.887394571857385e-09], [null, 1.2035600072124453e-08], [null, 7.206748531274343e-09], [-6.055194567977651e-09, 8.015343055944868e-09], [null, 5.338880448846339e-09], [null, 7.463093254500563e-09]], "Extended_Source_Name": "                  ", "0FGL_Name": "                 ", "1FGL_Name": "                  ", "2FGL_Name": "2FGL J2331.8-1607 ", "1FHL_Name": "                  ", "ASSOC_GAM1": "               ", "ASSOC_GAM2": "              ", "ASSOC_GAM3": "               ", "TEVCAT_FLAG": "N", "ASSOC_TEV": "                     ", "CLASS1": "     ", "ASSOC1": "                          ", "ASSOC2": "                          ", "Flags": 0, "source_id": 2978}