{"Source_Name": "3FGL J0319.8+1847 ", "RAJ2000": 49.96889877319336, "DEJ2000": 18.786800384521484, "GLON": 165.08975219726562, "GLAT": -31.67411994934082, "Conf_68_SemiMajor": 0.022202180698513985, "Conf_68_SemiMinor": 0.021400436758995056, "Conf_68_PosAng": 57.2599983215332, "Conf_95_SemiMajor": 0.035999998450279236, "Conf_95_SemiMinor": 0.034699998795986176, "Conf_95_PosAng": 57.2599983215332, "ROI_num": 307, "Signif_Avg": 12.197206497192383, "Pivot_Energy": 6632.80078125, "Flux_Density": 1.9050128431652956e-14, "Unc_Flux_Density": 2.820412191284743e-15, "Flux1000": 6.051319445532499e-10, "Unc_Flux1000": 9.472261169873875e-11, "Energy_Flux100": 9.499918213196068e-12, "Unc_Energy_Flux100": 1.5849518962898768e-12, "Signif_Curve": 0.4241754412651062, "SpectrumType": "PowerLaw        ", "Spectral_Index": 1.5718331336975098, "Unc_Spectral_Index": 0.10176534950733185, "beta": null, "Unc_beta": null, "Cutoff": null, "Unc_Cutoff": null, "Exp_Index": null, "Unc_Exp_Index": null, "PowerLaw_Index": 1.5718331336975098, "Flux30_100": null, "Unc_Flux30_100": null, "nuFnu30_100": null, "Sqrt_TS30_100": null, "Flux100_300": 3.908452554657327e-12, "Unc_Flux100_300": [null, 2.2349222472684005e-09], "nuFnu100_300": 9.800791651366119e-16, "Sqrt_TS100_300": 0.0, "Flux300_1000": 1.9581111732058787e-10, "Unc_Flux300_1000": [null, 3.9996375655881877e-10], "nuFnu300_1000": 1.414808347517324e-13, "Sqrt_TS300_1000": 0.49911239743232727, "Flux1000_3000": 3.2941380179174473e-10, "Unc_Flux1000_3000": [-9.373279236113419e-11, 1.0267766498150976e-10], "nuFnu1000_3000": 8.26034282207927e-13, "Sqrt_TS1000_3000": 4.248411178588867, "Flux3000_10000": 1.8550085079116485e-10, "Unc_Flux3000_10000": [-4.259748456747481e-11, 4.696643074453277e-11], "nuFnu3000_10000": 1.3403128433508993e-12, "Sqrt_TS3000_10000": 7.010196685791016, "Flux10000_100000": 1.2568118767930514e-10, "Unc_Flux10000_100000": [-3.145594895670456e-11, 3.65675371927221e-11], "nuFnu10000_100000": 2.6805977142857484e-12, "Sqrt_TS10000_100000": 8.89352035522461, "Variability_Index": 76.32682800292969, "Signif_Peak": 4.57703161239624, "Flux_Peak": 9.64872981512599e-09, "Unc_Flux_Peak": 3.7746299419438856e-09, "Time_Peak": 280095008.0, "Peak_Interval": 2630000.0, "Flux_History": [8.879654345150811e-09, 1.4474741405479108e-09, 5.472046371579609e-09, 0.0, 0.0, 6.134799779289324e-09, 6.855334078181841e-09, 0.0, 7.771817855939389e-09, 9.054310190492743e-09, 1.052909981424932e-09, 0.0, 2.881541227850448e-09, 4.4466017534716684e-09, 2.08689132641382e-09, 9.64872981512599e-09, 2.7847149031146046e-09, 0.0, 5.175142536728572e-09, 0.0, 2.1302750674578874e-09, 8.355589109498851e-09, 7.485144060126458e-09, 0.0, 1.5476734338548681e-09, 0.0, 0.0, 1.4398792158587526e-09, 0.0, 0.0, 0.0, 0.0, 7.791796541312124e-09, 2.9610263130308567e-09, 2.580646807359699e-09, 3.5155205413417434e-09, 2.4545603327652543e-09, 0.0, 1.1867765659090423e-09, 9.05975183762564e-10, 0.0, 0.0, 0.0, 0.0, 0.0, 0.0, 1.4108484380770392e-09, 1.018720108270088e-09], "Unc_Flux_History": [[-3.1522613408441202e-09, 3.94672916570471e-09], [null, 4.101776696074921e-09], [-2.5670789938203598e-09, 3.468463738443006e-09], [null, 3.136849002771669e-09], [null, 3.1601545824599953e-09], [-2.739451110400637e-09, 3.4477687371747834e-09], [-2.9135869272778336e-09, 3.730274755753271e-09], [null, 4.5933363779226966e-09], [-2.816976651942582e-09, 3.5333562742323465e-09], [-3.98582544747228e-09, 5.070970754417203e-09], [null, 2.5225670441386683e-09], [null, 2.83579049131788e-09], [-2.000663634760258e-09, 3.203961318476445e-09], [-2.340504456910253e-09, 3.3241445152043525e-09], [-1.6635908206552585e-09, 2.94306734538452e-09], [-3.7746299419438856e-09, 4.788712537617812e-09], [null, 4.8693054033321914e-09], [null, 2.642572383138031e-09], [-3.054394071000388e-09, 4.106011974869261e-09], [null, 3.936942771787244e-09], [-1.547165950910312e-09, 2.752388539306594e-09], [-3.4972753581996585e-09, 4.457529900747659e-09], [-3.5453260327500402e-09, 4.602070280412818e-09], [null, 3.393846759180974e-09], [null, 4.3959422768580225e-09], [null, 2.5502648881570167e-09], [null, 2.5688982052685105e-09], [null, 4.226624383818489e-09], [null, 3.954645499959497e-09], [null, 3.3944471677926913e-09], [null, 2.588699254957305e-09], [null, 2.697884138314066e-09], [-3.3412275168842598e-09, 4.316002222282123e-09], [-2.332750215217061e-09, 3.8360439269524704e-09], [-1.7470309643385917e-09, 2.7457289775156823e-09], [-2.241252738954813e-09, 3.601308362632949e-09], [-1.553503992113292e-09, 2.488139916323462e-09], [null, 3.0221769531380005e-09], [null, 3.2881619649316463e-09], [null, 3.9714351807162984e-09], [null, 2.540273547069205e-09], [null, 3.8843275262934185e-09], [null, 4.288565502719166e-09], [null, 2.6479434200865626e-09], [null, 3.289619465718374e-09], [null, 2.9874940299379205e-09], [-1.2200430665743056e-09, 2.2226218643339735e-09], [null, 3.73552033750002e-09]], "Extended_Source_Name": "                  ", "0FGL_Name": "                 ", "1FGL_Name": "1FGL J0319.7+1847 ", "2FGL_Name": "2FGL J0319.6+1849 ", "1FHL_Name": "1FHL J0319.8+1847 ", "ASSOC_GAM1": "               ", "ASSOC_GAM2": "              ", "ASSOC_GAM3": "               ", "TEVCAT_FLAG": "P", "ASSOC_TEV": "RBS 0413             ", "CLASS1": "bll  ", "ASSOC1": "RBS 0413                  ", "ASSOC2": "                          ", "Flags": 0, "source_id": 388}