{"Source_Name": "3FHL J1224.9+2122 ", "RAJ2000": 186.22703552246094, "DEJ2000": 21.38190269470215, "GLON": 255.06246948242188, "GLAT": 81.66152954101562, "Conf_95_SemiMajor": 0.013693826273083687, "Conf_95_SemiMinor": 0.013693826273083687, "Conf_95_PosAng": null, "ROI_num": 118, "Signif_Avg": 39.53868103027344, "Pivot_Energy": 18.635517120361328, "Flux_Density": 2.149194711087432e-11, "Unc_Flux_Density": 1.582309478755095e-12, "Flux": 6.7772631950902e-10, "Unc_Flux": 4.9881383745731256e-11, "Energy_Flux": 2.655468726853183e-11, "Unc_Energy_Flux": 2.945444669416597e-12, "Signif_Curve": 1.7386291027069092, "SpectrumType": "PowerLaw   ", "Spectral_Index": 2.401331901550293, "Unc_Spectral_Index": 0.19232724606990814, "beta": 0.24336092174053192, "Unc_beta": 0.15449941158294678, "PowerLaw_Index": 2.6297967433929443, "Unc_PowerLaw_Index": 0.11899696290493011, "Flux_Band": [4.420202537325224e-10, 1.946291183774207e-10, 3.86241316707725e-11, 3.3741412441834484e-12, 9.673791314572136e-20], "Unc_Flux_Band": [[-4.05224985511321e-11, 4.05224985511321e-11], [-2.528824892544801e-11, 2.7625374210415998e-11], [-1.0705719297177119e-11, 1.3011826859032904e-11], [-2.389000238953165e-12, 4.641039288988402e-12], [null, 5.728870936666519e-12]], "nuFnu": [1.3815937109640242e-11, 9.958828033063138e-12, 4.368053228148705e-12, 1.0777450980270498e-12, 9.405016422864075e-20], "Sqrt_TS_Band": [31.495891571044922, 22.700193405151367, 8.810640335083008, 2.54984974861145, 0.0], "Npred": 194.33740234375, "HEP_Energy": 161.88999938964844, "HEP_Prob": 0.9945346117019653, "Variability_BayesBlocks": 13, "Extended_Source_Name": "                  ", "ASSOC_GAM": "3FGL J1224.9+2122 ", "TEVCAT_FLAG": "P", "ASSOC_TEV": "4C +21.35            ", "CLASS": "FSRQ   ", "ASSOC1": "4C +21.35                 ", "ASSOC2": "                          ", "ASSOC_PROB_BAY": 0.9999727606773376, "ASSOC_PROB_LR": 0.999887228012085, "Redshift": 0.4339999854564667, "NuPeak_obs": 52480780009472.0, "source_id": 789}