{"Source_Name": "3FGL J2012.1-1643 ", "RAJ2000": 303.03338623046875, "DEJ2000": -16.72130012512207, "GLON": 26.241512298583984, "GLAT": -25.160205841064453, "Conf_68_SemiMajor": 0.18359971046447754, "Conf_68_SemiMinor": 0.1667630523443222, "Conf_68_PosAng": -87.11000061035156, "Conf_95_SemiMajor": 0.2976999878883362, "Conf_95_SemiMinor": 0.2703999876976013, "Conf_95_PosAng": -87.11000061035156, "ROI_num": 361, "Signif_Avg": 8.086421012878418, "Pivot_Energy": 515.8302001953125, "Flux_Density": 8.6568165830192e-12, "Unc_Flux_Density": 1.0844586947195145e-12, "Flux1000": 3.045859675587792e-10, "Unc_Flux1000": 7.86911924510747e-11, "Energy_Flux100": 6.864855905952538e-12, "Unc_Energy_Flux100": 9.432747551801901e-13, "Signif_Curve": 5.5764241218566895, "SpectrumType": "LogParabola     ", "Spectral_Index": 2.5498642921447754, "Unc_Spectral_Index": 0.24527931213378906, "beta": 0.9999999403953552, "Unc_beta": null, "Cutoff": null, "Unc_Cutoff": null, "Exp_Index": null, "Unc_Exp_Index": null, "PowerLaw_Index": 2.6632235050201416, "Flux30_100": null, "Unc_Flux30_100": null, "nuFnu30_100": null, "Sqrt_TS30_100": null, "Flux100_300": 8.383400640354921e-09, "Unc_Flux100_300": [-2.643893104448125e-09, 2.6871198599565105e-09], "nuFnu100_300": 2.3650324320473315e-12, "Sqrt_TS100_300": 3.2445790767669678, "Flux300_1000": 4.678697873572446e-09, "Unc_Flux300_1000": [-7.174489891070834e-10, 7.321806494431371e-10], "nuFnu300_1000": 2.9757819472453484e-12, "Sqrt_TS300_1000": 7.145166397094727, "Flux1000_3000": 2.630881901222182e-10, "Unc_Flux1000_3000": [-1.233438351455618e-10, 1.3313662672320703e-10], "nuFnu1000_3000": 4.994484643569552e-13, "Sqrt_TS1000_3000": 2.252370595932007, "Flux3000_10000": 1.8035811559513615e-13, "Unc_Flux3000_10000": [null, 2.954038055835717e-11], "nuFnu3000_10000": 9.415621418052355e-16, "Sqrt_TS3000_10000": 0.0, "Flux10000_100000": 7.621579420098029e-14, "Unc_Flux10000_100000": [null, 2.2180835293483803e-11], "nuFnu10000_100000": 7.061590332086158e-16, "Sqrt_TS10000_100000": 0.0, "Variability_Index": 82.46016693115234, "Signif_Peak": 4.6279683113098145, "Flux_Peak": 6.568401289541725e-08, "Unc_Flux_Peak": 1.701853591384861e-08, "Time_Peak": 303764992.0, "Peak_Interval": 2630000.0, "Flux_History": [9.848418969227168e-09, 6.599218060898693e-09, 2.5316596818925063e-08, 0.0, 3.647705471010454e-09, 1.7052025569341822e-08, 5.24434329296497e-10, 1.3937513365647192e-09, 4.535847697439976e-09, 1.4462972153239662e-08, 2.0967416247685833e-08, 7.572359628227332e-09, 1.8116526945277656e-08, 1.7568357435493454e-08, 0.0, 0.0, 1.6885996600990438e-08, 3.122288205759105e-08, 0.0, 1.7935938956270547e-08, 7.3666175381958965e-09, 8.18030887472787e-09, 3.648131752242989e-08, 1.4292194983056561e-08, 6.568401289541725e-08, 3.693557815154236e-08, 1.362770873925001e-08, 1.2893006662295647e-08, 2.0615546603153234e-08, 0.0, 0.0, 2.4046475033401293e-08, 1.9665444384031616e-08, 0.0, 2.4069336745924375e-08, 2.15052597951626e-08, 0.0, 2.335969107036817e-08, 2.0034875980456945e-09, 0.0, 2.296630263742827e-08, 4.8171888700210275e-09, 5.578328199362659e-08, 0.0, 1.6545191883210464e-08, 5.5329447690155575e-09, 0.0, 1.8626678865985014e-08], "Unc_Flux_History": [[-8.506776616457046e-09, 9.855360083577125e-09], [null, 1.1861251536515738e-08], [-1.0242080961120337e-08, 1.0278103701466534e-08], [null, 1.0465762478872875e-08], [null, 9.268765310821436e-09], [-9.898805330976757e-09, 1.0997802668555323e-08], [null, 1.1757592233152536e-08], [null, 1.112857717089355e-08], [null, 1.1166110702731658e-08], [-8.20590262406995e-09, 9.737414430333047e-09], [-1.053917042526109e-08, 1.1339670535903679e-08], [null, 1.053283238405811e-08], [-1.0230797542476466e-08, 1.1818278800035387e-08], [-1.108317260190006e-08, 1.2558155404462923e-08], [null, 8.114179550489098e-09], [null, 1.2044187869264533e-08], [-9.725980909536247e-09, 1.0573929287716055e-08], [-1.3403564480540808e-08, 1.5574487477465482e-08], [null, 1.0855563559175607e-08], [-1.1214623896194098e-08, 1.2113660297075057e-08], [null, 1.3294932266205706e-08], [null, 9.59461576854892e-09], [-1.5666437036543357e-08, 1.8055777317727006e-08], [-9.486036844918999e-09, 1.0818042461835375e-08], [-1.701853591384861e-08, 1.818789208130056e-08], [-1.2420544592828264e-08, 1.3237276164090872e-08], [-9.948127654979544e-09, 1.1346285688773605e-08], [-1.14874598722281e-08, 1.2859464604275672e-08], [-9.87708581590141e-09, 1.0843255182635403e-08], [null, 1.2424115070075459e-08], [null, 5.161965521693901e-09], [-1.318091857882564e-08, 1.4389846647588911e-08], [-1.1602169003310792e-08, 1.3084692440656909e-08], [null, 8.86250717258008e-09], [-1.1990819892560012e-08, 1.3042201096880035e-08], [-9.60468415911464e-09, 1.0450661669381134e-08], [null, 9.331029282577674e-09], [-1.0593036670059064e-08, 1.1673943589585178e-08], [null, 1.2206471389220042e-08], [null, 8.817179875109105e-09], [-1.1464074134437396e-08, 1.2588815323510971e-08], [null, 1.3034641810349967e-08], [-1.243708602771676e-08, 1.3302416945748519e-08], [null, 1.1311166225880243e-08], [-9.114210719474158e-09, 1.0164534103296319e-08], [null, 1.0451627119323348e-08], [null, 1.0734964028813465e-08], [-1.3402054577227318e-08, 1.4390939995223562e-08]], "Extended_Source_Name": "                  ", "0FGL_Name": "                 ", "1FGL_Name": "                  ", "2FGL_Name": "                  ", "1FHL_Name": "                  ", "ASSOC_GAM1": "               ", "ASSOC_GAM2": "              ", "ASSOC_GAM3": "               ", "TEVCAT_FLAG": "N", "ASSOC_TEV": "                     ", "CLASS1": "bll  ", "ASSOC1": "PMN J2012-1646            ", "ASSOC2": "                          ", "Flags": 2048, "source_id": 2596}