{"Source_Name": "3FHL J1207.8-2228 ", "RAJ2000": 181.9502716064453, "DEJ2000": -22.48085594177246, "GLON": 289.8749084472656, "GLAT": 39.281982421875, "Conf_95_SemiMajor": 0.05868566408753395, "Conf_95_SemiMinor": 0.05868566408753395, "Conf_95_PosAng": null, "ROI_num": 130, "Signif_Avg": 4.677224636077881, "Pivot_Energy": 15.049684524536133, "Flux_Density": 1.7265795997783995e-12, "Unc_Flux_Density": 6.792243633854667e-13, "Flux": 2.8936273516189104e-11, "Unc_Flux": 1.1385161043098169e-11, "Energy_Flux": 8.107036092788733e-13, "Unc_Energy_Flux": 4.0026825170319524e-13, "Signif_Curve": 0.7098639011383057, "SpectrumType": "PowerLaw   ", "Spectral_Index": 2.7713046073913574, "Unc_Spectral_Index": 1.331608772277832, "beta": 0.8067716956138611, "Unc_beta": 1.2687656879425049, "PowerLaw_Index": 3.3264708518981934, "Unc_PowerLaw_Index": 0.8917776346206665, "Flux_Band": [1.7811524824495883e-11, 1.1668634808392753e-11, 5.817411941984878e-18, 8.848211425751369e-20, 3.016817964911998e-21], "Unc_Flux_Band": [[-7.785446766439552e-12, 1.0266338126840857e-11], [-5.832093488700174e-12, 8.537949860998317e-12], [null, 5.326394273558188e-12], [null, 5.3243464324947976e-12], [null, 5.813090026701717e-12]], "nuFnu": [5.422018086245761e-13, 5.711163421524834e-13, 6.186747465104345e-19, 2.6298079847868178e-20, 2.677402293178371e-21], "Sqrt_TS_Band": [4.029214859008789, 4.113818645477295, 0.0, 0.0, 0.0], "Npred": 7.986319541931152, "HEP_Energy": 23.032699584960938, "HEP_Prob": 0.9858123660087585, "Variability_BayesBlocks": 1, "Extended_Source_Name": "                  ", "ASSOC_GAM": "3FGL J1207.6-2232 ", "TEVCAT_FLAG": "N", "ASSOC_TEV": "                     ", "CLASS": "bll    ", "ASSOC1": "NVSS J120738-223250       ", "ASSOC2": "                          ", "ASSOC_PROB_BAY": 0.9761558771133423, "ASSOC_PROB_LR": 0.8359782099723816, "Redshift": null, "NuPeak_obs": 4168692793344.0, "source_id": 760}