{"Source_Name": "3FGL J2141.7-3734 ", "RAJ2000": 325.4284973144531, "DEJ2000": -37.572200775146484, "GLON": 5.871429920196533, "GLAT": -49.04509353637695, "Conf_68_SemiMajor": 0.12223535031080246, "Conf_68_SemiMinor": 0.07511737942695618, "Conf_68_PosAng": 20.920000076293945, "Conf_95_SemiMajor": 0.19820000231266022, "Conf_95_SemiMinor": 0.121799997985363, "Conf_95_PosAng": 20.920000076293945, "ROI_num": 713, "Signif_Avg": 7.939112186431885, "Pivot_Energy": 532.3196411132812, "Flux_Density": 3.3068541394759565e-12, "Unc_Flux_Density": 4.3130652044656714e-13, "Flux1000": 4.054119540075618e-10, "Unc_Flux1000": 7.780632388376674e-11, "Energy_Flux100": 6.7096397882160375e-12, "Unc_Energy_Flux100": 8.782051691760828e-13, "Signif_Curve": 0.741478443145752, "SpectrumType": "PowerLaw        ", "Spectral_Index": 2.5915021896362305, "Unc_Spectral_Index": 0.11220334470272064, "beta": null, "Unc_beta": null, "Cutoff": null, "Unc_Cutoff": null, "Exp_Index": null, "Unc_Exp_Index": null, "PowerLaw_Index": 2.5915021896362305, "Flux30_100": null, "Unc_Flux30_100": null, "nuFnu30_100": null, "Sqrt_TS30_100": null, "Flux100_300": 1.052969622605815e-08, "Unc_Flux100_300": [-3.0918725357764743e-09, 3.146764848693806e-09], "nuFnu100_300": 2.3901481922133927e-12, "Sqrt_TS100_300": 3.4737091064453125, "Flux300_1000": 3.0671933881620816e-09, "Unc_Flux300_1000": [-4.889535443197701e-10, 5.065962649375422e-10], "nuFnu300_1000": 1.9676964051196233e-12, "Sqrt_TS300_1000": 6.965502738952637, "Flux1000_3000": 1.433873020317833e-10, "Unc_Flux1000_3000": [-8.449928950993169e-11, 9.481958967993975e-11], "nuFnu1000_3000": 3.254765435032475e-13, "Sqrt_TS1000_3000": 1.772318720817566, "Flux3000_10000": 6.416962794464354e-11, "Unc_Flux3000_10000": [-2.7900487475918112e-11, 3.4803868120825143e-11], "nuFnu3000_10000": 4.1166739071438196e-13, "Sqrt_TS3000_10000": 2.9507033824920654, "Flux10000_100000": 9.807835966990641e-12, "Unc_Flux10000_100000": [-9.104539171189696e-12, 1.4398313270824747e-11], "nuFnu10000_100000": 1.4014637161278293e-13, "Sqrt_TS10000_100000": 1.1156809329986572, "Variability_Index": 89.95018768310547, "Signif_Peak": 6.164589881896973, "Flux_Peak": 7.1806162793564e-08, "Unc_Flux_Peak": 1.4385055813193048e-08, "Time_Peak": 314284992.0, "Peak_Interval": 2630000.0, "Flux_History": [3.223645350658444e-09, 0.0, 0.0, 2.014714794995598e-08, 1.827771156648339e-09, 2.0625085639380814e-08, 3.3450486824904146e-08, 1.8777992494278806e-08, 3.724920460967951e-08, 7.007746383180802e-09, 3.396000636257668e-08, 1.9814704543819062e-08, 5.1516746424340454e-08, 0.0, 2.7544103886611992e-08, 2.0598514893777065e-08, 1.8845469185180264e-08, 1.7685252373667026e-08, 3.4325207121099766e-09, 3.565527251225831e-08, 3.622997368779579e-08, 6.21030826764013e-09, 0.0, 1.6730812291143593e-08, 1.2864936671519445e-08, 4.8718078460296965e-09, 1.867431187463353e-08, 2.99308453577396e-08, 7.1806162793564e-08, 3.414470839402384e-08, 2.3905750268227166e-08, 1.6755505427568096e-08, 1.9879914603393445e-08, 5.283394699517885e-08, 0.0, 6.316822620533458e-09, 2.3078254862696213e-09, 0.0, 0.0, 2.3371093504920282e-08, 0.0, 7.641000721037017e-09, 1.5171837119964948e-08, 0.0, 2.3501496304589864e-09, 0.0, 2.0025867186745927e-08, 0.0], "Unc_Flux_History": [[null, 1.1938634969510531e-08], [null, 9.097050224227132e-09], [null, 9.740325879192824e-09], [-1.197545529407762e-08, 1.3821732203211923e-08], [null, 1.4296754891063301e-08], [-1.445539687949804e-08, 1.6089160226329113e-08], [-1.6179223294443545e-08, 1.800008142538445e-08], [-1.2937793059109026e-08, 1.492295176319658e-08], [-1.6182163165012753e-08, 1.7341028168971206e-08], [null, 1.0843781872438285e-08], [-1.4378289669991773e-08, 1.6118592682801136e-08], [-1.0535094574493087e-08, 1.3012526167699434e-08], [-1.4876991194512357e-08, 1.6217253318018265e-08], [null, 1.4820120242120538e-08], [-1.1645203912280522e-08, 1.281901074179359e-08], [-1.7780447336690486e-08, 1.9468606282657674e-08], [-1.1893076745650433e-08, 1.3056317804682749e-08], [-1.4486452037942854e-08, 1.59354787143684e-08], [null, 1.6179784623204796e-08], [-1.4552242966203721e-08, 1.567125451629181e-08], [-1.761557655299839e-08, 1.9914779159080354e-08], [null, 1.2654114200927324e-08], [null, 1.2728013309981634e-08], [-1.2041992292211035e-08, 1.2860193798758246e-08], [null, 1.5966119093491216e-08], [null, 1.3846386259785959e-08], [-1.1737341765183373e-08, 1.3260723186192536e-08], [-1.6402925240299737e-08, 1.8222749531560112e-08], [-1.4385055813193048e-08, 1.5409009179734312e-08], [-1.5797178676280055e-08, 1.7626584636332154e-08], [-1.3030433620997428e-08, 1.4149588167811089e-08], [null, 1.8285060576772594e-08], [-1.6856088080885456e-08, 1.8109529875687258e-08], [-1.3700878653821746e-08, 1.4798230196788609e-08], [null, 1.1799826893366117e-08], [null, 1.1464719840148518e-08], [null, 1.854648523647029e-08], [null, 1.1203797001257954e-08], [null, 1.309929142934152e-08], [-1.2183234865403847e-08, 1.375512947987545e-08], [null, 1.0213680567972006e-08], [null, 1.7956267583940644e-08], [-1.1836644553397946e-08, 1.3041278279501967e-08], [null, 1.591110887488867e-08], [null, 1.259980564327634e-08], [null, 9.082709695462654e-09], [-1.1045828252065348e-08, 1.267228100232387e-08], [null, 1.1085315776426796e-08]], "Extended_Source_Name": "                  ", "0FGL_Name": "                 ", "1FGL_Name": "                  ", "2FGL_Name": "2FGL J2141.7-3739 ", "1FHL_Name": "                  ", "ASSOC_GAM1": "               ", "ASSOC_GAM2": "              ", "ASSOC_GAM3": "               ", "TEVCAT_FLAG": "N", "ASSOC_TEV": "                     ", "CLASS1": "fsrq ", "ASSOC1": "PKS 2138-377              ", "ASSOC2": "                          ", "Flags": 0, "source_id": 2788}