{"Source_Name": "3FGL J1128.0+5921 ", "RAJ2000": 172.00250244140625, "DEJ2000": 59.35089874267578, "GLON": 141.2433319091797, "GLAT": 54.71153259277344, "Conf_68_SemiMajor": 0.1192750558257103, "Conf_68_SemiMinor": 0.09990981966257095, "Conf_68_PosAng": 32.810001373291016, "Conf_95_SemiMajor": 0.19339999556541443, "Conf_95_SemiMinor": 0.16200000047683716, "Conf_95_PosAng": 32.810001373291016, "ROI_num": 465, "Signif_Avg": 4.8137593269348145, "Pivot_Energy": 583.2643432617188, "Flux_Density": 1.2708910529860007e-12, "Unc_Flux_Density": 2.4776900908567157e-13, "Flux1000": 1.7079593295221684e-10, "Unc_Flux1000": 4.642852075020798e-11, "Energy_Flux100": 3.3995059371683123e-12, "Unc_Energy_Flux100": 7.054822763301327e-13, "Signif_Curve": 0.4503769874572754, "SpectrumType": "PowerLaw        ", "Spectral_Index": 2.718621253967285, "Unc_Spectral_Index": 0.16943244636058807, "beta": null, "Unc_beta": null, "Cutoff": null, "Unc_Cutoff": null, "Exp_Index": null, "Unc_Exp_Index": null, "PowerLaw_Index": 2.718621253967285, "Flux30_100": null, "Unc_Flux30_100": null, "nuFnu30_100": null, "Sqrt_TS30_100": null, "Flux100_300": 7.542410251915044e-09, "Unc_Flux100_300": [-3.0604772049969142e-09, 3.2252958082068517e-09], "nuFnu100_300": 1.692015017679127e-12, "Sqrt_TS100_300": 2.4589531421661377, "Flux300_1000": 1.2564481677301842e-09, "Unc_Flux300_1000": [-3.471439247171304e-10, 3.6113495527345663e-10], "nuFnu300_1000": 7.949040731203283e-13, "Sqrt_TS300_1000": 3.8154380321502686, "Flux1000_3000": 2.0684870483123063e-10, "Unc_Flux1000_3000": [-6.217570208688628e-11, 6.863299512049892e-11], "nuFnu1000_3000": 4.640308319883713e-13, "Sqrt_TS1000_3000": 3.956759452819824, "Flux3000_10000": 1.2050236676552917e-11, "Unc_Flux3000_10000": [-9.630313907438293e-12, 1.5017929608229785e-11], "nuFnu3000_10000": 7.62369835771888e-14, "Sqrt_TS3000_10000": 1.4129552841186523, "Flux10000_100000": 3.209343780279908e-16, "Unc_Flux10000_100000": [null, 9.479378219878765e-12], "nuFnu10000_100000": 4.402956669166658e-18, "Sqrt_TS10000_100000": 0.0, "Variability_Index": 41.651954650878906, "Signif_Peak": null, "Flux_Peak": null, "Unc_Flux_Peak": null, "Time_Peak": null, "Peak_Interval": null, "Flux_History": [0.0, 0.0, 0.0, 1.4596528430388389e-08, 6.495390003635748e-09, 1.8905181420336703e-08, 2.3441931062961885e-08, 4.790134511267752e-08, 1.526542980911927e-08, 1.745768640759593e-09, 0.0, 0.0, 1.4325763686429127e-08, 0.0, 3.5493885608417486e-09, 1.0946946682466319e-09, 4.256383245859752e-09, 1.7546666342127537e-08, 0.0, 1.0743431033688466e-08, 2.410134136709985e-08, 8.20928491851447e-10, 1.573416419375917e-08, 2.8362178383645187e-08, 0.0, 7.582310890263955e-10, 2.118194508682336e-09, 7.412681024554502e-10, 1.1828994672669069e-08, 0.0, 7.390547285268667e-09, 0.0, 0.0, 7.436431470608795e-09, 3.911475143780763e-09, 3.3861276005353602e-09, 1.320627074363756e-08, 1.0403139683035079e-08, 1.8183435201990505e-08, 0.0, 7.682197100677968e-09, 2.3590885689372953e-08, 2.789227293575891e-09, 5.0054369538088395e-09, 1.7916107708515483e-08, 6.084205583789526e-09, 1.348468359196886e-08, 3.951470706198279e-09], "Unc_Flux_History": [[null, 9.790533717080052e-09], [null, 1.1008466138662243e-08], [null, 1.6269375180399948e-08], [-1.0712118303501938e-08, 1.2411766725506368e-08], [null, 1.1589699866476622e-08], [-1.3961934719475266e-08, 1.4977635132140676e-08], [-1.1005581335155057e-08, 1.2475217303631325e-08], [-1.6329034124851205e-08, 1.7938457830268817e-08], [-1.182958087042607e-08, 1.2879832311796235e-08], [null, 1.3957400568642697e-08], [null, 1.2461025100662937e-08], [null, 1.3254243036442404e-08], [-9.576211823514313e-09, 1.155655926510235e-08], [null, 1.0503341307810388e-08], [null, 9.462124417325413e-09], [null, 1.1135974808951232e-08], [null, 1.1078832073962985e-08], [-1.1698033652862705e-08, 1.242633285158945e-08], [null, 1.111764991179598e-08], [-8.830480346944114e-09, 1.0841593400812144e-08], [-1.2496917278781439e-08, 1.3626507922026576e-08], [null, 1.26114763077112e-08], [-8.518830973969216e-09, 1.079673239701151e-08], [-1.0103297753971674e-08, 1.1452114812016134e-08], [null, 9.147477442184027e-09], [null, 1.3769476225888866e-08], [null, 1.0185047472077713e-08], [null, 1.2430356299830692e-08], [-8.840756571260044e-09, 1.0806501471449792e-08], [null, 7.776869814790643e-09], [null, 9.887310525868998e-09], [null, 1.0887994505992538e-08], [null, 8.61045901245916e-09], [null, 1.0917601933613241e-08], [null, 1.1210155470564587e-08], [null, 9.79480319074355e-09], [-1.0878355105603532e-08, 1.2991630882197569e-08], [-1.0403139683035079e-08, 1.2197130416780055e-08], [-1.2594497000861793e-08, 1.4286026583931744e-08], [null, 1.031955143560026e-08], [null, 8.734629020068496e-09], [-1.1109547060073055e-08, 1.2270847449258326e-08], [null, 1.1563677126957828e-08], [null, 1.193206422556159e-08], [-1.1777757435993408e-08, 1.2453838849069143e-08], [null, 1.1249471576491032e-08], [-1.2438037266804258e-08, 1.3168174994859783e-08], [null, 9.723946092776714e-09]], "Extended_Source_Name": "                  ", "0FGL_Name": "                 ", "1FGL_Name": "                  ", "2FGL_Name": "                  ", "1FHL_Name": "                  ", "ASSOC_GAM1": "               ", "ASSOC_GAM2": "              ", "ASSOC_GAM3": "               ", "TEVCAT_FLAG": "N", "ASSOC_TEV": "                     ", "CLASS1": "fsrq ", "ASSOC1": "TXS 1125+596              ", "ASSOC2": "                          ", "Flags": 0, "catalog_row_index": 1355}