{"Source_Name": "3FHL J0429.7+2845 ", "RAJ2000": 67.43977355957031, "DEJ2000": 28.759550094604492, "GLON": 170.20407104492188, "GLAT": -13.461214065551758, "Conf_95_SemiMajor": 0.048531025648117065, "Conf_95_SemiMinor": 0.048531025648117065, "Conf_95_PosAng": null, "ROI_num": 89, "Signif_Avg": 5.789097309112549, "Pivot_Energy": 16.337890625, "Flux_Density": 2.5286311673006212e-12, "Unc_Flux_Density": 7.522367602950941e-13, "Flux": 5.5164296741683216e-11, "Unc_Flux": 1.639870184089176e-11, "Energy_Flux": 1.7260672058316828e-12, "Unc_Energy_Flux": 6.685010075883902e-13, "Signif_Curve": 0.0, "SpectrumType": "PowerLaw   ", "Spectral_Index": 3.030726194381714, "Unc_Spectral_Index": 0.9072416424751282, "beta": 0.009929983876645565, "Unc_beta": 0.5935512781143188, "PowerLaw_Index": 3.029585123062134, "Unc_PowerLaw_Index": 0.5641101598739624, "Flux_Band": [4.0845611615214494e-11, 1.0112512389970352e-11, 3.376720777992226e-12, 3.522318821287272e-21, 1.3409529134854313e-17], "Unc_Flux_Band": [[-1.2686722332400091e-11, 1.5477431836163902e-11], [-6.665942103856182e-12, 8.92499355670262e-12], [-2.3873821756309477e-12, 4.612128821218642e-12], [null, 4.779797217746573e-12], [null, 5.24238638610619e-12]], "nuFnu": [1.2572720642367585e-12, 5.041898972976688e-13, 3.6832624623894805e-13, 1.0782397229598708e-21, 1.2348683234144856e-17], "Sqrt_TS_Band": [5.827937602996826, 1.8205503225326538, 2.582162618637085, 0.0, 0.0], "Npred": 17.01598358154297, "HEP_Energy": 66.09639739990234, "HEP_Prob": 0.9736078977584839, "Variability_BayesBlocks": 1, "Extended_Source_Name": "                  ", "ASSOC_GAM": "3FGL J0429.8+2843 ", "TEVCAT_FLAG": "N", "ASSOC_TEV": "                     ", "CLASS": "bcu    ", "ASSOC1": "MG2 J042948+2843          ", "ASSOC2": "                          ", "ASSOC_PROB_BAY": 0.9602473378181458, "ASSOC_PROB_LR": 0.7668807506561279, "Redshift": null, "NuPeak_obs": 190545955651584.0, "source_id": 282}