{"Source_Name": "3FGL J1339.0+1153 ", "RAJ2000": 204.75469970703125, "DEJ2000": 11.891799926757812, "GLON": 341.47125244140625, "GLAT": 71.11093139648438, "Conf_68_SemiMajor": 0.028677819296717644, "Conf_68_SemiMinor": 0.027876075357198715, "Conf_68_PosAng": 74.47000122070312, "Conf_95_SemiMajor": 0.04650000110268593, "Conf_95_SemiMinor": 0.04520000144839287, "Conf_95_PosAng": 74.47000122070312, "ROI_num": 725, "Signif_Avg": 11.524755477905273, "Pivot_Energy": 2535.2685546875, "Flux_Density": 1.0407846866246004e-13, "Unc_Flux_Density": 1.3841845658763615e-14, "Flux1000": 6.632420168628528e-10, "Unc_Flux1000": 8.826307046350124e-11, "Energy_Flux100": 7.477594064775328e-12, "Unc_Energy_Flux100": 1.0330881115849788e-12, "Signif_Curve": 0.6821292638778687, "SpectrumType": "PowerLaw        ", "Spectral_Index": 1.9654040336608887, "Unc_Spectral_Index": 0.10439423471689224, "beta": null, "Unc_beta": null, "Cutoff": null, "Unc_Cutoff": null, "Exp_Index": null, "Unc_Exp_Index": null, "PowerLaw_Index": 1.9654040336608887, "Flux30_100": null, "Unc_Flux30_100": null, "nuFnu30_100": null, "Sqrt_TS30_100": null, "Flux100_300": 3.568289219657572e-09, "Unc_Flux100_300": [-2.668903542613066e-09, 2.703479440313572e-09], "nuFnu100_300": 8.603848970084593e-13, "Sqrt_TS100_300": 1.3513391017913818, "Flux300_1000": 2.0118990917694646e-09, "Unc_Flux300_1000": [-4.2468759064995254e-10, 4.3772635516248215e-10], "nuFnu300_1000": 1.3869525103057945e-12, "Sqrt_TS300_1000": 5.268026828765869, "Flux1000_3000": 3.046880525658935e-10, "Unc_Flux1000_3000": [-8.398047535163045e-11, 9.347927293346103e-11], "nuFnu1000_3000": 7.346629272812766e-13, "Sqrt_TS1000_3000": 4.419532299041748, "Flux3000_10000": 1.295941409740209e-10, "Unc_Flux3000_10000": [-3.64825600285279e-11, 4.2529747085184866e-11], "nuFnu3000_10000": 8.933893121815251e-13, "Sqrt_TS3000_10000": 5.338062763214111, "Flux10000_100000": 1.040540709151827e-10, "Unc_Flux10000_100000": [-2.73024710478742e-11, 3.162975784065658e-11], "nuFnu10000_100000": 1.8784626631962453e-12, "Sqrt_TS10000_100000": 8.597213745117188, "Variability_Index": 46.211551666259766, "Signif_Peak": null, "Flux_Peak": null, "Unc_Flux_Peak": null, "Time_Peak": null, "Peak_Interval": null, "Flux_History": [4.9984794081581185e-09, 1.8782850830234565e-08, 1.1540473465743162e-08, 4.622073390692094e-09, 1.4114801771825114e-08, 3.810359139322372e-09, 9.916696797063196e-09, 5.867039742923907e-09, 1.1366664942613625e-08, 5.08377517860481e-09, 3.926505343088138e-09, 1.31742261544332e-08, 8.416058960847295e-09, 1.3036218327044935e-08, 0.0, 3.2440117259113777e-09, 1.2905839064103475e-08, 0.0, 2.3452737529794376e-09, 4.68475835901927e-09, 0.0, 0.0, 5.932426772048416e-10, 3.8076217734328566e-09, 3.5395903985602217e-09, 6.343186864654626e-09, 1.305806396345588e-08, 9.110173948556621e-09, 5.628210786312593e-09, 1.2448552411115088e-08, 8.829698749934778e-09, 1.0945010231466767e-08, 0.0, 0.0, 3.644790913526208e-09, 3.396743553096826e-09, 8.149511288024769e-09, 1.1117680109862249e-08, 8.813642260463439e-09, 4.084949267735283e-09, 0.0, 1.4114350799232511e-09, 0.0, 1.5952883458680844e-08, 8.509147164659225e-09, 5.413469228443546e-09, 0.0, 9.498454467404827e-09], "Unc_Flux_History": [[-4.718503809897356e-09, 6.293317422745304e-09], [-6.478700687040373e-09, 7.525338574509988e-09], [-5.372840838901993e-09, 6.303474631152994e-09], [-2.8406907937039705e-09, 4.271279774314962e-09], [-5.409023007274527e-09, 6.3782694681435714e-09], [null, 7.422897851938615e-09], [-4.65280036721083e-09, 5.912803135998956e-09], [-5.82085757372397e-09, 7.300839044432905e-09], [-5.698284510913254e-09, 7.016412784111026e-09], [-4.440006140526975e-09, 5.913831202519759e-09], [null, 7.373907706664795e-09], [-5.440652373067678e-09, 6.560578302838849e-09], [-5.6560622851975495e-09, 7.975683224969998e-09], [-7.88708742760491e-09, 9.530864986118104e-09], [null, 4.535607889266657e-09], [null, 6.316603240463792e-09], [-6.267629526490737e-09, 7.867229534497255e-09], [null, 5.131361557886294e-09], [null, 6.304779365251534e-09], [-4.1185255206244165e-09, 6.729649726366915e-09], [null, 8.177253540964102e-09], [null, 7.081008668308186e-09], [null, 7.104371313459978e-09], [-3.5440907986128423e-09, 5.176228334846655e-09], [-2.8045181732494484e-09, 4.894405325472917e-09], [-4.485813942523009e-09, 7.2361636682671815e-09], [-6.375639571842839e-09, 8.206304080715654e-09], [-6.311978495432413e-09, 8.75490702156867e-09], [-4.162633793214354e-09, 6.024802434723142e-09], [-6.235235883167434e-09, 7.819320302360211e-09], [-5.499879662806961e-09, 7.526982592764853e-09], [-6.5158847206703285e-09, 8.774045490156368e-09], [null, 5.737229358260265e-09], [null, 7.129403289951597e-09], [null, 6.918063455430001e-09], [null, 7.785444289254428e-09], [-5.104968447966485e-09, 7.241562460791329e-09], [-6.030066224127495e-09, 8.140485618923776e-09], [-4.552783927636028e-09, 6.322772971856239e-09], [null, 7.603840224135183e-09], [null, 6.448779288348305e-09], [null, 7.38159400270888e-09], [null, 4.699853395351283e-09], [-7.561224535379552e-09, 9.265125555657505e-09], [-5.242213330092227e-09, 7.206324870168146e-09], [-5.170759376227352e-09, 6.968766008697003e-09], [null, 5.842681893852841e-09], [-5.571336725296305e-09, 7.799414447617892e-09]], "Extended_Source_Name": "                  ", "0FGL_Name": "                 ", "1FGL_Name": "1FGL J1338.9+1153 ", "2FGL_Name": "2FGL J1338.9+1152 ", "1FHL_Name": "                  ", "ASSOC_GAM1": "               ", "ASSOC_GAM2": "              ", "ASSOC_GAM3": "               ", "TEVCAT_FLAG": "N", "ASSOC_TEV": "                     ", "CLASS1": "bll  ", "ASSOC1": "SDSS J133859.05+115316.7  ", "ASSOC2": "                          ", "Flags": 0, "source_id": 1658}