{"Source_Name": "3FGL J1654.3-4907 ", "RAJ2000": 253.59849548339844, "DEJ2000": -49.12179946899414, "GLON": 337.82073974609375, "GLAT": -3.4441840648651123, "Conf_68_SemiMajor": 0.2476159930229187, "Conf_68_SemiMinor": 0.1313629150390625, "Conf_68_PosAng": 24.540000915527344, "Conf_95_SemiMajor": 0.40149998664855957, "Conf_95_SemiMinor": 0.21299999952316284, "Conf_95_PosAng": 24.540000915527344, "ROI_num": 76, "Signif_Avg": 6.874967098236084, "Pivot_Energy": 618.4794311523438, "Flux_Density": 1.155953457954162e-11, "Unc_Flux_Density": 1.5949249299734847e-12, "Flux1000": 8.101125881232463e-10, "Unc_Flux1000": 1.926477449787356e-10, "Energy_Flux100": 1.3740529547501268e-11, "Unc_Energy_Flux100": 2.165502803117003e-12, "Signif_Curve": 5.219221115112305, "SpectrumType": "LogParabola     ", "Spectral_Index": 2.655090808868408, "Unc_Spectral_Index": 0.25639453530311584, "beta": 0.99922776222229, "Unc_beta": null, "Cutoff": null, "Unc_Cutoff": null, "Exp_Index": null, "Unc_Exp_Index": null, "PowerLaw_Index": 2.4607083797454834, "Flux30_100": null, "Unc_Flux30_100": null, "nuFnu30_100": null, "Sqrt_TS30_100": null, "Flux100_300": 2.358864747975531e-08, "Unc_Flux100_300": [-6.752997716574782e-09, 6.884808279039589e-09], "nuFnu100_300": 6.811822807206713e-12, "Sqrt_TS100_300": 3.3435778617858887, "Flux300_1000": 4.938228048700921e-09, "Unc_Flux300_1000": [-1.6233182575930982e-09, 1.671935923042156e-09], "nuFnu300_1000": 3.232248886944622e-12, "Sqrt_TS300_1000": 3.083211898803711, "Flux1000_3000": 8.264303130722794e-10, "Unc_Flux1000_3000": [-2.6500804328755123e-10, 2.781408992014178e-10], "nuFnu1000_3000": 1.5924058946459319e-12, "Sqrt_TS1000_3000": 3.2608442306518555, "Flux3000_10000": 7.314295003002513e-11, "Unc_Flux3000_10000": [-4.9787080708130205e-11, 5.849636747212728e-11], "nuFnu3000_10000": 3.818438078749542e-13, "Sqrt_TS3000_10000": 1.551814317703247, "Flux10000_100000": 1.5078302105162034e-12, "Unc_Flux10000_100000": [null, 1.9979280382886877e-11], "nuFnu10000_100000": 1.3970435424552185e-14, "Sqrt_TS10000_100000": 0.16111192107200623, "Variability_Index": 44.483436584472656, "Signif_Peak": null, "Flux_Peak": null, "Unc_Flux_Peak": null, "Time_Peak": null, "Peak_Interval": null, "Flux_History": [4.863717872893858e-09, 4.023281263698664e-08, 8.291004327531937e-09, 1.37291538138129e-08, 4.852676482869356e-08, 0.0, 4.9529351286992096e-08, 2.283658062651739e-08, 3.4063379672488736e-08, 6.85936463185044e-09, 0.0, 0.0, 6.8243743989171435e-09, 8.334575696267166e-09, 8.071154411481984e-09, 9.388417154809758e-09, 2.832766021754196e-08, 3.658729141875483e-08, 4.2877555728182415e-08, 0.0, 8.301221754436483e-08, 1.265862970001308e-08, 0.0, 1.1794973886480875e-08, 9.549435020517194e-09, 3.815025451103793e-08, 2.5776271783684024e-08, 5.15523836952525e-08, 3.0593714228643876e-08, 5.4755115996840686e-08, 3.4683083072195586e-08, 2.6931290975085176e-08, 2.7170850458446694e-08, 1.6813270775628553e-08, 3.667401671236803e-08, 1.571778973641358e-08, 2.7162279536696587e-08, 2.728222980863393e-08, 0.0, 4.509329443180832e-08, 2.383524844162821e-08, 2.263362830490223e-08, 0.0, 9.642909581941694e-09, 4.021209676352555e-08, 3.31381500018324e-08, 2.2927009624140737e-08, 0.0], "Unc_Flux_History": [[null, 2.378592789398226e-08], [-2.4860710823304544e-08, 2.7259167367787995e-08], [null, 2.1880357081727198e-08], [null, 2.0885007501192376e-08], [-2.1211530309983573e-08, 2.228001960702386e-08], [null, 1.824721529430917e-08], [-2.2216321227119806e-08, 2.376212115962062e-08], [-2.052599690216539e-08, 2.2680346489778458e-08], [-2.1732867949708634e-08, 2.3424544082217835e-08], [null, 2.221704598071028e-08], [null, 2.5582128415635452e-08], [null, 1.2603257104615295e-08], [null, 2.1506378899971423e-08], [null, 1.8945240043422018e-08], [null, 1.82235559975652e-08], [null, 2.193499248903663e-08], [-1.873290322862431e-08, 1.939836025144359e-08], [-2.2683853018179434e-08, 2.4985316926517953e-08], [-1.8400591272893507e-08, 1.952198758203849e-08], [null, 2.0247684417995515e-08], [-2.3045876318406044e-08, 2.4221517236355794e-08], [null, 1.809770466820737e-08], [null, 1.8131487422579085e-08], [null, 1.754464662440114e-08], [null, 2.3286821360102294e-08], [-1.9600355116722312e-08, 2.1244895620498028e-08], [-2.3735358567478215e-08, 2.4717410340713286e-08], [-2.095774220833846e-08, 2.1959625229328594e-08], [-1.9429872821774552e-08, 2.073027083326906e-08], [-2.272219568055789e-08, 2.266020082686282e-08], [-1.7784987704771993e-08, 1.9259381645042595e-08], [-2.352955519313582e-08, 2.639699303585985e-08], [-2.0528027278032823e-08, 2.1756624946078773e-08], [null, 2.1314921383464025e-08], [-1.9293237230044724e-08, 2.1226981061772676e-08], [null, 1.8481433272654613e-08], [-2.103205609671477e-08, 2.276099131393039e-08], [-1.868367860424769e-08, 1.9712272703031886e-08], [null, 2.264207665803042e-08], [-1.8620813335701314e-08, 2.061834791788897e-08], [-2.2569517810211437e-08, 2.4141815657685584e-08], [-1.9596729572413096e-08, 2.098445328613252e-08], [null, 1.9214978053128107e-08], [null, 2.133187493313926e-08], [-1.769451429822766e-08, 1.8689496172896725e-08], [-2.209623417570583e-08, 2.4090432759749092e-08], [-1.7966186760531855e-08, 1.9229377201668285e-08], [null, 1.7737738389200786e-08]], "Extended_Source_Name": "                  ", "0FGL_Name": "                 ", "1FGL_Name": "                  ", "2FGL_Name": "                  ", "1FHL_Name": "                  ", "ASSOC_GAM1": "               ", "ASSOC_GAM2": "              ", "ASSOC_GAM3": "               ", "TEVCAT_FLAG": "N", "ASSOC_TEV": "                     ", "CLASS1": "     ", "ASSOC1": "                          ", "ASSOC2": "                          ", "Flags": 2329, "catalog_row_index": 2072}