{"Source_Name": "3FGL J1811.2+0340 ", "RAJ2000": 272.8179931640625, "DEJ2000": 3.6791999340057373, "GLON": 31.636327743530273, "GLAT": 10.609578132629395, "Conf_68_SemiMajor": 0.022140510380268097, "Conf_68_SemiMinor": 0.021030399948358536, "Conf_68_PosAng": -32.54999923706055, "Conf_95_SemiMajor": 0.03590000048279762, "Conf_95_SemiMinor": 0.0340999998152256, "Conf_95_PosAng": -32.54999923706055, "ROI_num": 410, "Signif_Avg": 11.153234481811523, "Pivot_Energy": 5670.8134765625, "Flux_Density": 2.957175994420906e-14, "Unc_Flux_Density": 4.437974069997335e-15, "Flux1000": 7.790684763975264e-10, "Unc_Flux1000": 1.227650481272491e-10, "Energy_Flux100": 1.0445790933621968e-11, "Unc_Energy_Flux100": 1.6429885880617223e-12, "Signif_Curve": 3.2645761966705322, "SpectrumType": "PowerLaw        ", "Spectral_Index": 1.7100781202316284, "Unc_Spectral_Index": 0.09449680894613266, "beta": null, "Unc_beta": null, "Cutoff": null, "Unc_Cutoff": null, "Exp_Index": null, "Unc_Exp_Index": null, "PowerLaw_Index": 1.7100781202316284, "Flux30_100": null, "Unc_Flux30_100": null, "nuFnu30_100": null, "Sqrt_TS30_100": null, "Flux100_300": 7.199153924906943e-13, "Unc_Flux100_300": [null, 2.365594387043757e-09], "nuFnu100_300": 1.780473975389278e-16, "Sqrt_TS100_300": 0.0, "Flux300_1000": 3.9730374545854374e-10, "Unc_Flux300_1000": [null, 6.25762441863742e-10], "nuFnu300_1000": 2.823471166070457e-13, "Sqrt_TS300_1000": 0.5351866483688354, "Flux1000_3000": 5.386483481473192e-10, "Unc_Flux1000_3000": [-1.4621329147423978e-10, 1.5915661844001505e-10], "nuFnu1000_3000": 1.332169509253578e-12, "Sqrt_TS1000_3000": 4.16012716293335, "Flux3000_10000": 3.179387308982484e-10, "Unc_Flux3000_10000": [-5.915186396254768e-11, 6.53915671611216e-11], "nuFnu3000_10000": 2.259457161299383e-12, "Sqrt_TS3000_10000": 8.698805809020996, "Flux10000_100000": 9.820654706116372e-11, "Unc_Flux10000_100000": [-2.723151565353632e-11, 3.284421692950623e-11], "nuFnu10000_100000": 1.9736638538769835e-12, "Sqrt_TS10000_100000": 7.487948894500732, "Variability_Index": 50.55648422241211, "Signif_Peak": null, "Flux_Peak": null, "Unc_Flux_Peak": null, "Time_Peak": null, "Peak_Interval": null, "Flux_History": [4.592013880255763e-09, 3.775223689217455e-09, 9.670696243802013e-09, 1.0299213926145967e-08, 3.77938569329217e-09, 5.233309341434733e-09, 1.3388388175883392e-08, 8.662234485257159e-09, 3.464175835077299e-09, 5.79381476129015e-09, 1.4512595569726727e-08, 4.914398221700367e-09, 2.1423800511399804e-09, 6.1588507627163835e-09, 0.0, 1.1778497066572413e-09, 6.540271879629245e-09, 1.7832638476988905e-08, 1.2134707683131296e-09, 4.771059103347852e-09, 9.352978835863723e-09, 8.111127769439008e-09, 1.839675967119092e-09, 0.0, 4.718948010129509e-10, 0.0, 5.526460622462537e-09, 0.0, 5.202365649381591e-09, 7.948711910898965e-09, 0.0, 2.173370594604762e-09, 0.0, 0.0, 3.7253720108765265e-09, 2.1515371706470887e-09, 2.358710338157266e-09, 0.0, 0.0, 8.99327368131253e-09, 1.4208788590153176e-09, 5.245126999398053e-09, 1.8329510131920301e-09, 8.928052075418691e-09, 0.0, 0.0, 0.0, 8.922935279542799e-09], "Unc_Flux_History": [[-3.6477312281846253e-09, 5.2413380302596124e-09], [null, 5.7844071754686865e-09], [-5.031337124705715e-09, 5.954483572878644e-09], [-4.679463927459437e-09, 6.037639721512278e-09], [-2.5954653981585807e-09, 4.206080372881615e-09], [-4.427476163471056e-09, 5.825230520173363e-09], [-5.338821829070639e-09, 6.56960752465352e-09], [-4.6660555419464345e-09, 6.332361301986111e-09], [-2.6490105664578323e-09, 4.6114716489853436e-09], [-3.0553783947340207e-09, 4.3465480104032395e-09], [-5.6501829881483445e-09, 6.9228525134690244e-09], [-3.515157720457296e-09, 5.107764433631701e-09], [-1.7772726623732638e-09, 3.3661524678763044e-09], [-3.8360465914877295e-09, 5.626743515563248e-09], [null, 6.998104318256537e-09], [null, 6.488297898954443e-09], [-4.212218573940163e-09, 6.399234919740593e-09], [-6.833727361765796e-09, 8.73070948870236e-09], [null, 6.844953936990805e-09], [null, 8.140633944719866e-09], [-4.870988501437523e-09, 6.626761805961223e-09], [-5.753441723044261e-09, 7.34691063541959e-09], [null, 8.467890388885735e-09], [null, 6.1848588472912525e-09], [null, 4.994918256784331e-09], [null, 4.748125892461985e-09], [-3.4908482771101035e-09, 5.365777155930118e-09], [null, 5.629765098547068e-09], [-3.698006567631751e-09, 5.659803736790536e-09], [-5.446933570851797e-09, 7.08013869754609e-09], [null, 5.003343517273606e-09], [null, 6.406050356844162e-09], [null, 4.209715687153448e-09], [null, 4.923197405304336e-09], [-2.993742143075906e-09, 5.055771357120875e-09], [null, 7.65541319225349e-09], [null, 6.574147448645817e-09], [null, 5.067056108032375e-09], [null, 4.182938884156329e-09], [-4.459086433428183e-09, 6.052556233981932e-09], [null, 5.770532496285341e-09], [-3.077686105967814e-09, 4.722209290264345e-09], [-1.4176917417785262e-09, 2.710228930169478e-09], [-4.786842477955133e-09, 6.538144692314063e-09], [null, 3.520945313084667e-09], [null, 7.608163876682283e-09], [null, 6.472170355209528e-09], [-7.0169408061815375e-09, 8.971843712402006e-09]], "Extended_Source_Name": "                  ", "0FGL_Name": "                 ", "1FGL_Name": "1FGL J1811.3+0340 ", "2FGL_Name": "2FGL J1811.3+0339 ", "1FHL_Name": "                  ", "ASSOC_GAM1": "               ", "ASSOC_GAM2": "              ", "ASSOC_GAM3": "               ", "TEVCAT_FLAG": "N", "ASSOC_TEV": "                     ", "CLASS1": "bll  ", "ASSOC1": "NVSS J181118+034113       ", "ASSOC2": "                          ", "Flags": 4, "source_id": 2312}