{"Source_Name": "3FGL J0002.2-4152 ", "RAJ2000": 0.5620999932289124, "DEJ2000": -41.8828010559082, "GLON": 334.0700988769531, "GLAT": -72.1427230834961, "Conf_68_SemiMajor": 0.1337064802646637, "Conf_68_SemiMinor": 0.08603346347808838, "Conf_68_PosAng": 68.12999725341797, "Conf_95_SemiMajor": 0.2168000042438507, "Conf_95_SemiMinor": 0.13950000703334808, "Conf_95_PosAng": 68.12999725341797, "ROI_num": 589, "Signif_Avg": 5.1584062576293945, "Pivot_Energy": 1956.04150390625, "Flux_Density": 7.323956436981749e-14, "Unc_Flux_Density": 1.618883588923488e-14, "Flux1000": 2.714030666872702e-10, "Unc_Flux1000": 6.100456945157262e-11, "Energy_Flux100": 3.018269011459407e-12, "Unc_Energy_Flux100": 6.712245234456737e-13, "Signif_Curve": 0.20027261972427368, "SpectrumType": "PowerLaw        ", "Spectral_Index": 2.088920831680298, "Unc_Spectral_Index": 0.18957960605621338, "beta": null, "Unc_beta": null, "Cutoff": null, "Unc_Cutoff": null, "Exp_Index": null, "Unc_Exp_Index": null, "PowerLaw_Index": 2.088920831680298, "Flux30_100": null, "Unc_Flux30_100": null, "nuFnu30_100": null, "Sqrt_TS30_100": null, "Flux100_300": 5.3107602759894235e-09, "Unc_Flux100_300": [-2.19606488549573e-09, 2.1746076050987995e-09], "nuFnu100_300": 1.2650495885210833e-12, "Sqrt_TS100_300": 2.474924325942993, "Flux300_1000": 5.659547275271848e-10, "Unc_Flux300_1000": [-2.8361502035778585e-10, 3.070211029854164e-10], "nuFnu300_1000": 3.845211096146356e-13, "Sqrt_TS300_1000": 2.0604591369628906, "Flux1000_3000": 8.529138506574441e-11, "Unc_Flux1000_3000": [-5.876021197392944e-11, 7.0449729383526e-11], "nuFnu1000_3000": 2.0316831984140693e-13, "Sqrt_TS1000_3000": 1.5133002996444702, "Flux3000_10000": 9.763049396704915e-11, "Unc_Flux3000_10000": [-3.0667170192177906e-11, 3.6483420451371984e-11], "nuFnu3000_10000": 6.633213943396665e-13, "Sqrt_TS3000_10000": 4.734869480133057, "Flux10000_100000": 2.5903596975740406e-11, "Unc_Flux10000_100000": [-1.4004959518476578e-11, 1.944184743751798e-11], "nuFnu10000_100000": 4.4484389587727546e-13, "Sqrt_TS10000_100000": 2.5840647220611572, "Variability_Index": 56.35105514526367, "Signif_Peak": null, "Flux_Peak": null, "Unc_Flux_Peak": null, "Time_Peak": null, "Peak_Interval": null, "Flux_History": [9.733575723203103e-09, 8.765402625954266e-09, 8.984808452794368e-09, 1.0872931888172843e-08, 2.5902849642989167e-08, 0.0, 0.0, 1.1126688903573267e-08, 7.51422479794428e-09, 0.0, 0.0, 0.0, 0.0, 9.548489110500213e-09, 1.130086424439014e-08, 1.3650554464561537e-08, 5.721337625885781e-09, 3.751376542737717e-09, 0.0, 0.0, 0.0, 3.61358232225939e-09, 1.7712531885649696e-08, 0.0, 3.631694056593915e-09, 0.0, 1.2483905020843622e-09, 9.729504313327197e-09, 0.0, 9.432908676387797e-09, 4.571307332668084e-09, 0.0, 3.7348497627931465e-09, 4.3493317281040333e-10, 0.0, 0.0, 0.0, 5.3603765870491316e-09, 3.2345963685287416e-09, 0.0, 0.0, 0.0, 1.0615193168916903e-08, 0.0, 6.117902628943739e-09, 0.0, 0.0, 0.0], "Unc_Flux_History": [[-6.123391127488276e-09, 8.014670704881155e-09], [-6.826431420137169e-09, 8.585960387108571e-09], [-5.8747668951752985e-09, 7.619235908862265e-09], [-5.738171715563567e-09, 7.2980306242698134e-09], [-8.830198794385069e-09, 1.0186431254055606e-08], [null, 4.8901980242987975e-09], [null, 6.093171300847189e-09], [-7.4048340792387535e-09, 8.53584847249067e-09], [-4.6183341595451566e-09, 6.64658506011051e-09], [null, 6.900735094461652e-09], [null, 5.5461546466517575e-09], [null, 9.00254715219262e-09], [null, 6.438559463362026e-09], [-6.745233260829764e-09, 8.96184904064512e-09], [-6.001715568970667e-09, 7.424898029739779e-09], [-7.92210030908791e-09, 9.951245161232691e-09], [-4.455820157289736e-09, 6.233383142983939e-09], [-3.4014961958206413e-09, 5.051608020778531e-09], [null, 8.929927020062678e-09], [null, 4.523352803431635e-09], [null, 8.463524991952909e-09], [-2.6316886447830257e-09, 4.456777613626173e-09], [-7.226782283709099e-09, 8.772892634567597e-09], [null, 4.8040145195216155e-09], [-3.3146725364474605e-09, 5.117635648588248e-09], [null, 6.480158631916311e-09], [null, 5.901087174464692e-09], [-5.210211373452012e-09, 7.322411565979792e-09], [null, 4.318030377703508e-09], [-7.537842350302526e-09, 8.970707732203209e-09], [-3.798532599574855e-09, 5.511713752071046e-09], [null, 8.008587570884629e-09], [null, 9.472874040739043e-09], [null, 4.866183012097736e-09], [null, 9.269934153621762e-09], [null, 3.464669884323257e-09], [null, 7.422769954246178e-09], [-4.937773301350035e-09, 6.6460215109032106e-09], [null, 8.27730861630016e-09], [null, 6.739411695377839e-09], [null, 5.764576815892042e-09], [null, 5.6252207336626725e-09], [-5.428094862480748e-09, 6.514215833419712e-09], [null, 7.637800614190837e-09], [-4.652446428110579e-09, 6.263822793783902e-09], [null, 4.228031702524504e-09], [null, 6.062864432720971e-09], [null, 6.419840214988426e-09]], "Extended_Source_Name": "                  ", "0FGL_Name": "                 ", "1FGL_Name": "1FGL J0001.9-4158 ", "2FGL_Name": "2FGL J0001.7-4159 ", "1FHL_Name": "                  ", "ASSOC_GAM1": "               ", "ASSOC_GAM2": "              ", "ASSOC_GAM3": "               ", "TEVCAT_FLAG": "N", "ASSOC_TEV": "                     ", "CLASS1": "bcu  ", "ASSOC1": "1RXS J000135.5-415519     ", "ASSOC2": "                          ", "Flags": 0, "catalog_row_index": 7}