{"Source_Name": "3FGL J1740.8-1933 ", "RAJ2000": 265.21258544921875, "DEJ2000": -19.565200805664062, "GLON": 7.432255744934082, "GLAT": 5.8265814781188965, "Conf_68_SemiMajor": 0.06642153114080429, "Conf_68_SemiMinor": 0.0533469095826149, "Conf_68_PosAng": -23.989999771118164, "Conf_95_SemiMajor": 0.10769999772310257, "Conf_95_SemiMinor": 0.08649999648332596, "Conf_95_PosAng": -23.989999771118164, "ROI_num": 86, "Signif_Avg": 4.276604175567627, "Pivot_Energy": 2821.395751953125, "Flux_Density": 8.704348412836779e-14, "Unc_Flux_Density": 2.0715329137385025e-14, "Flux1000": 7.098452381448794e-10, "Unc_Flux1000": 1.7115821260293984e-10, "Energy_Flux100": 8.173186086257722e-12, "Unc_Energy_Flux100": 2.176325959724057e-12, "Signif_Curve": 0.16129638254642487, "SpectrumType": "PowerLaw        ", "Spectral_Index": 2.2122771739959717, "Unc_Spectral_Index": 0.1703287810087204, "beta": null, "Unc_beta": null, "Cutoff": null, "Unc_Cutoff": null, "Exp_Index": null, "Unc_Exp_Index": null, "PowerLaw_Index": 2.2122771739959717, "Flux30_100": null, "Unc_Flux30_100": null, "nuFnu30_100": null, "Sqrt_TS30_100": null, "Flux100_300": 7.68423280561592e-09, "Unc_Flux100_300": [null, 8.74042527243546e-09], "nuFnu100_300": 1.8085102642881323e-12, "Sqrt_TS100_300": 0.7871130108833313, "Flux300_1000": 2.480924576886423e-09, "Unc_Flux300_1000": [-1.2888655698262141e-09, 1.3254281006069846e-09], "nuFnu300_1000": 1.661525626285576e-12, "Sqrt_TS300_1000": 1.939458966255188, "Flux1000_3000": 3.9366790383077443e-10, "Unc_Flux1000_3000": [-2.1538841543655707e-10, 2.2692932255541365e-10], "nuFnu1000_3000": 9.26510712769002e-13, "Sqrt_TS1000_3000": 1.8904296159744263, "Flux3000_10000": 1.1571796992848604e-10, "Unc_Flux3000_10000": [-6.564914584172854e-11, 7.369672927470816e-11], "nuFnu3000_10000": 7.74986791320792e-13, "Sqrt_TS3000_10000": 1.8612455129623413, "Flux10000_100000": 4.062166575335979e-11, "Unc_Flux10000_100000": [-1.9353244701258987e-11, 2.5953529256272923e-11], "nuFnu10000_100000": 6.647535711994113e-13, "Sqrt_TS10000_100000": 2.930696725845337, "Variability_Index": 49.45317077636719, "Signif_Peak": null, "Flux_Peak": null, "Unc_Flux_Peak": null, "Time_Peak": null, "Peak_Interval": null, "Flux_History": [0.0, 4.355762683871944e-08, 1.8849052096925334e-08, 5.5169387280784576e-08, 2.8819876263241895e-08, 3.936665393666772e-08, 1.1304888580809802e-08, 0.0, 0.0, 5.894596810662733e-09, 3.52684210724874e-08, 1.3548672406216156e-08, 5.344980635868524e-08, 0.0, 1.6143777870070153e-08, 5.579881801054398e-08, 0.0, 2.8961739673150078e-08, 0.0, 1.0087086721455307e-09, 0.0, 1.7914352667958156e-08, 1.5774455075501237e-09, 7.82743736493785e-09, 5.834709781993297e-08, 0.0, 1.5339605141662105e-08, 3.2325526699850116e-09, 0.0, 2.9301075343823868e-08, 2.193603165778768e-08, 0.0, 0.0, 0.0, 2.0365032327163135e-08, 0.0, 0.0, 2.6682679177270074e-08, 2.5201046582878917e-08, 3.657838476556208e-08, 0.0, 0.0, 1.5818418575008764e-08, 9.18970499697025e-09, 0.0, 6.383373829521588e-08, 0.0, 0.0], "Unc_Flux_History": [[null, 1.1555458812040342e-08], [-2.1513445247478558e-08, 2.451048253249155e-08], [-1.1102049946032366e-08, 1.4836928130534943e-08], [-2.746947558307511e-08, 2.917193064888579e-08], [-2.2744599093016404e-08, 2.4852557345411697e-08], [-2.0017784763126656e-08, 2.2669631505323196e-08], [null, 2.1080571954712468e-08], [null, 2.0646265141976983e-08], [null, 1.487695033830505e-08], [null, 1.9765465708587726e-08], [-1.950377459536412e-08, 2.3675649885035455e-08], [null, 2.228031803497288e-08], [-2.178305003042169e-08, 2.399003484754303e-08], [null, 2.1665623961553138e-08], [null, 2.009507404920896e-08], [-2.6538025110767194e-08, 3.050828212280976e-08], [null, 2.192522607913361e-08], [-2.008746058379529e-08, 2.7239055455652306e-08], [null, 2.065193172029467e-08], [null, 2.6831502353275027e-08], [null, 2.6258033969384087e-08], [-1.783324421467114e-08, 2.0963106805993448e-08], [null, 2.9481993735203105e-08], [null, 1.6672226266223333e-08], [-2.313811720000558e-08, 2.6794394258899956e-08], [null, 1.7458138046322347e-08], [null, 2.5125592273411712e-08], [null, 2.4555133038006716e-08], [null, 1.0484035861679786e-08], [-2.208720495389116e-08, 2.5880813936396407e-08], [-1.8497010145779313e-08, 2.0910746911795286e-08], [null, 3.575449269987985e-08], [null, 1.9772759429770304e-08], [null, 2.0397406430561205e-08], [-1.9910592286009887e-08, 2.3444854946319538e-08], [null, 2.048064828841234e-08], [null, 2.1141927319945353e-08], [-1.9392009775742736e-08, 2.2828116286177647e-08], [-2.270604859688774e-08, 2.7801009494510254e-08], [-2.0428528202387497e-08, 2.313892544236751e-08], [null, 2.5900719791138727e-08], [null, 2.4737913051353644e-08], [-1.5818418575008764e-08, 1.994749077027791e-08], [null, 2.5085844512773292e-08], [null, 1.6975208794178798e-08], [-2.7984143002868223e-08, 3.087797395551206e-08], [null, 2.0542263001743777e-08], [null, 2.8319709244328806e-08]], "Extended_Source_Name": "                  ", "0FGL_Name": "                 ", "1FGL_Name": "                  ", "2FGL_Name": "                  ", "1FHL_Name": "                  ", "ASSOC_GAM1": "               ", "ASSOC_GAM2": "              ", "ASSOC_GAM3": "               ", "TEVCAT_FLAG": "N", "ASSOC_TEV": "                     ", "CLASS1": "     ", "ASSOC1": "                          ", "ASSOC2": "                          ", "Flags": 0, "catalog_row_index": 2201}