{"Source_Name": "3FGL J0919.5-2200 ", "RAJ2000": 139.88340759277344, "DEJ2000": -22.005399703979492, "GLON": 251.396484375, "GLAT": 19.026884078979492, "Conf_68_SemiMajor": 0.12790924310684204, "Conf_68_SemiMinor": 0.06302952766418457, "Conf_68_PosAng": 61.349998474121094, "Conf_95_SemiMajor": 0.20739999413490295, "Conf_95_SemiMinor": 0.10220000147819519, "Conf_95_PosAng": 61.349998474121094, "ROI_num": 557, "Signif_Avg": 4.217706680297852, "Pivot_Energy": 2143.50732421875, "Flux_Density": 6.445612408612425e-14, "Unc_Flux_Density": 1.6471827902846646e-14, "Flux1000": 2.8641228277948017e-10, "Unc_Flux1000": 7.328009032914196e-11, "Energy_Flux100": 3.276185746303728e-12, "Unc_Energy_Flux100": 8.936192172522006e-13, "Signif_Curve": 0.7290360927581787, "SpectrumType": "PowerLaw        ", "Spectral_Index": 2.1976702213287354, "Unc_Spectral_Index": 0.2551436424255371, "beta": null, "Unc_beta": null, "Cutoff": null, "Unc_Cutoff": null, "Exp_Index": null, "Unc_Exp_Index": null, "PowerLaw_Index": 2.1976702213287354, "Flux30_100": null, "Unc_Flux30_100": null, "nuFnu30_100": null, "Sqrt_TS30_100": null, "Flux100_300": 4.861318902982248e-09, "Unc_Flux100_300": [null, 3.98860899863962e-09], "nuFnu100_300": 1.1457537392803308e-12, "Sqrt_TS100_300": 0.9168953895568848, "Flux300_1000": 1.3940217253108345e-12, "Unc_Flux300_1000": [null, 4.838600076162436e-10], "nuFnu300_1000": 9.351877953606732e-16, "Sqrt_TS300_1000": 0.0, "Flux1000_3000": 1.2674253313527117e-10, "Unc_Flux1000_3000": [-8.079951291373177e-11, 9.4373384107449e-11], "nuFnu1000_3000": 2.987167533729379e-13, "Sqrt_TS1000_3000": 1.6718047857284546, "Flux3000_10000": 1.1335418020896881e-10, "Unc_Flux3000_10000": [-3.386170857599957e-11, 3.966270367694591e-11], "nuFnu3000_10000": 7.604432491689628e-13, "Sqrt_TS3000_10000": 5.1588921546936035, "Flux10000_100000": 1.0254465674289074e-15, "Unc_Flux10000_100000": [null, 1.7598112203587313e-11], "nuFnu10000_100000": 1.6875427481980075e-17, "Sqrt_TS10000_100000": 0.0, "Variability_Index": 37.52272415161133, "Signif_Peak": null, "Flux_Peak": null, "Unc_Flux_Peak": null, "Time_Peak": null, "Peak_Interval": null, "Flux_History": [0.0, 5.902716093686422e-09, 1.8026822701244782e-08, 0.0, 0.0, 9.613924101259386e-10, 0.0, 3.950630045324033e-09, 0.0, 0.0, 0.0, 1.3373576912556473e-08, 0.0, 1.4385711288866787e-08, 8.859927902449272e-09, 1.4418391813819653e-08, 9.478996254586036e-09, 4.17718792888877e-09, 1.403380966991108e-08, 0.0, 0.0, 1.4037800921684607e-09, 9.601124340008482e-09, 0.0, 0.0, 2.134440535428439e-08, 0.0, 6.098185068026396e-09, 8.654156502529986e-09, 1.3641737517389174e-08, 0.0, 0.0, 0.0, 5.608143283097888e-09, 0.0, 1.9963680486512203e-08, 3.592653730066786e-09, 0.0, 1.0756679991175133e-08, 0.0, 0.0, 6.301406507702723e-09, 1.3880132598842465e-08, 0.0, 4.925595487037526e-09, 0.0, 0.0, 1.014382888797627e-08], "Unc_Flux_History": [[null, 1.1563836110894954e-08], [-5.2275033191051534e-09, 7.710423410856038e-09], [-8.980231669397654e-09, 1.0632038360824936e-08], [null, 9.683480683975176e-09], [null, 6.088181958574523e-09], [null, 1.1551857248548458e-08], [null, 8.676971141596823e-09], [null, 9.613766671634494e-09], [null, 9.041483117755433e-09], [null, 1.1329740701171431e-08], [null, 1.0513800496880776e-08], [-1.0873063338578959e-08, 1.196796173275061e-08], [null, 8.794589057004032e-09], [-7.529762591218514e-09, 9.236242881627277e-09], [null, 1.6355599541384436e-08], [-7.764020537592842e-09, 9.496148756227285e-09], [-7.2457098099221184e-09, 1.0358278679234445e-08], [-3.6014882187629382e-09, 6.210077341251008e-09], [-9.302068448846512e-09, 1.1477197858766885e-08], [null, 9.304734760462452e-09], [null, 7.81754572187765e-09], [null, 1.2554465911307489e-08], [-8.726728673025264e-09, 1.1183593606745035e-08], [null, 1.2149188322041482e-08], [null, 1.1784517361945746e-08], [-1.118784265230488e-08, 1.3490218719880431e-08], [null, 9.372903342352856e-09], [-4.5092947154046215e-09, 6.995377166418848e-09], [null, 1.3557798439478574e-08], [-9.599700590001703e-09, 1.1391661836057665e-08], [null, 1.5205163350628936e-08], [null, 9.947882517735707e-09], [null, 7.79080178148206e-09], [-4.663843533592171e-09, 7.493211384712595e-09], [null, 8.741262824685236e-09], [-1.1140204314585844e-08, 1.5290785526644868e-08], [null, 1.0939712247193256e-08], [null, 9.012964596877282e-09], [-6.996261792124869e-09, 9.083265695153386e-09], [null, 1.2010073824342271e-08], [null, 8.889940339429359e-09], [-5.962714766383215e-09, 8.074708901517624e-09], [null, 1.5778335082927697e-08], [null, 7.4392443316639856e-09], [null, 1.0709089615090761e-08], [null, 7.486665509759405e-09], [null, 6.76070532890094e-09], [-6.672125518747407e-09, 9.803534872787623e-09]], "Extended_Source_Name": "                  ", "0FGL_Name": "                 ", "1FGL_Name": "                  ", "2FGL_Name": "2FGL J0919.3-2203 ", "1FHL_Name": "                  ", "ASSOC_GAM1": "               ", "ASSOC_GAM2": "              ", "ASSOC_GAM3": "               ", "TEVCAT_FLAG": "N", "ASSOC_TEV": "                     ", "CLASS1": "     ", "ASSOC1": "                          ", "ASSOC2": "                          ", "Flags": 0, "source_id": 1059}