{"Source_Name": "3FHL J1950.5+3457 ", "RAJ2000": 297.6468505859375, "DEJ2000": 34.95012664794922, "GLON": 70.30083465576172, "GLAT": 4.302910327911377, "Conf_95_SemiMajor": 0.03850486874580383, "Conf_95_SemiMinor": 0.03850486874580383, "Conf_95_PosAng": null, "ROI_num": 111, "Signif_Avg": 5.511976718902588, "Pivot_Energy": 18.76735496520996, "Flux_Density": 1.3093340430966882e-12, "Unc_Flux_Density": 4.2038605669453277e-13, "Flux": 4.204872561253126e-11, "Unc_Flux": 1.3497159119524316e-11, "Energy_Flux": 1.7518291504925454e-12, "Unc_Energy_Flux": 8.590776202389849e-13, "Signif_Curve": 2.0178585052490234, "SpectrumType": "PowerLaw   ", "Spectral_Index": 1.7950245141983032, "Unc_Spectral_Index": 0.6792870163917542, "beta": 0.9962795376777649, "Unc_beta": 0.07894762605428696, "PowerLaw_Index": 2.547430992126465, "Unc_PowerLaw_Index": 0.4664885997772217, "Flux_Band": [1.786570370809759e-11, 2.4254390162958828e-11, 5.679934524178565e-18, 2.8523188636166283e-16, 1.6941144913695882e-19], "Unc_Flux_Band": [[-7.731987793080375e-12, 1.0348113858860142e-11], [-8.518622439390722e-12, 1.0917476991889608e-11], [null, 5.8274973388505735e-12], [null, 4.515168620933263e-12], [null, 5.027905175536418e-12]], "nuFnu": [5.602068830524998e-13, 1.2478644419861018e-12, 6.473140140637049e-19, 9.194086038747301e-17, 1.6665268547182083e-19], "Sqrt_TS_Band": [3.7646358013153076, 5.661997318267822, 0.0, 0.0, 0.0], "Npred": 13.769625663757324, "HEP_Energy": 29.45159912109375, "HEP_Prob": 0.9645695090293884, "Variability_BayesBlocks": 1, "Extended_Source_Name": "                  ", "ASSOC_GAM": "                  ", "TEVCAT_FLAG": "N", "ASSOC_TEV": "                     ", "CLASS": "       ", "ASSOC1": "                          ", "ASSOC2": "                          ", "ASSOC_PROB_BAY": 0.0, "ASSOC_PROB_LR": 0.0, "Redshift": null, "NuPeak_obs": null, "catalog_row_index": 1313}