{"Source_Name": "3FGL J0956.7-6441 ", "RAJ2000": 149.18539428710938, "DEJ2000": -64.69280242919922, "GLON": 285.5945129394531, "GLAT": -7.877424716949463, "Conf_68_SemiMajor": 0.057047273963689804, "Conf_68_SemiMinor": 0.05081833153963089, "Conf_68_PosAng": 30.09000015258789, "Conf_95_SemiMajor": 0.0925000011920929, "Conf_95_SemiMinor": 0.08240000158548355, "Conf_95_PosAng": 30.09000015258789, "ROI_num": 166, "Signif_Avg": 6.260151386260986, "Pivot_Energy": 772.5413208007812, "Flux_Density": 1.3164715628385948e-12, "Unc_Flux_Density": 2.1325252490527608e-13, "Flux1000": 4.452231083806879e-10, "Unc_Flux1000": 8.82898198995008e-11, "Energy_Flux100": 6.8532471364513015e-12, "Unc_Energy_Flux100": 1.1515930353409032e-12, "Signif_Curve": 0.7403122186660767, "SpectrumType": "PowerLaw        ", "Spectral_Index": 2.5360729694366455, "Unc_Spectral_Index": 0.126531720161438, "beta": null, "Unc_beta": null, "Cutoff": null, "Unc_Cutoff": null, "Exp_Index": null, "Unc_Exp_Index": null, "PowerLaw_Index": 2.5360729694366455, "Flux30_100": null, "Unc_Flux30_100": null, "nuFnu30_100": null, "Sqrt_TS30_100": null, "Flux100_300": 1.0780706105606441e-08, "Unc_Flux100_300": [-4.588446067543828e-09, 4.645372086997668e-09], "nuFnu100_300": 2.459871716042894e-12, "Sqrt_TS100_300": 2.3650741577148438, "Flux300_1000": 2.095584372696635e-09, "Unc_Flux300_1000": [-6.39849451200547e-10, 6.565473165132119e-10], "nuFnu300_1000": 1.3526802291122242e-12, "Sqrt_TS300_1000": 3.380661964416504, "Flux1000_3000": 2.3229172751992877e-10, "Unc_Flux1000_3000": [-1.0602210082089059e-10, 1.1618000311797161e-10], "nuFnu1000_3000": 5.30028224001583e-13, "Sqrt_TS1000_3000": 2.3461313247680664, "Flux3000_10000": 4.759189917158402e-11, "Unc_Flux3000_10000": [-2.98269742238233e-11, 3.593083816588738e-11], "nuFnu3000_10000": 3.0720128589394047e-13, "Sqrt_TS3000_10000": 1.7589377164840698, "Flux10000_100000": 2.5591546243264318e-11, "Unc_Flux10000_100000": [-1.1996455911988946e-11, 1.680310231233495e-11], "nuFnu10000_100000": 3.72519940242122e-13, "Sqrt_TS10000_100000": 3.422187566757202, "Variability_Index": 51.074092864990234, "Signif_Peak": null, "Flux_Peak": null, "Unc_Flux_Peak": null, "Time_Peak": null, "Peak_Interval": null, "Flux_History": [0.0, 8.989113342572352e-10, 2.2335949978469216e-08, 0.0, 3.1389532750836224e-08, 2.441863955482404e-08, 0.0, 0.0, 6.684357511943517e-09, 0.0, 8.101353365930208e-09, 0.0, 1.0110183801259609e-08, 1.226248613761527e-08, 3.710845408733121e-09, 6.64986004039747e-08, 0.0, 4.16002272629612e-08, 2.3898589773807544e-08, 0.0, 2.476138050155896e-08, 2.6902625904767774e-08, 1.6749940101590255e-08, 9.862173300234645e-09, 0.0, 1.5630371663633014e-08, 1.5036677680768662e-08, 9.209582430003138e-09, 1.6805149272158815e-08, 3.3157592227439636e-09, 2.8840370092098055e-08, 3.2622690326888915e-08, 2.366277485066348e-08, 2.4266762821412158e-08, 0.0, 1.960042084192537e-08, 0.0, 0.0, 0.0, 0.0, 1.490091339206856e-08, 1.1369563068797106e-08, 0.0, 0.0, 2.0950281509612978e-08, 1.824816919793193e-08, 0.0, 1.0701525887668595e-08], "Unc_Flux_History": [[null, 1.9766364545148463e-08], [null, 1.9300131270938437e-08], [-1.9244483340230545e-08, 2.1075010181448306e-08], [null, 1.941290861395828e-08], [-2.21159304203411e-08, 2.4095575312799156e-08], [-2.0014438106841226e-08, 2.3301716112200666e-08], [null, 1.5525190022458446e-08], [null, 2.3109613778160565e-08], [null, 1.9891237101887782e-08], [null, 2.0773800457618563e-08], [null, 2.0259379951426126e-08], [null, 1.518871606265293e-08], [null, 2.22883755895964e-08], [null, 1.403543770095439e-08], [null, 1.9781284166242585e-08], [-1.7520635609002966e-08, 1.860192355707113e-08], [null, 1.8724538364267573e-08], [-1.5611085757427645e-08, 1.724851550477524e-08], [-1.4212179877404196e-08, 1.6623793896997086e-08], [null, 1.8901470610899196e-08], [-1.4835496386922387e-08, 1.653146419755558e-08], [-1.4613227961035591e-08, 1.7963401433007675e-08], [-1.3155791123153904e-08, 1.5052458834929894e-08], [-9.331465378181747e-09, 1.423325546312526e-08], [null, 1.0889150914294987e-08], [-1.349828071539605e-08, 1.7542266306236343e-08], [null, 1.9180321331191408e-08], [null, 1.603558708040964e-08], [-1.1181512604707677e-08, 1.4165840944713182e-08], [null, 1.3839176915553253e-08], [-1.8118722522331154e-08, 2.0338973172329133e-08], [-1.9246829907615393e-08, 2.162501289149077e-08], [-1.8210291941045398e-08, 2.0440497294771376e-08], [-1.8187195749419516e-08, 1.9788894078942576e-08], [null, 1.7721369260925712e-08], [null, 2.06517256629013e-08], [null, 1.5219596249949063e-08], [null, 1.8409714641620667e-08], [null, 1.515503811333474e-08], [null, 7.818590219699217e-09], [null, 1.8957518221895953e-08], [null, 1.4757259414466262e-08], [null, 1.9532690131995878e-08], [null, 1.2566322205032066e-08], [-1.7397086438109e-08, 1.9106158433146447e-08], [-1.3518252295341426e-08, 1.659093129546818e-08], [null, 1.2772797930438173e-08], [null, 1.5099017147690574e-08]], "Extended_Source_Name": "                  ", "0FGL_Name": "                 ", "1FGL_Name": "                  ", "2FGL_Name": "                  ", "1FHL_Name": "                  ", "ASSOC_GAM1": "               ", "ASSOC_GAM2": "              ", "ASSOC_GAM3": "               ", "TEVCAT_FLAG": "N", "ASSOC_TEV": "                     ", "CLASS1": "bcu  ", "ASSOC1": "AT20G J095612-643928      ", "ASSOC2": "                          ", "Flags": 1, "catalog_row_index": 1122}