{"Source_Name": "3FGL J2356.0+4037 ", "RAJ2000": 359.0213928222656, "DEJ2000": 40.631900787353516, "GLON": 111.71871185302734, "GLAT": -21.03148651123047, "Conf_68_SemiMajor": 0.03546182066202164, "Conf_68_SemiMinor": 0.0323781818151474, "Conf_68_PosAng": -20.790000915527344, "Conf_95_SemiMajor": 0.057500001043081284, "Conf_95_SemiMinor": 0.05249999836087227, "Conf_95_PosAng": -20.790000915527344, "ROI_num": 254, "Signif_Avg": 9.06946086883545, "Pivot_Energy": 5960.41064453125, "Flux_Density": 1.504507713616203e-14, "Unc_Flux_Density": 2.7463806646617697e-15, "Flux1000": 4.346351056838671e-10, "Unc_Flux1000": 8.662812828186262e-11, "Energy_Flux100": 5.756340282908612e-12, "Unc_Energy_Flux100": 1.1008016330069093e-12, "Signif_Curve": 0.25515055656433105, "SpectrumType": "PowerLaw        ", "Spectral_Index": 1.7224538326263428, "Unc_Spectral_Index": 0.13986645638942719, "beta": null, "Unc_beta": null, "Cutoff": null, "Unc_Cutoff": null, "Exp_Index": null, "Unc_Exp_Index": null, "PowerLaw_Index": 1.7224538326263428, "Flux30_100": null, "Unc_Flux30_100": null, "nuFnu30_100": null, "Sqrt_TS30_100": null, "Flux100_300": 2.1065924560303984e-09, "Unc_Flux100_300": [null, 2.8341984315005675e-09], "nuFnu100_300": 5.203531290749741e-13, "Sqrt_TS100_300": 0.6843098998069763, "Flux300_1000": 1.0413656603702748e-09, "Unc_Flux300_1000": [-4.3077219569198633e-10, 4.342623760589248e-10], "nuFnu300_1000": 7.389594578605108e-13, "Sqrt_TS300_1000": 2.5344386100769043, "Flux1000_3000": 7.942992097387247e-11, "Unc_Flux1000_3000": [-7.053239242660325e-11, 8.092838899020904e-11], "nuFnu1000_3000": 1.962012637860694e-13, "Sqrt_TS1000_3000": 1.137009620666504, "Flux3000_10000": 1.3842106627581785e-10, "Unc_Flux3000_10000": [-3.721700378434001e-11, 4.2752620887931414e-11], "nuFnu3000_10000": 9.822443422860538e-13, "Sqrt_TS3000_10000": 6.064123153686523, "Flux10000_100000": 6.360845877795285e-11, "Unc_Flux10000_100000": [-2.0306232390021606e-11, 2.5030387484914485e-11], "nuFnu10000_100000": 1.271597410701375e-12, "Sqrt_TS10000_100000": 6.193747520446777, "Variability_Index": 43.6781005859375, "Signif_Peak": null, "Flux_Peak": null, "Unc_Flux_Peak": null, "Time_Peak": null, "Peak_Interval": null, "Flux_History": [3.840077145156329e-09, 3.711698060016033e-09, 0.0, 4.2394185939542695e-09, 7.422342740426302e-10, 4.588226687474162e-09, 9.155345925826452e-10, 5.24137533375324e-09, 0.0, 5.250798906786258e-09, 2.8053770417812984e-09, 1.080644729256619e-08, 1.8874343754582412e-10, 4.593071700753626e-09, 0.0, 1.1694289980823669e-09, 0.0, 3.2820248740961233e-09, 5.320437423961266e-09, 0.0, 5.650734880013886e-10, 0.0, 2.723489878064811e-09, 3.670322268334303e-09, 1.7414774067248118e-09, 0.0, 8.908195958667875e-09, 6.692384979523069e-10, 0.0, 0.0, 0.0, 0.0, 0.0, 3.936801551418512e-09, 3.746562615702942e-09, 0.0, 3.4563512052443457e-09, 0.0, 5.958787685500511e-09, 2.559887191111443e-09, 0.0, 2.5169564210614226e-09, 0.0, 2.845217839109182e-09, 1.3235288420787583e-09, 0.0, 5.992640605967381e-09, 0.0], "Unc_Flux_History": [[-3.367664147546634e-09, 4.562983324518655e-09], [-2.5603859032941045e-09, 3.9031560206126414e-09], [null, 4.254388397129105e-09], [-3.252226266070579e-09, 4.402961550908913e-09], [null, 5.055555085675678e-09], [-2.1967412333623315e-09, 3.0864035771571707e-09], [null, 4.54830750840074e-09], [-3.3600100479702633e-09, 4.904323613885708e-09], [null, 4.39678027319701e-09], [-3.0638465098320466e-09, 4.316909496537846e-09], [-2.468585780235344e-09, 3.5622933491907816e-09], [-3.966733164162406e-09, 5.037075645475397e-09], [null, 4.891216320856984e-09], [-3.4115992253447303e-09, 4.458120983485969e-09], [null, 3.11181791445847e-09], [null, 4.929864072522605e-09], [null, 2.907188045853104e-09], [-2.608768756573454e-09, 3.940934689694586e-09], [-2.6838915534455055e-09, 3.726780661850171e-09], [null, 5.741484176979839e-09], [null, 4.409833831431342e-09], [null, 3.1457063620621284e-09], [-2.0840902337226908e-09, 3.518703328708739e-09], [-2.4106237006549236e-09, 3.748158228233933e-09], [null, 5.535726543826058e-09], [null, 5.072802178318625e-09], [-4.5475614385281915e-09, 5.87499870974284e-09], [null, 3.6541938364109683e-09], [null, 3.697920192280435e-09], [null, 2.8091204917757295e-09], [null, 4.9846238248107966e-09], [null, 5.9596469981215705e-09], [null, 3.324320818620663e-09], [-2.3636104184987516e-09, 3.58904350683531e-09], [-2.5838204908978923e-09, 4.061346370320962e-09], [null, 4.892015237345504e-09], [-3.206128473820513e-09, 4.503775130615395e-09], [null, 4.3434353891314e-09], [-3.6434679717700647e-09, 5.007347869678824e-09], [-1.9157972985794913e-09, 3.160392614276475e-09], [null, 3.872289155992803e-09], [-1.7798335028018641e-09, 3.0474027745697185e-09], [null, 4.602765724115443e-09], [-2.2666704069251864e-09, 3.369465151337181e-09], [null, 5.5214295358041454e-09], [null, 3.606227316765853e-09], [-3.853529495501107e-09, 5.011175030489312e-09], [null, 2.8903046622730244e-09]], "Extended_Source_Name": "                  ", "0FGL_Name": "                 ", "1FGL_Name": "1FGL J2356.1+4037 ", "2FGL_Name": "2FGL J2356.1+4034 ", "1FHL_Name": "                  ", "ASSOC_GAM1": "               ", "ASSOC_GAM2": "              ", "ASSOC_GAM3": "               ", "TEVCAT_FLAG": "N", "ASSOC_TEV": "                     ", "CLASS1": "bll  ", "ASSOC1": "NVSS J235612+403648       ", "ASSOC2": "                          ", "Flags": 0, "catalog_row_index": 3021}