{"Source_Name": "3FHL J0442.6+6142 ", "RAJ2000": 70.66468811035156, "DEJ2000": 61.70700454711914, "GLON": 146.98097229003906, "GLAT": 10.18082332611084, "Conf_95_SemiMajor": 0.029755275696516037, "Conf_95_SemiMinor": 0.029755275696516037, "Conf_95_PosAng": null, "ROI_num": 490, "Signif_Avg": 8.288606643676758, "Pivot_Energy": 26.504220962524414, "Flux_Density": 6.528091869156816e-13, "Unc_Flux_Density": 1.6821373666816436e-13, "Flux": 4.579993329034693e-11, "Unc_Flux": 1.1895354493085541e-11, "Energy_Flux": 2.903081637931071e-12, "Unc_Energy_Flux": 1.2044431207600126e-12, "Signif_Curve": 0.7777920365333557, "SpectrumType": "PowerLaw   ", "Spectral_Index": 1.8997960090637207, "Unc_Spectral_Index": 0.46489959955215454, "beta": 0.21474553644657135, "Unc_beta": 0.312894731760025, "PowerLaw_Index": 2.1257500648498535, "Unc_PowerLaw_Index": 0.29377302527427673, "Flux_Band": [2.673514881701422e-11, 6.811833649228438e-12, 1.2715511803207402e-11, 1.152769820437985e-17, 2.8931112383015532e-19], "Unc_Flux_Band": [[-8.645112403726785e-12, 1.0664403388149779e-11], [-3.5608972367984215e-12, 5.296389195275086e-12], [-4.910469166702347e-12, 6.601155819879745e-12], [null, 3.6727131752511966e-12], [null, 4.090114098104225e-12]], "nuFnu": [8.523287327658058e-13, 3.606146414467104e-13, 1.5089958362718425e-12, 3.899234281804529e-18, 3.0304144311913475e-19], "Sqrt_TS_Band": [6.1020426750183105, 2.9256622791290283, 6.396345138549805, 0.0, 0.0], "Npred": 18.667591094970703, "HEP_Energy": 115.68699645996094, "HEP_Prob": 0.9968503713607788, "Variability_BayesBlocks": 1, "Extended_Source_Name": "                  ", "ASSOC_GAM": "2FHL J0442.6+6141 ", "TEVCAT_FLAG": "N", "ASSOC_TEV": "                     ", "CLASS": "bcu    ", "ASSOC1": "GB6 J0442+6140            ", "ASSOC2": "                          ", "ASSOC_PROB_BAY": 0.0, "ASSOC_PROB_LR": 0.9502577781677246, "Redshift": null, "NuPeak_obs": 8912505426411520.0, "source_id": 298}