{"Source_Name": "3FGL J1016.5-6034 ", "RAJ2000": 154.13540649414062, "DEJ2000": -60.57640075683594, "GLON": 285.00543212890625, "GLAT": -3.2138843536376953, "Conf_68_SemiMajor": 0.13500159978866577, "Conf_68_SemiMinor": 0.10521367192268372, "Conf_68_PosAng": 54.880001068115234, "Conf_95_SemiMajor": 0.21889999508857727, "Conf_95_SemiMinor": 0.17059999704360962, "Conf_95_PosAng": 54.880001068115234, "ROI_num": 42, "Signif_Avg": 11.341704368591309, "Pivot_Energy": 560.649169921875, "Flux_Density": 1.5895916527508547e-11, "Unc_Flux_Density": 1.6777013805979735e-12, "Flux1000": 6.734981461420375e-10, "Unc_Flux1000": 2.153683897887504e-10, "Energy_Flux100": 2.0014807519674882e-11, "Unc_Energy_Flux100": 2.0202201456848146e-12, "Signif_Curve": 5.828269958496094, "SpectrumType": "LogParabola     ", "Spectral_Index": 2.9677140712738037, "Unc_Spectral_Index": 0.21394430100917816, "beta": 0.7692505717277527, "Unc_beta": 0.21286140382289886, "Cutoff": null, "Unc_Cutoff": null, "Exp_Index": null, "Unc_Exp_Index": null, "PowerLaw_Index": 2.686586618423462, "Flux30_100": null, "Unc_Flux30_100": null, "nuFnu30_100": null, "Sqrt_TS30_100": null, "Flux100_300": 2.40648159177681e-08, "Unc_Flux100_300": [-7.350658748350725e-09, 7.143109659324409e-09], "nuFnu100_300": 6.287583734915225e-12, "Sqrt_TS100_300": 3.3573405742645264, "Flux300_1000": 1.1777950170710483e-08, "Unc_Flux300_1000": [-1.3816459087934163e-09, 1.401117666333107e-09], "nuFnu300_1000": 7.28417413192739e-12, "Sqrt_TS300_1000": 8.934158325195312, "Flux1000_3000": 4.057582325689424e-10, "Unc_Flux1000_3000": [-1.9766915881902491e-10, 2.0723486815477088e-10], "nuFnu1000_3000": 7.823003854955102e-13, "Sqrt_TS1000_3000": 2.1126112937927246, "Flux3000_10000": 5.6374772905432025e-11, "Unc_Flux3000_10000": [-4.312789708693643e-11, 5.020599214144994e-11], "nuFnu3000_10000": 2.9430532446847457e-13, "Sqrt_TS3000_10000": 1.3523969650268555, "Flux10000_100000": 4.503847822305302e-15, "Unc_Flux10000_100000": [null, 1.896071841200886e-11], "nuFnu10000_100000": 4.172931306577707e-17, "Sqrt_TS10000_100000": 0.0, "Variability_Index": 49.54301071166992, "Signif_Peak": null, "Flux_Peak": null, "Unc_Flux_Peak": null, "Time_Peak": null, "Peak_Interval": null, "Flux_History": [4.0767691444898446e-08, 5.7619210735992965e-08, 0.0, 6.988269518615198e-08, 4.8869576829702055e-08, 4.496251904129167e-08, 4.61925360184523e-08, 3.4200425602648465e-08, 2.6936511687836173e-08, 3.38489272166953e-08, 5.969449290432749e-08, 4.7377884726529373e-08, 3.359109612688371e-08, 2.1752208922976024e-08, 5.3369987540463626e-08, 2.894046779999826e-09, 2.4964171174701733e-08, 2.9742539542354507e-09, 2.2063797899818383e-08, 3.0285242758054665e-08, 5.473777875408814e-08, 1.0089266311297251e-07, 8.322366085167232e-08, 0.0, 9.56959955722425e-10, 2.8083377401344478e-08, 5.327296648260926e-08, 4.9229470278078225e-08, 0.0, 4.422114585622694e-08, 8.894010505855476e-08, 5.251613544032807e-08, 5.786457535350564e-08, 2.679061772425939e-08, 4.2955299761615606e-08, 7.671244617313278e-08, 3.836937523260531e-08, 3.254875124980572e-08, 8.504045467816468e-08, 6.569310073700763e-08, 7.14114491984219e-08, 1.3080419414279731e-08, 0.0, 5.7206595016623396e-08, 3.607817689044168e-08, 1.2417975092660072e-08, 5.3180492898263765e-08, 1.786448855511935e-08], "Unc_Flux_History": [[-3.087273370283583e-08, 3.309300566911588e-08], [-2.7888148679267033e-08, 2.9456645123104863e-08], [null, 2.7260139034979147e-08], [-3.032865336649593e-08, 3.156141659133027e-08], [-2.9530989209547442e-08, 3.1301180314358135e-08], [-3.08414840333171e-08, 3.241647661411662e-08], [-2.947048827195431e-08, 3.135556880806689e-08], [-3.229584422115295e-08, 3.5170096168712917e-08], [null, 2.7625871368286425e-08], [-2.929594700162852e-08, 3.125582281882089e-08], [-2.9664208867075104e-08, 3.1542416678576046e-08], [-2.74833613644887e-08, 2.8915218663883024e-08], [-2.913354535394319e-08, 3.1011957446480665e-08], [null, 2.1730150123744352e-08], [-2.8236211591092797e-08, 3.007306759172934e-08], [null, 2.1950890882749263e-08], [-2.4688318944754428e-08, 2.658634201679888e-08], [null, 2.4536277010156482e-08], [null, 2.2392937282234016e-08], [-2.6083498028128815e-08, 2.7370335331511342e-08], [-2.368265406005321e-08, 2.4884970528660233e-08], [-3.0374483372952454e-08, 3.174641349801277e-08], [-2.5086459132239725e-08, 2.6114397755350183e-08], [null, 1.9696908992727913e-08], [null, 2.480690142192543e-08], [-2.6266182118206416e-08, 2.7613605624310367e-08], [-2.8843507138276436e-08, 3.0220345337284016e-08], [-2.3685661432182314e-08, 2.4810296039845525e-08], [null, 2.2992526993448337e-08], [-2.318367009479516e-08, 2.3922936520648364e-08], [-2.944255861336842e-08, 3.091807343480468e-08], [-2.545424671041019e-08, 2.6898160143673522e-08], [-2.7196890073355462e-08, 2.8629123960399738e-08], [-2.5660913394176532e-08, 2.7235355304355835e-08], [-2.2759524043181045e-08, 2.393014675305949e-08], [-3.0655119331868264e-08, 3.203397724860224e-08], [-2.1157138263561137e-08, 2.2489432538463916e-08], [-2.7528571422408277e-08, 2.906317320139351e-08], [-2.661163911454878e-08, 2.791638031851562e-08], [-2.4584837277075167e-08, 2.593654713223259e-08], [-2.7958270365502358e-08, 2.912759100581752e-08], [null, 2.209392668817145e-08], [null, 2.7918108713720358e-08], [-2.491436390528179e-08, 2.6180760670513337e-08], [-2.4285700561677004e-08, 2.5881238485681024e-08], [null, 2.198149395837845e-08], [-2.5688366989129463e-08, 2.698326007077867e-08], [null, 2.7340522734675687e-08]], "Extended_Source_Name": "                  ", "0FGL_Name": "                 ", "1FGL_Name": "                  ", "2FGL_Name": "                  ", "1FHL_Name": "                  ", "ASSOC_GAM1": "               ", "ASSOC_GAM2": "              ", "ASSOC_GAM3": "               ", "TEVCAT_FLAG": "N", "ASSOC_TEV": "                     ", "CLASS1": "     ", "ASSOC1": "                          ", "ASSOC2": "                          ", "Flags": 0, "source_id": 1163}