{"Source_Name": "3FGL J0253.0-0125 ", "RAJ2000": 43.257301330566406, "DEJ2000": -1.419800043106079, "GLON": 176.665771484375, "GLAT": -51.14207077026367, "Conf_68_SemiMajor": 0.08048291504383087, "Conf_68_SemiMinor": 0.06457134336233139, "Conf_68_PosAng": -79.81999969482422, "Conf_95_SemiMajor": 0.13050000369548798, "Conf_95_SemiMinor": 0.1046999990940094, "Conf_95_PosAng": -79.81999969482422, "ROI_num": 774, "Signif_Avg": 5.23988151550293, "Pivot_Energy": 2393.965087890625, "Flux_Density": 5.743768362407448e-14, "Unc_Flux_Density": 1.2897348018400551e-14, "Flux1000": 3.276257320994347e-10, "Unc_Flux1000": 7.376697863659132e-11, "Energy_Flux100": 3.714123193027108e-12, "Unc_Energy_Flux100": 8.706966354507517e-13, "Signif_Curve": 2.993260383605957, "SpectrumType": "PowerLaw        ", "Spectral_Index": 1.9489269256591797, "Unc_Spectral_Index": 0.14002351462841034, "beta": null, "Unc_beta": null, "Cutoff": null, "Unc_Cutoff": null, "Exp_Index": null, "Unc_Exp_Index": null, "PowerLaw_Index": 1.9489269256591797, "Flux30_100": null, "Unc_Flux30_100": null, "nuFnu30_100": null, "Sqrt_TS30_100": null, "Flux100_300": 3.95808115016133e-13, "Unc_Flux100_300": [null, 1.614224531820696e-09], "nuFnu100_300": 9.559275029533132e-17, "Sqrt_TS100_300": 0.0, "Flux300_1000": 3.4006045201984136e-10, "Unc_Flux300_1000": [null, 3.530986891764343e-10], "nuFnu300_1000": 2.3488665439747036e-13, "Sqrt_TS300_1000": 0.958009660243988, "Flux1000_3000": 3.2712754727270976e-10, "Unc_Flux1000_3000": [-8.943389778748312e-11, 9.829166647268295e-11], "nuFnu1000_3000": 7.900550331139955e-13, "Sqrt_TS1000_3000": 4.436830520629883, "Flux3000_10000": 9.231522490882327e-11, "Unc_Flux3000_10000": [-3.2992580889512624e-11, 3.904138817789615e-11], "nuFnu3000_10000": 6.376400059002196e-13, "Sqrt_TS3000_10000": 3.8444721698760986, "Flux10000_100000": 1.5557001867283482e-11, "Unc_Flux10000_100000": [-1.010993892769374e-11, 1.569427747483143e-11], "nuFnu10000_100000": 2.8275607766650723e-13, "Sqrt_TS10000_100000": 1.9955285787582397, "Variability_Index": 30.114465713500977, "Signif_Peak": null, "Flux_Peak": null, "Unc_Flux_Peak": null, "Time_Peak": null, "Peak_Interval": null, "Flux_History": [0.0, 3.5722602653720514e-09, 0.0, 2.684614974768351e-09, 1.195320820102097e-08, 3.1150864110429666e-09, 1.911163449719311e-09, 6.3504517200385635e-09, 4.343936765849321e-09, 0.0, 0.0, 8.52290416020196e-09, 4.870597258843645e-10, 5.7229194716512666e-09, 2.245530206224089e-09, 1.710592445469672e-09, 2.780188079753998e-09, 5.320113238838076e-09, 8.879291968355574e-09, 0.0, 3.3530103138446066e-09, 3.023982619865251e-09, 0.0, 0.0, 0.0, 0.0, 2.8884503677772955e-09, 7.348782471439108e-09, 6.913546624076616e-09, 7.926418632564491e-09, 0.0, 0.0, 5.339967135142842e-09, 0.0, 0.0, 1.0070337452816602e-08, 5.458297369642651e-09, 5.772368361078861e-09, 0.0, 2.6740158975968598e-09, 8.964683217982383e-09, 0.0, 0.0, 3.7954666076700505e-09, 2.6278441644933537e-09, 1.220232714871372e-08, 3.367361722794726e-09, 2.020234868282955e-09], "Unc_Flux_History": [[null, 5.143288905884447e-09], [-3.5265494968683697e-09, 4.990729163267815e-09], [null, 5.7776041728629934e-09], [null, 5.493954180479932e-09], [-6.6214473903869475e-09, 7.923514289132072e-09], [-2.2473596317240663e-09, 3.5937215425718705e-09], [null, 7.598268680908404e-09], [-4.033193334862517e-09, 5.82147929861776e-09], [-3.768838574558231e-09, 5.40569811136038e-09], [null, 5.2971209640872985e-09], [null, 5.2812927364698226e-09], [-4.974241019084502e-09, 6.750181302805913e-09], [null, 5.0120090300254105e-09], [null, 9.360034525229821e-09], [null, 8.950195251600235e-09], [null, 7.78727393679901e-09], [null, 5.991446894171304e-09], [-4.0160639258601805e-09, 5.790237622704808e-09], [-4.850811752277195e-09, 6.610823000130495e-09], [null, 4.7922443791037495e-09], [-2.4352040384201246e-09, 4.6917612017693955e-09], [-2.733212989269873e-09, 4.6824135679912615e-09], [null, 4.061315284076272e-09], [null, 8.267362794356359e-09], [null, 6.520296746970189e-09], [null, 8.829302622359592e-09], [-2.7471980246218664e-09, 4.779955098399569e-09], [-6.808413832715132e-09, 8.274440688182949e-09], [-4.557787036674199e-09, 6.137582442278244e-09], [-4.663271990779094e-09, 6.181481104761133e-09], [null, 6.491921666906819e-09], [null, 6.337872449080351e-09], [-4.708395895391959e-09, 6.655870965488475e-09], [null, 6.2286611424156035e-09], [null, 5.433995031722816e-09], [-5.984209128229168e-09, 7.429181270168783e-09], [-4.2831262980769225e-09, 6.405448171875605e-09], [-4.880069681689747e-09, 6.841282207403765e-09], [null, 6.031879884460523e-09], [null, 7.304126192764215e-09], [-7.2655748084571314e-09, 8.500452786108781e-09], [null, 7.558862868961569e-09], [null, 5.625005794485105e-09], [null, 8.132422735229738e-09], [null, 7.1723835759485155e-09], [-6.002022878703883e-09, 7.223003528622485e-09], [null, 7.919141786771888e-09], [null, 7.129799417526783e-09]], "Extended_Source_Name": "                  ", "0FGL_Name": "                 ", "1FGL_Name": "                  ", "2FGL_Name": "                  ", "1FHL_Name": "                  ", "ASSOC_GAM1": "               ", "ASSOC_GAM2": "              ", "ASSOC_GAM3": "               ", "TEVCAT_FLAG": "N", "ASSOC_TEV": "                     ", "CLASS1": "bll  ", "ASSOC1": "FBQS J0253-0124           ", "ASSOC2": "                          ", "Flags": 0, "source_id": 341}