{"Source_Name": "3FHL J1332.5-1256 ", "RAJ2000": 203.14047241210938, "DEJ2000": -12.939831733703613, "GLON": 318.21514892578125, "GLAT": 48.707767486572266, "Conf_95_SemiMajor": 0.0427236445248127, "Conf_95_SemiMinor": 0.0427236445248127, "Conf_95_PosAng": null, "ROI_num": 475, "Signif_Avg": 8.195165634155273, "Pivot_Energy": 15.205562591552734, "Flux_Density": 3.714994457892917e-12, "Unc_Flux_Density": 9.736522569095407e-13, "Flux": 6.442914257664967e-11, "Unc_Flux": 1.6873533820183084e-11, "Energy_Flux": 1.8025967003787446e-12, "Unc_Energy_Flux": 5.76427252284295e-13, "Signif_Curve": 1.822304129600525, "SpectrumType": "PowerLaw   ", "Spectral_Index": 2.6451897621154785, "Unc_Spectral_Index": 0.6851891875267029, "beta": 0.997135579586029, "Unc_beta": 0.06670919805765152, "PowerLaw_Index": 3.330901861190796, "Unc_PowerLaw_Index": 0.5691191554069519, "Flux_Band": [5.2446953030527155e-11, 1.2167528269657613e-11, 1.7216890947564415e-17, 1.6898503430001346e-20, 1.403314721610294e-17], "Unc_Flux_Band": [[-1.3711163281138194e-11, 1.64005909547571e-11], [-6.466725158832398e-12, 9.153655264326765e-12], [null, 5.165959240244211e-12], [null, 5.2090866342613396e-12], [null, 5.696729546422752e-12]], "nuFnu": [1.5962794237475708e-12, 5.953734684080447e-13, 1.8303223937307856e-18, 5.020323119678415e-21, 1.2447725704788893e-17], "Sqrt_TS_Band": [8.417278289794922, 2.782397985458374, 0.0, 0.0, 0.0], "Npred": 18.11168098449707, "HEP_Energy": 21.94300079345703, "HEP_Prob": 0.9417548775672913, "Variability_BayesBlocks": 1, "Extended_Source_Name": "                  ", "ASSOC_GAM": "3FGL J1332.6-1256 ", "TEVCAT_FLAG": "N", "ASSOC_TEV": "                     ", "CLASS": "fsrq   ", "ASSOC1": "PMN J1332-1256            ", "ASSOC2": "                          ", "ASSOC_PROB_BAY": 0.9986328482627869, "ASSOC_PROB_LR": 0.9493382573127747, "Redshift": 1.4980000257492065, "NuPeak_obs": 1862089048064.0, "catalog_row_index": 875}