{"Source_Name": "3FGL J1729.7-2408 ", "RAJ2000": 262.434814453125, "DEJ2000": -24.137100219726562, "GLON": 2.164534330368042, "GLAT": 5.564372539520264, "Conf_68_SemiMajor": 0.08954880386590958, "Conf_68_SemiMinor": 0.07271214574575424, "Conf_68_PosAng": -89.13999938964844, "Conf_95_SemiMajor": 0.1451999992132187, "Conf_95_SemiMinor": 0.11789999902248383, "Conf_95_PosAng": -89.13999938964844, "ROI_num": 100, "Signif_Avg": 11.701891899108887, "Pivot_Energy": 567.2457885742188, "Flux_Density": 1.6615212677928426e-11, "Unc_Flux_Density": 1.6773150793639169e-12, "Flux1000": 1.5993988355944566e-09, "Unc_Flux1000": 2.652413566561762e-10, "Energy_Flux100": 2.3379015737234887e-11, "Unc_Energy_Flux100": 2.405618456172154e-12, "Signif_Curve": 4.384668827056885, "SpectrumType": "LogParabola     ", "Spectral_Index": 2.474536657333374, "Unc_Spectral_Index": 0.12094667553901672, "beta": 0.40046364068984985, "Unc_beta": 0.10673043131828308, "Cutoff": null, "Unc_Cutoff": null, "Exp_Index": null, "Unc_Exp_Index": null, "PowerLaw_Index": 2.569953441619873, "Flux30_100": null, "Unc_Flux30_100": null, "nuFnu30_100": null, "Sqrt_TS30_100": null, "Flux100_300": 2.9387544842052193e-08, "Unc_Flux100_300": [-7.1309269600305925e-09, 7.186772510436867e-09], "nuFnu100_300": 7.404265568722312e-12, "Sqrt_TS100_300": 4.186093330383301, "Flux300_1000": 1.3431403544927889e-08, "Unc_Flux300_1000": [-1.4919626645237827e-09, 1.5084475890603244e-09], "nuFnu300_1000": 8.757407993220667e-12, "Sqrt_TS300_1000": 9.515053749084473, "Flux1000_3000": 1.2577923147460979e-09, "Unc_Flux1000_3000": [-2.9171015603068895e-10, 3.0277122475830254e-10], "nuFnu1000_3000": 2.665993727862803e-12, "Sqrt_TS1000_3000": 4.622023582458496, "Flux3000_10000": 9.076177309719213e-11, "Unc_Flux3000_10000": [-5.592643362306582e-11, 6.503599742080368e-11], "nuFnu3000_10000": 4.968751647106695e-13, "Sqrt_TS3000_10000": 1.7262253761291504, "Flux10000_100000": 1.737538238288927e-11, "Unc_Flux10000_100000": [-1.642512861832479e-11, 2.364589773984349e-11], "nuFnu10000_100000": 1.6098740721580407e-13, "Sqrt_TS10000_100000": 1.061864972114563, "Variability_Index": 50.73607635498047, "Signif_Peak": null, "Flux_Peak": null, "Unc_Flux_Peak": null, "Time_Peak": null, "Peak_Interval": null, "Flux_History": [5.8892677401445326e-08, 6.76647076147674e-08, 6.706541455514525e-08, 7.437454030423396e-08, 7.096573284570695e-08, 7.427858150776956e-08, 0.0, 5.7227559580042e-08, 3.0690980423742076e-08, 4.314852919407031e-09, 9.836767134174806e-08, 1.682026429250527e-08, 4.6482075077847185e-08, 0.0, 5.5553574185296384e-08, 4.551584353862381e-08, 3.669812542739237e-08, 3.588583297187142e-08, 5.685444648406701e-08, 1.8716715288746855e-08, 2.604438797959574e-08, 6.363671900544432e-08, 9.198696915291293e-08, 4.861488278606885e-08, 8.76664714155595e-08, 3.2420670592614442e-09, 0.0, 4.4629807405272004e-08, 3.151054173144985e-08, 4.660648045273774e-08, 3.5271954246240966e-09, 1.0335349287515783e-07, 4.9843905003399414e-08, 8.68631033767997e-08, 6.907984584358928e-08, 2.9747015517500586e-08, 2.3912303248607714e-08, 3.849928376098433e-09, 5.2378311465872684e-08, 1.877010546991187e-08, 1.0308768594313733e-07, 5.416279336145635e-08, 4.134959397106286e-08, 3.444074181402357e-08, 5.1230273356850375e-08, 6.701213806081796e-08, 2.876791072026208e-08, 0.0], "Unc_Flux_History": [[-2.69197908409069e-08, 2.8880778657480732e-08], [-2.7361107157730657e-08, 2.9437533299869756e-08], [-2.6124807206429068e-08, 2.681580113517157e-08], [-2.633503193294473e-08, 2.78169220990776e-08], [-2.6285491117050697e-08, 2.7542206737507513e-08], [-2.8462023848874196e-08, 3.0075252510641803e-08], [null, 2.556560474431535e-08], [-2.742898352892098e-08, 2.8655781747488618e-08], [-2.446407343370538e-08, 2.6888464788044075e-08], [null, 2.3870306620210613e-08], [-3.0368592973673e-08, 3.1602517935880314e-08], [null, 2.4018662614366804e-08], [-2.5882854970404878e-08, 2.823640876670197e-08], [null, 2.336766158350656e-08], [-2.6074500780737253e-08, 2.7476177777430166e-08], [-3.275248872114389e-08, 3.504448287117157e-08], [-2.638529394971556e-08, 2.7866452256830598e-08], [-3.242114843260424e-08, 3.601027742661245e-08], [-2.453796632551075e-08, 2.6075149150983634e-08], [null, 2.9471898699284793e-08], [null, 2.8999886936276198e-08], [-2.7129940960435306e-08, 2.7507631727985427e-08], [-3.6666829572595816e-08, 3.8685680436856273e-08], [-2.2917060249483256e-08, 2.4046816093914458e-08], [-3.319749808383676e-08, 3.514277935323662e-08], [null, 2.4431768608224047e-08], [null, 2.9275710744514072e-08], [-2.6068658343092466e-08, 2.7680632896931456e-08], [-2.500970275320924e-08, 2.648700814233962e-08], [-3.014009664070727e-08, 3.2128241400641855e-08], [null, 2.386652298014269e-08], [-3.6881743881167495e-08, 3.899816292118885e-08], [-2.6196410374268453e-08, 2.8118208206251438e-08], [-3.3758819739659884e-08, 3.48072610734107e-08], [-2.8531037088441735e-08, 2.936432963451807e-08], [-2.4282448052304062e-08, 2.7422697002066343e-08], [null, 3.013024141296228e-08], [null, 2.5150637128490416e-08], [-3.560084493869908e-08, 3.6936210534577185e-08], [null, 2.175420554806351e-08], [-3.6465131358909275e-08, 3.894795241876636e-08], [-2.7122039725213654e-08, 2.730126702488178e-08], [-2.593535874950703e-08, 2.6790406337795503e-08], [-2.7405686608972246e-08, 2.9202547935369694e-08], [-2.3223174494546583e-08, 2.4779851059975044e-08], [-3.7551210141373303e-08, 3.809312687508282e-08], [-2.344416749622269e-08, 2.5052546703818734e-08], [null, 3.348995392116194e-08]], "Extended_Source_Name": "                  ", "0FGL_Name": "                 ", "1FGL_Name": "1FGL J1730.4-2406 ", "2FGL_Name": "2FGL J1730.6-2409 ", "1FHL_Name": "                  ", "ASSOC_GAM1": "               ", "ASSOC_GAM2": "              ", "ASSOC_GAM3": "               ", "TEVCAT_FLAG": "N", "ASSOC_TEV": "                     ", "CLASS1": "     ", "ASSOC1": "                          ", "ASSOC2": "                          ", "Flags": 4, "catalog_row_index": 2167}