{"Source_Name": "3FGL J1857.8+0129c", "RAJ2000": 284.47119140625, "DEJ2000": 1.4977999925613403, "GLON": 35.00043869018555, "GLAT": -0.7511064410209656, "Conf_68_SemiMajor": 0.0659281462430954, "Conf_68_SemiMinor": 0.04489775002002716, "Conf_68_PosAng": -18.68000030517578, "Conf_95_SemiMajor": 0.10689999908208847, "Conf_95_SemiMinor": 0.07280000299215317, "Conf_95_PosAng": -18.68000030517578, "ROI_num": 32, "Signif_Avg": 4.475810527801514, "Pivot_Energy": 4155.2109375, "Flux_Density": 1.2155847075451254e-13, "Unc_Flux_Density": 2.6713409994249745e-14, "Flux1000": 2.5422897120819243e-09, "Unc_Flux1000": 5.906232725116922e-10, "Energy_Flux100": 3.189191272179315e-11, "Unc_Energy_Flux100": 8.804013941487998e-12, "Signif_Curve": 3.2709996700286865, "SpectrumType": "PowerLaw        ", "Spectral_Index": 2.342689275741577, "Unc_Spectral_Index": 0.10968893021345139, "beta": null, "Unc_beta": null, "Cutoff": null, "Unc_Cutoff": null, "Exp_Index": null, "Unc_Exp_Index": null, "PowerLaw_Index": 2.342689275741577, "Flux30_100": null, "Unc_Flux30_100": null, "nuFnu30_100": null, "Sqrt_TS30_100": null, "Flux100_300": 2.3335134713420302e-08, "Unc_Flux100_300": [null, 4.433505651491032e-08], "nuFnu100_300": 5.423246053626318e-12, "Sqrt_TS100_300": 0.4572492241859436, "Flux300_1000": 2.32315926496085e-08, "Unc_Flux300_1000": [-7.469003193705248e-09, 7.547201974489326e-09], "nuFnu300_1000": 1.5326849164831735e-11, "Sqrt_TS300_1000": 3.078826904296875, "Flux1000_3000": 3.495881584214544e-09, "Unc_Flux1000_3000": [-8.580668953150905e-10, 8.753758828916602e-10], "nuFnu1000_3000": 8.124668472719865e-12, "Sqrt_TS1000_3000": 4.2217936515808105, "Flux3000_10000": 5.095118216225103e-10, "Unc_Flux3000_10000": [-1.6245968459394078e-10, 1.7475980385039946e-10], "nuFnu3000_10000": 3.361461282935796e-12, "Sqrt_TS3000_10000": 3.4072654247283936, "Flux10000_100000": 4.1067475808898024e-11, "Unc_Flux10000_100000": [-2.6096964866884065e-11, 3.4412018373730646e-11], "nuFnu10000_100000": 6.399678963847633e-13, "Sqrt_TS10000_100000": 1.86028254032135, "Variability_Index": 41.47496032714844, "Signif_Peak": null, "Flux_Peak": null, "Unc_Flux_Peak": null, "Time_Peak": null, "Peak_Interval": null, "Flux_History": [9.67168887200387e-08, 9.258880773188594e-09, 7.928286294145437e-08, 0.0, 7.94688848060332e-09, 0.0, 0.0, 0.0, 3.240119283987042e-08, 6.187266876622743e-08, 0.0, 0.0, 1.1400491217727904e-07, 0.0, 1.2723299391836917e-07, 1.8261931700180867e-07, 0.0, 0.0, 1.099452529018663e-08, 4.0852178528894e-08, 0.0, 0.0, 0.0, 8.935678863508656e-08, 1.0009490125639786e-08, 0.0, 0.0, 5.374731770757535e-08, 4.921067287000369e-08, 7.139149715840176e-08, 0.0, 3.900592560057703e-08, 0.0, 1.5200241065826958e-08, 0.0, 0.0, 5.344268316775924e-08, 2.9131452805586378e-08, 1.2567186047363066e-07, 2.73795848215741e-08, 0.0, 9.512460508176446e-08, 3.548679927689591e-08, 4.886743809606742e-08, 0.0, 0.0, 0.0, 3.0195678846212104e-08], "Unc_Flux_History": [[-8.806167528518927e-08, 9.10982720370157e-08], [null, 7.032868154510652e-08], [-5.6195158748550966e-08, 6.438439470457524e-08], [null, 6.622452985993732e-08], [null, 5.647234502248466e-08], [null, 6.465999291549451e-08], [null, 5.9187179601849493e-08], [null, 4.8341686209596446e-08], [null, 7.53149862475766e-08], [-4.2165797964344165e-08, 5.84142938464538e-08], [null, 7.275664160033557e-08], [null, 7.134685375831396e-08], [-7.088780762387614e-08, 7.920271372086063e-08], [null, 5.8944159775364824e-08], [-6.995209389515367e-08, 8.257696748614762e-08], [-8.855841571175915e-08, 9.816087498393244e-08], [null, 5.1516384047545216e-08], [null, 1.0200988498354491e-07], [null, 9.12376023620709e-08], [null, 8.895807468434214e-08], [null, 7.717830641240653e-08], [null, 4.696596889175453e-08], [null, 8.827772290942448e-08], [null, 8.767980119728236e-08], [null, 1.0331497435345227e-07], [null, 7.85632821020954e-08], [null, 7.751176411829874e-08], [null, 9.09266333337655e-08], [null, 8.485368852007014e-08], [-5.569377492520289e-08, 7.95115937535229e-08], [null, 8.76994690202082e-08], [null, 7.730494644420105e-08], [null, 7.969590143375171e-08], [null, 8.660409633876043e-08], [null, 6.913567318633795e-08], [null, 6.991160717007006e-08], [null, 9.268036649245914e-08], [null, 8.864877543146576e-08], [-6.318792600268353e-08, 7.411422586756089e-08], [null, 6.646968842005663e-08], [null, 6.139395480886378e-08], [-7.846366401054183e-08, 9.329797734380918e-08], [null, 6.99371227597112e-08], [null, 7.034616800183358e-08], [null, 6.686776998776622e-08], [null, 7.958887948689153e-08], [null, 4.203658932055987e-08], [null, 9.615768448156814e-08]], "Extended_Source_Name": "                  ", "0FGL_Name": "                 ", "1FGL_Name": "                  ", "2FGL_Name": "2FGL J1858.5+0129c", "1FHL_Name": "                  ", "ASSOC_GAM1": "1AGL J1857+0137", "ASSOC_GAM2": "              ", "ASSOC_GAM3": "               ", "TEVCAT_FLAG": "N", "ASSOC_TEV": "                     ", "CLASS1": "     ", "ASSOC1": "                          ", "ASSOC2": "                          ", "Flags": 56, "catalog_row_index": 2444}