{"Source_Name": "3FGL J0331.3-6155 ", "RAJ2000": 52.835899353027344, "DEJ2000": -61.928001403808594, "GLON": 276.9676208496094, "GLAT": -46.32582473754883, "Conf_68_SemiMajor": 0.028307782486081123, "Conf_68_SemiMinor": 0.025162475183606148, "Conf_68_PosAng": -7.710000038146973, "Conf_95_SemiMajor": 0.045899998396635056, "Conf_95_SemiMinor": 0.040800001472234726, "Conf_95_PosAng": -7.710000038146973, "ROI_num": 272, "Signif_Avg": 12.734758377075195, "Pivot_Energy": 1791.270263671875, "Flux_Density": 2.1366027978982072e-13, "Unc_Flux_Density": 2.4923566696263312e-14, "Flux1000": 6.613323777493463e-10, "Unc_Flux1000": 7.923797035180868e-11, "Energy_Flux100": 7.348524566630488e-12, "Unc_Energy_Flux100": 8.740864477531363e-13, "Signif_Curve": 1.6433489322662354, "SpectrumType": "PowerLaw        ", "Spectral_Index": 2.076540946960449, "Unc_Spectral_Index": 0.08764825761318207, "beta": null, "Unc_beta": null, "Cutoff": null, "Unc_Cutoff": null, "Exp_Index": null, "Unc_Exp_Index": null, "PowerLaw_Index": 2.076540946960449, "Flux30_100": null, "Unc_Flux30_100": null, "nuFnu30_100": null, "Sqrt_TS30_100": null, "Flux100_300": 3.86258403040074e-09, "Unc_Flux100_300": [-2.8838298415934105e-09, 2.864004589042679e-09], "nuFnu100_300": 9.212049525975097e-13, "Sqrt_TS100_300": 1.4149067401885986, "Flux300_1000": 1.5669104902471531e-09, "Unc_Flux300_1000": [-3.7719974366190456e-10, 4.0327954864416427e-10], "nuFnu300_1000": 1.0661373043077682e-12, "Sqrt_TS300_1000": 4.483069896697998, "Flux1000_3000": 4.390501850970452e-10, "Unc_Flux1000_3000": [-8.959059188962115e-11, 9.65591773205432e-11], "nuFnu1000_3000": 1.0471104235423856e-12, "Sqrt_TS1000_3000": 6.526063442230225, "Flux3000_10000": 1.9009976925943306e-10, "Unc_Flux3000_10000": [-3.8076167219180945e-11, 4.377687101708716e-11], "nuFnu3000_10000": 1.2934526496741205e-12, "Sqrt_TS3000_10000": 8.908164024353027, "Flux10000_100000": 2.7518532591530587e-11, "Unc_Flux10000_100000": [-1.1738036757857895e-11, 1.632618172597855e-11], "nuFnu10000_100000": 4.749157881192567e-13, "Sqrt_TS10000_100000": 4.598448276519775, "Variability_Index": 61.94595718383789, "Signif_Peak": null, "Flux_Peak": null, "Unc_Flux_Peak": null, "Time_Peak": null, "Peak_Interval": null, "Flux_History": [0.0, 0.0, 4.271723863524812e-09, 0.0, 1.0274247230768196e-08, 1.0258010441077658e-08, 1.3171583823634592e-08, 0.0, 1.1444167391516658e-08, 1.5965894162306427e-09, 1.8526720158007493e-09, 0.0, 0.0, 1.899327584098387e-09, 9.113060528420647e-09, 0.0, 6.56697141110385e-09, 0.0, 5.05712005605119e-09, 1.0982488696242854e-08, 5.442658768117781e-09, 0.0, 1.1565277624470127e-08, 1.4208501930568218e-08, 1.146012351682657e-08, 1.1208822314756617e-08, 4.513093010416469e-09, 1.7051446477012178e-08, 3.6344680598432433e-09, 4.912245277211014e-09, 3.0808806172899494e-08, 3.5082365901217827e-09, 0.0, 1.3548314470313016e-08, 6.1662199790646355e-09, 6.401881247342089e-09, 1.0618265378070646e-08, 1.3802300635745723e-08, 4.862950486739237e-09, 2.0170647374584405e-08, 1.4538204418101941e-08, 3.3062852455856273e-09, 1.1684109679777066e-08, 2.2267569121936504e-08, 1.2299559593031972e-08, 1.1674848643394853e-08, 1.6196280983038491e-09, 7.415355884887731e-09], "Unc_Flux_History": [[null, 8.230002457310093e-09], [null, 5.846301665002329e-09], [null, 1.0137600092718912e-08], [null, 6.9192802598649905e-09], [-6.23660811882587e-09, 7.330572593389206e-09], [-7.466613993756255e-09, 9.383774646209986e-09], [-7.740564633706981e-09, 9.928428745809015e-09], [null, 6.978820632497218e-09], [-6.776032623889705e-09, 8.955142405397964e-09], [null, 9.270874734568224e-09], [null, 8.952654617644384e-09], [null, 6.219218473546562e-09], [null, 5.8849467521326915e-09], [null, 9.458140937113058e-09], [-4.813418108540191e-09, 6.1793556938027905e-09], [null, 6.288650933328199e-09], [null, 8.619643665497279e-09], [null, 5.0060737777357645e-09], [-4.412697762745665e-09, 6.949637310071921e-09], [-5.645908185414328e-09, 8.070077939237308e-09], [-3.807850479375929e-09, 6.291388743306925e-09], [null, 6.095393079164069e-09], [-5.772981648277664e-09, 7.2031363096414225e-09], [-8.303485898863983e-09, 9.666749178904865e-09], [-4.808870190942116e-09, 6.014936104747903e-09], [-5.744371645022284e-09, 7.48256390181723e-09], [-3.5460396841102693e-09, 4.973793821250183e-09], [-7.30310567575998e-09, 8.772270021495387e-09], [null, 6.4345675454546836e-09], [null, 6.576876820929556e-09], [-9.019526459042027e-09, 1.0162302999106032e-08], [-3.171499285414825e-09, 4.9029753590446035e-09], [null, 5.606211050945831e-09], [-5.97436899951731e-09, 5.97436899951731e-09], [null, 8.675450580142297e-09], [-4.219271154681792e-09, 6.3300356067941266e-09], [-4.642666251442051e-09, 5.9393645557292984e-09], [-6.444562661300779e-09, 8.295413245207328e-09], [null, 6.578296130044237e-09], [-8.262128758929066e-09, 9.801241596107957e-09], [-6.126722240651361e-09, 7.300131166232404e-09], [null, 7.421083303427167e-09], [-4.748180071345587e-09, 5.901996669166465e-09], [-7.473040852801205e-09, 8.625013592222786e-09], [-6.574602640085914e-09, 8.030893283716978e-09], [-5.158784066594535e-09, 6.7056165065082496e-09], [null, 9.46692857439757e-09], [-4.436653266992607e-09, 6.175232325489333e-09]], "Extended_Source_Name": "                  ", "0FGL_Name": "                 ", "1FGL_Name": "                  ", "2FGL_Name": "                  ", "1FHL_Name": "                  ", "ASSOC_GAM1": "               ", "ASSOC_GAM2": "              ", "ASSOC_GAM3": "               ", "TEVCAT_FLAG": "N", "ASSOC_TEV": "                     ", "CLASS1": "bcu  ", "ASSOC1": "PMN J0331-6155            ", "ASSOC2": "                          ", "Flags": 0, "catalog_row_index": 402}