{"Source_Name": "3FHL J0223.0-1119 ", "RAJ2000": 35.76097106933594, "DEJ2000": -11.32423210144043, "GLON": 181.07554626464844, "GLAT": -63.30512619018555, "Conf_95_SemiMajor": 0.0508655346930027, "Conf_95_SemiMinor": 0.0508655346930027, "Conf_95_PosAng": null, "ROI_num": 319, "Signif_Avg": 6.210909366607666, "Pivot_Energy": 16.43564796447754, "Flux_Density": 1.7964639107900804e-12, "Unc_Flux_Density": 5.903873310370011e-13, "Flux": 3.990966238043292e-11, "Unc_Flux": 1.3107558441416423e-11, "Energy_Flux": 1.2418541672429284e-12, "Unc_Energy_Flux": 5.311252197597038e-13, "Signif_Curve": 0.09008230268955231, "SpectrumType": "PowerLaw   ", "Spectral_Index": 3.010910987854004, "Unc_Spectral_Index": 0.9368307590484619, "beta": 0.014439248479902744, "Unc_beta": 0.6591894030570984, "PowerLaw_Index": 3.042310953140259, "Unc_PowerLaw_Index": 0.6453404426574707, "Flux_Band": [2.932406747979677e-11, 1.0691056546996425e-11, 1.3298286246483487e-16, 4.513743770538846e-25, 1.0249196269089315e-17], "Unc_Flux_Band": [[-1.015965436779176e-11, 1.2496536791473112e-11], [-5.37909257067315e-12, 7.916741047442333e-12], [null, 5.559300849528048e-12], [null, 5.5288430084177165e-12], [null, 6.110043460766379e-12]], "nuFnu": [9.02192220670478e-13, 5.326049388847121e-13, 1.4489370411150438e-17, 1.3799320715306402e-25, 9.422864343844767e-18], "Sqrt_TS_Band": [5.91485071182251, 3.824338674545288, 0.0, 0.0, 0.0], "Npred": 10.578521728515625, "HEP_Energy": 46.45600128173828, "HEP_Prob": 0.9147640466690063, "Variability_BayesBlocks": 1, "Extended_Source_Name": "                  ", "ASSOC_GAM": "3FGL J0222.9-1117 ", "TEVCAT_FLAG": "N", "ASSOC_TEV": "                     ", "CLASS": "bll    ", "ASSOC1": "1RXS J022314.6-111741     ", "ASSOC2": "                          ", "ASSOC_PROB_BAY": 0.989155650138855, "ASSOC_PROB_LR": 0.0, "Redshift": null, "NuPeak_obs": 3981075248316416.0, "source_id": 151}