{"source_id": 77, "common_name": "HESS J1507-622", "gamma_names": "", "fermi_names": "", "other_names": "", "where": "gal", "classes": "unid", "discoverer": "hess", "seen_by": "hess", "discovery_date": "2009-12", "tevcat_id": 204, "tevcat2_id": "jNYEaw", "tevcat_name": "TeV J1506-623", "tgevcat_id": 77, "tgevcat_name": "TeV J1506-6221", "reference_id": "2011A&A...525A..45H", "significance": 9.300000190734863, "livetime": 9.699999809265137, "ra": 226.875, "dec": -62.41699981689453, "glon": 317.97454833984375, "glat": -3.5878143310546875, "pos_ra": 226.72000122070312, "pos_dec": -62.349998474121094, "pos_glon": 317.9455261230469, "pos_glat": -3.4939377307891846, "pos_err": 0.03872983530163765, "morph_type": "gauss", "morph_sigma": 0.15000000596046448, "morph_sigma_err": 0.019999999552965164, "morph_sigma2": null, "morph_sigma2_err": null, "morph_pa": null, "morph_pa_err": null, "morph_pa_frame": "", "spec_type": "pl", "spec_pl_norm": 3.100000074349185e-12, "spec_pl_norm_err": 7.99999985961336e-13, "spec_pl_norm_err_sys": null, "spec_pl_index": 2.490000009536743, "spec_pl_index_err": 0.18000000715255737, "spec_pl_index_err_sys": 0.20000000298023224, "spec_pl_e_ref": 1.0, "spec_pl2_flux": null, "spec_pl2_flux_err": null, "spec_pl2_flux_err_sys": null, "spec_pl2_index": null, "spec_pl2_index_err": null, "spec_pl2_index_err_sys": null, "spec_pl2_e_min": null, "spec_pl2_e_max": null, "spec_ecpl_norm": null, "spec_ecpl_norm_err": null, "spec_ecpl_norm_err_sys": null, "spec_ecpl_index": null, "spec_ecpl_index_err": null, "spec_ecpl_index_err_sys": null, "spec_ecpl_e_cut": null, "spec_ecpl_e_cut_err": null, "spec_ecpl_e_cut_err_sys": null, "spec_ecpl_e_ref": null, "spec_erange_min": 0.5, "spec_erange_max": null, "spec_theta": 0.2199999988079071, "spec_dnde_1TeV": 3.100000074349185e-12, "spec_dnde_1TeV_err": 7.99999985961336e-13, "spec_flux_1TeV": 2.080536914625397e-12, "spec_flux_1TeV_err": 5.928297674810679e-13, "spec_flux_1TeV_crab": 10.029374122619629, "spec_flux_1TeV_crab_err": 2.8577773571014404, "spec_eflux_1TeV_10TeV": 6.856203105254366e-12, "spec_eflux_1TeV_10TeV_err": 2.1152322515066713e-12, "sed_reference_id": "2011A&A...525A..45H", "sed_n_points": 6, "sed_n_ul": 0, "sed_e_ref": [0.8608999848365784, 1.5615099668502808, 2.7637500762939453, 4.891600131988525, 9.988579750061035, 27.040300369262695, null, null, null, null, null, null, null, null, null, null, null, null, null, null, null, null, null, null, null, null, null, null, null, null, null, null, null, null, null, null, null, null, null, null], "sed_e_min": [null, null, null, null, null, null, null, null, null, null, null, null, null, null, null, null, null, null, null, null, null, null, null, null, null, null, null, null, null, null, null, null, null, null, null, null, null, null, null, null], "sed_e_max": [null, null, null, null, null, null, null, null, null, null, null, null, null, null, null, null, null, null, null, null, null, null, null, null, null, null, null, null, null, null, null, null, null, null, null, null, null, null, null, null], "sed_dnde": [2.2911900241645577e-12, 6.981719889720406e-13, 1.6906200289538986e-13, 7.729250182594849e-14, 1.0325300286810873e-14, 7.449870235107529e-16, null, null, null, null, null, null, null, null, null, null, null, null, null, null, null, null, null, null, null, null, null, null, null, null, null, null, null, null, null, null, null, null, null, null], "sed_dnde_err": [null, null, null, null, null, null, null, null, null, null, null, null, null, null, null, null, null, null, null, null, null, null, null, null, null, null, null, null, null, null, null, null, null, null, null, null, null, null, null, null], "sed_dnde_errp": [8.955019885348303e-13, 2.304070020713034e-13, 7.188379665817868e-14, 2.607489961795051e-14, 5.641950089356387e-15, 7.259989800530349e-16, null, null, null, null, null, null, null, null, null, null, null, null, null, null, null, null, null, null, null, null, null, null, null, null, null, null, null, null, null, null, null, null, null, null], "sed_dnde_errn": [8.705430040029105e-13, 2.203539949249475e-13, 6.758700180466495e-14, 2.4013199401476913e-14, 5.063150030124421e-15, 5.720890171908698e-16, null, null, null, null, null, null, null, null, null, null, null, null, null, null, null, null, null, null, null, null, null, null, null, null, null, null, null, null, null, null, null, null, null, null], "sed_dnde_ul": [null, null, null, null, null, null, null, null, null, null, null, null, null, null, null, null, null, null, null, null, null, null, null, null, null, null, null, null, null, null, null, null, null, null, null, null, null, null, null, null], "catalog_row_index": 77}