{"Source_Name": "3FGL J1503.7-1540 ", "RAJ2000": 225.9468994140625, "DEJ2000": -15.675800323486328, "GLON": 343.7617492675781, "GLAT": 36.493045806884766, "Conf_68_SemiMajor": 0.026704290881752968, "Conf_68_SemiMinor": 0.023188946768641472, "Conf_68_PosAng": -45.77000045776367, "Conf_95_SemiMajor": 0.043299999088048935, "Conf_95_SemiMinor": 0.03759999945759773, "Conf_95_PosAng": -45.77000045776367, "ROI_num": 342, "Signif_Avg": 13.52925968170166, "Pivot_Energy": 4462.02685546875, "Flux_Density": 5.298245295184273e-14, "Unc_Flux_Density": 6.537285937460811e-15, "Flux1000": 9.431776470947284e-10, "Unc_Flux1000": 1.1999473636947755e-10, "Energy_Flux100": 1.19579710716744e-11, "Unc_Energy_Flux100": 1.5915464475838026e-12, "Signif_Curve": 0.02077743411064148, "SpectrumType": "PowerLaw        ", "Spectral_Index": 1.769607424736023, "Unc_Spectral_Index": 0.09322818368673325, "beta": null, "Unc_beta": null, "Cutoff": null, "Unc_Cutoff": null, "Exp_Index": null, "Unc_Exp_Index": null, "PowerLaw_Index": 1.769607424736023, "Flux30_100": null, "Unc_Flux30_100": null, "nuFnu30_100": null, "Sqrt_TS30_100": null, "Flux100_300": 5.154521254269184e-09, "Unc_Flux100_300": [-2.91035506805315e-09, 2.8598396983881003e-09], "nuFnu100_300": 1.2672534462770946e-12, "Sqrt_TS100_300": 1.791663646697998, "Flux300_1000": 1.5795887930991626e-09, "Unc_Flux300_1000": [-5.235097910727404e-10, 5.438933747825558e-10], "nuFnu300_1000": 1.1145832520820242e-12, "Sqrt_TS300_1000": 3.1821117401123047, "Flux1000_3000": 2.6014135290353124e-10, "Unc_Flux1000_3000": [-1.1393316151631083e-10, 1.182775127839264e-10], "nuFnu1000_3000": 6.395647900170331e-13, "Sqrt_TS1000_3000": 2.5671894550323486, "Flux3000_10000": 2.875515936473505e-10, "Unc_Flux3000_10000": [-5.424658638952806e-11, 6.012813857925181e-11], "nuFnu3000_10000": 2.0290102063780235e-12, "Sqrt_TS3000_10000": 8.76572036743164, "Flux10000_100000": 1.7703170873684115e-10, "Unc_Flux10000_100000": [-3.7248468198747275e-11, 4.337775277862832e-11], "nuFnu10000_100000": 3.468643341303368e-12, "Sqrt_TS10000_100000": 10.147486686706543, "Variability_Index": 52.126190185546875, "Signif_Peak": null, "Flux_Peak": null, "Unc_Flux_Peak": null, "Time_Peak": null, "Peak_Interval": null, "Flux_History": [4.746298909452662e-09, 1.3851786384577736e-08, 2.6456130619578744e-09, 4.90345941628334e-09, 8.13324785298164e-09, 1.0165623898217291e-08, 1.9795109551523637e-08, 0.0, 6.602089541729583e-09, 5.325183405346934e-09, 2.694537482028636e-09, 8.54414228257383e-09, 8.09219447006626e-09, 1.3702056378406269e-08, 7.628572440410153e-09, 0.0, 0.0, 2.831872292219373e-09, 0.0, 8.119157790531517e-09, 4.5100114753893195e-09, 5.927515811521289e-09, 6.910798155956854e-09, 5.76058312162786e-09, 1.2073781974208941e-08, 0.0, 0.0, 1.4265077119546277e-08, 5.032864791587599e-09, 1.3427499112594887e-08, 9.765617647872205e-09, 7.638048415969934e-09, 2.981562996495768e-09, 3.925308966756802e-09, 4.163959732572664e-10, 1.1096418894851467e-08, 0.0, 1.1058656212981077e-09, 1.0514246362447466e-08, 6.909168792645914e-10, 9.637144415819421e-09, 3.688936711654378e-09, 3.294451378366148e-10, 0.0, 1.2138279714690725e-08, 8.29212165598392e-09, 4.7190513718931015e-09, 1.7104566651937603e-09], "Unc_Flux_History": [[-3.1393909694088507e-09, 4.653239127350162e-09], [-5.819115855842938e-09, 6.8174910161644675e-09], [null, 6.514733197349187e-09], [-3.4889577893437718e-09, 5.1718149762791654e-09], [-3.8436169802480435e-09, 4.987364743413991e-09], [-4.334796521732187e-09, 5.643289391343842e-09], [-6.334459179413443e-09, 7.387096268018922e-09], [null, 6.923836615158052e-09], [-3.9215786173940614e-09, 5.276517445196305e-09], [-3.5506777518179433e-09, 5.346521891880229e-09], [-2.113153874105933e-09, 3.812663518232284e-09], [-4.731116387546308e-09, 6.046716904961613e-09], [-4.893312866016686e-09, 6.5871166299302786e-09], [-5.83119330599402e-09, 7.197018536686528e-09], [-4.693244459730295e-09, 6.662248086541922e-09], [null, 4.743311077248791e-09], [null, 3.735190823306311e-09], [-2.378699681671037e-09, 4.406369047416092e-09], [null, 4.483335036553626e-09], [-5.622610821376384e-09, 8.445582011518127e-09], [-2.9425635261759453e-09, 4.8402530872238e-09], [-4.1529624184022396e-09, 6.0563891679521475e-09], [-4.567758615792172e-09, 5.955594684081689e-09], [-4.961473454301313e-09, 6.201265723149163e-09], [-5.864031926705593e-09, 7.669883395067245e-09], [null, 4.481909954279217e-09], [null, 5.1731920969189105e-09], [-5.941816372256881e-09, 7.039605343095445e-09], [-3.925117120218147e-09, 6.243474182099362e-09], [-5.5107607366267075e-09, 6.7575522955110046e-09], [-5.352722709517366e-09, 6.780394912198062e-09], [-4.7770116751166825e-09, 6.9626060472671725e-09], [null, 8.065651257993522e-09], [-2.7943110048056496e-09, 5.149442650065339e-09], [null, 5.2026414287809075e-09], [-5.450370821336037e-09, 7.144254521307403e-09], [null, 5.239316536176375e-09], [null, 7.0340600011320475e-09], [-5.949353010237246e-09, 8.175697452372788e-09], [null, 5.921585444212951e-09], [-5.434880101518047e-09, 7.247669575605187e-09], [-2.483936389907626e-09, 4.186210933454504e-09], [null, 6.8980470224744295e-09], [null, 5.427606808439123e-09], [-6.243139782924345e-09, 7.624872289113682e-09], [-5.360716315294667e-09, 7.547474645264174e-09], [-2.8659192796709476e-09, 4.164411926410594e-09], [null, 1.1210468997546741e-08]], "Extended_Source_Name": "                  ", "0FGL_Name": "                 ", "1FGL_Name": "1FGL J1503.5-1544 ", "2FGL_Name": "2FGL J1503.7-1541 ", "1FHL_Name": "1FHL J1503.9-1540 ", "ASSOC_GAM1": "               ", "ASSOC_GAM2": "3EG J1504-1537", "ASSOC_GAM3": "EGR J1504-1539 ", "TEVCAT_FLAG": "N", "ASSOC_TEV": "                     ", "CLASS1": "bll  ", "ASSOC1": "RBS 1457                  ", "ASSOC2": "                          ", "Flags": 0, "source_id": 1815}