{"Source_Name": "3FHL J1150.3+2418 ", "RAJ2000": 177.5877227783203, "DEJ2000": 24.30084228515625, "GLON": 221.14573669433594, "GLAT": 75.96302795410156, "Conf_95_SemiMajor": 0.05604128539562225, "Conf_95_SemiMinor": 0.05604128539562225, "Conf_95_PosAng": null, "ROI_num": 321, "Signif_Avg": 8.177228927612305, "Pivot_Energy": 15.572588920593262, "Flux_Density": 3.312437346983388e-12, "Unc_Flux_Density": 8.59893373953563e-13, "Flux": 6.216138020986861e-11, "Unc_Flux": 1.6122369064786035e-11, "Energy_Flux": 1.7866123077497909e-12, "Unc_Energy_Flux": 5.888493360452218e-13, "Signif_Curve": 0.4258921444416046, "SpectrumType": "PowerLaw   ", "Spectral_Index": 2.965574264526367, "Unc_Spectral_Index": 0.8542621731758118, "beta": 0.41724318265914917, "Unc_beta": 0.8953894972801208, "PowerLaw_Index": 3.2485830783843994, "Unc_PowerLaw_Index": 0.5920230150222778, "Flux_Band": [4.862310901132538e-11, 1.3819421301741741e-11, 4.176236389433224e-18, 3.5073306021635164e-13, 1.347638221204194e-22], "Unc_Flux_Band": [[-1.3132561878237414e-11, 1.5453830923273237e-11], [-6.399344162216769e-12, 8.812073466757386e-12], [null, 5.0348197833116615e-12], [null, 6.8852519172213356e-12], [null, 5.549968037227293e-12]], "nuFnu": [1.4844218519313723e-12, 6.796274697531968e-13, 4.470408181639106e-19, 1.0503384051179995e-13, 1.2073165269076943e-22], "Sqrt_TS_Band": [7.5639495849609375, 4.757013320922852, 0.0, 0.0, 0.0], "Npred": 17.94626235961914, "HEP_Energy": 49.88100051879883, "HEP_Prob": 0.9852254390716553, "Variability_BayesBlocks": 1, "Extended_Source_Name": "                  ", "ASSOC_GAM": "3FGL J1150.3+2417 ", "TEVCAT_FLAG": "N", "ASSOC_TEV": "                     ", "CLASS": "bll    ", "ASSOC1": "OM 280                    ", "ASSOC2": "                          ", "ASSOC_PROB_BAY": 0.999642550945282, "ASSOC_PROB_LR": 0.994445264339447, "Redshift": 0.20000000298023224, "NuPeak_obs": 89125050908672.0, "source_id": 741}