{"Source_Name": "3FGL J2300.3+3136 ", "RAJ2000": 345.0779113769531, "DEJ2000": 31.615999221801758, "GLON": 96.8290786743164, "GLAT": -25.562664031982422, "Conf_68_SemiMajor": 0.021030399948358536, "Conf_68_SemiMinor": 0.019550254568457603, "Conf_68_PosAng": 55.060001373291016, "Conf_95_SemiMajor": 0.0340999998152256, "Conf_95_SemiMinor": 0.031700000166893005, "Conf_95_PosAng": 55.060001373291016, "ROI_num": 501, "Signif_Avg": 15.62544059753418, "Pivot_Energy": 2699.18359375, "Flux_Density": 1.22516322716322e-13, "Unc_Flux_Density": 1.3087815235051942e-14, "Flux1000": 8.86867024263438e-10, "Unc_Flux1000": 9.490883773333181e-11, "Energy_Flux100": 1.0573849087980314e-11, "Unc_Energy_Flux100": 1.2697680363757402e-12, "Signif_Curve": 3.1846632957458496, "SpectrumType": "PowerLaw        ", "Spectral_Index": 1.8500044345855713, "Unc_Spectral_Index": 0.0736939013004303, "beta": null, "Unc_beta": null, "Cutoff": null, "Unc_Cutoff": null, "Exp_Index": null, "Unc_Exp_Index": null, "PowerLaw_Index": 1.8500044345855713, "Flux30_100": null, "Unc_Flux30_100": null, "nuFnu30_100": null, "Sqrt_TS30_100": null, "Flux100_300": 4.1408902973216755e-09, "Unc_Flux100_300": [-2.465839976650841e-09, 2.512686725353319e-09], "nuFnu100_300": 1.0099358415532889e-12, "Sqrt_TS100_300": 1.709078311920166, "Flux300_1000": 9.92881221684172e-10, "Unc_Flux300_1000": [-3.8115854916753733e-10, 3.995089536967811e-10], "nuFnu300_1000": 6.939065207850481e-13, "Sqrt_TS300_1000": 2.7236618995666504, "Flux1000_3000": 6.346251857358709e-10, "Unc_Flux1000_3000": [-1.0560362306843984e-10, 1.1304732150385632e-10], "nuFnu1000_3000": 1.5478088645839994e-12, "Sqrt_TS1000_3000": 8.019704818725586, "Flux3000_10000": 3.1907176900602963e-10, "Unc_Flux3000_10000": [-5.080472501028943e-11, 5.5660233366783274e-11], "nuFnu3000_10000": 2.2299343361426027e-12, "Sqrt_TS3000_10000": 12.07345199584961, "Flux10000_100000": 7.74931716018834e-11, "Unc_Flux10000_100000": [-2.240552882115665e-11, 2.7404351357618317e-11], "nuFnu10000_100000": 1.4676483769612836e-12, "Sqrt_TS10000_100000": 7.693638801574707, "Variability_Index": 70.49580383300781, "Signif_Peak": null, "Flux_Peak": null, "Unc_Flux_Peak": null, "Time_Peak": null, "Peak_Interval": null, "Flux_History": [1.5299806976898367e-09, 0.0, 0.0, 1.0082269241706854e-08, 6.252774742421252e-09, 0.0, 1.2855553954693733e-08, 1.4004667647782298e-08, 1.53430583793579e-08, 4.182901136573491e-09, 0.0, 1.070154098670173e-08, 4.926048902120783e-09, 7.339461483013565e-09, 4.769231676249319e-09, 7.0379284622390514e-09, 1.4003643578064384e-08, 7.669727075665378e-09, 1.013615502643006e-08, 7.375792865360609e-09, 3.415216109914354e-09, 9.20978227014757e-09, 3.6605116715549e-09, 5.026953076026075e-09, 7.350292374752598e-09, 0.0, 3.14223624897636e-09, 0.0, 0.0, 9.873150297323718e-09, 1.8263046186461906e-08, 5.741501718503628e-10, 2.433405255075627e-09, 1.3736755732907113e-08, 2.370806839735451e-08, 2.7556359416536225e-09, 3.7954430709419285e-09, 5.1461741534808425e-09, 7.75122899199232e-09, 1.1240167907544674e-08, 4.1807537987104126e-10, 5.557302618086624e-09, 7.562846349173924e-09, 4.561669708635918e-09, 1.787592474045141e-08, 1.1178064696082401e-08, 3.9953516051127735e-09, 2.813203003881881e-09], "Unc_Flux_History": [[null, 4.982418033705471e-09], [null, 4.639024275832071e-09], [null, 4.99320274016668e-09], [-4.308815082509909e-09, 5.248676160363175e-09], [-3.821376992618752e-09, 5.323533613932341e-09], [null, 3.0729012667762845e-09], [-5.250749168794755e-09, 6.324358370335403e-09], [-5.818816539715499e-09, 7.0002861285445306e-09], [-5.5370468210469426e-09, 6.689627518596808e-09], [-3.3585578762540536e-09, 4.976909995235701e-09], [null, 4.4682408884000324e-09], [-5.491229693177502e-09, 6.891228476746392e-09], [-3.5450529178859824e-09, 4.936314024206467e-09], [-4.181079926723896e-09, 5.508268063891819e-09], [null, 7.706132620910466e-09], [-5.154614068914043e-09, 6.413585662556898e-09], [-5.7044262646854804e-09, 6.872401758784008e-09], [-3.5693987765483826e-09, 4.985837520621317e-09], [-4.633447847623984e-09, 5.995972607308886e-09], [-4.199674830118738e-09, 5.664360536172808e-09], [-3.2458509213739717e-09, 4.647535689628057e-09], [-4.271686560031185e-09, 5.600633734559324e-09], [-2.9979898563681218e-09, 4.232572070606011e-09], [-3.649322177778913e-09, 5.058709451333243e-09], [-3.955687333245805e-09, 5.238605105262195e-09], [null, 5.93411719762571e-09], [null, 6.651220463282925e-09], [null, 3.469846854287084e-09], [null, 3.989174768292969e-09], [-4.746221193840938e-09, 6.233478622164057e-09], [-6.6187402225637015e-09, 7.826206349648146e-09], [null, 5.8000813041303445e-09], [null, 5.692526450218338e-09], [-4.5986263685904305e-09, 5.594548380116748e-09], [-6.611482472607122e-09, 7.573060401000475e-09], [null, 4.985408086355392e-09], [-2.5686279769843168e-09, 4.552442867122863e-09], [-3.272965010125972e-09, 4.883702331426321e-09], [-4.249632645780821e-09, 5.8482112486046844e-09], [-5.250562651326618e-09, 6.744767855337841e-09], [null, 5.587652118776987e-09], [-3.631312139873444e-09, 4.971234091044607e-09], [-5.95265969849379e-09, 7.523750511495564e-09], [-2.7406370506355415e-09, 4.030809463984042e-09], [-6.096950944112223e-09, 7.215291031315019e-09], [-5.698721050606537e-09, 7.3334351924359e-09], [-2.735701221112663e-09, 4.346727866533229e-09], [null, 6.749004022310601e-09]], "Extended_Source_Name": "                  ", "0FGL_Name": "                 ", "1FGL_Name": "1FGL J2300.4+3138 ", "2FGL_Name": "2FGL J2300.6+3139 ", "1FHL_Name": "                  ", "ASSOC_GAM1": "               ", "ASSOC_GAM2": "              ", "ASSOC_GAM3": "               ", "TEVCAT_FLAG": "N", "ASSOC_TEV": "                     ", "CLASS1": "bll  ", "ASSOC1": "NVSS J230022+313703       ", "ASSOC2": "                          ", "Flags": 0, "catalog_row_index": 2927}