{"Source_Name": "3FHL J2246.6-5207 ", "RAJ2000": 341.66082763671875, "DEJ2000": -52.12871170043945, "GLON": 337.40777587890625, "GLAT": -55.82122039794922, "Conf_95_SemiMajor": 0.03612155467271805, "Conf_95_SemiMinor": 0.03612155467271805, "Conf_95_PosAng": null, "ROI_num": 508, "Signif_Avg": 7.535507678985596, "Pivot_Energy": 34.6356201171875, "Flux_Density": 3.6075100697495477e-13, "Unc_Flux_Density": 1.0788139587387946e-13, "Flux": 4.116256641095717e-11, "Unc_Flux": 1.2378374367183476e-11, "Energy_Flux": 4.059917332877028e-12, "Unc_Energy_Flux": 1.9851915250557184e-12, "Signif_Curve": 1.350634217262268, "SpectrumType": "PowerLaw   ", "Spectral_Index": 1.4251281023025513, "Unc_Spectral_Index": 0.4439236521720886, "beta": 0.38051074743270874, "Unc_beta": 0.34059393405914307, "PowerLaw_Index": 1.804895281791687, "Unc_PowerLaw_Index": 0.2762290835380554, "Flux_Band": [1.2986340301723853e-11, 1.5900987124228827e-11, 9.362773577270556e-12, 2.8490176797596467e-12, 2.3384923649042467e-24], "Unc_Flux_Band": [[-6.197784473138679e-12, 8.6489348669061e-12], [-6.793370987273617e-12, 8.499262058037083e-12], [-4.439387225885216e-12, 6.4784445169552285e-12], [-2.2227419557707684e-12, 4.261117066833853e-12], [null, 5.371631958683842e-12]], "nuFnu": [4.193248938182126e-13, 8.606588206873378e-13, 1.1468935610242648e-12, 1.0009302414681898e-12, 2.5749027369310846e-24], "Sqrt_TS_Band": [3.719122886657715, 4.668705463409424, 5.48612117767334, 1.6427907943725586, 0.0], "Npred": 13.105940818786621, "HEP_Energy": 183.28599548339844, "HEP_Prob": 0.9182144403457642, "Variability_BayesBlocks": 1, "Extended_Source_Name": "                  ", "ASSOC_GAM": "3FGL J2246.7-5205 ", "TEVCAT_FLAG": "N", "ASSOC_TEV": "                     ", "CLASS": "bcu    ", "ASSOC1": "RBS 1895                  ", "ASSOC2": "                          ", "ASSOC_PROB_BAY": 0.9996865391731262, "ASSOC_PROB_LR": 0.9761491417884827, "Redshift": 0.09791000187397003, "NuPeak_obs": 1.0, "source_id": 1482}