{"Source_Name": "3FGL J0359.3-2612 ", "RAJ2000": 59.837100982666016, "DEJ2000": -26.20319938659668, "GLON": 222.77784729003906, "GLAT": -48.259002685546875, "Conf_68_SemiMajor": 0.06105600297451019, "Conf_68_SemiMinor": 0.05581381916999817, "Conf_68_PosAng": -31.219999313354492, "Conf_95_SemiMajor": 0.0989999994635582, "Conf_95_SemiMinor": 0.09049999713897705, "Conf_95_PosAng": -31.219999313354492, "ROI_num": 467, "Signif_Avg": 4.242966651916504, "Pivot_Energy": 2141.202880859375, "Flux_Density": 5.67562117366905e-14, "Unc_Flux_Density": 1.5340020784659555e-14, "Flux1000": 2.5166119188568814e-10, "Unc_Flux1000": 6.805132846121609e-11, "Energy_Flux100": 2.8735804968177403e-12, "Unc_Energy_Flux100": 7.983139973730125e-13, "Signif_Curve": 1.361283779144287, "SpectrumType": "PowerLaw        ", "Spectral_Index": 2.193460464477539, "Unc_Spectral_Index": 0.1798337697982788, "beta": null, "Unc_beta": null, "Cutoff": null, "Unc_Cutoff": null, "Exp_Index": null, "Unc_Exp_Index": null, "PowerLaw_Index": 2.193460464477539, "Flux30_100": null, "Unc_Flux30_100": null, "nuFnu30_100": null, "Sqrt_TS30_100": null, "Flux100_300": 7.502426235816984e-09, "Unc_Flux100_300": [-2.7862288032309834e-09, 2.8777260574486263e-09], "nuFnu100_300": 1.768954991168692e-12, "Sqrt_TS100_300": 1.5054553747177124, "Flux300_1000": 9.916811816168547e-10, "Unc_Flux300_1000": [-5.109756506804786e-10, 5.352780996226159e-10], "nuFnu300_1000": 6.656003873062311e-13, "Sqrt_TS300_1000": 1.9889801740646362, "Flux1000_3000": 1.094368554110936e-10, "Unc_Flux1000_3000": [-7.35309244048743e-11, 8.32401994554921e-11], "nuFnu1000_3000": 2.580350484063937e-13, "Sqrt_TS1000_3000": 1.5408825874328613, "Flux3000_10000": 5.824975224388851e-11, "Unc_Flux3000_10000": [-2.3583603819821164e-11, 2.964169881769507e-11], "nuFnu3000_10000": 3.9096295103256684e-13, "Sqrt_TS3000_10000": 3.572446823120117, "Flux10000_100000": 1.0428902533221596e-11, "Unc_Flux10000_100000": [-7.65486458942366e-12, 1.3794350210705186e-11], "nuFnu10000_100000": 1.71903750999583e-13, "Sqrt_TS10000_100000": 1.9074621200561523, "Variability_Index": 39.195655822753906, "Signif_Peak": null, "Flux_Peak": null, "Unc_Flux_Peak": null, "Time_Peak": null, "Peak_Interval": null, "Flux_History": [6.0254112810298466e-09, 1.6011446390962192e-08, 0.0, 9.514786292186272e-09, 0.0, 9.350644702976751e-09, 0.0, 0.0, 7.951730829347525e-09, 1.1417433221083684e-08, 0.0, 1.649947201087798e-08, 0.0, 0.0, 0.0, 0.0, 0.0, 0.0, 2.55032861495863e-09, 5.516683110329268e-09, 4.964179733946139e-09, 0.0, 0.0, 1.2561673479183355e-08, 0.0, 0.0, 3.6620240173590446e-09, 3.327952358134212e-09, 1.4137011561388135e-08, 0.0, 1.5314244095065987e-08, 3.506712697998182e-09, 0.0, 2.224791373350854e-08, 0.0, 0.0, 1.280515071755417e-08, 0.0, 6.05901862016367e-09, 1.104546676344853e-08, 4.5790340408302654e-09, 3.275273163794168e-09, 0.0, 8.829196040949228e-09, 7.975013538441544e-09, 1.6435546257298483e-09, 0.0, 0.0], "Unc_Flux_History": [[null, 1.3251362673827316e-08], [-9.609479434402601e-09, 9.742195494766293e-09], [null, 9.102647524628082e-09], [-5.375243805616492e-09, 7.078752695122148e-09], [null, 8.391228156767738e-09], [-7.378113231482075e-09, 9.512649334908474e-09], [null, 5.324233054437855e-09], [null, 1.0437381625649778e-08], [null, 1.1607520278289485e-08], [-7.237544341620605e-09, 8.720466126987958e-09], [null, 5.100722955120318e-09], [-7.970518467459442e-09, 9.887336283043169e-09], [null, 7.837911653041374e-09], [null, 1.0122576554749685e-08], [null, 7.601347107311085e-09], [null, 8.79859474167688e-09], [null, 1.4771259770895995e-08], [null, 7.2367529746486525e-09], [null, 1.1799593302441735e-08], [null, 8.81088357829185e-09], [null, 1.3260278208804266e-08], [null, 8.770479453801272e-09], [null, 7.281884428778085e-09], [-7.491323117392312e-09, 9.587305171976368e-09], [null, 8.359192449347574e-09], [null, 9.386790900123287e-09], [null, 9.111499110758814e-09], [null, 1.0166331776417792e-08], [-7.73653852093048e-09, 9.503263065369083e-09], [null, 7.635835075348041e-09], [-7.798757195587314e-09, 9.417006729961486e-09], [-2.821375355566147e-09, 5.103226285996243e-09], [null, 1.4147429894251218e-08], [-1.0845302433892812e-08, 1.0485194046339075e-08], [null, 9.285719748675092e-09], [null, 9.185284532975402e-09], [-7.534134205400278e-09, 1.0271429040642488e-08], [null, 8.08138356234167e-09], [-4.988095714253404e-09, 6.589951695445961e-09], [-8.704254206293172e-09, 1.1789281550989017e-08], [null, 9.646755394498996e-09], [null, 1.2264020909924511e-08], [null, 1.4142412574358332e-08], [-5.57452084493093e-09, 7.333660345665294e-09], [null, 1.033344432244121e-08], [null, 9.089197838818563e-09], [null, 1.0683866236149697e-08], [null, 5.3963806756485155e-09]], "Extended_Source_Name": "                  ", "0FGL_Name": "                 ", "1FGL_Name": "                  ", "2FGL_Name": "                  ", "1FHL_Name": "                  ", "ASSOC_GAM1": "               ", "ASSOC_GAM2": "              ", "ASSOC_GAM3": "               ", "TEVCAT_FLAG": "N", "ASSOC_TEV": "                     ", "CLASS1": "bll  ", "ASSOC1": "PKS 0357-264              ", "ASSOC2": "                          ", "Flags": 0, "catalog_row_index": 456}