{"Source_Name": "3FHL J0725.5-0504 ", "RAJ2000": 111.39287567138672, "DEJ2000": -5.073362827301025, "GLON": 221.3682861328125, "GLAT": 5.233855724334717, "Conf_95_SemiMajor": 0.04139265790581703, "Conf_95_SemiMinor": 0.04139265790581703, "Conf_95_PosAng": null, "ROI_num": 22, "Signif_Avg": 4.139429092407227, "Pivot_Energy": 35.90483474731445, "Flux_Density": 1.646909334167973e-13, "Unc_Flux_Density": 7.942226791599755e-14, "Flux": 2.0110441090182007e-11, "Unc_Flux": 9.812224817384863e-12, "Energy_Flux": 1.9308027399134176e-12, "Unc_Energy_Flux": 1.4667327682266196e-12, "Signif_Curve": 0.5818033218383789, "SpectrumType": "PowerLaw   ", "Spectral_Index": 1.5771085023880005, "Unc_Spectral_Index": 0.6304291486740112, "beta": 0.2254619598388672, "Unc_beta": 0.4260757267475128, "PowerLaw_Index": 1.8227295875549316, "Unc_PowerLaw_Index": 0.43993717432022095, "Flux_Band": [7.58176247478426e-12, 8.855477115488064e-12, 4.96785564718476e-16, 3.6341457187311077e-12, 1.402536427371943e-19], "Unc_Flux_Band": [[-5.378268577022061e-12, 8.578176363682743e-12], [-4.94276754942069e-12, 7.420726359785856e-12], [null, 5.710643763423562e-12], [-2.5456795959416523e-12, 4.959914423618983e-12], [null, 6.327441175180137e-12]], "nuFnu": [2.4463875478338004e-13, 4.787193319706617e-13, 6.074587440229351e-17, 1.274052369680534e-12, 1.5399953628614445e-19], "Sqrt_TS_Band": [1.682816743850708, 4.06699275970459, 0.0, 2.977396011352539, 0.0], "Npred": 5.496274471282959, "HEP_Energy": 161.81100463867188, "HEP_Prob": 0.9907422661781311, "Variability_BayesBlocks": 1, "Extended_Source_Name": "                  ", "ASSOC_GAM": "                  ", "TEVCAT_FLAG": "N", "ASSOC_TEV": "                     ", "CLASS": "bcu    ", "ASSOC1": "1RXS J072528.8-050329     ", "ASSOC2": "                          ", "ASSOC_PROB_BAY": 0.0, "ASSOC_PROB_LR": 0.9171340465545654, "Redshift": null, "NuPeak_obs": null, "source_id": 454}