{"Source_Name": "3FGL J1251.0-4943 ", "RAJ2000": 192.77349853515625, "DEJ2000": -49.73139953613281, "GLON": 302.8753662109375, "GLAT": 13.140262603759766, "Conf_68_SemiMajor": 0.05902080237865448, "Conf_68_SemiMinor": 0.043355926871299744, "Conf_68_PosAng": 28.09000015258789, "Conf_95_SemiMajor": 0.09570000320672989, "Conf_95_SemiMinor": 0.07029999792575836, "Conf_95_PosAng": 28.09000015258789, "ROI_num": 478, "Signif_Avg": 6.756260395050049, "Pivot_Energy": 2773.86572265625, "Flux_Density": 7.078074292041908e-14, "Unc_Flux_Density": 1.2729764243852183e-14, "Flux1000": 5.405454417406474e-10, "Unc_Flux1000": 9.743514328697245e-11, "Energy_Flux100": 6.013871692300832e-12, "Unc_Energy_Flux100": 1.0816219881554234e-12, "Signif_Curve": 1.7134943008422852, "SpectrumType": "PowerLaw        ", "Spectral_Index": 2.0301764011383057, "Unc_Spectral_Index": 0.13986903429031372, "beta": null, "Unc_beta": null, "Cutoff": null, "Unc_Cutoff": null, "Exp_Index": null, "Unc_Exp_Index": null, "PowerLaw_Index": 2.0301764011383057, "Flux30_100": null, "Unc_Flux30_100": null, "nuFnu30_100": null, "Sqrt_TS30_100": null, "Flux100_300": 1.3115621089188068e-10, "Unc_Flux100_300": [null, 4.70868899427046e-09], "nuFnu100_300": 3.142293350977439e-14, "Sqrt_TS100_300": 0.0, "Flux300_1000": 7.268453616759984e-10, "Unc_Flux300_1000": [-5.75300973526538e-10, 5.900580579698556e-10], "nuFnu300_1000": 4.972532260082152e-13, "Sqrt_TS300_1000": 1.2727489471435547, "Flux1000_3000": 3.5560232536369085e-10, "Unc_Flux1000_3000": [-1.0933501326526596e-10, 1.1836727431546734e-10], "nuFnu1000_3000": 8.519663923997611e-13, "Sqrt_TS1000_3000": 3.734254837036133, "Flux3000_10000": 1.9387906557977175e-10, "Unc_Flux3000_10000": [-4.4743955068815566e-11, 5.05151129259751e-11], "nuFnu3000_10000": 1.3263755328438154e-12, "Sqrt_TS3000_10000": 6.51025390625, "Flux10000_100000": 2.1423167059775317e-11, "Unc_Flux10000_100000": [-1.3376605378923045e-11, 1.906903975001928e-11], "nuFnu10000_100000": 3.7667481980752093e-13, "Sqrt_TS10000_100000": 2.013075590133667, "Variability_Index": 36.25996017456055, "Signif_Peak": null, "Flux_Peak": null, "Unc_Flux_Peak": null, "Time_Peak": null, "Peak_Interval": null, "Flux_History": [1.710925623399362e-08, 1.1680825195981015e-08, 2.7512996325640415e-09, 5.460586205430218e-09, 7.613137897877209e-10, 1.1940242572450188e-08, 1.0214958656717954e-08, 0.0, 1.1651848375038298e-08, 0.0, 4.72379380056509e-09, 0.0, 6.2617568907796795e-09, 0.0, 6.987143752468228e-09, 0.0, 0.0, 4.312179058274523e-09, 9.924892019341769e-09, 0.0, 5.952552228905006e-09, 1.2788884617975782e-08, 1.0479755729875251e-08, 0.0, 0.0, 1.3447337687821914e-09, 0.0, 4.585698931691695e-09, 1.4345397758575018e-08, 3.3382256958702783e-09, 8.366348502875098e-09, 3.68275565598708e-09, 8.781228189036483e-09, 1.4448858998150627e-08, 7.1066992290980124e-09, 9.22100884537258e-09, 9.69075752976778e-09, 0.0, 0.0, 0.0, 4.228921213211834e-09, 1.9058418843087566e-08, 2.7817688152964593e-09, 0.0, 8.095390136020342e-09, 8.46736991633179e-09, 2.9453732786066666e-09, 0.0], "Unc_Flux_History": [[-8.767244707996724e-09, 1.0806878059099745e-08], [-6.457426149353296e-09, 7.596011819543946e-09], [null, 1.0408979456144607e-08], [null, 1.0288577989570058e-08], [null, 1.0282018791940573e-08], [-7.676369762066315e-09, 1.0658661508955447e-08], [-6.0677836088984805e-09, 8.12374167935559e-09], [null, 7.822377412480819e-09], [-8.909629478637271e-09, 1.0208673906220156e-08], [null, 1.0886246570862568e-08], [null, 9.846723436623961e-09], [null, 8.909266213663614e-09], [null, 1.187383436018763e-08], [null, 6.217837800193138e-09], [null, 1.1382676134985559e-08], [null, 5.879258413443722e-09], [null, 9.983762261356333e-09], [null, 1.007235894689984e-08], [-6.582056233384037e-09, 8.58113580193276e-09], [null, 9.823688529309038e-09], [-5.8477791498035e-09, 7.60607132832547e-09], [-7.747117614087529e-09, 1.0429309860171543e-08], [-5.716167539304706e-09, 7.614270991496142e-09], [null, 1.1866919003011844e-08], [null, 8.119203975809342e-09], [null, 8.02635646834915e-09], [null, 8.181681110386307e-09], [null, 7.831300052885126e-09], [-6.5975926943906416e-09, 8.105990545459463e-09], [null, 7.46198036694068e-09], [-5.363689936643823e-09, 7.727882334052083e-09], [null, 8.51926351685961e-09], [-5.375848211031098e-09, 7.7780670793004e-09], [-8.18605450092491e-09, 1.0967409203033185e-08], [-6.016724896085179e-09, 7.820439407169033e-09], [-7.394691525774988e-09, 1.0469995537221166e-08], [-5.015078130554684e-09, 6.785824790966899e-09], [null, 8.271223705946795e-09], [null, 6.847475475524334e-09], [null, 9.545052748194394e-09], [null, 8.756224190165085e-09], [-8.043214094755058e-09, 9.477143514402542e-09], [null, 1.0658848026423584e-08], [null, 7.546638869371236e-09], [null, 9.622030283651384e-09], [-7.275137825502043e-09, 9.817600066241994e-09], [null, 7.63924301594443e-09], [null, 6.631081017616225e-09]], "Extended_Source_Name": "                  ", "0FGL_Name": "                 ", "1FGL_Name": "1FGL J1250.9-4940 ", "2FGL_Name": "                  ", "1FHL_Name": "                  ", "ASSOC_GAM1": "               ", "ASSOC_GAM2": "              ", "ASSOC_GAM3": "               ", "TEVCAT_FLAG": "N", "ASSOC_TEV": "                     ", "CLASS1": "     ", "ASSOC1": "                          ", "ASSOC2": "                          ", "Flags": 0, "source_id": 1537}