{"Source_Name": "3FGL J2108.6-0250 ", "RAJ2000": 317.1726989746094, "DEJ2000": -2.8420000076293945, "GLON": 47.38392639160156, "GLAT": -31.58049964904785, "Conf_68_SemiMajor": 0.04014894738793373, "Conf_68_SemiMinor": 0.03903883695602417, "Conf_68_PosAng": -5.010000228881836, "Conf_95_SemiMajor": 0.06509999930858612, "Conf_95_SemiMinor": 0.0632999986410141, "Conf_95_PosAng": -5.010000228881836, "ROI_num": 766, "Signif_Avg": 5.050154685974121, "Pivot_Energy": 3611.38916015625, "Flux_Density": 1.9166400644322554e-14, "Unc_Flux_Density": 5.391789072780196e-15, "Flux1000": 2.428541534538198e-10, "Unc_Flux1000": 6.942776908935855e-11, "Energy_Flux100": 2.7646136248338227e-12, "Unc_Energy_Flux100": 7.798366444787541e-13, "Signif_Curve": 1.650429129600525, "SpectrumType": "PowerLaw        ", "Spectral_Index": 1.9378606081008911, "Unc_Spectral_Index": 0.18270349502563477, "beta": null, "Unc_beta": null, "Cutoff": null, "Unc_Cutoff": null, "Exp_Index": null, "Unc_Exp_Index": null, "PowerLaw_Index": 1.9378606081008911, "Flux30_100": null, "Unc_Flux30_100": null, "nuFnu30_100": null, "Sqrt_TS30_100": null, "Flux100_300": 6.359385240628512e-12, "Unc_Flux100_300": [null, 1.6949638359520236e-09], "nuFnu100_300": 1.5375559110752794e-15, "Sqrt_TS100_300": 0.0, "Flux300_1000": 3.443736407149345e-10, "Unc_Flux300_1000": [null, 3.989101549084495e-10], "nuFnu300_1000": 2.3817785851226736e-13, "Sqrt_TS300_1000": 0.835301399230957, "Flux1000_3000": 1.9334268908099972e-10, "Unc_Flux1000_3000": [-8.776714771618899e-11, 9.841225057094505e-11], "nuFnu1000_3000": 4.674590250476618e-13, "Sqrt_TS1000_3000": 2.391309976577759, "Flux3000_10000": 7.22202991854104e-11, "Unc_Flux3000_10000": [-2.752757743973433e-11, 3.4194931608499957e-11], "nuFnu3000_10000": 4.994945429492859e-13, "Sqrt_TS3000_10000": 3.9975473880767822, "Flux10000_100000": 2.4804987924786914e-11, "Unc_Flux10000_100000": [-1.2169053958954734e-11, 1.730250491494001e-11], "nuFnu10000_100000": 4.5290507455497675e-13, "Sqrt_TS10000_100000": 3.9570791721343994, "Variability_Index": 40.60227584838867, "Signif_Peak": null, "Flux_Peak": null, "Unc_Flux_Peak": null, "Time_Peak": null, "Peak_Interval": null, "Flux_History": [1.7004714081281236e-08, 1.2000284099755731e-10, 3.1445537285179626e-09, 3.609655241376686e-09, 3.035592888167571e-09, 0.0, 0.0, 1.589188114436979e-09, 5.3018451851016835e-09, 0.0, 1.2144323768836784e-08, 0.0, 0.0, 0.0, 3.151616301266813e-09, 0.0, 2.4446582536086225e-09, 0.0, 4.2229237884328086e-09, 0.0, 3.538700665828287e-09, 5.945038239474343e-09, 0.0, 1.0857073018399888e-09, 4.492790584009754e-09, 3.2189173548857752e-09, 0.0, 1.4588414920524428e-08, 5.246809098302663e-10, 0.0, 2.4450959035249298e-09, 1.1523590082163082e-08, 2.428728107517486e-09, 0.0, 7.412183311572562e-09, 0.0, 0.0, 0.0, 0.0, 2.514968011624319e-09, 2.50878962049228e-09, 3.745864063375848e-09, 2.0208261730658705e-09, 8.089811487366205e-09, 0.0, 0.0, 3.945897386614661e-09, 2.053280434566318e-09], "Unc_Flux_History": [[-6.250601813917456e-09, 7.513322408669865e-09], [null, 6.529873086691396e-09], [null, 6.179869505018587e-09], [-2.433585555294826e-09, 4.639858719457379e-09], [null, 6.372683714062077e-09], [null, 3.837321127519999e-09], [null, 8.722063959964999e-09], [null, 6.772182814529515e-09], [-4.581751422705338e-09, 6.5445493468985205e-09], [null, 5.020436955049945e-09], [-5.461323393518569e-09, 6.8960388510674875e-09], [null, 4.317532553699266e-09], [null, 4.110111806454597e-09], [null, 5.8343823106099535e-09], [null, 6.281438480471024e-09], [null, 7.274991720152002e-09], [-1.939256533134426e-09, 3.659677227929592e-09], [null, 5.448324014167838e-09], [null, 8.750246749400503e-09], [null, 5.346138198802919e-09], [null, 7.307396021616341e-09], [-4.4732550996684495e-09, 6.127829355051517e-09], [null, 8.452328614794169e-09], [null, 8.142599483562662e-09], [-4.1445096243819535e-09, 6.620140879931569e-09], [null, 9.98288296472083e-09], [null, 4.564461253409036e-09], [-7.969449100642123e-09, 1.0083510915137595e-08], [null, 6.581345690648277e-09], [null, 8.02146615797028e-09], [null, 8.391453754086342e-09], [-5.888840526324657e-09, 7.709107130438042e-09], [null, 6.411898567648677e-09], [null, 6.446537970106192e-09], [-5.586436646609627e-09, 7.769100918153526e-09], [null, 5.188582008486264e-09], [null, 6.4674678945664255e-09], [null, 5.643438161229142e-09], [null, 5.4666622339993864e-09], [null, 8.452059496733e-09], [null, 7.82447617808657e-09], [null, 9.40787092673645e-09], [null, 7.486245401366887e-09], [-6.482581138556043e-09, 8.404596130162645e-09], [null, 4.432594735703788e-09], [null, 9.330283212705126e-09], [-2.8320721323638054e-09, 4.866772318479207e-09], [null, 7.82495046536269e-09]], "Extended_Source_Name": "                  ", "0FGL_Name": "                 ", "1FGL_Name": "1FGL J2108.5-0249 ", "2FGL_Name": "2FGL J2108.7-0246 ", "1FHL_Name": "                  ", "ASSOC_GAM1": "               ", "ASSOC_GAM2": "              ", "ASSOC_GAM3": "               ", "TEVCAT_FLAG": "N", "ASSOC_TEV": "                     ", "CLASS1": "bll  ", "ASSOC1": "TXS 2106-030              ", "ASSOC2": "                          ", "Flags": 0, "source_id": 2732}