{"Source_Name": "3FGL J1356.3-4029 ", "RAJ2000": 209.08059692382812, "DEJ2000": -40.488399505615234, "GLON": 316.0617370605469, "GLAT": 20.72324562072754, "Conf_68_SemiMajor": 0.06352291256189346, "Conf_68_SemiMinor": 0.04150574654340744, "Conf_68_PosAng": 55.5, "Conf_95_SemiMajor": 0.10300000011920929, "Conf_95_SemiMinor": 0.06729999929666519, "Conf_95_PosAng": 55.5, "ROI_num": 401, "Signif_Avg": 5.67651891708374, "Pivot_Energy": 2776.01513671875, "Flux_Density": 5.0591468677124024e-14, "Unc_Flux_Density": 1.1124120965740406e-14, "Flux1000": 3.8816083680615066e-10, "Unc_Flux1000": 8.5695214813164e-11, "Energy_Flux100": 4.3116183366664895e-12, "Unc_Energy_Flux100": 9.517608055842341e-13, "Signif_Curve": 0.5738202929496765, "SpectrumType": "PowerLaw        ", "Spectral_Index": 2.060211658477783, "Unc_Spectral_Index": 0.17970724403858185, "beta": null, "Unc_beta": null, "Cutoff": null, "Unc_Cutoff": null, "Exp_Index": null, "Unc_Exp_Index": null, "PowerLaw_Index": 2.060211658477783, "Flux30_100": null, "Unc_Flux30_100": null, "nuFnu30_100": null, "Sqrt_TS30_100": null, "Flux100_300": 7.342947139221678e-09, "Unc_Flux100_300": [-3.277411453339596e-09, 3.277411453339596e-09], "nuFnu100_300": 1.754063257489169e-12, "Sqrt_TS100_300": 2.27854061126709, "Flux300_1000": 9.119103250299077e-10, "Unc_Flux300_1000": [-4.866603231512556e-10, 5.100865840823587e-10], "nuFnu300_1000": 6.216610342821283e-13, "Sqrt_TS300_1000": 1.9095065593719482, "Flux1000_3000": 2.394405229644292e-10, "Unc_Flux1000_3000": [-9.956369756425332e-11, 1.053888365465383e-10], "nuFnu1000_3000": 5.719690129510346e-13, "Sqrt_TS1000_3000": 2.6427619457244873, "Flux3000_10000": 3.422193431412701e-11, "Unc_Flux3000_10000": [-2.3292470383018404e-11, 3.090792205506787e-11], "nuFnu3000_10000": 2.332953437638591e-13, "Sqrt_TS3000_10000": 1.6333929300308228, "Flux10000_100000": 6.581576256214916e-11, "Unc_Flux10000_100000": [-2.2626079829168866e-11, 2.8000494284308175e-11], "nuFnu10000_100000": 1.1432992139820408e-12, "Sqrt_TS10000_100000": 5.263757228851318, "Variability_Index": 44.41373062133789, "Signif_Peak": null, "Flux_Peak": null, "Unc_Flux_Peak": null, "Time_Peak": null, "Peak_Interval": null, "Flux_History": [0.0, 1.3433308687638146e-08, 0.0, 0.0, 0.0, 6.314631040282848e-09, 5.020249993492598e-09, 8.760168590526973e-09, 3.250020030876044e-09, 1.810980587713118e-09, 9.80816139417584e-09, 3.733953590767669e-09, 0.0, 1.1999636839732375e-08, 1.419466233443245e-08, 6.5630696433061075e-09, 5.673201020073293e-09, 5.209389808413789e-09, 3.4615326161002713e-09, 8.248180471959188e-10, 0.0, 0.0, 0.0, 2.3489874489968088e-09, 0.0, 2.394205012024031e-08, 0.0, 5.005977854466437e-09, 0.0, 0.0, 1.926087556114453e-08, 1.4209345922111538e-09, 0.0, 1.0357930513293923e-08, 4.4590677816813695e-09, 7.840244009571506e-09, 5.1124744437913705e-09, 0.0, 1.924126635799439e-08, 1.420974005128528e-08, 3.252632829742197e-09, 0.0, 0.0, 5.495793153897921e-09, 1.3659227526829909e-08, 0.0, 0.0, 1.5736256742115984e-08], "Unc_Flux_History": [[null, 9.162209657631593e-09], [-7.382135791544897e-09, 9.143135137890113e-09], [null, 5.729282825939208e-09], [null, 1.0024600705094144e-08], [null, 6.695755505603529e-09], [null, 1.1393124665914911e-08], [null, 8.765326242610172e-09], [-7.997791762193174e-09, 1.0371632441774636e-08], [null, 1.1692565138332611e-08], [null, 9.24295573412337e-09], [-7.007855629126425e-09, 9.527711952728168e-09], [null, 7.597873441511638e-09], [null, 7.791327583106522e-09], [-7.205473995242073e-09, 8.947321106234085e-09], [-8.98717189556919e-09, 1.1120762088978609e-08], [-5.518992374220488e-09, 7.863356188408943e-09], [-4.693059718618997e-09, 7.045450445275492e-09], [-4.236619943753794e-09, 7.1747114915865495e-09], [-2.5172732787126506e-09, 4.620803739641133e-09], [null, 1.3154217270994195e-08], [null, 5.268643743505663e-09], [null, 9.976433013036967e-09], [null, 7.211759189829081e-09], [null, 9.33610877495994e-09], [null, 1.016411665943906e-08], [-9.997912719938995e-09, 1.066087573775576e-08], [null, 8.30245916461081e-09], [null, 8.158695941062888e-09], [null, 7.529789236571105e-09], [null, 5.161538307874025e-09], [-8.577666577025411e-09, 1.0443462983289464e-08], [null, 1.046539477300712e-08], [null, 1.0400003525035117e-08], [-6.513791728224305e-09, 9.432532088737844e-09], [null, 7.841221005833177e-09], [-6.824937948124443e-09, 9.330624273218291e-09], [null, 9.103945153299264e-09], [null, 7.863135920160857e-09], [-9.44211020481589e-09, 1.0819462659128476e-08], [-7.03295643944557e-09, 8.154558805983925e-09], [null, 1.326660203915253e-08], [null, 6.351767556367349e-09], [null, 8.178371757594505e-09], [-4.769730832521191e-09, 7.094926868234097e-09], [-7.890633035856354e-09, 1.001335814265758e-08], [null, 7.89242005083679e-09], [null, 6.179751377288767e-09], [-1.1431472657363884e-08, 1.4404053061412014e-08]], "Extended_Source_Name": "                  ", "0FGL_Name": "                 ", "1FGL_Name": "                  ", "2FGL_Name": "                  ", "1FHL_Name": "                  ", "ASSOC_GAM1": "               ", "ASSOC_GAM2": "              ", "ASSOC_GAM3": "               ", "TEVCAT_FLAG": "N", "ASSOC_TEV": "                     ", "CLASS1": "bcu  ", "ASSOC1": "SUMSS J135625-402820      ", "ASSOC2": "                          ", "Flags": 0, "source_id": 1694}