{"Source_Name": "3FGL J1345.9-3357 ", "RAJ2000": 206.49749755859375, "DEJ2000": -33.964298248291016, "GLON": 315.6754455566406, "GLAT": 27.553874969482422, "Conf_68_SemiMajor": 0.09953978657722473, "Conf_68_SemiMinor": 0.08270313590765, "Conf_68_PosAng": -65.11000061035156, "Conf_95_SemiMajor": 0.16140000522136688, "Conf_95_SemiMinor": 0.13410000503063202, "Conf_95_PosAng": -65.11000061035156, "ROI_num": 401, "Signif_Avg": 6.510647296905518, "Pivot_Energy": 777.3212890625, "Flux_Density": 1.1285985167253099e-12, "Unc_Flux_Density": 1.7946211736726697e-13, "Flux1000": 4.133044462228952e-10, "Unc_Flux1000": 8.374874405081556e-11, "Energy_Flux100": 5.852648660847892e-12, "Unc_Energy_Flux100": 9.430026204348962e-13, "Signif_Curve": 0.5164645910263062, "SpectrumType": "PowerLaw        ", "Spectral_Index": 2.466040849685669, "Unc_Spectral_Index": 0.1353868544101715, "beta": null, "Unc_beta": null, "Cutoff": null, "Unc_Cutoff": null, "Exp_Index": null, "Unc_Exp_Index": null, "PowerLaw_Index": 2.466040849685669, "Flux30_100": null, "Unc_Flux30_100": null, "nuFnu30_100": null, "Sqrt_TS30_100": null, "Flux100_300": 1.2160168871844235e-08, "Unc_Flux100_300": [-3.236271028939086e-09, 3.2030385010983764e-09], "nuFnu100_300": 2.793036852147268e-12, "Sqrt_TS100_300": 3.881237030029297, "Flux300_1000": 1.8719767957975364e-09, "Unc_Flux300_1000": [-5.128663604914152e-10, 5.318711027157974e-10], "nuFnu300_1000": 1.2178605563253897e-12, "Sqrt_TS300_1000": 3.837279796600342, "Flux1000_3000": 2.4774995943666056e-10, "Unc_Flux1000_3000": [-9.665973577099862e-11, 1.0581092946271298e-10], "nuFnu1000_3000": 5.69050286492595e-13, "Sqrt_TS1000_3000": 2.8162150382995605, "Flux3000_10000": 8.854330463270443e-11, "Unc_Flux3000_10000": [-3.383286706348798e-11, 4.056701502497262e-11], "nuFnu3000_10000": 5.760401921087177e-13, "Sqrt_TS3000_10000": 3.3474388122558594, "Flux10000_100000": 1.619203729430474e-11, "Unc_Flux10000_100000": [-1.041469775003856e-11, 1.6292668603146154e-11], "nuFnu10000_100000": 2.4143694313770447e-13, "Sqrt_TS10000_100000": 2.052597761154175, "Variability_Index": 57.1083984375, "Signif_Peak": null, "Flux_Peak": null, "Unc_Flux_Peak": null, "Time_Peak": null, "Peak_Interval": null, "Flux_History": [9.578108084440373e-09, 4.657552565845435e-09, 4.498022576626681e-08, 9.546970325402526e-09, 2.7262093027502488e-08, 4.496616057281244e-08, 0.0, 0.0, 1.8716278304964362e-08, 2.2100463681340443e-08, 2.608286386873715e-08, 3.007383497788396e-08, 1.5781479234533435e-08, 0.0, 0.0, 2.413228727959904e-08, 1.0976658693095942e-08, 0.0, 4.95872631844918e-09, 0.0, 8.316806798802645e-09, 0.0, 2.570913970600941e-08, 2.5677572068616428e-08, 1.2223384970866391e-08, 0.0, 9.150137536551028e-09, 0.0, 0.0, 0.0, 0.0, 1.6523364010367914e-08, 1.4344512244690577e-08, 1.0169020292494224e-08, 5.405137226688339e-09, 4.429323396948348e-08, 2.6163951005742092e-08, 7.635582832676846e-09, 1.8959827041697963e-09, 1.5641388628750974e-08, 1.697016749346858e-08, 0.0, 1.9618504154550465e-08, 1.624225531848822e-09, 0.0, 5.830822935593005e-09, 2.830773127016073e-08, 4.972627465349433e-08], "Unc_Flux_History": [[null, 1.4815207727281177e-08], [null, 1.2166625928955455e-08], [-1.5532943820062428e-08, 1.687657480431426e-08], [-7.943715019109732e-09, 1.1496512186681684e-08], [-1.2986642872192533e-08, 1.4417980587211332e-08], [-1.7836750743072116e-08, 1.9381323212996904e-08], [null, 1.3393019138163709e-08], [null, 1.4884528276581932e-08], [-1.07625846013093e-08, 1.278660999304293e-08], [-1.3220153860515893e-08, 1.51260692859978e-08], [-1.3332049242364974e-08, 1.5973556699577784e-08], [-1.1973363633899226e-08, 1.3738061355184072e-08], [-1.5144250298249062e-08, 1.6222376331143096e-08], [null, 1.0748378187486196e-08], [null, 1.5665502672845832e-08], [-1.505116387079397e-08, 1.5407307429882167e-08], [null, 1.3943901144841675e-08], [null, 1.4978091655848402e-08], [null, 1.1160957491540557e-08], [null, 1.6470462327333735e-08], [null, 1.1115736775479945e-08], [null, 1.1565142621350333e-08], [-1.2938946802876217e-08, 1.4387372182511626e-08], [-1.2574539631771131e-08, 1.4090311140080303e-08], [null, 1.5686048016050336e-08], [null, 1.0580661680137382e-08], [null, 1.87983300037331e-08], [null, 1.1614988970620743e-08], [null, 9.822859858843458e-09], [null, 8.847292676250618e-09], [null, 1.2297174833975077e-08], [-1.3016312472302616e-08, 1.6519635437362012e-08], [-1.3850426583417175e-08, 1.548655603755833e-08], [null, 2.0097424169307487e-08], [null, 1.3332820181233274e-08], [-2.007810806503585e-08, 2.198762949490174e-08], [-1.4218317190284324e-08, 1.5759868077225292e-08], [null, 1.2774980184815377e-08], [null, 1.8504877630221017e-08], [-1.303626095960908e-08, 1.4621664767844322e-08], [-1.6429348548285816e-08, 1.857435449892364e-08], [null, 1.2078873012910663e-08], [-1.3976062085419017e-08, 1.6238061562035e-08], [null, 1.4710008322538215e-08], [null, 1.52007704201651e-08], [null, 1.3307918322880141e-08], [-1.1921761355893068e-08, 1.3331214354650456e-08], [-1.9741001722195506e-08, 2.2614452532820906e-08]], "Extended_Source_Name": "                  ", "0FGL_Name": "                 ", "1FGL_Name": "                  ", "2FGL_Name": "2FGL J1345.8-3356 ", "1FHL_Name": "                  ", "ASSOC_GAM1": "               ", "ASSOC_GAM2": "              ", "ASSOC_GAM3": "               ", "TEVCAT_FLAG": "N", "ASSOC_TEV": "                     ", "CLASS1": "bcu  ", "ASSOC1": "NVSS J134543-335643       ", "ASSOC2": "                          ", "Flags": 0, "catalog_row_index": 1674}