{"Source_Name": "3FGL J0758.7+3747 ", "RAJ2000": 119.6791000366211, "DEJ2000": 37.789398193359375, "GLON": 182.6865997314453, "GLAT": 28.87679672241211, "Conf_68_SemiMajor": 0.06105600297451019, "Conf_68_SemiMinor": 0.05717061832547188, "Conf_68_PosAng": -45.77000045776367, "Conf_95_SemiMajor": 0.0989999994635582, "Conf_95_SemiMinor": 0.09269999712705612, "Conf_95_PosAng": -45.77000045776367, "ROI_num": 449, "Signif_Avg": 4.563575744628906, "Pivot_Energy": 1563.6640625, "Flux_Density": 1.1106846237000922e-13, "Unc_Flux_Density": 2.7639225475928168e-14, "Flux1000": 2.507604124346585e-10, "Unc_Flux1000": 6.447777728402215e-11, "Energy_Flux100": 2.824871413176222e-12, "Unc_Energy_Flux100": 7.044013809742733e-13, "Signif_Curve": 0.7391234636306763, "SpectrumType": "PowerLaw        ", "Spectral_Index": 2.155588388442993, "Unc_Spectral_Index": 0.16418494284152985, "beta": null, "Unc_beta": null, "Cutoff": null, "Unc_Cutoff": null, "Exp_Index": null, "Unc_Exp_Index": null, "PowerLaw_Index": 2.155588388442993, "Flux30_100": null, "Unc_Flux30_100": null, "nuFnu30_100": null, "Sqrt_TS30_100": null, "Flux100_300": 1.3952779209791544e-10, "Unc_Flux100_300": [null, 2.1194554999937054e-09], "nuFnu100_300": 3.302012594017141e-14, "Sqrt_TS100_300": 0.0, "Flux300_1000": 8.537599516245109e-10, "Unc_Flux300_1000": [-3.91791765697036e-10, 4.0840694714994186e-10], "nuFnu300_1000": 5.75559836336198e-13, "Sqrt_TS300_1000": 2.1943228244781494, "Flux1000_3000": 2.578671998154647e-10, "Unc_Flux1000_3000": [-8.183205502110269e-11, 8.963726289001883e-11], "nuFnu1000_3000": 6.102588595048586e-13, "Sqrt_TS1000_3000": 3.6547393798828125, "Flux3000_10000": 5.681071238439195e-11, "Unc_Flux3000_10000": [-2.4829421504946048e-11, 3.110774832171259e-11], "nuFnu3000_10000": 3.829878309023066e-13, "Sqrt_TS3000_10000": 3.1910016536712646, "Flux10000_100000": 1.480463147907063e-11, "Unc_Flux10000_100000": [-8.730572688409044e-12, 1.3930240641557567e-11], "nuFnu10000_100000": 2.4764459688637885e-13, "Sqrt_TS10000_100000": 2.805762529373169, "Variability_Index": 48.57130432128906, "Signif_Peak": null, "Flux_Peak": null, "Unc_Flux_Peak": null, "Time_Peak": null, "Peak_Interval": null, "Flux_History": [1.818386152763196e-08, 3.970922257678922e-09, 1.1130951271809408e-08, 0.0, 0.0, 8.954138763783703e-09, 0.0, 0.0, 0.0, 7.336112606282086e-09, 5.575642170185802e-09, 0.0, 0.0, 0.0, 0.0, 0.0, 0.0, 1.8714843008638127e-08, 9.08550745748471e-09, 0.0, 0.0, 5.185718521261151e-09, 8.095384806949824e-09, 3.6057206109774143e-09, 7.136576662958305e-09, 1.2966373752476557e-08, 3.903178669162344e-09, 2.653646635764062e-09, 0.0, 1.848218644795452e-08, 0.0, 2.750081495861423e-09, 7.539954438584573e-09, 6.3157656882140145e-09, 2.3185409148140934e-08, 2.0107759013399118e-08, 0.0, 4.837349631969801e-09, 0.0, 0.0, 0.0, 1.3440155655075614e-08, 4.2249664877758164e-10, 0.0, 0.0, 0.0, 8.211044066896989e-10, 7.410542846031376e-09], "Unc_Flux_History": [[-9.045161952769831e-09, 1.0727257304665727e-08], [null, 8.125319084228977e-09], [-5.975825612125618e-09, 7.611681951402716e-09], [null, 4.623545102333537e-09], [null, 5.497258204201216e-09], [-8.052912114919764e-09, 9.54313605916468e-09], [null, 5.03899322268353e-09], [null, 7.827605230659174e-09], [null, 8.200593981655402e-09], [-4.820304155828126e-09, 7.243087463137954e-09], [-3.914072621569176e-09, 6.024415188932153e-09], [null, 7.828486303651516e-09], [null, 7.015440228741454e-09], [null, 9.446577742266982e-09], [null, 7.243576849447209e-09], [null, 9.358888775068408e-09], [null, 7.879737751181892e-09], [-1.0321928201051378e-08, 1.1736281280150251e-08], [-6.535618712888436e-09, 7.949845226562502e-09], [null, 6.636235116985745e-09], [null, 5.893680210533603e-09], [null, 7.564496584677727e-09], [-7.513003552617192e-09, 9.284989666014098e-09], [null, 6.4309482183944056e-09], [-5.881672038299257e-09, 8.331799250527183e-09], [-6.388803708290425e-09, 7.961329373529225e-09], [null, 1.0322401600149078e-08], [null, 6.221097859082647e-09], [null, 5.312838169402312e-09], [-9.6657588599669e-09, 1.1365393959295034e-08], [null, 7.885452291134243e-09], [null, 1.0024272967257275e-08], [-5.195371244326452e-09, 6.9214896036839946e-09], [null, 9.846742976549194e-09], [-1.004389726944055e-08, 1.1458456405932793e-08], [-8.228462355930333e-09, 9.65168922562043e-09], [null, 7.755443398593798e-09], [null, 9.066052797379598e-09], [null, 6.288666476450544e-09], [null, 7.972951188151e-09], [null, 6.312522948803689e-09], [-8.923496608304049e-09, 1.0601631572626502e-08], [null, 5.993048723951233e-09], [null, 7.2083636837305676e-09], [null, 6.66891919465229e-09], [null, 7.994618300699585e-09], [null, 8.999853307045669e-09], [-6.275175490344509e-09, 8.035798693128982e-09]], "Extended_Source_Name": "                  ", "0FGL_Name": "                 ", "1FGL_Name": "                  ", "2FGL_Name": "                  ", "1FHL_Name": "                  ", "ASSOC_GAM1": "               ", "ASSOC_GAM2": "              ", "ASSOC_GAM3": "               ", "TEVCAT_FLAG": "N", "ASSOC_TEV": "                     ", "CLASS1": "rdg  ", "ASSOC1": "NGC 2484                  ", "ASSOC2": "                          ", "Flags": 0, "source_id": 885}