{"Source_Name": "3FHL J1754.2-4334 ", "RAJ2000": 268.56005859375, "DEJ2000": -43.56884765625, "GLON": 348.222900390625, "GLAT": -8.917241096496582, "Conf_95_SemiMajor": 0.028505198657512665, "Conf_95_SemiMinor": 0.028505198657512665, "Conf_95_PosAng": null, "ROI_num": 65, "Signif_Avg": 7.959184646606445, "Pivot_Energy": 15.981263160705566, "Flux_Density": 2.9603034433500763e-12, "Unc_Flux_Density": 7.615623084412937e-13, "Flux": 6.033801930316329e-11, "Unc_Flux": 1.550986596099424e-11, "Energy_Flux": 1.809714487641112e-12, "Unc_Energy_Flux": 6.026909115004753e-13, "Signif_Curve": 0.6187320351600647, "SpectrumType": "PowerLaw   ", "Spectral_Index": 2.777099847793579, "Unc_Spectral_Index": 0.8842483162879944, "beta": 0.4573175013065338, "Unc_beta": 0.9052995443344116, "PowerLaw_Index": 3.131889581680298, "Unc_PowerLaw_Index": 0.543400764465332, "Flux_Band": [3.816571711445782e-11, 2.2940385702163724e-11, 7.363204574320006e-19, 7.510196451006573e-17, 1.2771583458215654e-17], "Unc_Flux_Band": [[-1.1264079946560202e-11, 1.3615476801565052e-11], [-8.305311299805496e-12, 1.0540696787630921e-11], [null, 5.338914640246051e-12], [null, 4.503939755873265e-12], [null, 4.8886975197171e-12]], "nuFnu": [1.170260611506324e-12, 1.1364065070906815e-12, 7.9605975146331e-20, 2.275253746236321e-17, 1.1608554282076297e-17], "Sqrt_TS_Band": [6.555039882659912, 5.992007255554199, 0.0, 0.0, 0.0], "Npred": 20.040971755981445, "HEP_Energy": 29.036399841308594, "HEP_Prob": 0.9919455051422119, "Variability_BayesBlocks": 1, "Extended_Source_Name": "                  ", "ASSOC_GAM": "                  ", "TEVCAT_FLAG": "N", "ASSOC_TEV": "                     ", "CLASS": "       ", "ASSOC1": "                          ", "ASSOC2": "                          ", "ASSOC_PROB_BAY": 0.0, "ASSOC_PROB_LR": 0.0, "Redshift": null, "NuPeak_obs": null, "source_id": 1186}