{"Source_Name": "3FGL J0953.1-7657c", "RAJ2000": 148.29330444335938, "DEJ2000": -76.96289825439453, "GLON": 293.37652587890625, "GLAT": -17.529529571533203, "Conf_68_SemiMajor": 0.03595520183444023, "Conf_68_SemiMinor": 0.03422836586833, "Conf_68_PosAng": -24.229999542236328, "Conf_95_SemiMajor": 0.05829999968409538, "Conf_95_SemiMinor": 0.05550000071525574, "Conf_95_PosAng": -24.229999542236328, "ROI_num": 815, "Signif_Avg": 6.896793365478516, "Pivot_Energy": 4840.39599609375, "Flux_Density": 2.1477911205732177e-14, "Unc_Flux_Density": 4.488112491244159e-15, "Flux1000": 4.731413039138488e-10, "Unc_Flux1000": 1.0659330362816632e-10, "Energy_Flux100": 5.446921993307319e-12, "Unc_Energy_Flux100": 1.1400589673693506e-12, "Signif_Curve": 0.5914976000785828, "SpectrumType": "PowerLaw        ", "Spectral_Index": 1.911994457244873, "Unc_Spectral_Index": 0.1530737578868866, "beta": null, "Unc_beta": null, "Cutoff": null, "Unc_Cutoff": null, "Exp_Index": null, "Unc_Exp_Index": null, "PowerLaw_Index": 1.911994457244873, "Flux30_100": null, "Unc_Flux30_100": null, "nuFnu30_100": null, "Sqrt_TS30_100": null, "Flux100_300": 1.4122186926812663e-11, "Unc_Flux100_300": [null, 5.981731998616624e-09], "nuFnu100_300": 3.4231839181987156e-15, "Sqrt_TS100_300": 0.0, "Flux300_1000": 4.702431777303673e-10, "Unc_Flux300_1000": [null, 6.107668815147349e-10], "nuFnu300_1000": 3.262316090012207e-13, "Sqrt_TS300_1000": 0.7078753709793091, "Flux1000_3000": 3.109844326498745e-10, "Unc_Flux1000_3000": [-1.1732656512997153e-10, 1.2801897042447052e-10], "nuFnu1000_3000": 7.538187196849677e-13, "Sqrt_TS1000_3000": 2.9356138706207275, "Flux3000_10000": 1.3940905374543178e-10, "Unc_Flux3000_10000": [-4.1120263444272e-11, 4.7579003237263606e-11], "nuFnu3000_10000": 9.671514891035349e-13, "Sqrt_TS3000_10000": 4.84381103515625, "Flux10000_100000": 3.6619617060917875e-11, "Unc_Flux10000_100000": [-1.4718814708714056e-11, 1.9704715290003172e-11], "nuFnu10000_100000": 6.758224622288589e-13, "Sqrt_TS10000_100000": 4.642045021057129, "Variability_Index": 36.85912322998047, "Signif_Peak": null, "Flux_Peak": null, "Unc_Flux_Peak": null, "Time_Peak": null, "Peak_Interval": null, "Flux_History": [7.2157924080329394e-09, 1.490402645742961e-08, 7.937453361250846e-09, 0.0, 4.890496452247817e-09, 0.0, 0.0, 0.0, 1.3513159480282866e-09, 5.849906781207892e-09, 7.48534922934141e-09, 1.6568529659366504e-08, 0.0, 9.741340178948121e-09, 8.048695043783027e-09, 0.0, 3.475365106808681e-09, 0.0, 0.0, 3.5710523427212593e-09, 0.0, 0.0, 4.444779655443654e-09, 7.597084739074944e-09, 4.364987926663844e-09, 1.503227053945011e-08, 0.0, 8.91703599847915e-09, 1.6919559087114067e-09, 0.0, 2.7230644406017745e-09, 0.0, 0.0, 0.0, 3.798229730733738e-09, 8.2095432674123e-09, 3.9704191046041615e-09, 0.0, 6.421386977706334e-09, 2.97391489212373e-09, 3.039469120835747e-09, 5.830514737681369e-09, 3.3860563242171793e-09, 0.0, 0.0, 6.0960156922362785e-09, 0.0, 0.0], "Unc_Flux_History": [[-5.258844915090322e-09, 8.45890291145679e-09], [-7.620886144366068e-09, 9.597266981131725e-09], [-5.9233262739155634e-09, 8.426454201071465e-09], [null, 6.96450852544217e-09], [null, 1.3534728005026864e-08], [null, 1.0842724051940422e-08], [null, 8.902779846664544e-09], [null, 9.887614282888535e-09], [null, 7.846549188172958e-09], [null, 1.0804714456469355e-08], [-5.09864461761822e-09, 6.793486218015232e-09], [-8.261649142582428e-09, 1.0306468567478078e-08], [null, 6.851345268898967e-09], [-5.291497906512177e-09, 7.075021901670198e-09], [-4.8573598476764346e-09, 6.579813582874294e-09], [null, 6.638671834480192e-09], [null, 8.297044828964317e-09], [null, 6.451272849261613e-09], [null, 4.92816010222441e-09], [null, 8.574121856952388e-09], [null, 8.420758312865928e-09], [null, 4.81756545767098e-09], [null, 9.09077879640563e-09], [-5.075085240946464e-09, 6.9804837465881064e-09], [null, 7.020144021652186e-09], [-6.722139733739141e-09, 8.60278781544821e-09], [null, 6.828391629909447e-09], [-4.535610997891126e-09, 6.237802274711157e-09], [null, 6.656963424944706e-09], [null, 5.940931746550859e-09], [null, 7.022549652901944e-09], [null, 9.049039739750242e-09], [null, 7.126237822063786e-09], [null, 5.727752050432855e-09], [null, 7.88605536428122e-09], [-4.8529438245736856e-09, 6.6462559900060114e-09], [-2.816591404553037e-09, 4.957466437360836e-09], [null, 9.955021695873256e-09], [-6.350997949766679e-09, 8.248027150159487e-09], [null, 7.180772865211793e-09], [null, 6.7161374239788074e-09], [-5.163551808351485e-09, 7.583409455946821e-09], [null, 7.60562723911562e-09], [null, 5.208367959141924e-09], [null, 7.419657332974339e-09], [-5.912003775421226e-09, 9.346837082091497e-09], [null, 9.041360549133515e-09], [null, 5.691989990452839e-09]], "Extended_Source_Name": "                  ", "0FGL_Name": "                 ", "1FGL_Name": "                  ", "2FGL_Name": "2FGL J0953.9-7659 ", "1FHL_Name": "                  ", "ASSOC_GAM1": "               ", "ASSOC_GAM2": "              ", "ASSOC_GAM3": "               ", "TEVCAT_FLAG": "N", "ASSOC_TEV": "                     ", "CLASS1": "bcu  ", "ASSOC1": "1RXS J095306.1-765755     ", "ASSOC2": "                          ", "Flags": 32, "catalog_row_index": 1115}