{"Source_Name": "3FGL J0703.4-3914 ", "RAJ2000": 105.86100006103516, "DEJ2000": -39.237701416015625, "GLON": 249.865966796875, "GLAT": -14.615442276000977, "Conf_68_SemiMajor": 0.0461312010884285, "Conf_68_SemiMinor": 0.04132073000073433, "Conf_68_PosAng": -54.91999816894531, "Conf_95_SemiMajor": 0.07479999959468842, "Conf_95_SemiMinor": 0.06700000166893005, "Conf_95_PosAng": -54.91999816894531, "ROI_num": 653, "Signif_Avg": 8.797896385192871, "Pivot_Energy": 1105.948974609375, "Flux_Density": 6.451022984028942e-13, "Unc_Flux_Density": 8.811402535347998e-14, "Flux1000": 6.291787646439673e-10, "Unc_Flux1000": 9.414704432719745e-11, "Energy_Flux100": 7.570131153877835e-12, "Unc_Energy_Flux100": 1.0341152847231916e-12, "Signif_Curve": 2.7340712547302246, "SpectrumType": "PowerLaw        ", "Spectral_Index": 2.287930488586426, "Unc_Spectral_Index": 0.09226427227258682, "beta": null, "Unc_beta": null, "Cutoff": null, "Unc_Cutoff": null, "Exp_Index": null, "Unc_Exp_Index": null, "PowerLaw_Index": 2.287930488586426, "Flux30_100": null, "Unc_Flux30_100": null, "nuFnu30_100": null, "Sqrt_TS30_100": null, "Flux100_300": 6.766714744088631e-09, "Unc_Flux100_300": [-3.481297472518463e-09, 3.5471587889190914e-09], "nuFnu100_300": 1.5809436008581979e-12, "Sqrt_TS100_300": 1.9521558284759521, "Flux300_1000": 2.4410002907870876e-09, "Unc_Flux300_1000": [-5.611230924351673e-10, 5.786876533520058e-10], "nuFnu300_1000": 1.6205710818423258e-12, "Sqrt_TS300_1000": 4.63511848449707, "Flux1000_3000": 5.615901632616271e-10, "Unc_Flux1000_3000": [-1.193480453354212e-10, 1.2807924165691986e-10], "nuFnu1000_3000": 1.3120730630450383e-12, "Sqrt_TS1000_3000": 5.753939628601074, "Flux3000_10000": 1.289400808346386e-10, "Unc_Flux3000_10000": [-3.591730038388086e-11, 4.17769950578073e-11], "nuFnu3000_10000": 8.560283558389781e-13, "Sqrt_TS3000_10000": 5.530421257019043, "Flux10000_100000": 1.1993085344275123e-11, "Unc_Flux10000_100000": [-9.174969811676092e-12, 1.5740275402520432e-11], "nuFnu10000_100000": 1.9071797906135973e-13, "Sqrt_TS10000_100000": 1.6464698314666748, "Variability_Index": 60.490699768066406, "Signif_Peak": null, "Flux_Peak": null, "Unc_Flux_Peak": null, "Time_Peak": null, "Peak_Interval": null, "Flux_History": [1.4516865043390226e-08, 2.888816119650528e-08, 8.160956355141025e-10, 2.5148773730165885e-08, 1.0386217219604532e-08, 0.0, 0.0, 0.0, 1.0449259235656427e-08, 0.0, 7.138806434880962e-09, 0.0, 3.936981229912817e-08, 1.7993044831854377e-09, 2.0225382257876845e-08, 9.364405251233165e-09, 7.625112985465421e-09, 1.8884797725604585e-08, 7.969921611561404e-09, 4.226497818393682e-09, 0.0, 5.969327254717882e-09, 9.08781583319751e-09, 5.095246446984447e-09, 1.1705486357982409e-08, 4.2462929172870645e-08, 2.754870642718288e-08, 1.8412775304454954e-08, 8.883366930945158e-09, 0.0, 1.5875013303912056e-08, 0.0, 4.468965641990508e-09, 3.6337890918503035e-08, 3.265187586976026e-08, 0.0, 3.14387733624244e-08, 0.0, 3.0629139224913615e-09, 2.4634566386794177e-08, 1.942045813052573e-08, 9.326701189138475e-09, 2.4265316866944886e-08, 8.810301821426947e-09, 4.056914093553132e-08, 0.0, 1.952983907926864e-08, 1.9107256221673197e-08], "Unc_Flux_History": [[null, 1.5735302838493226e-08], [-1.2393470250060545e-08, 1.4062036868267569e-08], [null, 1.1946217348679511e-08], [-1.1723093606974544e-08, 1.340453881226722e-08], [-7.136744972768838e-09, 1.0001144801208284e-08], [null, 8.129288353586617e-09], [null, 1.332980925639049e-08], [null, 1.2502884061404984e-08], [-8.131209483508428e-09, 1.0173908826516254e-08], [null, 1.1182383019558984e-08], [-4.631835359703018e-09, 7.069349106103573e-09], [null, 1.0654730431269854e-08], [-1.3526469722080492e-08, 1.5338656567109865e-08], [null, 1.2519032921431972e-08], [-1.00724788509865e-08, 1.256032700069909e-08], [-8.314589017288654e-09, 1.0338588651848113e-08], [null, 1.5199450587033425e-08], [-1.0338606415416507e-08, 1.1896497120744698e-08], [-7.961006076584454e-09, 1.08775015661422e-08], [null, 1.2454683506746278e-08], [null, 9.343080975554585e-09], [null, 1.1821234657816149e-08], [-5.9405937946621634e-09, 8.079495295021388e-09], [null, 1.523183890128621e-08], [-7.491044229368526e-09, 9.555255253701489e-09], [-1.537720706323853e-08, 1.7294588872118766e-08], [-1.1932741017517401e-08, 1.3206937765630755e-08], [-1.0111881110219656e-08, 1.2284746553348214e-08], [-7.212558994496021e-09, 1.0561998387004223e-08], [null, 9.83283676703195e-09], [-1.3710709900749407e-08, 1.6289487092535637e-08], [null, 9.677826540155365e-09], [null, 1.3569554369041725e-08], [-1.2133978266604117e-08, 1.335919197487101e-08], [-1.2429253182233424e-08, 1.4314911034318811e-08], [null, 1.5086371263350884e-08], [-1.2597898724209244e-08, 1.3766019435479393e-08], [null, 1.2050797693063942e-08], [null, 1.112976288908385e-08], [-1.2900565948825715e-08, 1.534945681669342e-08], [-1.2422614048546166e-08, 1.377615710396185e-08], [-8.17237477690469e-09, 1.090270540515803e-08], [-1.4228182187991933e-08, 1.6663031843222598e-08], [null, 1.139475802602874e-08], [-1.9380104632205075e-08, 2.0882932716403957e-08], [null, 1.0357608104527571e-08], [-1.2499141277544368e-08, 1.6176757711150458e-08], [-1.1120510734485833e-08, 1.3694860356849858e-08]], "Extended_Source_Name": "                  ", "0FGL_Name": "                 ", "1FGL_Name": "                  ", "2FGL_Name": "2FGL J0703.1-3912 ", "1FHL_Name": "                  ", "ASSOC_GAM1": "               ", "ASSOC_GAM2": "3EG J0706-3837", "ASSOC_GAM3": "               ", "TEVCAT_FLAG": "N", "ASSOC_TEV": "                     ", "CLASS1": "bcu  ", "ASSOC1": "1RXS J070312.7-391417     ", "ASSOC2": "                          ", "Flags": 0, "catalog_row_index": 780}