{"Source_Name": "3FGL J2255.1+2411 ", "RAJ2000": 343.7785949707031, "DEJ2000": 24.18720054626465, "GLON": 91.5954360961914, "GLAT": -31.512611389160156, "Conf_68_SemiMajor": 0.03330327570438385, "Conf_68_SemiMinor": 0.03046632930636406, "Conf_68_PosAng": 86.16999816894531, "Conf_95_SemiMajor": 0.05400000140070915, "Conf_95_SemiMinor": 0.049400001764297485, "Conf_95_PosAng": 86.16999816894531, "ROI_num": 415, "Signif_Avg": 12.63746452331543, "Pivot_Energy": 2339.3115234375, "Flux_Density": 1.5878791337353704e-13, "Unc_Flux_Density": 1.8597706111667806e-14, "Flux1000": 8.588209587934159e-10, "Unc_Flux1000": 1.0079789086736568e-10, "Energy_Flux100": 9.567172574997951e-12, "Unc_Energy_Flux100": 1.1367998556388592e-12, "Signif_Curve": 0.7386948466300964, "SpectrumType": "PowerLaw        ", "Spectral_Index": 2.019345283508301, "Unc_Spectral_Index": 0.08919847011566162, "beta": null, "Unc_beta": null, "Cutoff": null, "Unc_Cutoff": null, "Exp_Index": null, "Unc_Exp_Index": null, "PowerLaw_Index": 2.019345283508301, "Flux30_100": null, "Unc_Flux30_100": null, "nuFnu30_100": null, "Sqrt_TS30_100": null, "Flux100_300": 3.8820675563044915e-09, "Unc_Flux100_300": [null, 3.90526233573496e-09], "nuFnu100_300": 9.310740112927762e-13, "Sqrt_TS100_300": 0.8887320756912231, "Flux300_1000": 1.3760018680031294e-09, "Unc_Flux300_1000": [-4.966030919817399e-10, 5.205303965638564e-10], "nuFnu300_1000": 9.42559290166567e-13, "Sqrt_TS300_1000": 2.901102304458618, "Flux1000_3000": 8.289410824424692e-10, "Unc_Flux1000_3000": [-1.2074026500830115e-10, 1.280260480962525e-10], "nuFnu1000_3000": 1.9881299297835886e-12, "Sqrt_TS1000_3000": 9.3265962600708, "Flux3000_10000": 1.5235561423576627e-10, "Unc_Flux3000_10000": [-3.897912548289639e-11, 4.4723866970963755e-11], "nuFnu3000_10000": 1.0436338208560936e-12, "Sqrt_TS3000_10000": 6.146533966064453, "Flux10000_100000": 6.2889665697341e-11, "Unc_Flux10000_100000": [-2.0912700390840477e-11, 2.647810963540831e-11], "nuFnu10000_100000": 1.1106221194448485e-12, "Sqrt_TS10000_100000": 5.787209987640381, "Variability_Index": 103.26475524902344, "Signif_Peak": 7.540804386138916, "Flux_Peak": 5.1588536109647976e-08, "Unc_Flux_Peak": 1.2290280793081365e-08, "Time_Peak": 301135008.0, "Peak_Interval": 2630000.0, "Flux_History": [8.608422419342787e-09, 7.45765227350148e-09, 0.0, 0.0, 2.3389385983563216e-09, 4.319420821019548e-09, 4.346874415972479e-09, 0.0, 0.0, 1.3420201838698631e-08, 1.3823655997668993e-08, 0.0, 8.902627079976355e-09, 0.0, 3.1931159938380915e-09, 6.326458468208784e-09, 1.903071300546344e-08, 0.0, 0.0, 6.844103950243152e-09, 6.520109785412842e-09, 2.1509725556256853e-08, 4.5245712954056216e-08, 5.1588536109647976e-08, 2.7517051748304766e-08, 6.3411014217251704e-09, 2.190694914361302e-08, 1.3992774938742514e-08, 0.0, 7.291072190440673e-09, 0.0, 7.223232678654767e-09, 1.4037218054596678e-09, 4.4970680512790295e-09, 1.7688225328882368e-09, 9.01939678499275e-09, 1.9948341645203982e-08, 9.555968460972508e-09, 0.0, 3.6621570220773947e-09, 2.7881368325211042e-09, 5.135057712379876e-09, 1.5517974460976802e-08, 1.654517634008812e-09, 1.9928217298570416e-08, 1.46762886288343e-08, 5.2851225618155695e-09, 0.0], "Unc_Flux_History": [[-6.280521436252684e-09, 7.902349885569038e-09], [-4.903188965954541e-09, 7.159222992214609e-09], [null, 7.001548674168134e-09], [null, 6.3794294291597e-09], [-2.1256310045458804e-09, 4.522001884055271e-09], [null, 8.085937253099473e-09], [null, 9.319752081182742e-09], [null, 7.189068451651792e-09], [null, 6.585143985660125e-09], [-5.4721267517265915e-09, 8.081483038324677e-09], [-7.76882291830816e-09, 8.507422322168168e-09], [null, 7.278528446619248e-09], [-6.219130543883011e-09, 7.728726991729218e-09], [null, 6.7351195731646385e-09], [null, 7.78161801662236e-09], [null, 8.922659944232691e-09], [-7.4397834559647436e-09, 8.844883936376391e-09], [null, 7.546206326480842e-09], [null, 6.379584860383147e-09], [-4.7952060100442395e-09, 6.8945844589052285e-09], [-5.999764240982586e-09, 7.543524915831767e-09], [-7.72958053119055e-09, 9.05327990352589e-09], [-9.95228610634058e-09, 1.1108912900681389e-08], [-1.2290280793081365e-08, 1.382503000968427e-08], [-9.619972374252939e-09, 1.119734971410935e-08], [-5.4318634035155355e-09, 7.649975763968087e-09], [-9.087234964511026e-09, 1.0985573339894472e-08], [-7.569241233795765e-09, 9.293995795189858e-09], [null, 7.551999914312546e-09], [-6.857173939778249e-09, 8.88558027156705e-09], [null, 6.308777500407814e-09], [-5.941112490859268e-09, 8.022596809098559e-09], [null, 8.450594890518914e-09], [null, 7.963448567238629e-09], [null, 7.022972869918931e-09], [-5.934410296504211e-09, 7.980050398259664e-09], [-8.291145547900669e-09, 9.869188133393436e-09], [-7.755987851965074e-09, 1.0288607299457908e-08], [null, 5.656492607641894e-09], [null, 8.294447795265114e-09], [null, 8.641376503248921e-09], [-3.7057055202183165e-09, 6.084675430173547e-09], [-7.274834068482505e-09, 9.194604189133315e-09], [null, 8.27763457778019e-09], [-8.665553608011578e-09, 9.99508653620751e-09], [-6.395100005107679e-09, 7.818976577311787e-09], [null, 7.821112646411166e-09], [null, 8.608512125363177e-09]], "Extended_Source_Name": "                  ", "0FGL_Name": "                 ", "1FGL_Name": "                  ", "2FGL_Name": "2FGL J2255.2+2408 ", "1FHL_Name": "                  ", "ASSOC_GAM1": "               ", "ASSOC_GAM2": "              ", "ASSOC_GAM3": "               ", "TEVCAT_FLAG": "N", "ASSOC_TEV": "                     ", "CLASS1": "bll  ", "ASSOC1": "MG3 J225517+2409          ", "ASSOC2": "                          ", "Flags": 0, "source_id": 2916}