{"Source_Name": "3FHL J0150.6-5450 ", "RAJ2000": 27.654903411865234, "DEJ2000": -54.844268798828125, "GLON": 285.6902770996094, "GLAT": -60.25851821899414, "Conf_95_SemiMajor": 0.04920411482453346, "Conf_95_SemiMinor": 0.04920411482453346, "Conf_95_PosAng": null, "ROI_num": 82, "Signif_Avg": 4.061514854431152, "Pivot_Energy": 22.18610191345215, "Flux_Density": 3.2240695031250655e-13, "Unc_Flux_Density": 1.6077957921186575e-13, "Flux": 1.5620371315860915e-11, "Unc_Flux": 7.87133466045864e-12, "Energy_Flux": 7.168525213534227e-13, "Unc_Energy_Flux": 5.344369152955608e-13, "Signif_Curve": 0.9285262823104858, "SpectrumType": "PowerLaw   ", "Spectral_Index": 1.6815447807312012, "Unc_Spectral_Index": 1.0727595090866089, "beta": 0.9786548614501953, "Unc_beta": 0.5562100410461426, "PowerLaw_Index": 2.4318888187408447, "Unc_PowerLaw_Index": 0.7029472589492798, "Flux_Band": [8.954458702303825e-12, 6.674321685606888e-12, 2.2238937711306586e-17, 1.767976259386061e-20, 3.7715939700886122e-22], "Unc_Flux_Band": [[-5.001129285003847e-12, 7.651311008383122e-12], [-3.7247752625313435e-12, 5.783843022577617e-12], [null, 4.652055650422593e-12], [null, 4.631661807558141e-12], [null, 5.106559706341551e-12]], "nuFnu": [2.8205066862803385e-13, 3.4605551388865174e-13, 2.5622988604771757e-18, 5.773199244872669e-21, 3.773018463556824e-22], "Sqrt_TS_Band": [3.296647548675537, 4.010071754455566, 0.0, 0.0, 0.0], "Npred": 5.027128219604492, "HEP_Energy": 40.90119934082031, "HEP_Prob": 0.9793173670768738, "Variability_BayesBlocks": 1, "Extended_Source_Name": "                  ", "ASSOC_GAM": "3FGL J0150.5-5447 ", "TEVCAT_FLAG": "N", "ASSOC_TEV": "                     ", "CLASS": "bcu    ", "ASSOC1": "PMN J0150-5450            ", "ASSOC2": "                          ", "ASSOC_PROB_BAY": 0.999670147895813, "ASSOC_PROB_LR": 0.8525535464286804, "Redshift": null, "NuPeak_obs": 3568615580237824.0, "catalog_row_index": 108}