{"Source_Name": "3FGL J0843.4+6713 ", "RAJ2000": 130.85899353027344, "DEJ2000": 67.21810150146484, "GLON": 147.79949951171875, "GLAT": 35.60554504394531, "Conf_68_SemiMajor": 0.03755868971347809, "Conf_68_SemiMinor": 0.030219636857509613, "Conf_68_PosAng": 31.829999923706055, "Conf_95_SemiMajor": 0.0608999989926815, "Conf_95_SemiMinor": 0.04899999871850014, "Conf_95_PosAng": 31.829999923706055, "ROI_num": 455, "Signif_Avg": 13.168335914611816, "Pivot_Energy": 2175.47802734375, "Flux_Density": 1.3798433695557527e-13, "Unc_Flux_Density": 1.5249200217989055e-14, "Flux1000": 6.475291969287866e-10, "Unc_Flux1000": 7.224205955669305e-11, "Energy_Flux100": 7.2486886285028085e-12, "Unc_Energy_Flux100": 8.386955951782127e-13, "Signif_Curve": 2.103644609451294, "SpectrumType": "PowerLaw        ", "Spectral_Index": 1.9921931028366089, "Unc_Spectral_Index": 0.08457858860492706, "beta": null, "Unc_beta": null, "Cutoff": null, "Unc_Cutoff": null, "Exp_Index": null, "Unc_Exp_Index": null, "PowerLaw_Index": 1.9921931028366089, "Flux30_100": null, "Unc_Flux30_100": null, "nuFnu30_100": null, "Sqrt_TS30_100": null, "Flux100_300": 6.220623127717317e-09, "Unc_Flux100_300": [-2.9792397437944373e-09, 3.0061158007299582e-09], "nuFnu100_300": 1.4959521251953212e-12, "Sqrt_TS100_300": 2.1072216033935547, "Flux300_1000": 1.147266837087102e-09, "Unc_Flux300_1000": [-3.3197680715524314e-10, 3.468240417081603e-10], "nuFnu300_1000": 7.883971253619393e-13, "Sqrt_TS300_1000": 3.687513589859009, "Flux1000_3000": 4.373057749251785e-10, "Unc_Flux1000_3000": [-7.878787899873174e-11, 8.459100087065963e-11], "nuFnu1000_3000": 1.05164455702772e-12, "Sqrt_TS1000_3000": 7.495415210723877, "Flux3000_10000": 2.4026716727298947e-10, "Unc_Flux3000_10000": [-3.858429895031712e-11, 4.2427009822043615e-11], "nuFnu3000_10000": 1.6511061181473385e-12, "Sqrt_TS3000_10000": 11.290544509887695, "Flux10000_100000": 1.2947856328771046e-11, "Unc_Flux10000_100000": [-9.513502832736442e-12, 1.3958458520979544e-11], "nuFnu10000_100000": 2.311959759922211e-13, "Sqrt_TS10000_100000": 1.5322664976119995, "Variability_Index": 55.972679138183594, "Signif_Peak": null, "Flux_Peak": null, "Unc_Flux_Peak": null, "Time_Peak": null, "Peak_Interval": null, "Flux_History": [3.41309513984811e-09, 1.1105066199945668e-08, 1.8179562744080613e-08, 4.892992233607174e-09, 4.7078496656638436e-09, 8.16470357989374e-09, 0.0, 0.0, 1.0223168089851242e-08, 7.014459235676895e-09, 1.0347282142220138e-08, 1.0673058881138786e-08, 5.506786582287759e-09, 1.015401807080707e-08, 7.001339952239505e-09, 1.486839185105282e-08, 3.464190045932014e-09, 6.014226450190563e-09, 2.7982918204827456e-09, 1.3846309876441865e-08, 4.8382711170802395e-09, 5.840832262293816e-09, 5.740884656546541e-09, 0.0, 9.728593042268585e-09, 3.8907370658591844e-09, 9.049347937661878e-09, 5.742734066060962e-10, 8.27733970254485e-09, 7.053656769784311e-09, 0.0, 3.819002891702894e-09, 1.2852088282500063e-09, 8.934573969554549e-09, 1.6788201051554097e-08, 0.0, 0.0, 1.0261073768447204e-08, 6.751773362623226e-09, 3.8182461636893095e-09, 2.5284989657592405e-09, 0.0, 7.291777404105915e-09, 2.960951483998997e-09, 9.830705138824669e-09, 1.3622010186509215e-08, 3.3214573313955498e-09, 0.0], "Unc_Flux_History": [[null, 7.580844396670727e-09], [-5.954972071009479e-09, 7.131715662467286e-09], [-6.189154078128922e-09, 7.3233006325779115e-09], [null, 8.194756873081133e-09], [-4.061220693074574e-09, 6.228860094381616e-09], [-5.6108038215541e-09, 6.163609622689137e-09], [null, 7.035986904213587e-09], [null, 5.566691108072064e-09], [-4.772100048455741e-09, 6.198566993020904e-09], [-4.1929473226787195e-09, 4.881277160251329e-09], [-6.35828101280822e-09, 7.631079768088966e-09], [-5.810464998035059e-09, 7.214727482107719e-09], [-4.670108744164736e-09, 6.284519571408964e-09], [-5.18708409558144e-09, 6.47085940386205e-09], [-3.856953423309051e-09, 4.8559001264436574e-09], [-5.4469095900344655e-09, 6.4345946348964844e-09], [null, 5.4783493297350105e-09], [-3.37004490980064e-09, 4.608710746367706e-09], [null, 5.137069880589706e-09], [-4.577642265246595e-09, 5.450693230102388e-09], [-4.054595770242031e-09, 6.040326017142661e-09], [-3.2270175420734404e-09, 4.1798884353738686e-09], [-3.2736120481047237e-09, 4.637958905817641e-09], [null, 4.543302623005729e-09], [-4.504189021758975e-09, 5.608538966583865e-09], [null, 5.481506359927835e-09], [-3.878600995932402e-09, 4.8189807699827725e-09], [null, 5.259998658857512e-09], [-3.966579953385008e-09, 5.003004677206491e-09], [-3.701415618451165e-09, 4.814589171786565e-09], [null, 5.4274948979582405e-09], [-2.9184119565428546e-09, 4.546443665986999e-09], [null, 4.696525390812667e-09], [-4.04420319455312e-09, 5.063633068402851e-09], [-5.82654280378847e-09, 6.79204115172638e-09], [null, 3.959970129585599e-09], [null, 3.107749169117824e-09], [-4.8238142369427806e-09, 5.9748828107331065e-09], [-4.073796411319108e-09, 5.56782664418165e-09], [-2.588299352623835e-09, 3.807349102658009e-09], [null, 6.680750619381115e-09], [null, 4.239777418035828e-09], [-4.367883388312066e-09, 5.409573233805531e-09], [-2.704474200143636e-09, 4.210426229889208e-09], [-4.718704094130999e-09, 5.874389419346926e-09], [-5.5346212057827415e-09, 6.8473879899499934e-09], [-3.0350906232712305e-09, 4.307790124613575e-09], [null, 4.285512833490657e-09]], "Extended_Source_Name": "                  ", "0FGL_Name": "                 ", "1FGL_Name": "1FGL J0843.4+6718 ", "2FGL_Name": "2FGL J0843.6+6715 ", "1FHL_Name": "                  ", "ASSOC_GAM1": "               ", "ASSOC_GAM2": "              ", "ASSOC_GAM3": "               ", "TEVCAT_FLAG": "N", "ASSOC_TEV": "                     ", "CLASS1": "     ", "ASSOC1": "                          ", "ASSOC2": "                          ", "Flags": 0, "catalog_row_index": 977}