{"Source_Name": "3FGL J1808.5-1952 ", "RAJ2000": 272.14111328125, "DEJ2000": -19.87190055847168, "GLON": 10.457486152648926, "GLAT": 0.038044583052396774, "Conf_68_SemiMajor": 0.043294258415699005, "Conf_68_SemiMinor": 0.03583185747265816, "Conf_68_PosAng": 74.3499984741211, "Conf_95_SemiMajor": 0.07020000368356705, "Conf_95_SemiMinor": 0.05810000002384186, "Conf_95_PosAng": 74.3499984741211, "ROI_num": 26, "Signif_Avg": 8.773374557495117, "Pivot_Energy": 1877.321533203125, "Flux_Density": 1.880731681502823e-12, "Unc_Flux_Density": 2.2140863903570562e-13, "Flux1000": 5.547195147670436e-09, "Unc_Flux1000": 6.341239755514039e-10, "Energy_Flux100": 4.438197725997739e-11, "Unc_Energy_Flux100": 6.873410694774318e-12, "Signif_Curve": 4.967032432556152, "SpectrumType": "LogParabola     ", "Spectral_Index": 2.609221935272217, "Unc_Spectral_Index": 0.1727573126554489, "beta": 0.2909892797470093, "Unc_beta": 0.08780666440725327, "Cutoff": null, "Unc_Cutoff": null, "Exp_Index": null, "Unc_Exp_Index": null, "PowerLaw_Index": 2.3106954097747803, "Flux30_100": null, "Unc_Flux30_100": null, "nuFnu30_100": null, "Sqrt_TS30_100": null, "Flux100_300": 4.0557935676588386e-08, "Unc_Flux100_300": [-2.483409922149349e-08, 2.48073508402058e-08], "nuFnu100_300": 1.053194424033288e-11, "Sqrt_TS100_300": 1.536164402961731, "Flux300_1000": 9.326805994192e-09, "Unc_Flux300_1000": [-5.077216425064535e-09, 5.083498066937864e-09], "nuFnu300_1000": 6.485610659634489e-12, "Sqrt_TS300_1000": 1.8382303714752197, "Flux1000_3000": 4.577216827783559e-09, "Unc_Flux1000_3000": [-7.97521937379031e-10, 8.038377741215186e-10], "nuFnu1000_3000": 1.0418261739419954e-11, "Sqrt_TS1000_3000": 6.013763427734375, "Flux3000_10000": 6.605109792445774e-10, "Unc_Flux3000_10000": [-1.742557070860684e-10, 1.8608098395489492e-10], "nuFnu3000_10000": 3.962351280417664e-12, "Sqrt_TS3000_10000": 4.114957809448242, "Flux10000_100000": 7.943434104928926e-11, "Unc_Flux10000_100000": [-4.0518026434011034e-11, 4.917923360214793e-11], "nuFnu10000_100000": 7.937694013367136e-13, "Sqrt_TS10000_100000": 2.3117685317993164, "Variability_Index": 52.6713752746582, "Signif_Peak": null, "Flux_Peak": null, "Unc_Flux_Peak": null, "Time_Peak": null, "Peak_Interval": null, "Flux_History": [4.433138656168012e-08, 1.0959583818248575e-07, 1.7081129399798556e-08, 1.0758795099263807e-07, 2.2891567752481023e-08, 7.08352771994214e-08, 1.2645865865579253e-07, 1.0629324975752752e-07, 1.0917067072568898e-07, 1.109131133603114e-07, 1.515165450882705e-07, 4.579523249503836e-08, 6.22593603338828e-08, 7.458964290663062e-08, 9.206186923904625e-09, 1.1705895275326839e-07, 1.039915602518704e-07, 9.250827304185805e-08, 8.419271324555666e-08, 1.5282948595540802e-07, 1.4197694575557307e-08, 7.584480954392347e-08, 1.687963475660581e-07, 5.6511634483058515e-08, 1.0724024690489387e-07, 8.801838902172676e-08, 7.002895330288084e-08, 9.783128263052276e-08, 2.9401252987781845e-08, 0.0, 7.150230629804355e-08, 8.17145462406188e-08, 3.30808695991891e-08, 1.6147950532285904e-07, 1.0197587130278407e-07, 9.3390447375441e-08, 4.1029075248388835e-08, 7.22612725212457e-08, 7.539948398971319e-08, 1.0558057539356014e-07, 4.1594638844344445e-08, 7.200389973149868e-08, 1.2771803881150845e-07, 8.270863816051133e-08, 5.178278428275007e-08, 5.1107953424889274e-08, 1.0728007282523322e-07, 1.6799010893464583e-07], "Unc_Flux_History": [[-3.648283097845706e-08, 4.123356944774059e-08], [-4.392137853415079e-08, 4.229059413773939e-08], [null, 3.545542526239842e-08], [-4.4960955847273e-08, 4.597022496000136e-08], [null, 4.6000508291399456e-08], [-4.174882306529071e-08, 4.461491442953047e-08], [-4.2526966836931024e-08, 4.317598367720166e-08], [-4.1551242446757897e-08, 4.376987305931834e-08], [-4.424623512022663e-08, 4.5719431795987475e-08], [-4.196405001266612e-08, 4.443279877364148e-08], [-4.34959623873965e-08, 4.598487990392641e-08], [-3.453504149319997e-08, 3.595695474700733e-08], [-4.4339518723290894e-08, 4.885243498620184e-08], [-4.5509413126865184e-08, 4.919353457921716e-08], [null, 4.0947035984117974e-08], [-5.120576673789401e-08, 5.395025937104947e-08], [-4.256771291011319e-08, 4.414617293946321e-08], [-4.819208143658216e-08, 5.260966773334985e-08], [-4.269846698434776e-08, 4.4332583826189875e-08], [-4.55494131301748e-08, 4.723525393046657e-08], [null, 4.936514486075794e-08], [-4.145725185367155e-08, 4.442915724212071e-08], [-5.0637080306614735e-08, 5.337100361657576e-08], [-4.209256942999673e-08, 4.471295511621065e-08], [-5.555067517093448e-08, 5.749656750708709e-08], [-4.499398187363113e-08, 4.534080844109667e-08], [-4.060774827507885e-08, 4.296710542917026e-08], [-4.743455050970624e-08, 4.759818850175179e-08], [null, 3.703626916262692e-08], [null, 4.647670692747852e-08], [-4.2514141540550554e-08, 4.0760028241493274e-08], [-4.7296190075485356e-08, 5.3886264339553236e-08], [null, 4.356903815505575e-08], [-4.3438944885565434e-08, 4.540252263041111e-08], [-4.679446519162411e-08, 5.005385261824813e-08], [-3.907789292156849e-08, 4.209552528777749e-08], [null, 4.3328643783979714e-08], [-3.568951001398091e-08, 3.877940812913039e-08], [-4.3764355694975166e-08, 4.985705714943833e-08], [-3.8472894203778196e-08, 4.08753386693661e-08], [null, 4.558100741292037e-08], [-4.2319488358089075e-08, 4.545844589642911e-08], [-4.7525048785246327e-08, 4.915985130082845e-08], [-5.73800278402814e-08, 5.908074385274631e-08], [-3.544225180007743e-08, 3.8574427208004636e-08], [null, 5.1622507157844666e-08], [-4.723202451373254e-08, 4.8607777358711246e-08], [-4.7222297183679984e-08, 4.971872513692688e-08]], "Extended_Source_Name": "                  ", "0FGL_Name": "                 ", "1FGL_Name": "1FGL J1808.5-1954c", "2FGL_Name": "2FGL J1808.6-1950c", "1FHL_Name": "                  ", "ASSOC_GAM1": "               ", "ASSOC_GAM2": "              ", "ASSOC_GAM3": "               ", "TEVCAT_FLAG": "N", "ASSOC_TEV": "                     ", "CLASS1": "glc  ", "ASSOC1": "2MS-GC01                  ", "ASSOC2": "                          ", "Flags": 12, "source_id": 2300}