{"Source_Name": "3FGL J1820.3-1529c", "RAJ2000": 275.09979248046875, "DEJ2000": -15.489100456237793, "GLON": 15.654186248779297, "GLAT": -0.3424418866634369, "Conf_68_SemiMajor": 0.0533469095826149, "Conf_68_SemiMinor": 0.046562910079956055, "Conf_68_PosAng": -68.79000091552734, "Conf_95_SemiMajor": 0.08649999648332596, "Conf_95_SemiMinor": 0.0754999965429306, "Conf_95_PosAng": -68.79000091552734, "ROI_num": 107, "Signif_Avg": 4.692458152770996, "Pivot_Energy": 3988.02099609375, "Flux_Density": 1.260815047201061e-13, "Unc_Flux_Density": 2.5817872552303875e-14, "Flux1000": 2.3765032164391187e-09, "Unc_Flux1000": 5.333894437242748e-10, "Energy_Flux100": 2.9520285521611456e-11, "Unc_Energy_Flux100": 8.600703482741778e-12, "Signif_Curve": 0.16176985204219818, "SpectrumType": "PowerLaw        ", "Spectral_Index": 2.3306689262390137, "Unc_Spectral_Index": 0.14342747628688812, "beta": null, "Unc_beta": null, "Cutoff": null, "Unc_Cutoff": null, "Exp_Index": null, "Unc_Exp_Index": null, "PowerLaw_Index": 2.3306689262390137, "Flux30_100": null, "Unc_Flux30_100": null, "nuFnu30_100": null, "Sqrt_TS30_100": null, "Flux100_300": 1.1517146702999526e-07, "Unc_Flux100_300": [-3.989471153431623e-08, 4.066479419861935e-08], "nuFnu100_300": 2.679757110657377e-11, "Sqrt_TS100_300": 2.8103771209716797, "Flux300_1000": 1.5208753367801364e-08, "Unc_Flux300_1000": [-5.966939387036518e-09, 5.947490944180345e-09], "nuFnu300_1000": 1.0047651079203579e-11, "Sqrt_TS300_1000": 2.5829885005950928, "Flux1000_3000": 1.8315212679809179e-09, "Unc_Flux1000_3000": [-7.292914605550038e-10, 7.420993819451382e-10], "nuFnu1000_3000": 4.261500007041175e-12, "Sqrt_TS1000_3000": 2.5628244876861572, "Flux3000_10000": 5.008641279502513e-10, "Unc_Flux3000_10000": [-1.4617067278788198e-10, 1.5140365350330143e-10], "nuFnu3000_10000": 3.30895467276493e-12, "Sqrt_TS3000_10000": 3.842897653579712, "Flux10000_100000": 3.0896972480487506e-11, "Unc_Flux10000_100000": [null, 4.04538555431877e-11], "nuFnu10000_100000": 4.836071322046609e-13, "Sqrt_TS10000_100000": 0.95621657371521, "Variability_Index": 45.03853988647461, "Signif_Peak": null, "Flux_Peak": null, "Unc_Flux_Peak": null, "Time_Peak": null, "Peak_Interval": null, "Flux_History": [3.932968439812612e-08, 0.0, 9.699526515305479e-08, 1.2350777467418084e-07, 6.655049844539462e-08, 5.759858368037385e-08, 1.8495640574656136e-07, 4.57294824229848e-08, 2.0913233811370446e-08, 6.287782383651574e-08, 1.7293935172801866e-08, 1.078509868079891e-07, 1.2920557423967693e-07, 0.0, 0.0, 0.0, 0.0, 0.0, 1.0745351630703226e-07, 0.0, 0.0, 4.654247476310047e-08, 0.0, 2.174016522360489e-08, 5.930189672653796e-08, 0.0, 1.666080073903231e-08, 8.960702757576655e-08, 0.0, 9.558319469249454e-09, 0.0, 0.0, 1.6418108828020195e-07, 9.658306510118564e-08, 7.225273890298922e-08, 0.0, 0.0, 0.0, 1.2861355003224162e-07, 1.5627301763743162e-07, 0.0, 5.4895421541800715e-09, 1.7836144650118513e-07, 0.0, 1.7474851787824264e-08, 6.370837724034573e-08, 0.0, 6.59086865084646e-08], "Unc_Flux_History": [[null, 6.925375117816657e-08], [null, 6.300653154767133e-08], [-5.98458882450359e-08, 6.44353974621481e-08], [-6.21823872393179e-08, 6.697386822906992e-08], [-6.655049844539462e-08, 7.496389997641018e-08], [-4.4218847250476756e-08, 5.612323050740997e-08], [-7.522871214860061e-08, 7.295285087138836e-08], [null, 8.047113908560277e-08], [null, 7.419367165084623e-08], [null, 7.308162253139017e-08], [null, 8.306498244792238e-08], [-7.045727556942438e-08, 7.25144104762876e-08], [-6.343552172438649e-08, 6.996169332751379e-08], [null, 7.374067223508973e-08], [null, 5.53110091061626e-08], [null, 7.281045100171468e-08], [null, 5.3772772901083954e-08], [null, 8.53110506682242e-08], [-6.659890772198196e-08, 7.366772081240924e-08], [null, 8.319293698377805e-08], [null, 6.541927888292776e-08], [null, 6.79483278531734e-08], [null, 9.406930701061356e-08], [null, 5.746701248199315e-08], [null, 7.454054440358959e-08], [null, 7.47814468127217e-08], [null, 8.538511764299983e-08], [-7.646463728860908e-08, 8.013191887812354e-08], [null, 4.055155500282126e-08], [null, 6.886153869345435e-08], [null, 6.906771687908986e-08], [null, 6.921158757222656e-08], [-6.426431298223179e-08, 7.04655676031507e-08], [-6.09071690860219e-08, 7.156964443311153e-08], [-6.074801461863899e-08, 7.174740090931664e-08], [null, 6.992054579768592e-08], [null, 7.667983936698874e-08], [null, 5.615679654624728e-08], [-8.397889672551173e-08, 9.534547729117548e-08], [-5.987682527575089e-08, 6.475372771319599e-08], [null, 7.895938125557223e-08], [null, 5.4623026102262884e-08], [-6.452177814253446e-08, 7.247810174249025e-08], [null, 7.453942885149445e-08], [null, 5.7405451059366897e-08], [null, 7.222651277061232e-08], [null, 8.319356226138552e-08], [null, 9.373751908015038e-08]], "Extended_Source_Name": "                  ", "0FGL_Name": "                 ", "1FGL_Name": "                  ", "2FGL_Name": "                  ", "1FHL_Name": "                  ", "ASSOC_GAM1": "               ", "ASSOC_GAM2": "              ", "ASSOC_GAM3": "               ", "TEVCAT_FLAG": "N", "ASSOC_TEV": "                     ", "CLASS1": "     ", "ASSOC1": "                          ", "ASSOC2": "                          ", "Flags": 48, "catalog_row_index": 2339}