{"Source_Name": "3FGL J1955.7-7019 ", "RAJ2000": 298.9483947753906, "DEJ2000": -70.3218002319336, "GLON": 325.0659484863281, "GLAT": -30.824434280395508, "Conf_68_SemiMajor": 0.06999854743480682, "Conf_68_SemiMinor": 0.05673890933394432, "Conf_68_PosAng": -86.22000122070312, "Conf_95_SemiMajor": 0.11349999904632568, "Conf_95_SemiMinor": 0.09200000017881393, "Conf_95_PosAng": -86.22000122070312, "ROI_num": 654, "Signif_Avg": 4.556905746459961, "Pivot_Energy": 2189.697021484375, "Flux_Density": 6.169636199496176e-14, "Unc_Flux_Density": 1.5124867639793385e-14, "Flux1000": 2.8726412915069943e-10, "Unc_Flux1000": 7.042293137526912e-11, "Energy_Flux100": 3.2916538418581442e-12, "Unc_Energy_Flux100": 8.447292344782031e-13, "Signif_Curve": 1.1961193084716797, "SpectrumType": "PowerLaw        ", "Spectral_Index": 2.2016854286193848, "Unc_Spectral_Index": 0.18528468906879425, "beta": null, "Unc_beta": null, "Cutoff": null, "Unc_Cutoff": null, "Exp_Index": null, "Unc_Exp_Index": null, "PowerLaw_Index": 2.2016854286193848, "Flux30_100": null, "Unc_Flux30_100": null, "nuFnu30_100": null, "Sqrt_TS30_100": null, "Flux100_300": 2.3739361587615804e-09, "Unc_Flux100_300": [null, 4.187563629187707e-09], "nuFnu100_300": 5.592894311741425e-13, "Sqrt_TS100_300": 0.4981689751148224, "Flux300_1000": 5.542047376572157e-10, "Unc_Flux300_1000": [-4.6445736145983574e-10, 4.846734680263864e-10], "nuFnu300_1000": 3.7161837192559166e-13, "Sqrt_TS300_1000": 1.1999351978302002, "Flux1000_3000": 2.483481476023286e-10, "Unc_Flux1000_3000": [-9.228958569584833e-11, 9.871931050398075e-11], "nuFnu1000_3000": 5.850978338980961e-13, "Sqrt_TS1000_3000": 3.012881278991699, "Flux3000_10000": 6.901201832221204e-11, "Unc_Flux3000_10000": [-2.699136920913947e-11, 3.2341501005062057e-11], "nuFnu3000_10000": 4.627555933930938e-13, "Sqrt_TS3000_10000": 3.3459930419921875, "Flux10000_100000": 1.9967768757900295e-11, "Unc_Flux10000_100000": [-1.0987145221408312e-11, 1.6076952269461486e-11], "nuFnu10000_100000": 3.280951356952888e-13, "Sqrt_TS10000_100000": 2.795576333999634, "Variability_Index": 38.322792053222656, "Signif_Peak": null, "Flux_Peak": null, "Unc_Flux_Peak": null, "Time_Peak": null, "Peak_Interval": null, "Flux_History": [1.2969314511224184e-08, 0.0, 1.2249194547564457e-08, 0.0, 0.0, 8.133924644937451e-09, 1.1043686853895451e-08, 0.0, 0.0, 2.784622088469746e-09, 1.599969401411272e-08, 0.0, 0.0, 0.0, 0.0, 0.0, 0.0, 0.0, 0.0, 1.0434820119087362e-08, 5.078969245175813e-09, 5.478779208090145e-09, 9.399641065499509e-09, 5.556769266945594e-09, 7.96898191879336e-09, 0.0, 0.0, 7.542340085819887e-09, 1.4537251402657603e-08, 1.0437035236066095e-08, 6.82622136594091e-09, 1.7666049734188505e-09, 0.0, 0.0, 1.9009609886211365e-08, 0.0, 0.0, 0.0, 4.9488391162810785e-09, 0.0, 1.0768799185711941e-08, 5.277253745106236e-09, 0.0, 0.0, 4.620895666107572e-09, 0.0, 0.0, 0.0], "Unc_Flux_History": [[-6.400949548179824e-09, 8.8606730841434e-09], [null, 7.652415590087003e-09], [-7.240423816057273e-09, 9.927077826432651e-09], [null, 8.51099812848588e-09], [null, 8.772072845886214e-09], [-5.328336438736869e-09, 7.605873264537877e-09], [-7.341693031293062e-09, 9.529945721453714e-09], [null, 7.407050528485115e-09], [null, 9.511432530473485e-09], [null, 1.102274982400786e-08], [-9.39862943027947e-09, 1.2114665715046158e-08], [null, 6.861050394491031e-09], [null, 1.1455431270235295e-08], [null, 1.2691048212332134e-08], [null, 8.152354347146229e-09], [null, 7.1254593336789185e-09], [null, 8.48342285308945e-09], [null, 9.867066275148773e-09], [null, 8.721109168163821e-09], [-6.903528859680819e-09, 9.164005554396226e-09], [null, 1.3531455955728688e-08], [null, 8.048343325128826e-09], [-9.013435331439723e-09, 1.1398110899563108e-08], [null, 9.05177266474766e-09], [-5.703394645450999e-09, 7.725279083103942e-09], [null, 7.843564020504346e-09], [null, 8.210508717354514e-09], [null, 1.1489230011818563e-08], [-7.280721803226697e-09, 8.361057624028945e-09], [-7.312053185160039e-09, 8.829348807637416e-09], [null, 7.98687249670138e-09], [null, 1.1571421154599193e-08], [null, 7.345157815308312e-09], [null, 6.773081651090251e-09], [-8.812894414234052e-09, 1.0382945170306357e-08], [null, 9.834304925959714e-09], [null, 1.385440739909427e-08], [null, 8.899290193653542e-09], [null, 8.426027875430009e-09], [null, 7.488939246513837e-09], [-8.538878937258687e-09, 1.1203952432481401e-08], [-4.183811075364474e-09, 6.531590823755096e-09], [null, 9.104762277445388e-09], [null, 8.399321238528046e-09], [null, 9.098056530376653e-09], [null, 7.641025590032768e-09], [null, 8.648697757962509e-09], [null, 8.345142354926338e-09]], "Extended_Source_Name": "                  ", "0FGL_Name": "                 ", "1FGL_Name": "                  ", "2FGL_Name": "                  ", "1FHL_Name": "                  ", "ASSOC_GAM1": "               ", "ASSOC_GAM2": "              ", "ASSOC_GAM3": "               ", "TEVCAT_FLAG": "N", "ASSOC_TEV": "                     ", "CLASS1": "     ", "ASSOC1": "                          ", "ASSOC2": "                          ", "Flags": 0, "catalog_row_index": 2558}