{"Source_Name": "3FHL J0536.2+1733 ", "RAJ2000": 84.06884002685547, "DEJ2000": 17.566226959228516, "GLON": 188.5731964111328, "GLAT": -7.798371315002441, "Conf_95_SemiMajor": 0.04246204346418381, "Conf_95_SemiMinor": 0.04246204346418381, "Conf_95_PosAng": null, "ROI_num": 430, "Signif_Avg": 6.127933979034424, "Pivot_Energy": 17.670303344726562, "Flux_Density": 1.8062050336289937e-12, "Unc_Flux_Density": 5.702531545928591e-13, "Flux": 4.94052541932799e-11, "Unc_Flux": 1.558999630779656e-11, "Energy_Flux": 1.7693032369064943e-12, "Unc_Energy_Flux": 7.882076068221888e-13, "Signif_Curve": 1.5301856994628906, "SpectrumType": "PowerLaw   ", "Spectral_Index": 2.1165716648101807, "Unc_Spectral_Index": 0.7165793776512146, "beta": 0.999799907207489, "Unc_beta": 0.024655045941472054, "PowerLaw_Index": 2.7674386501312256, "Unc_PowerLaw_Index": 0.5280750393867493, "Flux_Band": [3.690146452295373e-11, 1.2600870000212261e-11, 1.953155008925766e-16, 7.212143816879806e-20, 5.875011919477457e-17], "Unc_Flux_Band": [[-1.2136456770117654e-11, 1.501673264903136e-11], [-6.141207768012302e-12, 9.450556656687148e-12], [null, 5.935038051296804e-12], [null, 5.1733443917623134e-12], [null, 5.579493030788418e-12]], "nuFnu": [1.1472881021948322e-12, 6.389536794625117e-13, 2.1810198419291776e-17, 2.269419609064242e-20, 5.603033610581041e-17], "Sqrt_TS_Band": [5.875057697296143, 3.8686413764953613, 0.0, 0.0, 0.0], "Npred": 14.447871208190918, "HEP_Energy": 29.73900032043457, "HEP_Prob": 0.983380913734436, "Variability_BayesBlocks": 1, "Extended_Source_Name": "                  ", "ASSOC_GAM": "                  ", "TEVCAT_FLAG": "N", "ASSOC_TEV": "                     ", "CLASS": "bll    ", "ASSOC1": "NVSS J053615+173329       ", "ASSOC2": "                          ", "ASSOC_PROB_BAY": 0.9995703101158142, "ASSOC_PROB_LR": 0.9510981440544128, "Redshift": null, "NuPeak_obs": null, "source_id": 353}