{"Source_Name": "3FHL J0001.9-4155 ", "RAJ2000": 0.48486530780792236, "DEJ2000": -41.930259704589844, "GLON": 334.1216125488281, "GLAT": -72.0697021484375, "Conf_95_SemiMajor": 0.10178052634000778, "Conf_95_SemiMinor": 0.10178052634000778, "Conf_95_PosAng": null, "ROI_num": 429, "Signif_Avg": 5.63795804977417, "Pivot_Energy": 28.423995971679688, "Flux_Density": 5.425346044814205e-13, "Unc_Flux_Density": 1.683873174359793e-13, "Flux": 4.323025964980687e-11, "Unc_Flux": 1.3428160493267338e-11, "Energy_Flux": 3.4900079787930638e-12, "Unc_Energy_Flux": 1.827589512018446e-12, "Signif_Curve": 0.44645750522613525, "SpectrumType": "PowerLaw   ", "Spectral_Index": 1.7818611860275269, "Unc_Spectral_Index": 0.49411293864250183, "beta": 0.11874713003635406, "Unc_beta": 0.2798483073711395, "PowerLaw_Index": 1.9417566061019897, "Unc_PowerLaw_Index": 0.3099576234817505, "Flux_Band": [2.1003905212313434e-11, 1.3210949695308116e-11, 5.826252241075691e-12, 3.385998512822619e-12, 1.928788526283026e-18], "Unc_Flux_Band": [[-8.032090617615673e-12, 1.053868364103705e-11], [-6.666729668314275e-12, 9.111390461558067e-12], [-3.809556402972758e-12, 5.9619084842588155e-12], [-2.414797745445285e-12, 4.701628843195582e-12], [null, 5.859409745595512e-12]], "nuFnu": [6.745224496139401e-13, 7.083046172154384e-13, 7.040566046834229e-13, 1.1703823674102942e-12, 2.0786751008437066e-18], "Sqrt_TS_Band": [4.899907112121582, 2.7813470363616943, 2.2153470516204834, 2.3742103576660156, 0.0], "Npred": 12.507292747497559, "HEP_Energy": 266.625, "HEP_Prob": 0.9621905088424683, "Variability_BayesBlocks": 1, "Extended_Source_Name": "                  ", "ASSOC_GAM": "3FGL J0002.2-4152 ", "TEVCAT_FLAG": "N", "ASSOC_TEV": "                     ", "CLASS": "bcu    ", "ASSOC1": "1RXS J000135.5-415519     ", "ASSOC2": "                          ", "ASSOC_PROB_BAY": 0.9960158467292786, "ASSOC_PROB_LR": 0.0, "Redshift": null, "NuPeak_obs": 6309576467021824.0, "catalog_row_index": 1}