{"Source_Name": "3FHL J0237.8+2847 ", "RAJ2000": 39.46239471435547, "DEJ2000": 28.795642852783203, "GLON": 149.4640655517578, "GLAT": -28.536794662475586, "Conf_95_SemiMajor": 0.02550339139997959, "Conf_95_SemiMinor": 0.02550339139997959, "Conf_95_PosAng": null, "ROI_num": 51, "Signif_Avg": 17.43974494934082, "Pivot_Energy": 15.195834159851074, "Flux_Density": 1.0134242403592175e-11, "Unc_Flux_Density": 1.4650571337690432e-12, "Flux": 1.753501926993195e-10, "Unc_Flux": 2.5326574171202765e-11, "Energy_Flux": 4.865826925409822e-12, "Unc_Energy_Flux": 8.672793386232946e-13, "Signif_Curve": 1.7731586694717407, "SpectrumType": "PowerLaw   ", "Spectral_Index": 2.7684402465820312, "Unc_Spectral_Index": 0.41355040669441223, "beta": 0.9999213218688965, "Unc_beta": 0.01684260554611683, "PowerLaw_Index": 3.3575286865234375, "Unc_PowerLaw_Index": 0.3374071419239044, "Flux_Band": [1.3540694954183863e-10, 3.869330550410055e-11, 7.835788884895919e-20, 6.841559652508787e-23, 4.006212516450246e-19], "Unc_Flux_Band": [[-2.103179956580714e-11, 2.361425811836515e-11], [-1.0607372619153566e-11, 1.2806391364028613e-11], [null, 6.27506466926997e-12], [null, 4.972897527794062e-12], [null, 5.276681435545383e-12]], "nuFnu": [4.117207009352031e-12, 1.8902472902898593e-12, 8.31187107086368e-21, 2.027356749199896e-23, 3.5423828786824414e-19], "Sqrt_TS_Band": [15.78101921081543, 8.629228591918945, 0.0, 0.0, 0.0], "Npred": 53.15394973754883, "HEP_Energy": 35.382999420166016, "HEP_Prob": 0.9943538308143616, "Variability_BayesBlocks": 2, "Extended_Source_Name": "                  ", "ASSOC_GAM": "3FGL J0237.9+2848 ", "TEVCAT_FLAG": "N", "ASSOC_TEV": "                     ", "CLASS": "FSRQ   ", "ASSOC1": "4C +28.07                 ", "ASSOC2": "                          ", "ASSOC_PROB_BAY": 0.9999513626098633, "ASSOC_PROB_LR": 0.9996713399887085, "Redshift": 1.2059999704360962, "NuPeak_obs": 7585777844224.0, "source_id": 167}