{"Source_Name": "3FHL J2159.6-4619 ", "RAJ2000": 329.91314697265625, "DEJ2000": -46.324039459228516, "GLON": 351.6424865722656, "GLAT": -51.231380462646484, "Conf_95_SemiMajor": 0.03631553798913956, "Conf_95_SemiMinor": 0.03631553798913956, "Conf_95_PosAng": null, "ROI_num": 78, "Signif_Avg": 6.06087064743042, "Pivot_Energy": 32.801727294921875, "Flux_Density": 2.9834994067293175e-13, "Unc_Flux_Density": 1.0577130805326102e-13, "Flux": 3.081413249561571e-11, "Unc_Flux": 1.0927286853146256e-11, "Energy_Flux": 3.1893660889376063e-12, "Unc_Energy_Flux": 1.965546649052019e-12, "Signif_Curve": 0.3757604956626892, "SpectrumType": "PowerLaw   ", "Spectral_Index": 1.6452082395553589, "Unc_Spectral_Index": 0.49451833963394165, "beta": 0.09386982023715973, "Unc_beta": 0.2635948061943054, "PowerLaw_Index": 1.7733306884765625, "Unc_PowerLaw_Index": 0.3342464864253998, "Flux_Band": [6.1054421067463505e-12, 1.858905737672778e-11, 0.0, 6.8594548444100845e-12, 3.56466941851835e-21], "Unc_Flux_Band": [[-4.085576928852808e-12, 6.5519690367610295e-12], [-6.934681127945819e-12, 9.595354025226932e-12], [null, 5.338017788208971e-12], [-4.049814303352939e-12, 6.43227745372732e-12], [null, 5.5321285746812165e-12]], "nuFnu": [1.9739120277542654e-13, 1.0083632063020986e-12, 0.0, 2.4189946920549765e-12, 3.94462441235757e-21], "Sqrt_TS_Band": [2.0368990898132324, 6.093875408172607, 0.0, 3.6928870677948, 0.0], "Npred": 9.549397468566895, "HEP_Energy": 221.37399291992188, "HEP_Prob": 0.9970249533653259, "Variability_BayesBlocks": 1, "Extended_Source_Name": "                  ", "ASSOC_GAM": "                  ", "TEVCAT_FLAG": "N", "ASSOC_TEV": "                     ", "CLASS": "       ", "ASSOC1": "                          ", "ASSOC2": "                          ", "ASSOC_PROB_BAY": 0.0, "ASSOC_PROB_LR": 0.0, "Redshift": null, "NuPeak_obs": null, "catalog_row_index": 1446}