{"Source_Name": "3FHL J1719.0-5348 ", "RAJ2000": 259.7628479003906, "DEJ2000": -53.80984115600586, "GLON": 336.3260803222656, "GLAT": -9.314817428588867, "Conf_95_SemiMajor": 0.046722788363695145, "Conf_95_SemiMinor": 0.046722788363695145, "Conf_95_PosAng": null, "ROI_num": 79, "Signif_Avg": 4.867785930633545, "Pivot_Energy": 23.218809127807617, "Flux_Density": 7.28563368489199e-13, "Unc_Flux_Density": 2.4339154281426134e-13, "Flux": 3.885048532881186e-11, "Unc_Flux": 1.3047898698992366e-11, "Energy_Flux": 2.002410823959133e-12, "Unc_Energy_Flux": 9.910756026618173e-13, "Signif_Curve": 1.3921793699264526, "SpectrumType": "PowerLaw   ", "Spectral_Index": 1.7683613300323486, "Unc_Spectral_Index": 0.6626381278038025, "beta": 0.7270416617393494, "Unc_beta": 0.6352810263633728, "PowerLaw_Index": 2.3104782104492188, "Unc_PowerLaw_Index": 0.392973393201828, "Flux_Band": [2.0960153751525823e-11, 1.079488234911885e-11, 6.230008696428424e-12, 5.156958929032835e-17, 2.873454066526055e-19], "Unc_Flux_Band": [[-8.870936103744231e-12, 1.1276226480338991e-11], [-5.9448600556177844e-12, 8.037095294843866e-12], [-3.4361704020352546e-12, 5.558750074824426e-12], [null, 4.268209917446253e-12], [null, 4.726196864424104e-12]], "nuFnu": [6.633640034850452e-13, 5.643138408818749e-13, 7.26194549372644e-13, 1.7074155969784715e-17, 2.9267475039352564e-19], "Sqrt_TS_Band": [3.3730995655059814, 2.6460328102111816, 4.003503799438477, 0.0, 0.0], "Npred": 13.58864974975586, "HEP_Energy": 71.793701171875, "HEP_Prob": 0.9640771150588989, "Variability_BayesBlocks": 1, "Extended_Source_Name": "                  ", "ASSOC_GAM": "                  ", "TEVCAT_FLAG": "N", "ASSOC_TEV": "                     ", "CLASS": "       ", "ASSOC1": "                          ", "ASSOC2": "                          ", "ASSOC_PROB_BAY": 0.0, "ASSOC_PROB_LR": 0.0, "Redshift": null, "NuPeak_obs": null, "source_id": 1136}