{"Source_Name": "3FGL J1740.4+5347 ", "RAJ2000": 265.1028137207031, "DEJ2000": 53.784000396728516, "GLON": 81.42671203613281, "GLAT": 31.88726806640625, "Conf_68_SemiMajor": 0.05390196293592453, "Conf_68_SemiMinor": 0.04489775002002716, "Conf_68_PosAng": 20.600000381469727, "Conf_95_SemiMajor": 0.08739999681711197, "Conf_95_SemiMinor": 0.07280000299215317, "Conf_95_PosAng": 20.600000381469727, "ROI_num": 593, "Signif_Avg": 6.043070316314697, "Pivot_Energy": 2946.826171875, "Flux_Density": 3.5388152233887735e-14, "Unc_Flux_Density": 7.457134919058774e-15, "Flux1000": 3.050580066332742e-10, "Unc_Flux1000": 6.467753416172783e-11, "Energy_Flux100": 3.398563982320857e-12, "Unc_Energy_Flux100": 7.161630771919392e-13, "Signif_Curve": 0.48589131236076355, "SpectrumType": "PowerLaw        ", "Spectral_Index": 2.0188071727752686, "Unc_Spectral_Index": 0.16736173629760742, "beta": null, "Unc_beta": null, "Cutoff": null, "Unc_Cutoff": null, "Exp_Index": null, "Unc_Exp_Index": null, "PowerLaw_Index": 2.0188071727752686, "Flux30_100": null, "Unc_Flux30_100": null, "nuFnu30_100": null, "Sqrt_TS30_100": null, "Flux100_300": 7.243817989888157e-09, "Unc_Flux100_300": [-3.5074407822577314e-09, 3.5706604339935666e-09], "nuFnu100_300": 1.737447533935177e-12, "Sqrt_TS100_300": 2.0873584747314453, "Flux300_1000": 3.919624347314965e-10, "Unc_Flux300_1000": [-3.567975637164267e-10, 3.689578087495704e-10], "nuFnu300_1000": 2.685107453222202e-13, "Sqrt_TS300_1000": 1.1031643152236938, "Flux1000_3000": 1.4581595653151425e-10, "Unc_Flux1000_3000": [-6.162499677220268e-11, 6.898408233535491e-11], "nuFnu1000_3000": 3.4974312942276375e-13, "Sqrt_TS1000_3000": 2.675126791000366, "Flux3000_10000": 8.467429535308213e-11, "Unc_Flux3000_10000": [-2.751225289254755e-11, 3.2020237156205056e-11], "nuFnu3000_10000": 5.800545048624539e-13, "Sqrt_TS3000_10000": 4.531620502471924, "Flux10000_100000": 2.636011721401932e-11, "Unc_Flux10000_100000": [-1.2696074226659082e-11, 1.7216020276045185e-11], "nuFnu10000_100000": 4.65617236607152e-13, "Sqrt_TS10000_100000": 3.292318105697632, "Variability_Index": 41.34493637084961, "Signif_Peak": null, "Flux_Peak": null, "Unc_Flux_Peak": null, "Time_Peak": null, "Peak_Interval": null, "Flux_History": [0.0, 7.68414487595237e-09, 0.0, 4.3645647096468565e-09, 0.0, 0.0, 2.629119144614833e-09, 1.1978332103979028e-08, 2.4548707511229395e-09, 0.0, 3.557025340938935e-09, 0.0, 1.0048184506672442e-08, 0.0, 1.886929501537793e-09, 0.0, 2.6016463983147275e-10, 0.0, 7.737998575230165e-10, 2.2760535678401084e-09, 7.24078796920935e-09, 0.0, 0.0, 1.944463257075313e-09, 0.0, 5.512335921054046e-09, 2.301425938711077e-09, 4.544643772419477e-09, 0.0, 4.49457759899019e-09, 0.0, 7.525605028035898e-09, 0.0, 5.965061777857272e-09, 1.494744772401191e-08, 1.7575916277934311e-09, 7.751745023654166e-09, 1.0205855716094447e-08, 1.0515340598260536e-08, 0.0, 1.7696413223688978e-09, 4.4600985127374315e-09, 1.7271855057288121e-09, 3.7869423152869786e-09, 0.0, 4.4655066311349856e-09, 1.230658419615338e-08, 0.0], "Unc_Flux_History": [[null, 5.309071404724364e-09], [-5.053929275078417e-09, 7.246202304855842e-09], [null, 8.893473513182926e-09], [null, 6.7345835574883495e-09], [null, 7.367275678404894e-09], [null, 5.391058710557672e-09], [null, 6.762585158526235e-09], [-6.471613023251166e-09, 8.743720414372547e-09], [null, 8.120671246558686e-09], [null, 6.34744079519578e-09], [null, 6.886390124805075e-09], [null, 7.3704295999732494e-09], [-5.503944855433929e-09, 7.352136233151896e-09], [null, 4.848972778859206e-09], [null, 5.686430881723936e-09], [null, 5.5937423582008705e-09], [null, 5.420251802945586e-09], [null, 4.098193340240641e-09], [null, 8.276517249328208e-09], [null, 5.21205212322684e-09], [-4.8491202164768765e-09, 6.647422168271078e-09], [null, 5.989643891979313e-09], [null, 4.614498561039682e-09], [null, 6.088808124360412e-09], [null, 4.88473972382053e-09], [-4.364774319753906e-09, 6.627438153827825e-09], [null, 5.451907814091328e-09], [-4.085948912546655e-09, 6.477443914576497e-09], [null, 6.152712561657836e-09], [-4.2747116957286835e-09, 5.928954660561203e-09], [null, 7.267936030785904e-09], [-4.395529273892862e-09, 6.134713625982613e-09], [null, 6.5374763380532386e-09], [-3.73374264839299e-09, 5.064722419234613e-09], [-5.846541473175648e-09, 7.1380470423321185e-09], [null, 7.023793546778734e-09], [-4.898338623604559e-09, 6.4655423237525156e-09], [-7.075882546558887e-09, 9.116893018301653e-09], [-5.2880162471069525e-09, 6.91208468239779e-09], [null, 7.01867985952731e-09], [null, 5.568482119855389e-09], [-3.4546610017116564e-09, 5.38431255137084e-09], [null, 6.048340939202035e-09], [null, 7.579481930974907e-09], [null, 4.742541470648121e-09], [null, 7.371991905813502e-09], [-6.294279319973839e-09, 7.585231109885626e-09], [null, 4.90508789141586e-09]], "Extended_Source_Name": "                  ", "0FGL_Name": "                 ", "1FGL_Name": "                  ", "2FGL_Name": "                  ", "1FHL_Name": "                  ", "ASSOC_GAM1": "               ", "ASSOC_GAM2": "              ", "ASSOC_GAM3": "               ", "TEVCAT_FLAG": "N", "ASSOC_TEV": "                     ", "CLASS1": "bcu  ", "ASSOC1": "NVSS J174036+534623       ", "ASSOC2": "                          ", "Flags": 0, "catalog_row_index": 2197}