{"Source_Name": "3FHL J0753.1+5354 ", "RAJ2000": 118.28641510009766, "DEJ2000": 53.90745544433594, "GLON": 164.17369079589844, "GLAT": 30.526025772094727, "Conf_95_SemiMajor": 0.03219306096434593, "Conf_95_SemiMinor": 0.03219306096434593, "Conf_95_PosAng": null, "ROI_num": 177, "Signif_Avg": 9.658790588378906, "Pivot_Energy": 18.68649673461914, "Flux_Density": 1.7705682840013504e-12, "Unc_Flux_Density": 4.129701138347319e-13, "Flux": 5.622445217734473e-11, "Unc_Flux": 1.31088273916391e-11, "Energy_Flux": 2.2300616214776525e-12, "Unc_Energy_Flux": 7.879093970146467e-13, "Signif_Curve": 0.8366981744766235, "SpectrumType": "PowerLaw   ", "Spectral_Index": 2.246306896209717, "Unc_Spectral_Index": 0.6380159854888916, "beta": 0.4176139831542969, "Unc_beta": 0.5872765183448792, "PowerLaw_Index": 2.612746000289917, "Unc_PowerLaw_Index": 0.3709796071052551, "Flux_Band": [4.1645468323858736e-11, 1.123392785046251e-11, 2.6968015494344133e-12, 4.2930346227979565e-17, 1.016016511370022e-19], "Unc_Flux_Band": [[-1.0340052598867278e-11, 1.2228986052964519e-11], [-4.962242856204613e-12, 6.870808609560353e-12], [-2.0547964371675498e-12, 3.5613901151060334e-12], [null, 3.963281092200788e-12], [null, 4.34443973851284e-12]], "nuFnu": [1.30254650381606e-12, 5.754699017659903e-13, 3.0546916450317763e-13, 1.3738287106229839e-17, 9.90180041924811e-20], "Sqrt_TS_Band": [8.854602813720703, 4.797000408172607, 1.880708932876587, 0.0, 0.0], "Npred": 21.124879837036133, "HEP_Energy": 105.1709976196289, "HEP_Prob": 0.9458637237548828, "Variability_BayesBlocks": 1, "Extended_Source_Name": "                  ", "ASSOC_GAM": "3FGL J0753.1+5353 ", "TEVCAT_FLAG": "N", "ASSOC_TEV": "                     ", "CLASS": "bll    ", "ASSOC1": "4C +54.15                 ", "ASSOC2": "                          ", "ASSOC_PROB_BAY": 0.9979668855667114, "ASSOC_PROB_LR": 0.9962067604064941, "Redshift": 0.20000000298023224, "NuPeak_obs": 19054595145728.0, "source_id": 481}