{"Source_Name": "3FGL J0059.0-7242e", "RAJ2000": 14.75, "DEJ2000": -72.69999694824219, "GLON": 302.1451416015625, "GLAT": -44.41674041748047, "Conf_68_SemiMajor": null, "Conf_68_SemiMinor": null, "Conf_68_PosAng": null, "Conf_95_SemiMajor": null, "Conf_95_SemiMinor": null, "Conf_95_PosAng": null, "ROI_num": 526, "Signif_Avg": 27.945697784423828, "Pivot_Energy": 665.5320434570312, "Flux_Density": 1.059328406244342e-11, "Unc_Flux_Density": 4.471213709607985e-13, "Flux1000": 3.495961520272317e-09, "Unc_Flux1000": 2.056802644867517e-10, "Energy_Flux100": 4.042261664283231e-11, "Unc_Energy_Flux100": 1.9655403606794186e-12, "Signif_Curve": 2.5035698413848877, "SpectrumType": "PowerLaw        ", "Spectral_Index": 2.220979928970337, "Unc_Spectral_Index": 0.03390641137957573, "beta": null, "Unc_beta": null, "Cutoff": null, "Unc_Cutoff": null, "Exp_Index": null, "Unc_Exp_Index": null, "PowerLaw_Index": 2.220979928970337, "Flux30_100": null, "Unc_Flux30_100": null, "nuFnu30_100": null, "Sqrt_TS30_100": null, "Flux100_300": 3.308345597474727e-08, "Unc_Flux100_300": [-3.6954181936721398e-09, 3.6912359835383768e-09], "nuFnu100_300": 7.779724781054043e-12, "Sqrt_TS100_300": 9.315821647644043, "Flux300_1000": 1.305894947734032e-08, "Unc_Flux300_1000": [-7.866549633916975e-10, 7.866549633916975e-10], "nuFnu300_1000": 8.737031063910106e-12, "Sqrt_TS300_1000": 18.755170822143555, "Flux1000_3000": 2.834703360932167e-09, "Unc_Flux1000_3000": [-2.449462299658478e-10, 2.449462299658478e-10], "nuFnu1000_3000": 6.665933863919671e-12, "Sqrt_TS1000_3000": 13.794822692871094, "Flux3000_10000": 6.232615534784713e-10, "Unc_Flux3000_10000": [-1.026033216722233e-10, 1.073396718731523e-10], "nuFnu3000_10000": 4.169903138062647e-12, "Sqrt_TS3000_10000": 7.086038112640381, "Flux10000_100000": 8.171548160351705e-11, "Unc_Flux10000_100000": [-4.770899300621245e-11, 5.227650951011853e-11], "nuFnu10000_100000": 1.3327840350449427e-12, "Sqrt_TS10000_100000": 1.7888165712356567, "Variability_Index": 43.899356842041016, "Signif_Peak": null, "Flux_Peak": null, "Unc_Flux_Peak": null, "Time_Peak": null, "Peak_Interval": null, "Flux_History": [6.538735419781005e-08, 5.437838623834068e-08, 6.118420969869476e-08, 6.343121583540778e-08, 1.076803854971331e-07, 5.0488662139969165e-08, 3.236691270558367e-08, 4.336182612973971e-08, 4.890291194215024e-08, 8.808358131773275e-08, 5.8573540684392356e-08, 5.1391104705089674e-08, 6.403851671166194e-08, 4.752309124000931e-08, 6.929953855205895e-08, 7.375420807420596e-08, 8.149422114911431e-08, 5.3764207308404366e-08, 6.604365410112223e-08, 4.918639007200909e-08, 7.002061153116301e-08, 3.393643055460416e-08, 3.8875796803949925e-08, 4.9089756259945716e-08, 6.709012723149499e-08, 7.149610325996036e-08, 4.548024890027591e-08, 7.995196682486494e-08, 6.026134258263482e-08, 6.115406137041646e-08, 5.487539311843648e-08, 4.601068681608922e-08, 5.1530392397580727e-08, 5.435561334365957e-08, 7.216456765490875e-08, 4.629460903515792e-08, 7.187142614384356e-08, 9.845700077448782e-08, 5.332071495445234e-08, 3.7137677821874604e-08, 4.086418314841467e-08, 5.321949458902964e-08, 6.172810884663704e-08, 7.28160785001819e-08, 6.109926431463464e-08, 7.446458738513684e-08, 2.1660925497712924e-08, 5.544748304942004e-08], "Unc_Flux_History": [[-1.9894923042329538e-08, 2.1231715052749678e-08], [-1.795068449439441e-08, 1.9028602693538232e-08], [-1.7841559341036373e-08, 1.885389444566954e-08], [-1.7547481689916822e-08, 1.8714425564780868e-08], [-2.083272043762463e-08, 2.1910961933713224e-08], [-1.7260076035086058e-08, 1.841397256896471e-08], [-1.8785630828688227e-08, 1.9918944715868747e-08], [-1.8047852989866442e-08, 1.941587335352324e-08], [-1.7214038194879322e-08, 1.8493334863478594e-08], [-1.967547191839003e-08, 2.0713633475111237e-08], [-1.833391216621294e-08, 1.9729156974790385e-08], [-1.7525314532917946e-08, 1.7939999708005416e-08], [-1.6427572191446416e-08, 1.75295955529009e-08], [-1.623462964062128e-08, 1.7144010655556485e-08], [-1.5219271176647453e-08, 1.5960196719788655e-08], [-1.584239051055647e-08, 1.669741145349235e-08], [-1.6251966883373825e-08, 1.701690877098372e-08], [-1.5144163256763932e-08, 1.5934338293277506e-08], [-1.6758859189280884e-08, 1.763254786624202e-08], [-1.4160114858441375e-08, 1.4894440347745785e-08], [-1.704216501252631e-08, 1.776041180789889e-08], [-1.3717174951466404e-08, 1.4590436414607666e-08], [-1.5107687545423687e-08, 1.594398391091545e-08], [-1.4229529554654619e-08, 1.4886553323378848e-08], [-1.4684836457945494e-08, 1.543869387887753e-08], [-1.8009007618502437e-08, 1.9178433063871125e-08], [-1.3571784585053592e-08, 1.4323515706848866e-08], [-1.8062303652754963e-08, 1.849637065731713e-08], [-1.4578056095615466e-08, 1.5243880824300504e-08], [-1.5718491397365142e-08, 1.655337733552642e-08], [-1.521143033755834e-08, 1.5832011257543854e-08], [-1.551581618741693e-08, 1.6470702135507054e-08], [-1.7820612541186165e-08, 1.9046151322754667e-08], [-1.4055920871669514e-08, 1.4780786372625698e-08], [-1.6486962906014924e-08, 1.7411554864565915e-08], [-1.3722775804581033e-08, 1.4619044641506207e-08], [-1.7326520662663825e-08, 1.8223323294819238e-08], [-1.7538193120003598e-08, 1.8507817500790225e-08], [-1.4193266117956682e-08, 1.4611743814896272e-08], [-1.4871543996264336e-08, 1.5646595130647256e-08], [-1.3250116559504477e-08, 1.3675539811686122e-08], [-1.5722132928885912e-08, 1.6675063108095856e-08], [-1.4507638645966381e-08, 1.507504165942919e-08], [-1.6417981640870494e-08, 1.7325191947747953e-08], [-1.499127399995359e-08, 1.5759981764063014e-08], [-1.5378960327439017e-08, 1.6105383693343356e-08], [-1.39760523154564e-08, 1.516652758937198e-08], [-1.5568693001455358e-08, 1.6401337177285313e-08]], "Extended_Source_Name": "SMC               ", "0FGL_Name": "                 ", "1FGL_Name": "1FGL J0101.3-7257 ", "2FGL_Name": "2FGL J0059.0-7242e", "1FHL_Name": "                  ", "ASSOC_GAM1": "               ", "ASSOC_GAM2": "              ", "ASSOC_GAM3": "               ", "TEVCAT_FLAG": "N", "ASSOC_TEV": "                     ", "CLASS1": "GAL  ", "ASSOC1": "SMC                       ", "ASSOC2": "                          ", "Flags": 4, "source_id": 122}