{"Source_Name": "3FGL J2243.4-2541 ", "RAJ2000": 340.8642883300781, "DEJ2000": -25.694499969482422, "GLON": 28.45384407043457, "GLAT": -61.38548278808594, "Conf_68_SemiMajor": 0.028616145253181458, "Conf_68_SemiMinor": 0.02719767391681671, "Conf_68_PosAng": 1.7799999713897705, "Conf_95_SemiMajor": 0.04639999940991402, "Conf_95_SemiMinor": 0.04410000145435333, "Conf_95_PosAng": 1.7799999713897705, "ROI_num": 758, "Signif_Avg": 25.858137130737305, "Pivot_Energy": 802.2254028320312, "Flux_Density": 3.459988155360416e-12, "Unc_Flux_Density": 1.9183221363402309e-13, "Flux1000": 1.6399869240402154e-09, "Unc_Flux1000": 1.183128733872607e-10, "Energy_Flux100": 1.955858912328079e-11, "Unc_Energy_Flux100": 1.1275903171251156e-12, "Signif_Curve": 2.0375447273254395, "SpectrumType": "PowerLaw        ", "Spectral_Index": 2.2747673988342285, "Unc_Spectral_Index": 0.046573810279369354, "beta": null, "Unc_beta": null, "Cutoff": null, "Unc_Cutoff": null, "Exp_Index": null, "Unc_Exp_Index": null, "PowerLaw_Index": 2.2747673988342285, "Flux30_100": null, "Unc_Flux30_100": null, "nuFnu30_100": null, "Sqrt_TS30_100": null, "Flux100_300": 2.0399768985157607e-08, "Unc_Flux100_300": [-3.0172491172208993e-09, 3.0535431960743153e-09], "nuFnu100_300": 4.772169638622703e-12, "Sqrt_TS100_300": 7.166018486022949, "Flux300_1000": 5.870369967908573e-09, "Unc_Flux300_1000": [-5.121297275145764e-10, 5.121297275145764e-10], "nuFnu300_1000": 3.903224531781602e-12, "Sqrt_TS300_1000": 14.501704216003418, "Flux1000_3000": 1.4478431786812962e-09, "Unc_Flux1000_3000": [-1.4302298234625255e-10, 1.4302298234625255e-10], "nuFnu1000_3000": 3.386976463182201e-12, "Sqrt_TS1000_3000": 16.184831619262695, "Flux3000_10000": 3.1734845307163084e-10, "Unc_Flux3000_10000": [-5.196991448297439e-11, 5.724374099735918e-11], "nuFnu3000_10000": 2.110058221899136e-12, "Sqrt_TS3000_10000": 11.387311935424805, "Flux10000_100000": 2.9623074826456985e-11, "Unc_Flux10000_100000": [-1.4261445323293653e-11, 1.9710406917727852e-11], "nuFnu10000_100000": 4.734045729211378e-13, "Sqrt_TS10000_100000": 3.598750352859497, "Variability_Index": 69.46460723876953, "Signif_Peak": null, "Flux_Peak": null, "Unc_Flux_Peak": null, "Time_Peak": null, "Peak_Interval": null, "Flux_History": [4.436024170217934e-08, 0.0, 3.568317197277793e-08, 2.4960606026525056e-08, 2.0578164949824895e-08, 4.392119379303949e-08, 2.6300694955239123e-08, 4.383775831229286e-08, 6.824497411628272e-09, 2.0536401024173756e-08, 3.9596795176066735e-08, 5.908728439862898e-08, 6.547656283828474e-08, 2.452041059086696e-08, 3.295433614880494e-08, 1.541890526368661e-08, 1.7422131293187704e-08, 2.9351324926096822e-08, 2.7559991622183588e-08, 2.2314447178928276e-08, 3.331991749178087e-08, 1.77093806286166e-08, 3.912970214514644e-08, 2.9960975922449506e-08, 2.6035420930270448e-08, 5.351542498033268e-08, 3.4573169216400856e-08, 4.9483329433996914e-08, 5.275281722560976e-08, 1.260543580627882e-08, 3.923526037397096e-08, 5.2483251522517094e-08, 3.474852761087277e-08, 4.737356817940963e-08, 3.635745926544587e-08, 2.1455361931543848e-08, 1.6525195434269335e-08, 1.7744557823107243e-08, 2.3093949863550733e-08, 4.398940944838614e-08, 1.7752928016534497e-08, 1.9389048588891455e-08, 2.1214093592902827e-08, 3.2620501855262773e-08, 1.677353189677433e-08, 2.7138394642634012e-08, 2.5319371488308207e-08, 1.983573483244072e-08], "Unc_Flux_History": [[-1.103838886962194e-08, 1.239570934785661e-08], [null, 9.177248294633955e-09], [-1.0632109415098512e-08, 1.1900354479621456e-08], [-8.804462936495838e-09, 1.0193227595323151e-08], [-9.18439901909096e-09, 1.0671629802061489e-08], [-1.0972702746414598e-08, 1.2059515164253298e-08], [-9.624211649850167e-09, 1.1429280633024064e-08], [-1.131606097715121e-08, 1.248174985590822e-08], [null, 1.1309823300109656e-08], [-8.065041079419188e-09, 9.581686555293345e-09], [-1.102665869723296e-08, 1.209137945323846e-08], [-1.4434036188504251e-08, 1.535264715357698e-08], [-1.3057127823401515e-08, 1.4022673688884879e-08], [-1.2547959116204765e-08, 1.487339762462625e-08], [-9.819347113193544e-09, 1.0952040163658694e-08], [-1.2185251030416566e-08, 1.4260164604706915e-08], [-7.185577022283951e-09, 8.804972750908746e-09], [-1.0869279698511036e-08, 1.2506633950692958e-08], [-1.130178528541137e-08, 1.3484960703635807e-08], [-8.082350788640724e-09, 9.386300625635613e-09], [-1.226817047950135e-08, 1.4211121168727914e-08], [-8.733175071995447e-09, 1.0156083085632872e-08], [-1.332344279347808e-08, 1.4896348154991301e-08], [-9.767964215257052e-09, 1.1083552742263691e-08], [-1.0482261281197225e-08, 1.216844669471584e-08], [-1.384102077395255e-08, 1.511386749086796e-08], [-1.0364202829293845e-08, 1.1591271054101071e-08], [-1.4281848592645474e-08, 1.6076601383474554e-08], [-1.0475885048322198e-08, 1.1387863985135027e-08], [-1.1401818156286936e-08, 1.3493907324857446e-08], [-1.015537698378921e-08, 1.1484430295638504e-08], [-1.4512916202136239e-08, 1.6111435741095192e-08], [-1.2034321983378504e-08, 1.3487731820305271e-08], [-1.098809576660642e-08, 1.1919153664052828e-08], [-1.2401292437402844e-08, 1.4134607262406007e-08], [-8.833380249484435e-09, 1.0077402023966897e-08], [-1.0542882122877018e-08, 1.4602347775394264e-08], [-9.993243565986631e-09, 1.1587961701309268e-08], [-9.212631546517969e-09, 1.116171866044624e-08], [-1.1980303860070762e-08, 1.3383495200969264e-08], [-9.391632360689073e-09, 1.0763845814665274e-08], [-1.2676454552718042e-08, 1.5140653175649277e-08], [-9.049680116390846e-09, 1.0433175212654078e-08], [-1.3889343897233175e-08, 1.586765385752642e-08], [-9.18561493534753e-09, 1.0634700231548777e-08], [-1.1260373966592852e-08, 1.2438779783963128e-08], [-9.585196636408e-09, 1.1189682957990499e-08], [-8.642123461299889e-09, 1.0235090108778877e-08]], "Extended_Source_Name": "                  ", "0FGL_Name": "                 ", "1FGL_Name": "1FGL J2243.1-2541 ", "2FGL_Name": "2FGL J2243.2-2540 ", "1FHL_Name": "                  ", "ASSOC_GAM1": "               ", "ASSOC_GAM2": "              ", "ASSOC_GAM3": "               ", "TEVCAT_FLAG": "N", "ASSOC_TEV": "                     ", "CLASS1": "bll  ", "ASSOC1": "PKS 2240-260              ", "ASSOC2": "                          ", "Flags": 0, "source_id": 2893}