{"Source_Name": "3FGL J0043.5-0444 ", "RAJ2000": 10.892000198364258, "DEJ2000": -4.739799976348877, "GLON": 117.79627990722656, "GLAT": -67.53299713134766, "Conf_68_SemiMajor": 0.038360435515642166, "Conf_68_SemiMinor": 0.03250152990221977, "Conf_68_PosAng": 58.790000915527344, "Conf_95_SemiMajor": 0.062199998646974564, "Conf_95_SemiMinor": 0.05270000174641609, "Conf_95_PosAng": 58.790000915527344, "ROI_num": 756, "Signif_Avg": 5.839797496795654, "Pivot_Energy": 6492.1416015625, "Flux_Density": 6.757010095626839e-15, "Unc_Flux_Density": 1.893561847103012e-15, "Flux1000": 2.2798753163133512e-10, "Unc_Flux1000": 7.265364698749721e-11, "Energy_Flux100": 2.984273418660255e-12, "Unc_Energy_Flux100": 8.575662424105401e-13, "Signif_Curve": 0.02339422143995762, "SpectrumType": "PowerLaw        ", "Spectral_Index": 1.7345863580703735, "Unc_Spectral_Index": 0.22617295384407043, "beta": null, "Unc_beta": null, "Cutoff": null, "Unc_Cutoff": null, "Exp_Index": null, "Unc_Exp_Index": null, "PowerLaw_Index": 1.7345863580703735, "Flux30_100": null, "Unc_Flux30_100": null, "nuFnu30_100": null, "Sqrt_TS30_100": null, "Flux100_300": 2.9905387055606525e-09, "Unc_Flux100_300": [null, 2.711949997902252e-09], "nuFnu100_300": 7.378045114962706e-13, "Sqrt_TS100_300": 0.9408437609672546, "Flux300_1000": 1.8837657822512455e-10, "Unc_Flux300_1000": [null, 3.9381337080257595e-10], "nuFnu300_1000": 1.334792600884635e-13, "Sqrt_TS300_1000": 0.4824792444705963, "Flux1000_3000": 1.0384455795264813e-10, "Unc_Flux1000_3000": [-6.095034199571359e-11, 7.408822166876661e-11], "nuFnu1000_3000": 2.561979220352256e-13, "Sqrt_TS1000_3000": 1.8418521881103516, "Flux3000_10000": 6.08587208406064e-11, "Unc_Flux3000_10000": [-2.5837561257180397e-11, 3.265965622945011e-11], "nuFnu3000_10000": 4.312307076096561e-13, "Sqrt_TS3000_10000": 3.274812698364258, "Flux10000_100000": 4.253013219379653e-11, "Unc_Flux10000_100000": [-1.6958859663795955e-11, 2.2567140864349078e-11], "nuFnu10000_100000": 8.458272060182792e-13, "Sqrt_TS10000_100000": 5.419609546661377, "Variability_Index": 40.311771392822266, "Signif_Peak": null, "Flux_Peak": null, "Unc_Flux_Peak": null, "Time_Peak": null, "Peak_Interval": null, "Flux_History": [0.0, 0.0, 0.0, 3.0468814138373546e-09, 3.6548712945005946e-09, 3.759358158106352e-09, 3.80707776415079e-09, 1.5565424504870862e-09, 0.0, 0.0, 2.4158992584233374e-09, 0.0, 6.700654697766595e-09, 9.589574689883307e-10, 0.0, 0.0, 0.0, 0.0, 0.0, 0.0, 3.1783047305111722e-09, 0.0, 0.0, 0.0, 0.0, 5.811271908129356e-09, 1.2975120977642973e-09, 2.0617676455003675e-09, 0.0, 0.0, 0.0, 0.0, 0.0, 0.0, 3.928036562683701e-09, 7.890801789756097e-09, 0.0, 3.34715077876524e-09, 1.489795220521728e-08, 0.0, 1.4396550618300807e-09, 5.282087212066244e-09, 4.428731159578092e-09, 0.0, 0.0, 0.0, 9.251451826841617e-10, 3.731892572744755e-09], "Unc_Flux_History": [[null, 3.532457215627005e-09], [null, 4.3464858379138605e-09], [null, 3.821395200276356e-09], [-2.6028861288551752e-09, 4.110736195883646e-09], [-2.311676183808231e-09, 3.571304807437059e-09], [-2.387203767995061e-09, 3.6722729301885693e-09], [-2.574891633244647e-09, 4.056310398681262e-09], [-1.5066377034855805e-09, 2.8178632760500477e-09], [null, 5.035897032712455e-09], [null, 3.281231952811936e-09], [-1.6636904076605674e-09, 2.837774903952095e-09], [null, 3.599783360286324e-09], [-3.528097813898512e-09, 4.811056442122208e-09], [null, 6.64720811727193e-09], [null, 3.914191193388206e-09], [null, 5.456623153321516e-09], [null, 4.1480134882476705e-09], [null, 4.109862672407871e-09], [null, 6.413829467533105e-09], [null, 4.358908789470206e-09], [-2.5657831415060173e-09, 4.302273648448818e-09], [null, 3.775626034041579e-09], [null, 4.589971069890453e-09], [null, 3.1703861758103358e-09], [null, 2.9739670726058876e-09], [null, 8.565916864711198e-09], [null, 4.126647024094154e-09], [-1.583098763191515e-09, 2.9487849939613398e-09], [null, 2.5542723491867037e-09], [null, 3.6657938906614618e-09], [null, 5.140012415694173e-09], [null, 6.145369990662175e-09], [null, 4.138984266432999e-09], [null, 4.217704852038651e-09], [-2.9522919664515257e-09, 4.515096296842103e-09], [-3.985678898033029e-09, 5.29021537687413e-09], [null, 5.220364585056814e-09], [-3.026128903016456e-09, 4.514966178703617e-09], [-6.506317262733319e-09, 7.813978797344134e-09], [null, 4.849699752895731e-09], [null, 4.113712925857271e-09], [-4.071671888539186e-09, 5.921155565857816e-09], [-2.938695953247361e-09, 4.535997799592906e-09], [null, 4.255793051299861e-09], [null, 6.5055272280289955e-09], [null, 4.576706125192231e-09], [null, 4.8844817079896075e-09], [-2.5504245382279578e-09, 4.337963321887628e-09]], "Extended_Source_Name": "                  ", "0FGL_Name": "                 ", "1FGL_Name": "                  ", "2FGL_Name": "                  ", "1FHL_Name": "                  ", "ASSOC_GAM1": "               ", "ASSOC_GAM2": "              ", "ASSOC_GAM3": "               ", "TEVCAT_FLAG": "N", "ASSOC_TEV": "                     ", "CLASS1": "bcu  ", "ASSOC1": "1RXS J004333.7-044257     ", "ASSOC2": "                          ", "Flags": 0, "catalog_row_index": 91}