{"Source_Name": "3FGL J1848.4+3216 ", "RAJ2000": 282.1072998046875, "DEJ2000": 32.28239822387695, "GLON": 62.01979446411133, "GLAT": 14.679497718811035, "Conf_68_SemiMajor": 0.022140510380268097, "Conf_68_SemiMinor": 0.01998196542263031, "Conf_68_PosAng": 6.079999923706055, "Conf_95_SemiMajor": 0.03590000048279762, "Conf_95_SemiMinor": 0.03240000084042549, "Conf_95_PosAng": 6.079999923706055, "ROI_num": 277, "Signif_Avg": 14.036419868469238, "Pivot_Energy": 1743.77978515625, "Flux_Density": 9.001074083130056e-13, "Unc_Flux_Density": 8.201950810150446e-14, "Flux1000": 2.4348512095428987e-09, "Unc_Flux1000": 2.230806372960359e-10, "Energy_Flux100": 3.2538818861560515e-11, "Unc_Energy_Flux100": 3.513487894721279e-12, "Signif_Curve": 0.03599245473742485, "SpectrumType": "PowerLaw        ", "Spectral_Index": 2.411512851715088, "Unc_Spectral_Index": 0.06769172102212906, "beta": null, "Unc_beta": null, "Cutoff": null, "Unc_Cutoff": null, "Exp_Index": null, "Unc_Exp_Index": null, "PowerLaw_Index": 2.411512851715088, "Flux30_100": null, "Unc_Flux30_100": null, "nuFnu30_100": null, "Sqrt_TS30_100": null, "Flux100_300": 5.79530166078257e-08, "Unc_Flux100_300": [-1.0476628453659487e-08, 9.900195330203587e-09], "nuFnu100_300": 1.3380264778095619e-11, "Sqrt_TS100_300": 5.581276893615723, "Flux300_1000": 6.363635396411382e-09, "Unc_Flux300_1000": [-1.87609727753113e-09, 1.943793126457649e-09], "nuFnu300_1000": 4.165595819671797e-12, "Sqrt_TS300_1000": 3.3589730262756348, "Flux1000_3000": 2.4881818827537927e-09, "Unc_Flux1000_3000": [-3.0362756753277154e-10, 3.1084401719283505e-10], "nuFnu1000_3000": 5.744745391195183e-12, "Sqrt_TS1000_3000": 9.441420555114746, "Flux3000_10000": 4.2269737710043387e-10, "Unc_Flux3000_10000": [-7.446898653284961e-11, 7.982841471187996e-11], "nuFnu3000_10000": 2.766950514196398e-12, "Sqrt_TS3000_10000": 8.230897903442383, "Flux10000_100000": 9.418223839707807e-11, "Unc_Flux10000_100000": [-2.626977108066697e-11, 3.1187261106957465e-11], "nuFnu10000_100000": 1.4316063525615652e-12, "Sqrt_TS10000_100000": 7.350979328155518, "Variability_Index": 273.1253662109375, "Signif_Peak": 10.380908966064453, "Flux_Peak": 4.024371662580961e-07, "Unc_Flux_Peak": 5.1181586968596093e-08, "Time_Peak": 309024992.0, "Peak_Interval": 2630000.0, "Flux_History": [1.45869961443168e-07, 5.90154876078941e-08, 1.3799218834265048e-07, 4.858705793253648e-08, 8.507163329340983e-08, 7.884137431801719e-08, 3.693316941166813e-08, 5.040041983761512e-08, 2.3916706837212587e-08, 0.0, 0.0, 2.5797719516162942e-08, 7.384659994613685e-09, 0.0, 0.0, 2.570288870629156e-08, 5.3459437765468465e-08, 0.0, 2.892381623098572e-08, 0.0, 0.0, 6.704646615673937e-09, 0.0, 0.0, 1.0789722892923237e-08, 2.2139866473480652e-07, 4.024371662580961e-07, 7.013682790102393e-08, 1.4379671142705774e-07, 9.174902260156159e-08, 4.3690636886140055e-08, 2.3680705396600388e-08, 8.619400659881649e-08, 3.397514447556205e-08, 6.623786674708754e-08, 1.1082949669116715e-07, 5.8028479799077104e-08, 0.0, 1.0865602462217794e-07, 0.0, 1.1920769260598263e-08, 0.0, 4.954972876447528e-09, 6.118398232501931e-08, 7.474581309452333e-08, 7.28138331851369e-08, 3.823118888135468e-08, 5.668417202286946e-08], "Unc_Flux_History": [[-3.5559349242930693e-08, 3.6016356119716875e-08], [-3.763068079365439e-08, 3.7389103368923315e-08], [-3.5889442528969084e-08, 3.578451668317939e-08], [-3.082893584860358e-08, 3.341011023394458e-08], [-2.8291518461287524e-08, 2.500618201395355e-08], [-1.73874248332595e-08, 1.860488829663609e-08], [-2.8905771998211094e-08, 3.1250323218046105e-08], [-2.6356570259622458e-08, 2.8074389035737113e-08], [-2.0868865746592746e-08, 2.5609981690877248e-08], [null, 1.5905618155898082e-08], [null, 1.8285376768290007e-08], [-1.5255842811257025e-08, 1.6422104565094742e-08], [null, 2.2149651002223436e-08], [null, 1.136700245041311e-08], [null, 2.0111970755465336e-08], [-2.0715214432698303e-08, 2.0920795762435773e-08], [-2.7727205420546852e-08, 3.0382206972490167e-08], [null, 1.6701328320323228e-08], [-1.6315283346557408e-08, 1.852906450494629e-08], [null, 1.6379440026526026e-08], [null, 1.575878094683958e-08], [null, 2.3157630479886393e-08], [null, 1.3600090831289435e-08], [null, 1.7154249576378788e-08], [null, 2.357298178878864e-08], [-4.6456953839424386e-08, 4.777596274152529e-08], [-5.1181586968596093e-08, 5.201046704428336e-08], [-3.425494909947702e-08, 3.732413134116541e-08], [-4.3809759375790236e-08, 4.5068450305052465e-08], [-3.489648037202642e-08, 3.5168323364587195e-08], [-2.4972539591772147e-08, 3.082475785731731e-08], [null, 2.3458015974142654e-08], [-3.109285628966063e-08, 3.221357758320664e-08], [-2.9335165407928798e-08, 2.9743967289164175e-08], [-3.489389754918193e-08, 3.530866976575453e-08], [-3.857092423231734e-08, 3.9061976764287465e-08], [-2.7328484364375072e-08, 2.771051121897017e-08], [null, 4.06260234342426e-08], [-3.436096918107978e-08, 3.4928859804495005e-08], [null, 2.0185344951073603e-08], [null, 2.426331846550056e-08], [null, 2.625485784335524e-08], [null, 2.8811706798137493e-08], [-2.9090637454487478e-08, 2.9652245103761743e-08], [-2.7346839459596595e-08, 3.0007381468522e-08], [-1.7801740526124377e-08, 1.894840551130983e-08], [-2.8670688934084865e-08, 3.129058612216795e-08], [-3.724824537698623e-08, 3.2819233553027516e-08]], "Extended_Source_Name": "                  ", "0FGL_Name": "0FGL J1847.8+3223", "1FGL_Name": "1FGL J1848.5+3224 ", "2FGL_Name": "2FGL J1848.5+3216 ", "1FHL_Name": "1FHL J1848.5+3219 ", "ASSOC_GAM1": "               ", "ASSOC_GAM2": "              ", "ASSOC_GAM3": "               ", "TEVCAT_FLAG": "N", "ASSOC_TEV": "                     ", "CLASS1": "FSRQ ", "ASSOC1": "B2 1846+32A               ", "ASSOC2": "                          ", "Flags": 0, "source_id": 2421}